172.61068627290044,"(172.60999999999999, 31806.512]","(172.60999999999999, 36199.407]",*
3285.4505375208782,"(172.60999999999999, 31806.512]","(172.60999999999999, 36199.407]",*
3883.448164008629,"(172.60999999999999, 31806.512]","(172.60999999999999, 36199.407]",*
4114.489353324316,"(172.60999999999999, 31806.512]","(172.60999999999999, 36199.407]",*
5727.485885269864,"(172.60999999999999, 31806.512]","(172.60999999999999, 36199.407]",*
6248.756079633426,"(172.60999999999999, 31806.512]","(172.60999999999999, 36199.407]",*
6805.740783110475,"(172.60999999999999, 31806.512]","(172.60999999999999, 36199.407]",*
6821.950228499864,"(172.60999999999999, 31806.512]","(172.60999999999999, 36199.407]",*
7234.963520742314,"(172.60999999999999, 31806.512]","(172.60999999999999, 36199.407]",*
7360.295191263632,"(172.60999999999999, 31806.512]","(172.60999999999999, 36199.407]",*
7522.333137672428,"(172.60999999999999, 31806.512]","(172.60999999999999, 36199.407]",*
9193.83318231946,"(172.60999999999999, 31806.512]","(172.60999999999999, 36199.407]",*
9487.921585477769,"(172.60999999999999, 31806.512]","(172.60999999999999, 36199.407]",*
9579.071782191331,"(172.60999999999999, 31806.512]","(172.60999999999999, 36199.407]",*
9816.300884708531,"(172.60999999999999, 31806.512]","(172.60999999999999, 36199.407]",*
10311.00139389188,"(172.60999999999999, 31806.512]","(172.60999999999999, 36199.407]",*
10424.41624545052,"(172.60999999999999, 31806.512]","(172.60999999999999, 36199.407]",*
10504.327392178457,"(172.60999999999999, 31806.512]","(172.60999999999999, 36199.407]",*
10555.70282322794,"(172.60999999999999, 31806.512]","(172.60999999999999, 36199.407]",*
10704.821908621432,"(172.60999999999999, 31806.512]","(172.60999999999999, 36199.407]",*
10841.333068103646,"(172.60999999999999, 31806.512]","(172.60999999999999, 36199.407]",*
10951.342173753104,"(172.60999999999999, 31806.512]","(172.60999999999999, 36199.407]",*
11019.053777626224,"(172.60999999999999, 31806.512]","(172.60999999999999, 36199.407]",*
11037.387683440407,"(172.60999999999999, 31806.512]","(172.60999999999999, 36199.407]",*
11072.498530379722,"(172.60999999999999, 31806.512]","(172.60999999999999, 36199.407]",*
11511.38705016455,"(172.60999999999999, 31806.512]","(172.60999999999999, 36199.407]",*
11637.892909063208,"(172.60999999999999, 31806.512]","(172.60999999999999, 36199.407]",*
11792.815159070457,"(172.60999999999999, 31806.512]","(172.60999999999999, 36199.407]",*
11915.281099153335,"(172.60999999999999, 31806.512]","(172.60999999999999, 36199.407]",*
12113.114740200605,"(172.60999999999999, 31806.512]","(172.60999999999999, 36199.407]",*
12351.71960301975,"(172.60999999999999, 31806.512]","(172.60999999999999, 36199.407]",*
12450.578474997745,"(172.60999999999999, 31806.512]","(172.60999999999999, 36199.407]",*
12513.681730413731,"(172.60999999999999, 31806.512]","(172.60999999999999, 36199.407]",*
12906.254845433785,"(172.60999999999999, 31806.512]","(172.60999999999999, 36199.407]",*
12950.5669137003,"(172.60999999999999, 31806.512]","(172.60999999999999, 36199.407]",*
13008.48729536471,"(172.60999999999999, 31806.512]","(172.60999999999999, 36199.407]",*
13088.156363580929,"(172.60999999999999, 31806.512]","(172.60999999999999, 36199.407]",*
13108.017885153118,"(172.60999999999999, 31806.512]","(172.60999999999999, 36199.407]",*
13162.97965569857,"(172.60999999999999, 31806.512]","(172.60999999999999, 36199.407]",*
13328.757738538472,"(172.60999999999999, 31806.512]","(172.60999999999999, 36199.407]",*
13340.492426200168,"(172.60999999999999, 31806.512]","(172.60999999999999, 36199.407]",*
13345.56449095449,"(172.60999999999999, 31806.512]","(172.60999999999999, 36199.407]",*
13355.02004009238,"(172.60999999999999, 31806.512]","(172.60999999999999, 36199.407]",*
13385.422452321824,"(172.60999999999999, 31806.512]","(172.60999999999999, 36199.407]",*
13683.479638613628,"(172.60999999999999, 31806.512]","(172.60999999999999, 36199.407]",*
13704.3507537682,"(172.60999999999999, 31806.512]","(172.60999999999999, 36199.407]",*
13801.920759997956,"(172.60999999999999, 31806.512]","(172.60999999999999, 36199.407]",*
13889.07601668718,"(172.60999999999999, 31806.512]","(172.60999999999999, 36199.407]",*
13977.629784505923,"(172.60999999999999, 31806.512]","(172.60999999999999, 36199.407]",*
13981.43548554724,"(172.60999999999999, 31806.512]","(172.60999999999999, 36199.407]",*
13983.301248749374,"(172.60999999999999, 31806.512]","(172.60999999999999, 36199.407]",*
13998.57120519688,"(172.60999999999999, 31806.512]","(172.60999999999999, 36199.407]",*
14054.05343322935,"(172.60999999999999, 31806.512]","(172.60999999999999, 36199.407]",*
14226.93802013208,"(172.60999999999999, 31806.512]","(172.60999999999999, 36199.407]",*
14241.24876971084,"(172.60999999999999, 31806.512]","(172.60999999999999, 36199.407]",*
14291.153033714114,"(172.60999999999999, 31806.512]","(172.60999999999999, 36199.407]",*
14297.439275406305,"(172.60999999999999, 31806.512]","(172.60999999999999, 36199.407]",*
14347.019407118412,"(172.60999999999999, 31806.512]","(172.60999999999999, 36199.407]",*
14403.835295987756,"(172.60999999999999, 31806.512]","(172.60999999999999, 36199.407]",*
14415.78919619879,"(172.60999999999999, 31806.512]","(172.60999999999999, 36199.407]",*
14452.920996245177,"(172.60999999999999, 31806.512]","(172.60999999999999, 36199.407]",*
14476.760640569606,"(172.60999999999999, 31806.512]","(172.60999999999999, 36199.407]",*
14486.825952391382,"(172.60999999999999, 31806.512]","(172.60999999999999, 36199.407]",*
14502.44476839008,"(172.60999999999999, 31806.512]","(172.60999999999999, 36199.407]",*
14520.605321440056,"(172.60999999999999, 31806.512]","(172.60999999999999, 36199.407]",*
14522.65907136941,"(172.60999999999999, 31806.512]","(172.60999999999999, 36199.407]",*
14596.250298399722,"(172.60999999999999, 31806.512]","(172.60999999999999, 36199.407]",*
14659.994260598032,"(172.60999999999999, 31806.512]","(172.60999999999999, 36199.407]",*
14731.9697575126,"(172.60999999999999, 31806.512]","(172.60999999999999, 36199.407]",*
14744.051443275945,"(172.60999999999999, 31806.512]","(172.60999999999999, 36199.407]",*
14790.215770272427,"(172.60999999999999, 31806.512]","(172.60999999999999, 36199.407]",*
14802.088437786548,"(172.60999999999999, 31806.512]","(172.60999999999999, 36199.407]",*
14906.24662084764,"(172.60999999999999, 31806.512]","(172.60999999999999, 36199.407]",*
14931.270110345784,"(172.60999999999999, 31806.512]","(172.60999999999999, 36199.407]",*
15007.77286413728,"(172.60999999999999, 31806.512]","(172.60999999999999, 36199.407]",*
15036.26808817704,"(172.60999999999999, 31806.512]","(172.60999999999999, 36199.407]",*
15065.04660751828,"(172.60999999999999, 31806.512]","(172.60999999999999, 36199.407]",*
15090.851186140926,"(172.60999999999999, 31806.512]","(172.60999999999999, 36199.407]",*
15113.587197383324,"(172.60999999999999, 31806.512]","(172.60999999999999, 36199.407]",*
15167.4110710335,"(172.60999999999999, 31806.512]","(172.60999999999999, 36199.407]",*
15217.77415365221,"(172.60999999999999, 31806.512]","(172.60999999999999, 36199.407]",*
15255.237756307766,"(172.60999999999999, 31806.512]","(172.60999999999999, 36199.407]",*
15290.317055903548,"(172.60999999999999, 31806.512]","(172.60999999999999, 36199.407]",*
15325.64845113582,"(172.60999999999999, 31806.512]","(172.60999999999999, 36199.407]",*
15353.956428663045,"(172.60999999999999, 31806.512]","(172.60999999999999, 36199.407]",*
15395.059920745713,"(172.60999999999999, 31806.512]","(172.60999999999999, 36199.407]",*
15441.827244033058,"(172.60999999999999, 31806.512]","(172.60999999999999, 36199.407]",*
15444.482612961783,"(172.60999999999999, 31806.512]","(172.60999999999999, 36199.407]",*
15482.452432840892,"(172.60999999999999, 31806.512]","(172.60999999999999, 36199.407]",*
15554.28418247743,"(172.60999999999999, 31806.512]","(172.60999999999999, 36199.407]",*
15576.445022405396,"(172.60999999999999, 31806.512]","(172.60999999999999, 36199.407]",*
15586.357297432343,"(172.60999999999999, 31806.512]","(172.60999999999999, 36199.407]",*
15612.67720593723,"(172.60999999999999, 31806.512]","(172.60999999999999, 36199.407]",*
15625.552836916098,"(172.60999999999999, 31806.512]","(172.60999999999999, 36199.407]",*
15633.099048295891,"(172.60999999999999, 31806.512]","(172.60999999999999, 36199.407]",*
15660.403008354837,"(172.60999999999999, 31806.512]","(172.60999999999999, 36199.407]",*
15753.266638486408,"(172.60999999999999, 31806.512]","(172.60999999999999, 36199.407]",*
15769.199970061967,"(172.60999999999999, 31806.512]","(172.60999999999999, 36199.407]",*
15776.6185950135,"(172.60999999999999, 31806.512]","(172.60999999999999, 36199.407]",*
15781.567277045242,"(172.60999999999999, 31806.512]","(172.60999999999999, 36199.407]",*
15800.748464840895,"(172.60999999999999, 31806.512]","(172.60999999999999, 36199.407]",*
15902.5820171851,"(172.60999999999999, 31806.512]","(172.60999999999999, 36199.407]",*
15969.926041239794,"(172.60999999999999, 31806.512]","(172.60999999999999, 36199.407]",*
15994.129671483872,"(172.60999999999999, 31806.512]","(172.60999999999999, 36199.407]",*
16083.144422968422,"(172.60999999999999, 31806.512]","(172.60999999999999, 36199.407]",*
16143.664966316504,"(172.60999999999999, 31806.512]","(172.60999999999999, 36199.407]",*
16215.417278487696,"(172.60999999999999, 31806.512]","(172.60999999999999, 36199.407]",*
16250.768829612098,"(172.60999999999999, 31806.512]","(172.60999999999999, 36199.407]",*
16253.238674331884,"(172.60999999999999, 31806.512]","(172.60999999999999, 36199.407]",*
16288.314572264562,"(172.60999999999999, 31806.512]","(172.60999999999999, 36199.407]",*
16292.532145597555,"(172.60999999999999, 31806.512]","(172.60999999999999, 36199.407]",*
16349.365394310094,"(172.60999999999999, 31806.512]","(172.60999999999999, 36199.407]",*
16351.202874057586,"(172.60999999999999, 31806.512]","(172.60999999999999, 36199.407]",*
16376.641217897446,"(172.60999999999999, 31806.512]","(172.60999999999999, 36199.407]",*
16409.116283863714,"(172.60999999999999, 31806.512]","(172.60999999999999, 36199.407]",*
16561.192222482303,"(172.60999999999999, 31806.512]","(172.60999999999999, 36199.407]",*
16619.26851762069,"(172.60999999999999, 31806.512]","(172.60999999999999, 36199.407]",*
16654.261309178095,"(172.60999999999999, 31806.512]","(172.60999999999999, 36199.407]",*
16668.26685590166,"(172.60999999999999, 31806.512]","(172.60999999999999, 36199.407]",*
16737.552242528796,"(172.60999999999999, 31806.512]","(172.60999999999999, 36199.407]",*
16741.964987126685,"(172.60999999999999, 31806.512]","(172.60999999999999, 36199.407]",*
16803.479991635304,"(172.60999999999999, 31806.512]","(172.60999999999999, 36199.407]",*
16810.783311257936,"(172.60999999999999, 31806.512]","(172.60999999999999, 36199.407]",*
16811.303291657143,"(172.60999999999999, 31806.512]","(172.60999999999999, 36199.407]",*
16906.421720581668,"(172.60999999999999, 31806.512]","(172.60999999999999, 36199.407]",*
16988.937376171263,"(172.60999999999999, 31806.512]","(172.60999999999999, 36199.407]",*
17045.80773059446,"(172.60999999999999, 31806.512]","(172.60999999999999, 36199.407]",*
17093.809803593602,"(172.60999999999999, 31806.512]","(172.60999999999999, 36199.407]",*
17117.443674840757,"(172.60999999999999, 31806.512]","(172.60999999999999, 36199.407]",*
17180.483530088924,"(172.60999999999999, 31806.512]","(172.60999999999999, 36199.407]",*
17187.118186858283,"(172.60999999999999, 31806.512]","(172.60999999999999, 36199.407]",*
17217.216816055326,"(172.60999999999999, 31806.512]","(172.60999999999999, 36199.407]",*
17227.907211617825,"(172.60999999999999, 31806.512]","(172.60999999999999, 36199.407]",*
17244.970253692663,"(172.60999999999999, 31806.512]","(172.60999999999999, 36199.407]",*
17355.289101790982,"(172.60999999999999, 31806.512]","(172.60999999999999, 36199.407]",*
17386.475952392157,"(172.60999999999999, 31806.512]","(172.60999999999999, 36199.407]",*
17403.090747900314,"(172.60999999999999, 31806.512]","(172.60999999999999, 36199.407]",*
17410.389603708634,"(172.60999999999999, 31806.512]","(172.60999999999999, 36199.407]",*
17454.455217127368,"(172.60999999999999, 31806.512]","(172.60999999999999, 36199.407]",*
17461.444472196905,"(172.60999999999999, 31806.512]","(172.60999999999999, 36199.407]",*
17467.944233636936,"(172.60999999999999, 31806.512]","(172.60999999999999, 36199.407]",*
17476.831955602524,"(172.60999999999999, 31806.512]","(172.60999999999999, 36199.407]",*
17551.70638908532,"(172.60999999999999, 31806.512]","(172.60999999999999, 36199.407]",*
17568.733760583364,"(172.60999999999999, 31806.512]","(172.60999999999999, 36199.407]",*
17573.61709761255,"(172.60999999999999, 31806.512]","(172.60999999999999, 36199.407]",*
17597.041128088404,"(172.60999999999999, 31806.512]","(172.60999999999999, 36199.407]",*
17609.196931537404,"(172.60999999999999, 31806.512]","(172.60999999999999, 36199.407]",*
17668.951982222436,"(172.60999999999999, 31806.512]","(172.60999999999999, 36199.407]",*
17771.37989716649,"(172.60999999999999, 31806.512]","(172.60999999999999, 36199.407]",*
17780.962171759726,"(172.60999999999999, 31806.512]","(172.60999999999999, 36199.407]",*
17840.11678562297,"(172.60999999999999, 31806.512]","(172.60999999999999, 36199.407]",*
17861.31731299985,"(172.60999999999999, 31806.512]","(172.60999999999999, 36199.407]",*
17862.72750427037,"(172.60999999999999, 31806.512]","(172.60999999999999, 36199.407]",*
17957.86337361378,"(172.60999999999999, 31806.512]","(172.60999999999999, 36199.407]",*
17964.46990053384,"(172.60999999999999, 31806.512]","(172.60999999999999, 36199.407]",*
17981.45046533105,"(172.60999999999999, 31806.512]","(172.60999999999999, 36199.407]",*
18041.943502071856,"(172.60999999999999, 31806.512]","(172.60999999999999, 36199.407]",*
18057.17178445354,"(172.60999999999999, 31806.512]","(172.60999999999999, 36199.407]",*
18092.130362361288,"(172.60999999999999, 31806.512]","(172.60999999999999, 36199.407]",*
18092.39859286665,"(172.60999999999999, 31806.512]","(172.60999999999999, 36199.407]",*
18114.57521760278,"(172.60999999999999, 31806.512]","(172.60999999999999, 36199.407]",*
18116.6181838392,"(172.60999999999999, 31806.512]","(172.60999999999999, 36199.407]",*
18163.7736166352,"(172.60999999999999, 31806.512]","(172.60999999999999, 36199.407]",*
18194.121545548867,"(172.60999999999999, 31806.512]","(172.60999999999999, 36199.407]",*
18214.3140499687,"(172.60999999999999, 31806.512]","(172.60999999999999, 36199.407]",*
18226.17943477757,"(172.60999999999999, 31806.512]","(172.60999999999999, 36199.407]",*
18230.518926857807,"(172.60999999999999, 31806.512]","(172.60999999999999, 36199.407]",*
18249.72059543581,"(172.60999999999999, 31806.512]","(172.60999999999999, 36199.407]",*
18257.149251188348,"(172.60999999999999, 31806.512]","(172.60999999999999, 36199.407]",*
18264.230047918754,"(172.60999999999999, 31806.512]","(172.60999999999999, 36199.407]",*
18267.954705638844,"(172.60999999999999, 31806.512]","(172.60999999999999, 36199.407]",*
18268.47755189996,"(172.60999999999999, 31806.512]","(172.60999999999999, 36199.407]",*
18277.60136426313,"(172.60999999999999, 31806.512]","(172.60999999999999, 36199.407]",*
18281.73777236868,"(172.60999999999999, 31806.512]","(172.60999999999999, 36199.407]",*
18408.798635339484,"(172.60999999999999, 31806.512]","(172.60999999999999, 36199.407]",*
18444.030682998527,"(172.60999999999999, 31806.512]","(172.60999999999999, 36199.407]",*
18468.81419066538,"(172.60999999999999, 31806.512]","(172.60999999999999, 36199.407]",*
18493.05833141652,"(172.60999999999999, 31806.512]","(172.60999999999999, 36199.407]",*
18537.430798790385,"(172.60999999999999, 31806.512]","(172.60999999999999, 36199.407]",*
18539.100697544844,"(172.60999999999999, 31806.512]","(172.60999999999999, 36199.407]",*
18597.588990432465,"(172.60999999999999, 31806.512]","(172.60999999999999, 36199.407]",*
18598.256078988816,"(172.60999999999999, 31806.512]","(172.60999999999999, 36199.407]",*
18606.659042196487,"(172.60999999999999, 31806.512]","(172.60999999999999, 36199.407]",*
18656.642432045763,"(172.60999999999999, 31806.512]","(172.60999999999999, 36199.407]",*
18683.53505509256,"(172.60999999999999, 31806.512]","(172.60999999999999, 36199.407]",*
18687.50970159069,"(172.60999999999999, 31806.512]","(172.60999999999999, 36199.407]",*
18691.310455756822,"(172.60999999999999, 31806.512]","(172.60999999999999, 36199.407]",*
18699.18703960824,"(172.60999999999999, 31806.512]","(172.60999999999999, 36199.407]",*
18725.606599726627,"(172.60999999999999, 31806.512]","(172.60999999999999, 36199.407]",*
18776.463932067505,"(172.60999999999999, 31806.512]","(172.60999999999999, 36199.407]",*
18819.28859300903,"(172.60999999999999, 31806.512]","(172.60999999999999, 36199.407]",*
18846.254493983,"(172.60999999999999, 31806.512]","(172.60999999999999, 36199.407]",*
18859.29030213248,"(172.60999999999999, 31806.512]","(172.60999999999999, 36199.407]",*
18867.78161871417,"(172.60999999999999, 31806.512]","(172.60999999999999, 36199.407]",*
18868.68163575572,"(172.60999999999999, 31806.512]","(172.60999999999999, 36199.407]",*
18878.799277728736,"(172.60999999999999, 31806.512]","(172.60999999999999, 36199.407]",*
18896.12293705657,"(172.60999999999999, 31806.512]","(172.60999999999999, 36199.407]",*
18901.415431760703,"(172.60999999999999, 31806.512]","(172.60999999999999, 36199.407]",*
18904.6676698412,"(172.60999999999999, 31806.512]","(172.60999999999999, 36199.407]",*
18947.55834557428,"(172.60999999999999, 31806.512]","(172.60999999999999, 36199.407]",*
18991.77716834305,"(172.60999999999999, 31806.512]","(172.60999999999999, 36199.407]",*
18998.85515745533,"(172.60999999999999, 31806.512]","(172.60999999999999, 36199.407]",*
19030.6154867746,"(172.60999999999999, 31806.512]","(172.60999999999999, 36199.407]",*
19033.611178212614,"(172.60999999999999, 31806.512]","(172.60999999999999, 36199.407]",*
19045.61950521181,"(172.60999999999999, 31806.512]","(172.60999999999999, 36199.407]",*
19056.04393888153,"(172.60999999999999, 31806.512]","(172.60999999999999, 36199.407]",*
19069.96558607706,"(172.60999999999999, 31806.512]","(172.60999999999999, 36199.407]",*
19103.12711492669,"(172.60999999999999, 31806.512]","(172.60999999999999, 36199.407]",*
19108.534856672777,"(172.60999999999999, 31806.512]","(172.60999999999999, 36199.407]",*
19113.168751943093,"(172.60999999999999, 31806.512]","(172.60999999999999, 36199.407]",*
19114.01925340314,"(172.60999999999999, 31806.512]","(172.60999999999999, 36199.407]",*
19123.41954359853,"(172.60999999999999, 31806.512]","(172.60999999999999, 36199.407]",*
19146.68419271625,"(172.60999999999999, 31806.512]","(172.60999999999999, 36199.407]",*
19148.039710690995,"(172.60999999999999, 31806.512]","(172.60999999999999, 36199.407]",*
19151.02122909506,"(172.60999999999999, 31806.512]","(172.60999999999999, 36199.407]",*
19161.780903867715,"(172.60999999999999, 31806.512]","(172.60999999999999, 36199.407]",*
19220.933194440036,"(172.60999999999999, 31806.512]","(172.60999999999999, 36199.407]",*
19262.614249357543,"(172.60999999999999, 31806.512]","(172.60999999999999, 36199.407]",*
19270.93113251112,"(172.60999999999999, 31806.512]","(172.60999999999999, 36199.407]",*
19314.63285230209,"(172.60999999999999, 31806.512]","(172.60999999999999, 36199.407]",*
19332.4197760208,"(172.60999999999999, 31806.512]","(172.60999999999999, 36199.407]",*
19345.40638275098,"(172.60999999999999, 31806.512]","(172.60999999999999, 36199.407]",*
19372.747679741304,"(172.60999999999999, 31806.512]","(172.60999999999999, 36199.407]",*
19376.318934572257,"(172.60999999999999, 31806.512]","(172.60999999999999, 36199.407]",*
19379.020824056828,"(172.60999999999999, 31806.512]","(172.60999999999999, 36199.407]",*
19413.57705005845,"(172.60999999999999, 31806.512]","(172.60999999999999, 36199.407]",*
19414.337150181807,"(172.60999999999999, 31806.512]","(172.60999999999999, 36199.407]",*
19420.43351255126,"(172.60999999999999, 31806.512]","(172.60999999999999, 36199.407]",*
19481.38512536272,"(172.60999999999999, 31806.512]","(172.60999999999999, 36199.407]",*
19500.48453486966,"(172.60999999999999, 31806.512]","(172.60999999999999, 36199.407]",*
19502.02714419978,"(172.60999999999999, 31806.512]","(172.60999999999999, 36199.407]",*
19524.09855328009,"(172.60999999999999, 31806.512]","(172.60999999999999, 36199.407]",*
19540.90757383447,"(172.60999999999999, 31806.512]","(172.60999999999999, 36199.407]",*
19544.751963598832,"(172.60999999999999, 31806.512]","(172.60999999999999, 36199.407]",*
19560.012414389155,"(172.60999999999999, 31806.512]","(172.60999999999999, 36199.407]",*
19560.2134911108,"(172.60999999999999, 31806.512]","(172.60999999999999, 36199.407]",*
19595.963683816597,"(172.60999999999999, 31806.512]","(172.60999999999999, 36199.407]",*
19630.019906330617,"(172.60999999999999, 31806.512]","(172.60999999999999, 36199.407]",*
19652.14609874157,"(172.60999999999999, 31806.512]","(172.60999999999999, 36199.407]",*
19682.347294817915,"(172.60999999999999, 31806.512]","(172.60999999999999, 36199.407]",*
19686.480729069383,"(172.60999999999999, 31806.512]","(172.60999999999999, 36199.407]",*
19734.771680595943,"(172.60999999999999, 31806.512]","(172.60999999999999, 36199.407]",*
19745.492788916355,"(172.60999999999999, 31806.512]","(172.60999999999999, 36199.407]",*
19750.689081038126,"(172.60999999999999, 31806.512]","(172.60999999999999, 36199.407]",*
19772.52166224902,"(172.60999999999999, 31806.512]","(172.60999999999999, 36199.407]",*
19815.60592851108,"(172.60999999999999, 31806.512]","(172.60999999999999, 36199.407]",*
19835.24731691517,"(172.60999999999999, 31806.512]","(172.60999999999999, 36199.407]",*
19844.17257011184,"(172.60999999999999, 31806.512]","(172.60999999999999, 36199.407]",*
19899.238902601963,"(172.60999999999999, 31806.512]","(172.60999999999999, 36199.407]",*
19900.000045578246,"(172.60999999999999, 31806.512]","(172.60999999999999, 36199.407]",*
19903.00007882848,"(172.60999999999999, 31806.512]","(172.60999999999999, 36199.407]",*
19908.13073958441,"(172.60999999999999, 31806.512]","(172.60999999999999, 36199.407]",*
19935.302674353665,"(172.60999999999999, 31806.512]","(172.60999999999999, 36199.407]",*
19991.633401474297,"(172.60999999999999, 31806.512]","(172.60999999999999, 36199.407]",*
20038.17183045708,"(172.60999999999999, 31806.512]","(172.60999999999999, 36199.407]",*
20038.86189595382,"(172.60999999999999, 31806.512]","(172.60999999999999, 36199.407]",*
20042.993517793955,"(172.60999999999999, 31806.512]","(172.60999999999999, 36199.407]",*
20068.15521571509,"(172.60999999999999, 31806.512]","(172.60999999999999, 36199.407]",*
20070.23130107336,"(172.60999999999999, 31806.512]","(172.60999999999999, 36199.407]",*
20096.29141718864,"(172.60999999999999, 31806.512]","(172.60999999999999, 36199.407]",*
20097.13850146397,"(172.60999999999999, 31806.512]","(172.60999999999999, 36199.407]",*
20145.886507895368,"(172.60999999999999, 31806.512]","(172.60999999999999, 36199.407]",*
20152.169613900143,"(172.60999999999999, 31806.512]","(172.60999999999999, 36199.407]",*
20155.97949307784,"(172.60999999999999, 31806.512]","(172.60999999999999, 36199.407]",*
20159.92165012917,"(172.60999999999999, 31806.512]","(172.60999999999999, 36199.407]",*
20167.039988791552,"(172.60999999999999, 31806.512]","(172.60999999999999, 36199.407]",*
20170.09123511915,"(172.60999999999999, 31806.512]","(172.60999999999999, 36199.407]",*
20206.52406110588,"(172.60999999999999, 31806.512]","(172.60999999999999, 36199.407]",*
20211.43699369217,"(172.60999999999999, 31806.512]","(172.60999999999999, 36199.407]",*
20214.598001694943,"(172.60999999999999, 31806.512]","(172.60999999999999, 36199.407]",*
20255.980297335387,"(172.60999999999999, 31806.512]","(172.60999999999999, 36199.407]",*
20257.79036295772,"(172.60999999999999, 31806.512]","(172.60999999999999, 36199.407]",*
20270.541945446264,"(172.60999999999999, 31806.512]","(172.60999999999999, 36199.407]",*
20303.813916790463,"(172.60999999999999, 31806.512]","(172.60999999999999, 36199.407]",*
20317.21375110656,"(172.60999999999999, 31806.512]","(172.60999999999999, 36199.407]",*
20353.16099160739,"(172.60999999999999, 31806.512]","(172.60999999999999, 36199.407]",*
20383.574335246245,"(172.60999999999999, 31806.512]","(172.60999999999999, 36199.407]",*
20428.848751966467,"(172.60999999999999, 31806.512]","(172.60999999999999, 36199.407]",*
20438.41483880633,"(172.60999999999999, 31806.512]","(172.60999999999999, 36199.407]",*
20444.786271146244,"(172.60999999999999, 31806.512]","(172.60999999999999, 36199.407]",*
20453.295188497705,"(172.60999999999999, 31806.512]","(172.60999999999999, 36199.407]",*
20471.44135796224,"(172.60999999999999, 31806.512]","(172.60999999999999, 36199.407]",*
20478.630441231555,"(172.60999999999999, 31806.512]","(172.60999999999999, 36199.407]",*
20501.00581727031,"(172.60999999999999, 31806.512]","(172.60999999999999, 36199.407]",*
20547.618635293507,"(172.60999999999999, 31806.512]","(172.60999999999999, 36199.407]",*
20600.511000269773,"(172.60999999999999, 31806.512]","(172.60999999999999, 36199.407]",*
20631.297812337245,"(172.60999999999999, 31806.512]","(172.60999999999999, 36199.407]",*
20653.898307522188,"(172.60999999999999, 31806.512]","(172.60999999999999, 36199.407]",*
20667.902933502224,"(172.60999999999999, 31806.512]","(172.60999999999999, 36199.407]",*
20691.47878495564,"(172.60999999999999, 31806.512]","(172.60999999999999, 36199.407]",*
20696.445356237648,"(172.60999999999999, 31806.512]","(172.60999999999999, 36199.407]",*
20702.802670064808,"(172.60999999999999, 31806.512]","(172.60999999999999, 36199.407]",*
20741.413308130883,"(172.60999999999999, 31806.512]","(172.60999999999999, 36199.407]",*
20743.09489560053,"(172.60999999999999, 31806.512]","(172.60999999999999, 36199.407]",*
20744.00476179436,"(172.60999999999999, 31806.512]","(172.60999999999999, 36199.407]",*
20756.42804573041,"(172.60999999999999, 31806.512]","(172.60999999999999, 36199.407]",*
20763.604136923623,"(172.60999999999999, 31806.512]","(172.60999999999999, 36199.407]",*
20782.08982020968,"(172.60999999999999, 31806.512]","(172.60999999999999, 36199.407]",*
20794.821498853667,"(172.60999999999999, 31806.512]","(172.60999999999999, 36199.407]",*
20795.150058393407,"(172.60999999999999, 31806.512]","(172.60999999999999, 36199.407]",*
20797.821926096665,"(172.60999999999999, 31806.512]","(172.60999999999999, 36199.407]",*
20803.69328945416,"(172.60999999999999, 31806.512]","(172.60999999999999, 36199.407]",*
20820.241369108862,"(172.60999999999999, 31806.512]","(172.60999999999999, 36199.407]",*
20833.007623149297,"(172.60999999999999, 31806.512]","(172.60999999999999, 36199.407]",*
20846.539823747386,"(172.60999999999999, 31806.512]","(172.60999999999999, 36199.407]",*
20867.66988476458,"(172.60999999999999, 31806.512]","(172.60999999999999, 36199.407]",*
20895.67945165044,"(172.60999999999999, 31806.512]","(172.60999999999999, 36199.407]",*
20913.655444167674,"(172.60999999999999, 31806.512]","(172.60999999999999, 36199.407]",*
20915.81604993481,"(172.60999999999999, 31806.512]","(172.60999999999999, 36199.407]",*
20927.430789202743,"(172.60999999999999, 31806.512]","(172.60999999999999, 36199.407]",*
20951.34787228712,"(172.60999999999999, 31806.512]","(172.60999999999999, 36199.407]",*
20957.765294043056,"(172.60999999999999, 31806.512]","(172.60999999999999, 36199.407]",*
20962.90164507928,"(172.60999999999999, 31806.512]","(172.60999999999999, 36199.407]",*
20980.730393000293,"(172.60999999999999, 31806.512]","(172.60999999999999, 36199.407]",*
20988.9082064483,"(172.60999999999999, 31806.512]","(172.60999999999999, 36199.407]",*
21016.05592555025,"(172.60999999999999, 31806.512]","(172.60999999999999, 36199.407]",*
21021.019158591367,"(172.60999999999999, 31806.512]","(172.60999999999999, 36199.407]",*
21029.396521516766,"(172.60999999999999, 31806.512]","(172.60999999999999, 36199.407]",*
21030.96617717162,"(172.60999999999999, 31806.512]","(172.60999999999999, 36199.407]",*
21051.53129371404,"(172.60999999999999, 31806.512]","(172.60999999999999, 36199.407]",*
21075.50991951704,"(172.60999999999999, 31806.512]","(172.60999999999999, 36199.407]",*
21091.58744116801,"(172.60999999999999, 31806.512]","(172.60999999999999, 36199.407]",*
21095.585694388225,"(172.60999999999999, 31806.512]","(172.60999999999999, 36199.407]",*
21136.203770718635,"(172.60999999999999, 31806.512]","(172.60999999999999, 36199.407]",*
21137.028874434214,"(172.60999999999999, 31806.512]","(172.60999999999999, 36199.407]",*
21149.007248334703,"(172.60999999999999, 31806.512]","(172.60999999999999, 36199.407]",*
21182.081275743774,"(172.60999999999999, 31806.512]","(172.60999999999999, 36199.407]",*
21240.152899528075,"(172.60999999999999, 31806.512]","(172.60999999999999, 36199.407]",*
21242.703453754453,"(172.60999999999999, 31806.512]","(172.60999999999999, 36199.407]",*
21245.841619210198,"(172.60999999999999, 31806.512]","(172.60999999999999, 36199.407]",*
21261.14921824235,"(172.60999999999999, 31806.512]","(172.60999999999999, 36199.407]",*
21282.185944581583,"(172.60999999999999, 31806.512]","(172.60999999999999, 36199.407]",*
21287.442518803444,"(172.60999999999999, 31806.512]","(172.60999999999999, 36199.407]",*
21319.99430135781,"(172.60999999999999, 31806.512]","(172.60999999999999, 36199.407]",*
21330.988935894427,"(172.60999999999999, 31806.512]","(172.60999999999999, 36199.407]",*
21331.98252499881,"(172.60999999999999, 31806.512]","(172.60999999999999, 36199.407]",*
21350.099745626725,"(172.60999999999999, 31806.512]","(172.60999999999999, 36199.407]",*
21350.91703536833,"(172.60999999999999, 31806.512]","(172.60999999999999, 36199.407]",*
21357.0365293515,"(172.60999999999999, 31806.512]","(172.60999999999999, 36199.407]",*
21371.9237869562,"(172.60999999999999, 31806.512]","(172.60999999999999, 36199.407]",*
21387.62999245781,"(172.60999999999999, 31806.512]","(172.60999999999999, 36199.407]",*
21397.44860131345,"(172.60999999999999, 31806.512]","(172.60999999999999, 36199.407]",*
21409.354747640617,"(172.60999999999999, 31806.512]","(172.60999999999999, 36199.407]",*
21434.063655554422,"(172.60999999999999, 31806.512]","(172.60999999999999, 36199.407]",*
21446.34225604148,"(172.60999999999999, 31806.512]","(172.60999999999999, 36199.407]",*
21454.199436585088,"(172.60999999999999, 31806.512]","(172.60999999999999, 36199.407]",*
21518.044924531376,"(172.60999999999999, 31806.512]","(172.60999999999999, 36199.407]",*
21518.52516534988,"(172.60999999999999, 31806.512]","(172.60999999999999, 36199.407]",*
21558.37574550794,"(172.60999999999999, 31806.512]","(172.60999999999999, 36199.407]",*
21574.471088358096,"(172.60999999999999, 31806.512]","(172.60999999999999, 36199.407]",*
21611.794214450216,"(172.60999999999999, 31806.512]","(172.60999999999999, 36199.407]",*
21641.476199740937,"(172.60999999999999, 31806.512]","(172.60999999999999, 36199.407]",*
21641.972863545918,"(172.60999999999999, 31806.512]","(172.60999999999999, 36199.407]",*
21651.699409211684,"(172.60999999999999, 31806.512]","(172.60999999999999, 36199.407]",*
21653.98467728064,"(172.60999999999999, 31806.512]","(172.60999999999999, 36199.407]",*
21658.409322538064,"(172.60999999999999, 31806.512]","(172.60999999999999, 36199.407]",*
21667.43583672764,"(172.60999999999999, 31806.512]","(172.60999999999999, 36199.407]",*
21671.5141408259,"(172.60999999999999, 31806.512]","(172.60999999999999, 36199.407]",*
21677.01339158927,"(172.60999999999999, 31806.512]","(172.60999999999999, 36199.407]",*
21688.808304916973,"(172.60999999999999, 31806.512]","(172.60999999999999, 36199.407]",*
21689.123542841782,"(172.60999999999999, 31806.512]","(172.60999999999999, 36199.407]",*
21725.95428963467,"(172.60999999999999, 31806.512]","(172.60999999999999, 36199.407]",*
21759.506125993168,"(172.60999999999999, 31806.512]","(172.60999999999999, 36199.407]",*
21762.94968562536,"(172.60999999999999, 31806.512]","(172.60999999999999, 36199.407]",*
21768.321045524885,"(172.60999999999999, 31806.512]","(172.60999999999999, 36199.407]",*
21770.67355914431,"(172.60999999999999, 31806.512]","(172.60999999999999, 36199.407]",*
21776.727691271397,"(172.60999999999999, 31806.512]","(172.60999999999999, 36199.407]",*
21815.488883338345,"(172.60999999999999, 31806.512]","(172.60999999999999, 36199.407]",*
21867.47693989448,"(172.60999999999999, 31806.512]","(172.60999999999999, 36199.407]",*
21880.050306247264,"(172.60999999999999, 31806.512]","(172.60999999999999, 36199.407]",*
21881.93267469172,"(172.60999999999999, 31806.512]","(172.60999999999999, 36199.407]",*
21934.89863651304,"(172.60999999999999, 31806.512]","(172.60999999999999, 36199.407]",*
21940.74723877193,"(172.60999999999999, 31806.512]","(172.60999999999999, 36199.407]",*
21976.64611596822,"(172.60999999999999, 31806.512]","(172.60999999999999, 36199.407]",*
21985.73467346842,"(172.60999999999999, 31806.512]","(172.60999999999999, 36199.407]",*
22011.945934054933,"(172.60999999999999, 31806.512]","(172.60999999999999, 36199.407]",*
22033.116961125543,"(172.60999999999999, 31806.512]","(172.60999999999999, 36199.407]",*
22047.199107593184,"(172.60999999999999, 31806.512]","(172.60999999999999, 36199.407]",*
22061.585414775094,"(172.60999999999999, 31806.512]","(172.60999999999999, 36199.407]",*
22063.21061883271,"(172.60999999999999, 31806.512]","(172.60999999999999, 36199.407]",*
22076.15316408185,"(172.60999999999999, 31806.512]","(172.60999999999999, 36199.407]",*
22083.90871403505,"(172.60999999999999, 31806.512]","(172.60999999999999, 36199.407]",*
22098.22699117189,"(172.60999999999999, 31806.512]","(172.60999999999999, 36199.407]",*
22121.54729015616,"(172.60999999999999, 31806.512]","(172.60999999999999, 36199.407]",*
22165.26156932317,"(172.60999999999999, 31806.512]","(172.60999999999999, 36199.407]",*
22169.818374651662,"(172.60999999999999, 31806.512]","(172.60999999999999, 36199.407]",*
22179.640769085763,"(172.60999999999999, 31806.512]","(172.60999999999999, 36199.407]",*
22190.129255973785,"(172.60999999999999, 31806.512]","(172.60999999999999, 36199.407]",*
22201.125499811813,"(172.60999999999999, 31806.512]","(172.60999999999999, 36199.407]",*
22216.7872138108,"(172.60999999999999, 31806.512]","(172.60999999999999, 36199.407]",*
22231.830323333797,"(172.60999999999999, 31806.512]","(172.60999999999999, 36199.407]",*
22239.28397940706,"(172.60999999999999, 31806.512]","(172.60999999999999, 36199.407]",*
22267.159296991704,"(172.60999999999999, 31806.512]","(172.60999999999999, 36199.407]",*
22268.07530558209,"(172.60999999999999, 31806.512]","(172.60999999999999, 36199.407]",*
22272.186038331973,"(172.60999999999999, 31806.512]","(172.60999999999999, 36199.407]",*
22276.373066764045,"(172.60999999999999, 31806.512]","(172.60999999999999, 36199.407]",*
22289.733475888268,"(172.60999999999999, 31806.512]","(172.60999999999999, 36199.407]",*
22295.72190519085,"(172.60999999999999, 31806.512]","(172.60999999999999, 36199.407]",*
22321.43516080181,"(172.60999999999999, 31806.512]","(172.60999999999999, 36199.407]",*
22355.221193357807,"(172.60999999999999, 31806.512]","(172.60999999999999, 36199.407]",*
22355.23540666912,"(172.60999999999999, 31806.512]","(172.60999999999999, 36199.407]",*
22367.482065856813,"(172.60999999999999, 31806.512]","(172.60999999999999, 36199.407]",*
22431.606261764708,"(172.60999999999999, 31806.512]","(172.60999999999999, 36199.407]",*
22432.139832000244,"(172.60999999999999, 31806.512]","(172.60999999999999, 36199.407]",*
22449.534004569647,"(172.60999999999999, 31806.512]","(172.60999999999999, 36199.407]",*
22469.52253206344,"(172.60999999999999, 31806.512]","(172.60999999999999, 36199.407]",*
22481.15895846364,"(172.60999999999999, 31806.512]","(172.60999999999999, 36199.407]",*
22487.71207239876,"(172.60999999999999, 31806.512]","(172.60999999999999, 36199.407]",*
22522.881604144364,"(172.60999999999999, 31806.512]","(172.60999999999999, 36199.407]",*
22524.578480324013,"(172.60999999999999, 31806.512]","(172.60999999999999, 36199.407]",*
22552.53591336449,"(172.60999999999999, 31806.512]","(172.60999999999999, 36199.407]",*
22560.52713453413,"(172.60999999999999, 31806.512]","(172.60999999999999, 36199.407]",*
22571.238702908944,"(172.60999999999999, 31806.512]","(172.60999999999999, 36199.407]",*
22578.307872226986,"(172.60999999999999, 31806.512]","(172.60999999999999, 36199.407]",*
22580.312758189142,"(172.60999999999999, 31806.512]","(172.60999999999999, 36199.407]",*
22585.236196049704,"(172.60999999999999, 31806.512]","(172.60999999999999, 36199.407]",*
22588.57753839549,"(172.60999999999999, 31806.512]","(172.60999999999999, 36199.407]",*
22599.37411281612,"(172.60999999999999, 31806.512]","(172.60999999999999, 36199.407]",*
22602.13357010632,"(172.60999999999999, 31806.512]","(172.60999999999999, 36199.407]",*
22619.114640823187,"(172.60999999999999, 31806.512]","(172.60999999999999, 36199.407]",*
22637.48513636613,"(172.60999999999999, 31806.512]","(172.60999999999999, 36199.407]",*
22651.11135366582,"(172.60999999999999, 31806.512]","(172.60999999999999, 36199.407]",*
22669.674118740484,"(172.60999999999999, 31806.512]","(172.60999999999999, 36199.407]",*
22670.60861596644,"(172.60999999999999, 31806.512]","(172.60999999999999, 36199.407]",*
22681.92947603104,"(172.60999999999999, 31806.512]","(172.60999999999999, 36199.407]",*
22695.69548034303,"(172.60999999999999, 31806.512]","(172.60999999999999, 36199.407]",*
22710.192188458182,"(172.60999999999999, 31806.512]","(172.60999999999999, 36199.407]",*
22714.469058619216,"(172.60999999999999, 31806.512]","(172.60999999999999, 36199.407]",*
22721.6493988536,"(172.60999999999999, 31806.512]","(172.60999999999999, 36199.407]",*
22734.40258603437,"(172.60999999999999, 31806.512]","(172.60999999999999, 36199.407]",*
22743.507226836413,"(172.60999999999999, 31806.512]","(172.60999999999999, 36199.407]",*
22762.46618453746,"(172.60999999999999, 31806.512]","(172.60999999999999, 36199.407]",*
22779.36994945125,"(172.60999999999999, 31806.512]","(172.60999999999999, 36199.407]",*
22786.030462489533,"(172.60999999999999, 31806.512]","(172.60999999999999, 36199.407]",*
22800.036961331763,"(172.60999999999999, 31806.512]","(172.60999999999999, 36199.407]",*
22803.099711008155,"(172.60999999999999, 31806.512]","(172.60999999999999, 36199.407]",*
22804.99193518063,"(172.60999999999999, 31806.512]","(172.60999999999999, 36199.407]",*
22829.49326989384,"(172.60999999999999, 31806.512]","(172.60999999999999, 36199.407]",*
22835.584431265223,"(172.60999999999999, 31806.512]","(172.60999999999999, 36199.407]",*
22836.60756949132,"(172.60999999999999, 31806.512]","(172.60999999999999, 36199.407]",*
22837.361034746427,"(172.60999999999999, 31806.512]","(172.60999999999999, 36199.407]",*
22850.033757886187,"(172.60999999999999, 31806.512]","(172.60999999999999, 36199.407]",*
22850.062679027866,"(172.60999999999999, 31806.512]","(172.60999999999999, 36199.407]",*
22875.693339919664,"(172.60999999999999, 31806.512]","(172.60999999999999, 36199.407]",*
22880.82332444314,"(172.60999999999999, 31806.512]","(172.60999999999999, 36199.407]",*
22887.721893838458,"(172.60999999999999, 31806.512]","(172.60999999999999, 36199.407]",*
22890.84154404917,"(172.60999999999999, 31806.512]","(172.60999999999999, 36199.407]",*
22900.113452839145,"(172.60999999999999, 31806.512]","(172.60999999999999, 36199.407]",*
22904.14663578881,"(172.60999999999999, 31806.512]","(172.60999999999999, 36199.407]",*
22912.06692045705,"(172.60999999999999, 31806.512]","(172.60999999999999, 36199.407]",*
22926.4354576667,"(172.60999999999999, 31806.512]","(172.60999999999999, 36199.407]",*
22954.784519233912,"(172.60999999999999, 31806.512]","(172.60999999999999, 36199.407]",*
22959.362036680268,"(172.60999999999999, 31806.512]","(172.60999999999999, 36199.407]",*
22977.9153850924,"(172.60999999999999, 31806.512]","(172.60999999999999, 36199.407]",*
22984.03653068501,"(172.60999999999999, 31806.512]","(172.60999999999999, 36199.407]",*
22987.66823995696,"(172.60999999999999, 31806.512]","(172.60999999999999, 36199.407]",*
22993.635442671588,"(172.60999999999999, 31806.512]","(172.60999999999999, 36199.407]",*
22993.790468574767,"(172.60999999999999, 31806.512]","(172.60999999999999, 36199.407]",*
22995.414019975866,"(172.60999999999999, 31806.512]","(172.60999999999999, 36199.407]",*
23011.96421832439,"(172.60999999999999, 31806.512]","(172.60999999999999, 36199.407]",*
23023.045046799176,"(172.60999999999999, 31806.512]","(172.60999999999999, 36199.407]",*
23031.170316310385,"(172.60999999999999, 31806.512]","(172.60999999999999, 36199.407]",*
23033.548332581817,"(172.60999999999999, 31806.512]","(172.60999999999999, 36199.407]",*
23038.44981871112,"(172.60999999999999, 31806.512]","(172.60999999999999, 36199.407]",*
23039.88947399941,"(172.60999999999999, 31806.512]","(172.60999999999999, 36199.407]",*
23040.413579356507,"(172.60999999999999, 31806.512]","(172.60999999999999, 36199.407]",*
23052.846810117837,"(172.60999999999999, 31806.512]","(172.60999999999999, 36199.407]",*
23059.654250947147,"(172.60999999999999, 31806.512]","(172.60999999999999, 36199.407]",*
23086.800502686456,"(172.60999999999999, 31806.512]","(172.60999999999999, 36199.407]",*
23116.793379237934,"(172.60999999999999, 31806.512]","(172.60999999999999, 36199.407]",*
23129.11627445412,"(172.60999999999999, 31806.512]","(172.60999999999999, 36199.407]",*
23162.54733803269,"(172.60999999999999, 31806.512]","(172.60999999999999, 36199.407]",*
23162.910702742414,"(172.60999999999999, 31806.512]","(172.60999999999999, 36199.407]",*
23177.5818452764,"(172.60999999999999, 31806.512]","(172.60999999999999, 36199.407]",*
23182.604845881942,"(172.60999999999999, 31806.512]","(172.60999999999999, 36199.407]",*
23207.680053500942,"(172.60999999999999, 31806.512]","(172.60999999999999, 36199.407]",*
23214.70295775585,"(172.60999999999999, 31806.512]","(172.60999999999999, 36199.407]",*
23234.26874828521,"(172.60999999999999, 31806.512]","(172.60999999999999, 36199.407]",*
23249.82460967532,"(172.60999999999999, 31806.512]","(172.60999999999999, 36199.407]",*
23251.04669906775,"(172.60999999999999, 31806.512]","(172.60999999999999, 36199.407]",*
23252.164588899483,"(172.60999999999999, 31806.512]","(172.60999999999999, 36199.407]",*
23252.90621275731,"(172.60999999999999, 31806.512]","(172.60999999999999, 36199.407]",*
23264.37052460332,"(172.60999999999999, 31806.512]","(172.60999999999999, 36199.407]",*
23272.355023772223,"(172.60999999999999, 31806.512]","(172.60999999999999, 36199.407]",*
23283.11482267708,"(172.60999999999999, 31806.512]","(172.60999999999999, 36199.407]",*
23287.071761352134,"(172.60999999999999, 31806.512]","(172.60999999999999, 36199.407]",*
23315.39917826107,"(172.60999999999999, 31806.512]","(172.60999999999999, 36199.407]",*
23334.680278995544,"(172.60999999999999, 31806.512]","(172.60999999999999, 36199.407]",*
23360.94830389918,"(172.60999999999999, 31806.512]","(172.60999999999999, 36199.407]",*
23365.444619027392,"(172.60999999999999, 31806.512]","(172.60999999999999, 36199.407]",*
23382.53938649813,"(172.60999999999999, 31806.512]","(172.60999999999999, 36199.407]",*
23399.8522405304,"(172.60999999999999, 31806.512]","(172.60999999999999, 36199.407]",*
23403.63157144581,"(172.60999999999999, 31806.512]","(172.60999999999999, 36199.407]",*
23411.945541614023,"(172.60999999999999, 31806.512]","(172.60999999999999, 36199.407]",*
23416.65945434984,"(172.60999999999999, 31806.512]","(172.60999999999999, 36199.407]",*
23457.12639732587,"(172.60999999999999, 31806.512]","(172.60999999999999, 36199.407]",*
23460.733259290384,"(172.60999999999999, 31806.512]","(172.60999999999999, 36199.407]",*
23465.3829806052,"(172.60999999999999, 31806.512]","(172.60999999999999, 36199.407]",*
23476.97360308424,"(172.60999999999999, 31806.512]","(172.60999999999999, 36199.407]",*
23500.00686580477,"(172.60999999999999, 31806.512]","(172.60999999999999, 36199.407]",*
23503.160639672817,"(172.60999999999999, 31806.512]","(172.60999999999999, 36199.407]",*
23523.601978179115,"(172.60999999999999, 31806.512]","(172.60999999999999, 36199.407]",*
23526.49849673301,"(172.60999999999999, 31806.512]","(172.60999999999999, 36199.407]",*
23530.90630879894,"(172.60999999999999, 31806.512]","(172.60999999999999, 36199.407]",*
23533.22446123792,"(172.60999999999999, 31806.512]","(172.60999999999999, 36199.407]",*
23533.5214781896,"(172.60999999999999, 31806.512]","(172.60999999999999, 36199.407]",*
23557.36165410528,"(172.60999999999999, 31806.512]","(172.60999999999999, 36199.407]",*
23558.53047563724,"(172.60999999999999, 31806.512]","(172.60999999999999, 36199.407]",*
23560.522778443188,"(172.60999999999999, 31806.512]","(172.60999999999999, 36199.407]",*
23580.869188916367,"(172.60999999999999, 31806.512]","(172.60999999999999, 36199.407]",*
23581.38569900384,"(172.60999999999999, 31806.512]","(172.60999999999999, 36199.407]",*
23586.382744773244,"(172.60999999999999, 31806.512]","(172.60999999999999, 36199.407]",*
23592.15758825931,"(172.60999999999999, 31806.512]","(172.60999999999999, 36199.407]",*
23611.056225171207,"(172.60999999999999, 31806.512]","(172.60999999999999, 36199.407]",*
23623.300067290093,"(172.60999999999999, 31806.512]","(172.60999999999999, 36199.407]",*
23623.30098306293,"(172.60999999999999, 31806.512]","(172.60999999999999, 36199.407]",*
23624.24893732645,"(172.60999999999999, 31806.512]","(172.60999999999999, 36199.407]",*
23632.230414746857,"(172.60999999999999, 31806.512]","(172.60999999999999, 36199.407]",*
23637.25636750912,"(172.60999999999999, 31806.512]","(172.60999999999999, 36199.407]",*
23649.75549488093,"(172.60999999999999, 31806.512]","(172.60999999999999, 36199.407]",*
23649.9688699109,"(172.60999999999999, 31806.512]","(172.60999999999999, 36199.407]",*
23655.478789693443,"(172.60999999999999, 31806.512]","(172.60999999999999, 36199.407]",*
23662.584871155323,"(172.60999999999999, 31806.512]","(172.60999999999999, 36199.407]",*
23684.787951169244,"(172.60999999999999, 31806.512]","(172.60999999999999, 36199.407]",*
23690.697993672948,"(172.60999999999999, 31806.512]","(172.60999999999999, 36199.407]",*
23723.074745639467,"(172.60999999999999, 31806.512]","(172.60999999999999, 36199.407]",*
23725.78271098917,"(172.60999999999999, 31806.512]","(172.60999999999999, 36199.407]",*
23728.240696241766,"(172.60999999999999, 31806.512]","(172.60999999999999, 36199.407]",*
23733.794237437756,"(172.60999999999999, 31806.512]","(172.60999999999999, 36199.407]",*
23734.169590757705,"(172.60999999999999, 31806.512]","(172.60999999999999, 36199.407]",*
23746.00113379608,"(172.60999999999999, 31806.512]","(172.60999999999999, 36199.407]",*
23752.36100885612,"(172.60999999999999, 31806.512]","(172.60999999999999, 36199.407]",*
23763.197234467843,"(172.60999999999999, 31806.512]","(172.60999999999999, 36199.407]",*
23767.856326847163,"(172.60999999999999, 31806.512]","(172.60999999999999, 36199.407]",*
23793.337043068263,"(172.60999999999999, 31806.512]","(172.60999999999999, 36199.407]",*
23794.9517800567,"(172.60999999999999, 31806.512]","(172.60999999999999, 36199.407]",*
23806.235764871846,"(172.60999999999999, 31806.512]","(172.60999999999999, 36199.407]",*
23808.179069723432,"(172.60999999999999, 31806.512]","(172.60999999999999, 36199.407]",*
23811.233650613387,"(172.60999999999999, 31806.512]","(172.60999999999999, 36199.407]",*
23817.90259534349,"(172.60999999999999, 31806.512]","(172.60999999999999, 36199.407]",*
23819.28222059221,"(172.60999999999999, 31806.512]","(172.60999999999999, 36199.407]",*
23823.817018994883,"(172.60999999999999, 31806.512]","(172.60999999999999, 36199.407]",*
23825.97062118166,"(172.60999999999999, 31806.512]","(172.60999999999999, 36199.407]",*
23835.286449180767,"(172.60999999999999, 31806.512]","(172.60999999999999, 36199.407]",*
23836.53843366882,"(172.60999999999999, 31806.512]","(172.60999999999999, 36199.407]",*
23852.6949556382,"(172.60999999999999, 31806.512]","(172.60999999999999, 36199.407]",*
23853.49870494264,"(172.60999999999999, 31806.512]","(172.60999999999999, 36199.407]",*
23853.96780955993,"(172.60999999999999, 31806.512]","(172.60999999999999, 36199.407]",*
23867.325980275986,"(172.60999999999999, 31806.512]","(172.60999999999999, 36199.407]",*
23876.132208711293,"(172.60999999999999, 31806.512]","(172.60999999999999, 36199.407]",*
23886.5604533024,"(172.60999999999999, 31806.512]","(172.60999999999999, 36199.407]",*
23889.156633570765,"(172.60999999999999, 31806.512]","(172.60999999999999, 36199.407]",*
23897.1162723556,"(172.60999999999999, 31806.512]","(172.60999999999999, 36199.407]",*
23907.770992924736,"(172.60999999999999, 31806.512]","(172.60999999999999, 36199.407]",*
23915.56441612273,"(172.60999999999999, 31806.512]","(172.60999999999999, 36199.407]",*
23925.621468269048,"(172.60999999999999, 31806.512]","(172.60999999999999, 36199.407]",*
23927.33192140448,"(172.60999999999999, 31806.512]","(172.60999999999999, 36199.407]",*
23929.524053267956,"(172.60999999999999, 31806.512]","(172.60999999999999, 36199.407]",*
23947.510033113736,"(172.60999999999999, 31806.512]","(172.60999999999999, 36199.407]",*
23964.62351762752,"(172.60999999999999, 31806.512]","(172.60999999999999, 36199.407]",*
23974.435567517416,"(172.60999999999999, 31806.512]","(172.60999999999999, 36199.407]",*
23976.7138535978,"(172.60999999999999, 31806.512]","(172.60999999999999, 36199.407]",*
23978.09330470165,"(172.60999999999999, 31806.512]","(172.60999999999999, 36199.407]",*
23978.58886254732,"(172.60999999999999, 31806.512]","(172.60999999999999, 36199.407]",*
23997.45355405209,"(172.60999999999999, 31806.512]","(172.60999999999999, 36199.407]",*
23999.078574513467,"(172.60999999999999, 31806.512]","(172.60999999999999, 36199.407]",*
23999.755217218688,"(172.60999999999999, 31806.512]","(172.60999999999999, 36199.407]",*
24032.24785154596,"(172.60999999999999, 31806.512]","(172.60999999999999, 36199.407]",*
24034.62827146022,"(172.60999999999999, 31806.512]","(172.60999999999999, 36199.407]",*
24041.270592108216,"(172.60999999999999, 31806.512]","(172.60999999999999, 36199.407]",*
24056.60446550333,"(172.60999999999999, 31806.512]","(172.60999999999999, 36199.407]",*
24080.5893522858,"(172.60999999999999, 31806.512]","(172.60999999999999, 36199.407]",*
24109.778059762142,"(172.60999999999999, 31806.512]","(172.60999999999999, 36199.407]",*
24117.458380741544,"(172.60999999999999, 31806.512]","(172.60999999999999, 36199.407]",*
24125.87580967084,"(172.60999999999999, 31806.512]","(172.60999999999999, 36199.407]",*
24134.41399557804,"(172.60999999999999, 31806.512]","(172.60999999999999, 36199.407]",*
24138.06628425148,"(172.60999999999999, 31806.512]","(172.60999999999999, 36199.407]",*
24153.882522980137,"(172.60999999999999, 31806.512]","(172.60999999999999, 36199.407]",*
24171.182474201665,"(172.60999999999999, 31806.512]","(172.60999999999999, 36199.407]",*
24196.14146925445,"(172.60999999999999, 31806.512]","(172.60999999999999, 36199.407]",*
24199.052752783908,"(172.60999999999999, 31806.512]","(172.60999999999999, 36199.407]",*
24199.639472687813,"(172.60999999999999, 31806.512]","(172.60999999999999, 36199.407]",*
24201.753077127552,"(172.60999999999999, 31806.512]","(172.60999999999999, 36199.407]",*
24222.470910847827,"(172.60999999999999, 31806.512]","(172.60999999999999, 36199.407]",*
24233.0614582679,"(172.60999999999999, 31806.512]","(172.60999999999999, 36199.407]",*
24246.028057559404,"(172.60999999999999, 31806.512]","(172.60999999999999, 36199.407]",*
24269.05676010266,"(172.60999999999999, 31806.512]","(172.60999999999999, 36199.407]",*
24272.72410670544,"(172.60999999999999, 31806.512]","(172.60999999999999, 36199.407]",*
24283.86989127787,"(172.60999999999999, 31806.512]","(172.60999999999999, 36199.407]",*
24284.881731983736,"(172.60999999999999, 31806.512]","(172.60999999999999, 36199.407]",*
24291.11191045748,"(172.60999999999999, 31806.512]","(172.60999999999999, 36199.407]",*
24293.63307887252,"(172.60999999999999, 31806.512]","(172.60999999999999, 36199.407]",*
24298.96807333174,"(172.60999999999999, 31806.512]","(172.60999999999999, 36199.407]",*
24298.974729169546,"(172.60999999999999, 31806.512]","(172.60999999999999, 36199.407]",*
24318.530113098623,"(172.60999999999999, 31806.512]","(172.60999999999999, 36199.407]",*
24328.40566043616,"(172.60999999999999, 31806.512]","(172.60999999999999, 36199.407]",*
24344.817842544693,"(172.60999999999999, 31806.512]","(172.60999999999999, 36199.407]",*
24348.02587014701,"(172.60999999999999, 31806.512]","(172.60999999999999, 36199.407]",*
24377.90904931656,"(172.60999999999999, 31806.512]","(172.60999999999999, 36199.407]",*
24380.45120708676,"(172.60999999999999, 31806.512]","(172.60999999999999, 36199.407]",*
24381.144540324283,"(172.60999999999999, 31806.512]","(172.60999999999999, 36199.407]",*
24386.95085121003,"(172.60999999999999, 31806.512]","(172.60999999999999, 36199.407]",*
24387.60789571028,"(172.60999999999999, 31806.512]","(172.60999999999999, 36199.407]",*
24402.237312413683,"(172.60999999999999, 31806.512]","(172.60999999999999, 36199.407]",*
24405.2827202131,"(172.60999999999999, 31806.512]","(172.60999999999999, 36199.407]",*
24407.243175577725,"(172.60999999999999, 31806.512]","(172.60999999999999, 36199.407]",*
24435.777301862807,"(172.60999999999999, 31806.512]","(172.60999999999999, 36199.407]",*
24436.95310866658,"(172.60999999999999, 31806.512]","(172.60999999999999, 36199.407]",*
24441.96637398761,"(172.60999999999999, 31806.512]","(172.60999999999999, 36199.407]",*
24447.106695594583,"(172.60999999999999, 31806.512]","(172.60999999999999, 36199.407]",*
24448.211461042363,"(172.60999999999999, 31806.512]","(172.60999999999999, 36199.407]",*
24459.797026173608,"(172.60999999999999, 31806.512]","(172.60999999999999, 36199.407]",*
24482.057752073164,"(172.60999999999999, 31806.512]","(172.60999999999999, 36199.407]",*
24491.922843151,"(172.60999999999999, 31806.512]","(172.60999999999999, 36199.407]",*
24511.81998454112,"(172.60999999999999, 31806.512]","(172.60999999999999, 36199.407]",*
24517.968435440976,"(172.60999999999999, 31806.512]","(172.60999999999999, 36199.407]",*
24534.371052158254,"(172.60999999999999, 31806.512]","(172.60999999999999, 36199.407]",*
24553.459866628866,"(172.60999999999999, 31806.512]","(172.60999999999999, 36199.407]",*
24554.562521343487,"(172.60999999999999, 31806.512]","(172.60999999999999, 36199.407]",*
24555.336678762116,"(172.60999999999999, 31806.512]","(172.60999999999999, 36199.407]",*
24559.013792548667,"(172.60999999999999, 31806.512]","(172.60999999999999, 36199.407]",*
24565.97680615942,"(172.60999999999999, 31806.512]","(172.60999999999999, 36199.407]",*
24580.56370028601,"(172.60999999999999, 31806.512]","(172.60999999999999, 36199.407]",*
24589.410382891383,"(172.60999999999999, 31806.512]","(172.60999999999999, 36199.407]",*
24595.90149782299,"(172.60999999999999, 31806.512]","(172.60999999999999, 36199.407]",*
24602.00925214196,"(172.60999999999999, 31806.512]","(172.60999999999999, 36199.407]",*
24602.56309325976,"(172.60999999999999, 31806.512]","(172.60999999999999, 36199.407]",*
24612.98724314904,"(172.60999999999999, 31806.512]","(172.60999999999999, 36199.407]",*
24624.647796888803,"(172.60999999999999, 31806.512]","(172.60999999999999, 36199.407]",*
24627.548895353237,"(172.60999999999999, 31806.512]","(172.60999999999999, 36199.407]",*
24647.90590939345,"(172.60999999999999, 31806.512]","(172.60999999999999, 36199.407]",*
24667.89248951503,"(172.60999999999999, 31806.512]","(172.60999999999999, 36199.407]",*
24677.901155111693,"(172.60999999999999, 31806.512]","(172.60999999999999, 36199.407]",*
24682.287039614497,"(172.60999999999999, 31806.512]","(172.60999999999999, 36199.407]",*
24721.959042861738,"(172.60999999999999, 31806.512]","(172.60999999999999, 36199.407]",*
24723.27864929853,"(172.60999999999999, 31806.512]","(172.60999999999999, 36199.407]",*
24726.104743705724,"(172.60999999999999, 31806.512]","(172.60999999999999, 36199.407]",*
24734.406519827065,"(172.60999999999999, 31806.512]","(172.60999999999999, 36199.407]",*
24737.497096158542,"(172.60999999999999, 31806.512]","(172.60999999999999, 36199.407]",*
24748.268270891323,"(172.60999999999999, 31806.512]","(172.60999999999999, 36199.407]",*
24758.489063321493,"(172.60999999999999, 31806.512]","(172.60999999999999, 36199.407]",*
24797.764758517227,"(172.60999999999999, 31806.512]","(172.60999999999999, 36199.407]",*
24804.657309524595,"(172.60999999999999, 31806.512]","(172.60999999999999, 36199.407]",*
24833.29857514716,"(172.60999999999999, 31806.512]","(172.60999999999999, 36199.407]",*
24833.64614509016,"(172.60999999999999, 31806.512]","(172.60999999999999, 36199.407]",*
24837.590727940733,"(172.60999999999999, 31806.512]","(172.60999999999999, 36199.407]",*
24844.200190072384,"(172.60999999999999, 31806.512]","(172.60999999999999, 36199.407]",*
24852.565152917232,"(172.60999999999999, 31806.512]","(172.60999999999999, 36199.407]",*
24865.985052801792,"(172.60999999999999, 31806.512]","(172.60999999999999, 36199.407]",*
24867.49763990232,"(172.60999999999999, 31806.512]","(172.60999999999999, 36199.407]",*
24874.035123603662,"(172.60999999999999, 31806.512]","(172.60999999999999, 36199.407]",*
24878.461731943087,"(172.60999999999999, 31806.512]","(172.60999999999999, 36199.407]",*
24884.696583719004,"(172.60999999999999, 31806.512]","(172.60999999999999, 36199.407]",*
24898.73887634752,"(172.60999999999999, 31806.512]","(172.60999999999999, 36199.407]",*
24912.227072010697,"(172.60999999999999, 31806.512]","(172.60999999999999, 36199.407]",*
24942.885851374507,"(172.60999999999999, 31806.512]","(172.60999999999999, 36199.407]",*
24943.96193940555,"(172.60999999999999, 31806.512]","(172.60999999999999, 36199.407]",*
24944.34177149072,"(172.60999999999999, 31806.512]","(172.60999999999999, 36199.407]",*
24962.10001865301,"(172.60999999999999, 31806.512]","(172.60999999999999, 36199.407]",*
24965.90216266404,"(172.60999999999999, 31806.512]","(172.60999999999999, 36199.407]",*
24966.188162985876,"(172.60999999999999, 31806.512]","(172.60999999999999, 36199.407]",*
24970.70551905041,"(172.60999999999999, 31806.512]","(172.60999999999999, 36199.407]",*
24985.9779986068,"(172.60999999999999, 31806.512]","(172.60999999999999, 36199.407]",*
24997.108705994284,"(172.60999999999999, 31806.512]","(172.60999999999999, 36199.407]",*
24998.97158457229,"(172.60999999999999, 31806.512]","(172.60999999999999, 36199.407]",*
25002.19225225964,"(172.60999999999999, 31806.512]","(172.60999999999999, 36199.407]",*
25009.060520017887,"(172.60999999999999, 31806.512]","(172.60999999999999, 36199.407]",*
25012.869778260894,"(172.60999999999999, 31806.512]","(172.60999999999999, 36199.407]",*
25022.098826362457,"(172.60999999999999, 31806.512]","(172.60999999999999, 36199.407]",*
25029.20573727713,"(172.60999999999999, 31806.512]","(172.60999999999999, 36199.407]",*
25032.13651775301,"(172.60999999999999, 31806.512]","(172.60999999999999, 36199.407]",*
25053.974898039985,"(172.60999999999999, 31806.512]","(172.60999999999999, 36199.407]",*
25064.26711967296,"(172.60999999999999, 31806.512]","(172.60999999999999, 36199.407]",*
25087.37081408928,"(172.60999999999999, 31806.512]","(172.60999999999999, 36199.407]",*
25091.823547473618,"(172.60999999999999, 31806.512]","(172.60999999999999, 36199.407]",*
25092.66970007457,"(172.60999999999999, 31806.512]","(172.60999999999999, 36199.407]",*
25101.349374788144,"(172.60999999999999, 31806.512]","(172.60999999999999, 36199.407]",*
25120.2989172267,"(172.60999999999999, 31806.512]","(172.60999999999999, 36199.407]",*
25120.992029428555,"(172.60999999999999, 31806.512]","(172.60999999999999, 36199.407]",*
25127.5488373984,"(172.60999999999999, 31806.512]","(172.60999999999999, 36199.407]",*
25134.68148451727,"(172.60999999999999, 31806.512]","(172.60999999999999, 36199.407]",*
25136.215426495382,"(172.60999999999999, 31806.512]","(172.60999999999999, 36199.407]",*
25139.449943535543,"(172.60999999999999, 31806.512]","(172.60999999999999, 36199.407]",*
25154.955187668507,"(172.60999999999999, 31806.512]","(172.60999999999999, 36199.407]",*
25157.454294383737,"(172.60999999999999, 31806.512]","(172.60999999999999, 36199.407]",*
25175.431248811143,"(172.60999999999999, 31806.512]","(172.60999999999999, 36199.407]",*
25177.48795389532,"(172.60999999999999, 31806.512]","(172.60999999999999, 36199.407]",*
25186.537411352456,"(172.60999999999999, 31806.512]","(172.60999999999999, 36199.407]",*
25191.407386435378,"(172.60999999999999, 31806.512]","(172.60999999999999, 36199.407]",*
25198.7866732576,"(172.60999999999999, 31806.512]","(172.60999999999999, 36199.407]",*
25200.42394520401,"(172.60999999999999, 31806.512]","(172.60999999999999, 36199.407]",*
25201.550489292003,"(172.60999999999999, 31806.512]","(172.60999999999999, 36199.407]",*
25222.462415183298,"(172.60999999999999, 31806.512]","(172.60999999999999, 36199.407]",*
25224.64592336701,"(172.60999999999999, 31806.512]","(172.60999999999999, 36199.407]",*
25243.860159729826,"(172.60999999999999, 31806.512]","(172.60999999999999, 36199.407]",*
25267.10760690842,"(172.60999999999999, 31806.512]","(172.60999999999999, 36199.407]",*
25271.93097528871,"(172.60999999999999, 31806.512]","(172.60999999999999, 36199.407]",*
25273.207851678784,"(172.60999999999999, 31806.512]","(172.60999999999999, 36199.407]",*
25279.991400586256,"(172.60999999999999, 31806.512]","(172.60999999999999, 36199.407]",*
25290.40993618514,"(172.60999999999999, 31806.512]","(172.60999999999999, 36199.407]",*
25296.73583301805,"(172.60999999999999, 31806.512]","(172.60999999999999, 36199.407]",*
25327.68669623837,"(172.60999999999999, 31806.512]","(172.60999999999999, 36199.407]",*
25332.00697226329,"(172.60999999999999, 31806.512]","(172.60999999999999, 36199.407]",*
25333.870846737816,"(172.60999999999999, 31806.512]","(172.60999999999999, 36199.407]",*
25334.77930536264,"(172.60999999999999, 31806.512]","(172.60999999999999, 36199.407]",*
25337.01157402381,"(172.60999999999999, 31806.512]","(172.60999999999999, 36199.407]",*
25348.471269603804,"(172.60999999999999, 31806.512]","(172.60999999999999, 36199.407]",*
25350.735472748464,"(172.60999999999999, 31806.512]","(172.60999999999999, 36199.407]",*
25362.120634075807,"(172.60999999999999, 31806.512]","(172.60999999999999, 36199.407]",*
25377.136744577165,"(172.60999999999999, 31806.512]","(172.60999999999999, 36199.407]",*
25377.5617557638,"(172.60999999999999, 31806.512]","(172.60999999999999, 36199.407]",*
25380.41301192542,"(172.60999999999999, 31806.512]","(172.60999999999999, 36199.407]",*
25389.19449445044,"(172.60999999999999, 31806.512]","(172.60999999999999, 36199.407]",*
25390.45913945253,"(172.60999999999999, 31806.512]","(172.60999999999999, 36199.407]",*
25401.101881622304,"(172.60999999999999, 31806.512]","(172.60999999999999, 36199.407]",*
25405.78209773658,"(172.60999999999999, 31806.512]","(172.60999999999999, 36199.407]",*
25424.03483000992,"(172.60999999999999, 31806.512]","(172.60999999999999, 36199.407]",*
25431.39780591673,"(172.60999999999999, 31806.512]","(172.60999999999999, 36199.407]",*
25432.076772615263,"(172.60999999999999, 31806.512]","(172.60999999999999, 36199.407]",*
25433.30291531416,"(172.60999999999999, 31806.512]","(172.60999999999999, 36199.407]",*
25442.397281092948,"(172.60999999999999, 31806.512]","(172.60999999999999, 36199.407]",*
25480.41695729794,"(172.60999999999999, 31806.512]","(172.60999999999999, 36199.407]",*
25492.31740736437,"(172.60999999999999, 31806.512]","(172.60999999999999, 36199.407]",*
25494.740297632936,"(172.60999999999999, 31806.512]","(172.60999999999999, 36199.407]",*
25495.355939532717,"(172.60999999999999, 31806.512]","(172.60999999999999, 36199.407]",*
25504.960316464854,"(172.60999999999999, 31806.512]","(172.60999999999999, 36199.407]",*
25507.33634044385,"(172.60999999999999, 31806.512]","(172.60999999999999, 36199.407]",*
25508.785435444264,"(172.60999999999999, 31806.512]","(172.60999999999999, 36199.407]",*
25509.069777363937,"(172.60999999999999, 31806.512]","(172.60999999999999, 36199.407]",*
25545.9239439724,"(172.60999999999999, 31806.512]","(172.60999999999999, 36199.407]",*
25548.51424478187,"(172.60999999999999, 31806.512]","(172.60999999999999, 36199.407]",*
25569.368313897183,"(172.60999999999999, 31806.512]","(172.60999999999999, 36199.407]",*
25573.8542889876,"(172.60999999999999, 31806.512]","(172.60999999999999, 36199.407]",*
25593.11792240252,"(172.60999999999999, 31806.512]","(172.60999999999999, 36199.407]",*
25594.169030506942,"(172.60999999999999, 31806.512]","(172.60999999999999, 36199.407]",*
25616.11548906122,"(172.60999999999999, 31806.512]","(172.60999999999999, 36199.407]",*
25620.915694398067,"(172.60999999999999, 31806.512]","(172.60999999999999, 36199.407]",*
25627.5462799568,"(172.60999999999999, 31806.512]","(172.60999999999999, 36199.407]",*
25653.687923495738,"(172.60999999999999, 31806.512]","(172.60999999999999, 36199.407]",*
25655.867122657022,"(172.60999999999999, 31806.512]","(172.60999999999999, 36199.407]",*
25663.22937294812,"(172.60999999999999, 31806.512]","(172.60999999999999, 36199.407]",*
25670.37861494764,"(172.60999999999999, 31806.512]","(172.60999999999999, 36199.407]",*
25676.38954871359,"(172.60999999999999, 31806.512]","(172.60999999999999, 36199.407]",*
25691.684578489432,"(172.60999999999999, 31806.512]","(172.60999999999999, 36199.407]",*
25694.247312959364,"(172.60999999999999, 31806.512]","(172.60999999999999, 36199.407]",*
25694.36817678834,"(172.60999999999999, 31806.512]","(172.60999999999999, 36199.407]",*
25696.3617405674,"(172.60999999999999, 31806.512]","(172.60999999999999, 36199.407]",*
25707.076579905468,"(172.60999999999999, 31806.512]","(172.60999999999999, 36199.407]",*
25736.09605455749,"(172.60999999999999, 31806.512]","(172.60999999999999, 36199.407]",*
25753.28312030552,"(172.60999999999999, 31806.512]","(172.60999999999999, 36199.407]",*
25753.34376625825,"(172.60999999999999, 31806.512]","(172.60999999999999, 36199.407]",*
25763.643248976205,"(172.60999999999999, 31806.512]","(172.60999999999999, 36199.407]",*
25767.81860041375,"(172.60999999999999, 31806.512]","(172.60999999999999, 36199.407]",*
25769.645847494765,"(172.60999999999999, 31806.512]","(172.60999999999999, 36199.407]",*
25788.672357710977,"(172.60999999999999, 31806.512]","(172.60999999999999, 36199.407]",*
25791.99498511981,"(172.60999999999999, 31806.512]","(172.60999999999999, 36199.407]",*
25801.965928848997,"(172.60999999999999, 31806.512]","(172.60999999999999, 36199.407]",*
25837.864484373,"(172.60999999999999, 31806.512]","(172.60999999999999, 36199.407]",*
25838.85590564268,"(172.60999999999999, 31806.512]","(172.60999999999999, 36199.407]",*
25841.529410418192,"(172.60999999999999, 31806.512]","(172.60999999999999, 36199.407]",*
25851.03903364755,"(172.60999999999999, 31806.512]","(172.60999999999999, 36199.407]",*
25861.92822986038,"(172.60999999999999, 31806.512]","(172.60999999999999, 36199.407]",*
25880.414407178087,"(172.60999999999999, 31806.512]","(172.60999999999999, 36199.407]",*
25886.674453705094,"(172.60999999999999, 31806.512]","(172.60999999999999, 36199.407]",*
25889.75459375014,"(172.60999999999999, 31806.512]","(172.60999999999999, 36199.407]",*
25896.99089487541,"(172.60999999999999, 31806.512]","(172.60999999999999, 36199.407]",*
25897.758021483216,"(172.60999999999999, 31806.512]","(172.60999999999999, 36199.407]",*
25903.809477022587,"(172.60999999999999, 31806.512]","(172.60999999999999, 36199.407]",*
25904.979911800237,"(172.60999999999999, 31806.512]","(172.60999999999999, 36199.407]",*
25909.079196423907,"(172.60999999999999, 31806.512]","(172.60999999999999, 36199.407]",*
25909.19733169629,"(172.60999999999999, 31806.512]","(172.60999999999999, 36199.407]",*
25934.649199792544,"(172.60999999999999, 31806.512]","(172.60999999999999, 36199.407]",*
25942.65578622622,"(172.60999999999999, 31806.512]","(172.60999999999999, 36199.407]",*
25943.07760346804,"(172.60999999999999, 31806.512]","(172.60999999999999, 36199.407]",*
25943.71399839473,"(172.60999999999999, 31806.512]","(172.60999999999999, 36199.407]",*
25948.644213562373,"(172.60999999999999, 31806.512]","(172.60999999999999, 36199.407]",*
25962.771179474203,"(172.60999999999999, 31806.512]","(172.60999999999999, 36199.407]",*
25974.45322502558,"(172.60999999999999, 31806.512]","(172.60999999999999, 36199.407]",*
25975.505829133326,"(172.60999999999999, 31806.512]","(172.60999999999999, 36199.407]",*
25978.89523115853,"(172.60999999999999, 31806.512]","(172.60999999999999, 36199.407]",*
25981.831003107392,"(172.60999999999999, 31806.512]","(172.60999999999999, 36199.407]",*
25983.51969899311,"(172.60999999999999, 31806.512]","(172.60999999999999, 36199.407]",*
25987.832823358232,"(172.60999999999999, 31806.512]","(172.60999999999999, 36199.407]",*
26008.309123638628,"(172.60999999999999, 31806.512]","(172.60999999999999, 36199.407]",*
26013.680482004947,"(172.60999999999999, 31806.512]","(172.60999999999999, 36199.407]",*
26015.29644657484,"(172.60999999999999, 31806.512]","(172.60999999999999, 36199.407]",*
26015.383837737198,"(172.60999999999999, 31806.512]","(172.60999999999999, 36199.407]",*
26018.015641642676,"(172.60999999999999, 31806.512]","(172.60999999999999, 36199.407]",*
26030.463705348226,"(172.60999999999999, 31806.512]","(172.60999999999999, 36199.407]",*
26038.50819150676,"(172.60999999999999, 31806.512]","(172.60999999999999, 36199.407]",*
26041.487615771835,"(172.60999999999999, 31806.512]","(172.60999999999999, 36199.407]",*
26052.646836118,"(172.60999999999999, 31806.512]","(172.60999999999999, 36199.407]",*
26052.7378266484,"(172.60999999999999, 31806.512]","(172.60999999999999, 36199.407]",*
26064.820316089223,"(172.60999999999999, 31806.512]","(172.60999999999999, 36199.407]",*
26065.69265979245,"(172.60999999999999, 31806.512]","(172.60999999999999, 36199.407]",*
26073.22230293741,"(172.60999999999999, 31806.512]","(172.60999999999999, 36199.407]",*
26076.39086327163,"(172.60999999999999, 31806.512]","(172.60999999999999, 36199.407]",*
26083.320689086508,"(172.60999999999999, 31806.512]","(172.60999999999999, 36199.407]",*
26094.905575758217,"(172.60999999999999, 31806.512]","(172.60999999999999, 36199.407]",*
26115.26041454778,"(172.60999999999999, 31806.512]","(172.60999999999999, 36199.407]",*
26120.66089407072,"(172.60999999999999, 31806.512]","(172.60999999999999, 36199.407]",*
26121.144617333863,"(172.60999999999999, 31806.512]","(172.60999999999999, 36199.407]",*
26124.407157525333,"(172.60999999999999, 31806.512]","(172.60999999999999, 36199.407]",*
26132.868176462143,"(172.60999999999999, 31806.512]","(172.60999999999999, 36199.407]",*
26139.26852604749,"(172.60999999999999, 31806.512]","(172.60999999999999, 36199.407]",*
26145.517865682174,"(172.60999999999999, 31806.512]","(172.60999999999999, 36199.407]",*
26153.072738776907,"(172.60999999999999, 31806.512]","(172.60999999999999, 36199.407]",*
26155.688615289026,"(172.60999999999999, 31806.512]","(172.60999999999999, 36199.407]",*
26160.16104693064,"(172.60999999999999, 31806.512]","(172.60999999999999, 36199.407]",*
26165.667274893927,"(172.60999999999999, 31806.512]","(172.60999999999999, 36199.407]",*
26176.766149402643,"(172.60999999999999, 31806.512]","(172.60999999999999, 36199.407]",*
26197.839078645484,"(172.60999999999999, 31806.512]","(172.60999999999999, 36199.407]",*
26202.63146426667,"(172.60999999999999, 31806.512]","(172.60999999999999, 36199.407]",*
26228.39457735813,"(172.60999999999999, 31806.512]","(172.60999999999999, 36199.407]",*
26234.10954366912,"(172.60999999999999, 31806.512]","(172.60999999999999, 36199.407]",*
26251.872171103743,"(172.60999999999999, 31806.512]","(172.60999999999999, 36199.407]",*
26252.129330256088,"(172.60999999999999, 31806.512]","(172.60999999999999, 36199.407]",*
26257.11684841584,"(172.60999999999999, 31806.512]","(172.60999999999999, 36199.407]",*
26262.507332673256,"(172.60999999999999, 31806.512]","(172.60999999999999, 36199.407]",*
26263.054962893148,"(172.60999999999999, 31806.512]","(172.60999999999999, 36199.407]",*
26264.32179338267,"(172.60999999999999, 31806.512]","(172.60999999999999, 36199.407]",*
26295.439661267123,"(172.60999999999999, 31806.512]","(172.60999999999999, 36199.407]",*
26309.23832269771,"(172.60999999999999, 31806.512]","(172.60999999999999, 36199.407]",*
26312.35883386983,"(172.60999999999999, 31806.512]","(172.60999999999999, 36199.407]",*
26319.720009853623,"(172.60999999999999, 31806.512]","(172.60999999999999, 36199.407]",*
26324.207865358072,"(172.60999999999999, 31806.512]","(172.60999999999999, 36199.407]",*
26341.09557190019,"(172.60999999999999, 31806.512]","(172.60999999999999, 36199.407]",*
26354.109472103148,"(172.60999999999999, 31806.512]","(172.60999999999999, 36199.407]",*
26365.14508953705,"(172.60999999999999, 31806.512]","(172.60999999999999, 36199.407]",*
26377.26824154584,"(172.60999999999999, 31806.512]","(172.60999999999999, 36199.407]",*
26390.8110517472,"(172.60999999999999, 31806.512]","(172.60999999999999, 36199.407]",*
26396.29111179972,"(172.60999999999999, 31806.512]","(172.60999999999999, 36199.407]",*
26406.00604076732,"(172.60999999999999, 31806.512]","(172.60999999999999, 36199.407]",*
26411.14227727583,"(172.60999999999999, 31806.512]","(172.60999999999999, 36199.407]",*
26414.747421658285,"(172.60999999999999, 31806.512]","(172.60999999999999, 36199.407]",*
26428.91317089373,"(172.60999999999999, 31806.512]","(172.60999999999999, 36199.407]",*
26448.033973118043,"(172.60999999999999, 31806.512]","(172.60999999999999, 36199.407]",*
26452.36789444459,"(172.60999999999999, 31806.512]","(172.60999999999999, 36199.407]",*
26471.257485236347,"(172.60999999999999, 31806.512]","(172.60999999999999, 36199.407]",*
26481.51176570304,"(172.60999999999999, 31806.512]","(172.60999999999999, 36199.407]",*
26482.16068283342,"(172.60999999999999, 31806.512]","(172.60999999999999, 36199.407]",*
26489.313240128184,"(172.60999999999999, 31806.512]","(172.60999999999999, 36199.407]",*
26517.307678017,"(172.60999999999999, 31806.512]","(172.60999999999999, 36199.407]",*
26527.29794929289,"(172.60999999999999, 31806.512]","(172.60999999999999, 36199.407]",*
26529.698856877192,"(172.60999999999999, 31806.512]","(172.60999999999999, 36199.407]",*
26534.69790187441,"(172.60999999999999, 31806.512]","(172.60999999999999, 36199.407]",*
26550.712537562256,"(172.60999999999999, 31806.512]","(172.60999999999999, 36199.407]",*
26564.192881500087,"(172.60999999999999, 31806.512]","(172.60999999999999, 36199.407]",*
26565.334333757964,"(172.60999999999999, 31806.512]","(172.60999999999999, 36199.407]",*
26567.506078418886,"(172.60999999999999, 31806.512]","(172.60999999999999, 36199.407]",*
26569.658723805343,"(172.60999999999999, 31806.512]","(172.60999999999999, 36199.407]",*
26576.39199377756,"(172.60999999999999, 31806.512]","(172.60999999999999, 36199.407]",*
26598.064453565683,"(172.60999999999999, 31806.512]","(172.60999999999999, 36199.407]",*
26601.557928080107,"(172.60999999999999, 31806.512]","(172.60999999999999, 36199.407]",*
26601.92149827237,"(172.60999999999999, 31806.512]","(172.60999999999999, 36199.407]",*
26605.37579680441,"(172.60999999999999, 31806.512]","(172.60999999999999, 36199.407]",*
26612.959527547777,"(172.60999999999999, 31806.512]","(172.60999999999999, 36199.407]",*
26623.184160547946,"(172.60999999999999, 31806.512]","(172.60999999999999, 36199.407]",*
26625.139065104904,"(172.60999999999999, 31806.512]","(172.60999999999999, 36199.407]",*
26626.5341554264,"(172.60999999999999, 31806.512]","(172.60999999999999, 36199.407]",*
26627.386471790567,"(172.60999999999999, 31806.512]","(172.60999999999999, 36199.407]",*
26630.483734268604,"(172.60999999999999, 31806.512]","(172.60999999999999, 36199.407]",*
26641.70332212461,"(172.60999999999999, 31806.512]","(172.60999999999999, 36199.407]",*
26651.84550508721,"(172.60999999999999, 31806.512]","(172.60999999999999, 36199.407]",*
26656.951717643227,"(172.60999999999999, 31806.512]","(172.60999999999999, 36199.407]",*
26657.542957976133,"(172.60999999999999, 31806.512]","(172.60999999999999, 36199.407]",*
26672.077775099784,"(172.60999999999999, 31806.512]","(172.60999999999999, 36199.407]",*
26673.881885694296,"(172.60999999999999, 31806.512]","(172.60999999999999, 36199.407]",*
26690.70991448587,"(172.60999999999999, 31806.512]","(172.60999999999999, 36199.407]",*
26703.71868374937,"(172.60999999999999, 31806.512]","(172.60999999999999, 36199.407]",*
26703.921327865293,"(172.60999999999999, 31806.512]","(172.60999999999999, 36199.407]",*
26706.91102886777,"(172.60999999999999, 31806.512]","(172.60999999999999, 36199.407]",*
26710.178327187365,"(172.60999999999999, 31806.512]","(172.60999999999999, 36199.407]",*
26717.60493405672,"(172.60999999999999, 31806.512]","(172.60999999999999, 36199.407]",*
26725.637972634253,"(172.60999999999999, 31806.512]","(172.60999999999999, 36199.407]",*
26736.095998036064,"(172.60999999999999, 31806.512]","(172.60999999999999, 36199.407]",*
26738.54964357993,"(172.60999999999999, 31806.512]","(172.60999999999999, 36199.407]",*
26740.954574031188,"(172.60999999999999, 31806.512]","(172.60999999999999, 36199.407]",*
26748.428424689715,"(172.60999999999999, 31806.512]","(172.60999999999999, 36199.407]",*
26761.93539771201,"(172.60999999999999, 31806.512]","(172.60999999999999, 36199.407]",*
26765.18424542976,"(172.60999999999999, 31806.512]","(172.60999999999999, 36199.407]",*
26767.53164612576,"(172.60999999999999, 31806.512]","(172.60999999999999, 36199.407]",*
26782.556268854794,"(172.60999999999999, 31806.512]","(172.60999999999999, 36199.407]",*
26794.25502164649,"(172.60999999999999, 31806.512]","(172.60999999999999, 36199.407]",*
26814.17474758404,"(172.60999999999999, 31806.512]","(172.60999999999999, 36199.407]",*
26831.54340030217,"(172.60999999999999, 31806.512]","(172.60999999999999, 36199.407]",*
26841.433990266803,"(172.60999999999999, 31806.512]","(172.60999999999999, 36199.407]",*
26843.404157162724,"(172.60999999999999, 31806.512]","(172.60999999999999, 36199.407]",*
26857.077150426743,"(172.60999999999999, 31806.512]","(172.60999999999999, 36199.407]",*
26861.133360088297,"(172.60999999999999, 31806.512]","(172.60999999999999, 36199.407]",*
26863.67919102479,"(172.60999999999999, 31806.512]","(172.60999999999999, 36199.407]",*
26881.130597967134,"(172.60999999999999, 31806.512]","(172.60999999999999, 36199.407]",*
26882.651794677204,"(172.60999999999999, 31806.512]","(172.60999999999999, 36199.407]",*
26888.408698470528,"(172.60999999999999, 31806.512]","(172.60999999999999, 36199.407]",*
26888.57956293911,"(172.60999999999999, 31806.512]","(172.60999999999999, 36199.407]",*
26894.23242312146,"(172.60999999999999, 31806.512]","(172.60999999999999, 36199.407]",*
26897.134760058667,"(172.60999999999999, 31806.512]","(172.60999999999999, 36199.407]",*
26897.71205114593,"(172.60999999999999, 31806.512]","(172.60999999999999, 36199.407]",*
26910.32075304938,"(172.60999999999999, 31806.512]","(172.60999999999999, 36199.407]",*
26915.14573375121,"(172.60999999999999, 31806.512]","(172.60999999999999, 36199.407]",*
26921.603646529227,"(172.60999999999999, 31806.512]","(172.60999999999999, 36199.407]",*
26925.95480746428,"(172.60999999999999, 31806.512]","(172.60999999999999, 36199.407]",*
26945.5749196884,"(172.60999999999999, 31806.512]","(172.60999999999999, 36199.407]",*
26947.152504067184,"(172.60999999999999, 31806.512]","(172.60999999999999, 36199.407]",*
26952.556811047365,"(172.60999999999999, 31806.512]","(172.60999999999999, 36199.407]",*
26956.92239835672,"(172.60999999999999, 31806.512]","(172.60999999999999, 36199.407]",*
26964.694916233373,"(172.60999999999999, 31806.512]","(172.60999999999999, 36199.407]",*
26972.851634038256,"(172.60999999999999, 31806.512]","(172.60999999999999, 36199.407]",*
26973.43343016468,"(172.60999999999999, 31806.512]","(172.60999999999999, 36199.407]",*
26990.29906147921,"(172.60999999999999, 31806.512]","(172.60999999999999, 36199.407]",*
26993.357243311875,"(172.60999999999999, 31806.512]","(172.60999999999999, 36199.407]",*
27014.590967912503,"(172.60999999999999, 31806.512]","(172.60999999999999, 36199.407]",*
27022.75917985486,"(172.60999999999999, 31806.512]","(172.60999999999999, 36199.407]",*
27024.98662859246,"(172.60999999999999, 31806.512]","(172.60999999999999, 36199.407]",*
27027.056485049347,"(172.60999999999999, 31806.512]","(172.60999999999999, 36199.407]",*
27042.63171618479,"(172.60999999999999, 31806.512]","(172.60999999999999, 36199.407]",*
27063.087808807348,"(172.60999999999999, 31806.512]","(172.60999999999999, 36199.407]",*
27071.52902968232,"(172.60999999999999, 31806.512]","(172.60999999999999, 36199.407]",*
27080.03549155592,"(172.60999999999999, 31806.512]","(172.60999999999999, 36199.407]",*
27089.049167305155,"(172.60999999999999, 31806.512]","(172.60999999999999, 36199.407]",*
27093.28958605284,"(172.60999999999999, 31806.512]","(172.60999999999999, 36199.407]",*
27098.84396311748,"(172.60999999999999, 31806.512]","(172.60999999999999, 36199.407]",*
27112.99613779736,"(172.60999999999999, 31806.512]","(172.60999999999999, 36199.407]",*
27117.79842753444,"(172.60999999999999, 31806.512]","(172.60999999999999, 36199.407]",*
27117.892100255853,"(172.60999999999999, 31806.512]","(172.60999999999999, 36199.407]",*
27127.627935670807,"(172.60999999999999, 31806.512]","(172.60999999999999, 36199.407]",*
27129.803775898203,"(172.60999999999999, 31806.512]","(172.60999999999999, 36199.407]",*
27142.028198781773,"(172.60999999999999, 31806.512]","(172.60999999999999, 36199.407]",*
27143.016922477163,"(172.60999999999999, 31806.512]","(172.60999999999999, 36199.407]",*
27159.33879293918,"(172.60999999999999, 31806.512]","(172.60999999999999, 36199.407]",*
27161.12860794621,"(172.60999999999999, 31806.512]","(172.60999999999999, 36199.407]",*
27165.233949889967,"(172.60999999999999, 31806.512]","(172.60999999999999, 36199.407]",*
27167.28655280229,"(172.60999999999999, 31806.512]","(172.60999999999999, 36199.407]",*
27168.842194332763,"(172.60999999999999, 31806.512]","(172.60999999999999, 36199.407]",*
27185.757215158843,"(172.60999999999999, 31806.512]","(172.60999999999999, 36199.407]",*
27191.50687743901,"(172.60999999999999, 31806.512]","(172.60999999999999, 36199.407]",*
27207.3216915959,"(172.60999999999999, 31806.512]","(172.60999999999999, 36199.407]",*
27221.179294462923,"(172.60999999999999, 31806.512]","(172.60999999999999, 36199.407]",*
27227.813387107988,"(172.60999999999999, 31806.512]","(172.60999999999999, 36199.407]",*
27244.43911301611,"(172.60999999999999, 31806.512]","(172.60999999999999, 36199.407]",*
27247.9525619324,"(172.60999999999999, 31806.512]","(172.60999999999999, 36199.407]",*
27255.25081876953,"(172.60999999999999, 31806.512]","(172.60999999999999, 36199.407]",*
27307.948031413587,"(172.60999999999999, 31806.512]","(172.60999999999999, 36199.407]",*
27307.965579326094,"(172.60999999999999, 31806.512]","(172.60999999999999, 36199.407]",*
27321.03293139968,"(172.60999999999999, 31806.512]","(172.60999999999999, 36199.407]",*
27324.498151764124,"(172.60999999999999, 31806.512]","(172.60999999999999, 36199.407]",*
27355.829791753706,"(172.60999999999999, 31806.512]","(172.60999999999999, 36199.407]",*
27356.89573802976,"(172.60999999999999, 31806.512]","(172.60999999999999, 36199.407]",*
27360.812222936616,"(172.60999999999999, 31806.512]","(172.60999999999999, 36199.407]",*
27362.189910903595,"(172.60999999999999, 31806.512]","(172.60999999999999, 36199.407]",*
27370.185718414094,"(172.60999999999999, 31806.512]","(172.60999999999999, 36199.407]",*
27372.30555475244,"(172.60999999999999, 31806.512]","(172.60999999999999, 36199.407]",*
27373.153283088148,"(172.60999999999999, 31806.512]","(172.60999999999999, 36199.407]",*
27379.90016538992,"(172.60999999999999, 31806.512]","(172.60999999999999, 36199.407]",*
27384.8653689818,"(172.60999999999999, 31806.512]","(172.60999999999999, 36199.407]",*
27385.67189718076,"(172.60999999999999, 31806.512]","(172.60999999999999, 36199.407]",*
27402.708028788187,"(172.60999999999999, 31806.512]","(172.60999999999999, 36199.407]",*
27404.50027179997,"(172.60999999999999, 31806.512]","(172.60999999999999, 36199.407]",*
27408.36553071661,"(172.60999999999999, 31806.512]","(172.60999999999999, 36199.407]",*
27412.796413022817,"(172.60999999999999, 31806.512]","(172.60999999999999, 36199.407]",*
27417.111833283256,"(172.60999999999999, 31806.512]","(172.60999999999999, 36199.407]",*
27438.689408373943,"(172.60999999999999, 31806.512]","(172.60999999999999, 36199.407]",*
27442.09615759835,"(172.60999999999999, 31806.512]","(172.60999999999999, 36199.407]",*
27444.585559512725,"(172.60999999999999, 31806.512]","(172.60999999999999, 36199.407]",*
27445.87673939916,"(172.60999999999999, 31806.512]","(172.60999999999999, 36199.407]",*
27456.64493437836,"(172.60999999999999, 31806.512]","(172.60999999999999, 36199.407]",*
27467.275225716952,"(172.60999999999999, 31806.512]","(172.60999999999999, 36199.407]",*
27479.081321551592,"(172.60999999999999, 31806.512]","(172.60999999999999, 36199.407]",*
27485.24279552985,"(172.60999999999999, 31806.512]","(172.60999999999999, 36199.407]",*
27494.29640724663,"(172.60999999999999, 31806.512]","(172.60999999999999, 36199.407]",*
27500.999245034454,"(172.60999999999999, 31806.512]","(172.60999999999999, 36199.407]",*
27524.95593334149,"(172.60999999999999, 31806.512]","(172.60999999999999, 36199.407]",*
27528.74641975045,"(172.60999999999999, 31806.512]","(172.60999999999999, 36199.407]",*
27530.565993694687,"(172.60999999999999, 31806.512]","(172.60999999999999, 36199.407]",*
27536.93789681567,"(172.60999999999999, 31806.512]","(172.60999999999999, 36199.407]",*
27545.529543414574,"(172.60999999999999, 31806.512]","(172.60999999999999, 36199.407]",*
27554.286867237508,"(172.60999999999999, 31806.512]","(172.60999999999999, 36199.407]",*
27587.396417007672,"(172.60999999999999, 31806.512]","(172.60999999999999, 36199.407]",*
27588.355851411437,"(172.60999999999999, 31806.512]","(172.60999999999999, 36199.407]",*
27593.125761504747,"(172.60999999999999, 31806.512]","(172.60999999999999, 36199.407]",*
27606.007209163014,"(172.60999999999999, 31806.512]","(172.60999999999999, 36199.407]",*
27610.38763485201,"(172.60999999999999, 31806.512]","(172.60999999999999, 36199.407]",*
27613.89666999558,"(172.60999999999999, 31806.512]","(172.60999999999999, 36199.407]",*
27616.09545483129,"(172.60999999999999, 31806.512]","(172.60999999999999, 36199.407]",*
27619.163088797464,"(172.60999999999999, 31806.512]","(172.60999999999999, 36199.407]",*
27622.34129045642,"(172.60999999999999, 31806.512]","(172.60999999999999, 36199.407]",*
27637.656548218994,"(172.60999999999999, 31806.512]","(172.60999999999999, 36199.407]",*
27639.058834982323,"(172.60999999999999, 31806.512]","(172.60999999999999, 36199.407]",*
27640.561286043467,"(172.60999999999999, 31806.512]","(172.60999999999999, 36199.407]",*
27647.448685887543,"(172.60999999999999, 31806.512]","(172.60999999999999, 36199.407]",*
27648.72339478355,"(172.60999999999999, 31806.512]","(172.60999999999999, 36199.407]",*
27656.55902656568,"(172.60999999999999, 31806.512]","(172.60999999999999, 36199.407]",*
27666.403598979046,"(172.60999999999999, 31806.512]","(172.60999999999999, 36199.407]",*
27676.27139884988,"(172.60999999999999, 31806.512]","(172.60999999999999, 36199.407]",*
27677.88278034065,"(172.60999999999999, 31806.512]","(172.60999999999999, 36199.407]",*
27688.047002990097,"(172.60999999999999, 31806.512]","(172.60999999999999, 36199.407]",*
27692.26876540434,"(172.60999999999999, 31806.512]","(172.60999999999999, 36199.407]",*
27699.0489709745,"(172.60999999999999, 31806.512]","(172.60999999999999, 36199.407]",*
27701.02065190123,"(172.60999999999999, 31806.512]","(172.60999999999999, 36199.407]",*
27714.29365685632,"(172.60999999999999, 31806.512]","(172.60999999999999, 36199.407]",*
27721.39364061481,"(172.60999999999999, 31806.512]","(172.60999999999999, 36199.407]",*
27725.52718039477,"(172.60999999999999, 31806.512]","(172.60999999999999, 36199.407]",*
27725.855656412743,"(172.60999999999999, 31806.512]","(172.60999999999999, 36199.407]",*
27727.03253020417,"(172.60999999999999, 31806.512]","(172.60999999999999, 36199.407]",*
27730.74930655968,"(172.60999999999999, 31806.512]","(172.60999999999999, 36199.407]",*
27751.985131806523,"(172.60999999999999, 31806.512]","(172.60999999999999, 36199.407]",*
27766.761938961525,"(172.60999999999999, 31806.512]","(172.60999999999999, 36199.407]",*
27768.584554921745,"(172.60999999999999, 31806.512]","(172.60999999999999, 36199.407]",*
27769.50230137689,"(172.60999999999999, 31806.512]","(172.60999999999999, 36199.407]",*
27770.248909563663,"(172.60999999999999, 31806.512]","(172.60999999999999, 36199.407]",*
27771.54450515459,"(172.60999999999999, 31806.512]","(172.60999999999999, 36199.407]",*
27772.67247058377,"(172.60999999999999, 31806.512]","(172.60999999999999, 36199.407]",*
27782.67005609899,"(172.60999999999999, 31806.512]","(172.60999999999999, 36199.407]",*
27784.74228018588,"(172.60999999999999, 31806.512]","(172.60999999999999, 36199.407]",*
27789.748516297328,"(172.60999999999999, 31806.512]","(172.60999999999999, 36199.407]",*
27797.781118818897,"(172.60999999999999, 31806.512]","(172.60999999999999, 36199.407]",*
27804.60516318209,"(172.60999999999999, 31806.512]","(172.60999999999999, 36199.407]",*
27804.83013471196,"(172.60999999999999, 31806.512]","(172.60999999999999, 36199.407]",*
27805.43744377841,"(172.60999999999999, 31806.512]","(172.60999999999999, 36199.407]",*
27809.135076618382,"(172.60999999999999, 31806.512]","(172.60999999999999, 36199.407]",*
27809.986543758896,"(172.60999999999999, 31806.512]","(172.60999999999999, 36199.407]",*
27811.639086196566,"(172.60999999999999, 31806.512]","(172.60999999999999, 36199.407]",*
27812.685913765657,"(172.60999999999999, 31806.512]","(172.60999999999999, 36199.407]",*
27822.49637305476,"(172.60999999999999, 31806.512]","(172.60999999999999, 36199.407]",*
27825.57206129437,"(172.60999999999999, 31806.512]","(172.60999999999999, 36199.407]",*
27835.53653968774,"(172.60999999999999, 31806.512]","(172.60999999999999, 36199.407]",*
27850.822901481988,"(172.60999999999999, 31806.512]","(172.60999999999999, 36199.407]",*
27854.687918708834,"(172.60999999999999, 31806.512]","(172.60999999999999, 36199.407]",*
27855.39454191609,"(172.60999999999999, 31806.512]","(172.60999999999999, 36199.407]",*
27862.673215536903,"(172.60999999999999, 31806.512]","(172.60999999999999, 36199.407]",*
27865.33078637777,"(172.60999999999999, 31806.512]","(172.60999999999999, 36199.407]",*
27865.99607169875,"(172.60999999999999, 31806.512]","(172.60999999999999, 36199.407]",*
27879.618907136,"(172.60999999999999, 31806.512]","(172.60999999999999, 36199.407]",*
27883.67732426638,"(172.60999999999999, 31806.512]","(172.60999999999999, 36199.407]",*
27891.0007343282,"(172.60999999999999, 31806.512]","(172.60999999999999, 36199.407]",*
27895.530686955484,"(172.60999999999999, 31806.512]","(172.60999999999999, 36199.407]",*
27897.165697767607,"(172.60999999999999, 31806.512]","(172.60999999999999, 36199.407]",*
27911.73158984337,"(172.60999999999999, 31806.512]","(172.60999999999999, 36199.407]",*
27940.28441692033,"(172.60999999999999, 31806.512]","(172.60999999999999, 36199.407]",*
27965.203489326093,"(172.60999999999999, 31806.512]","(172.60999999999999, 36199.407]",*
27970.521731413475,"(172.60999999999999, 31806.512]","(172.60999999999999, 36199.407]",*
27982.2717072182,"(172.60999999999999, 31806.512]","(172.60999999999999, 36199.407]",*
27987.41615366829,"(172.60999999999999, 31806.512]","(172.60999999999999, 36199.407]",*
27991.839997525567,"(172.60999999999999, 31806.512]","(172.60999999999999, 36199.407]",*
27995.215128834883,"(172.60999999999999, 31806.512]","(172.60999999999999, 36199.407]",*
28002.647093819287,"(172.60999999999999, 31806.512]","(172.60999999999999, 36199.407]",*
28007.89573256732,"(172.60999999999999, 31806.512]","(172.60999999999999, 36199.407]",*
28026.78288379592,"(172.60999999999999, 31806.512]","(172.60999999999999, 36199.407]",*
28045.42214353184,"(172.60999999999999, 31806.512]","(172.60999999999999, 36199.407]",*
28053.0163969778,"(172.60999999999999, 31806.512]","(172.60999999999999, 36199.407]",*
28057.488744315306,"(172.60999999999999, 31806.512]","(172.60999999999999, 36199.407]",*
28061.996492454226,"(172.60999999999999, 31806.512]","(172.60999999999999, 36199.407]",*
28063.717963700343,"(172.60999999999999, 31806.512]","(172.60999999999999, 36199.407]",*
28067.63161229446,"(172.60999999999999, 31806.512]","(172.60999999999999, 36199.407]",*
28076.97938356456,"(172.60999999999999, 31806.512]","(172.60999999999999, 36199.407]",*
28100.317708364146,"(172.60999999999999, 31806.512]","(172.60999999999999, 36199.407]",*
28101.64440293048,"(172.60999999999999, 31806.512]","(172.60999999999999, 36199.407]",*
28104.47890509335,"(172.60999999999999, 31806.512]","(172.60999999999999, 36199.407]",*
28109.087568825867,"(172.60999999999999, 31806.512]","(172.60999999999999, 36199.407]",*
28112.169043144542,"(172.60999999999999, 31806.512]","(172.60999999999999, 36199.407]",*
28113.78539375151,"(172.60999999999999, 31806.512]","(172.60999999999999, 36199.407]",*
28115.603162970343,"(172.60999999999999, 31806.512]","(172.60999999999999, 36199.407]",*
28122.233381548896,"(172.60999999999999, 31806.512]","(172.60999999999999, 36199.407]",*
28126.82563914077,"(172.60999999999999, 31806.512]","(172.60999999999999, 36199.407]",*
28130.265919205416,"(172.60999999999999, 31806.512]","(172.60999999999999, 36199.407]",*
28131.71901919543,"(172.60999999999999, 31806.512]","(172.60999999999999, 36199.407]",*
28139.368462193237,"(172.60999999999999, 31806.512]","(172.60999999999999, 36199.407]",*
28140.96708772475,"(172.60999999999999, 31806.512]","(172.60999999999999, 36199.407]",*
28160.45753523581,"(172.60999999999999, 31806.512]","(172.60999999999999, 36199.407]",*
28162.09708255604,"(172.60999999999999, 31806.512]","(172.60999999999999, 36199.407]",*
28162.44064470635,"(172.60999999999999, 31806.512]","(172.60999999999999, 36199.407]",*
28163.140587309816,"(172.60999999999999, 31806.512]","(172.60999999999999, 36199.407]",*
28164.221606682764,"(172.60999999999999, 31806.512]","(172.60999999999999, 36199.407]",*
28171.985010499327,"(172.60999999999999, 31806.512]","(172.60999999999999, 36199.407]",*
28172.065283229585,"(172.60999999999999, 31806.512]","(172.60999999999999, 36199.407]",*
28173.39447065815,"(172.60999999999999, 31806.512]","(172.60999999999999, 36199.407]",*
28173.79002176352,"(172.60999999999999, 31806.512]","(172.60999999999999, 36199.407]",*
28177.865765801005,"(172.60999999999999, 31806.512]","(172.60999999999999, 36199.407]",*
28182.096101542425,"(172.60999999999999, 31806.512]","(172.60999999999999, 36199.407]",*
28197.61821933661,"(172.60999999999999, 31806.512]","(172.60999999999999, 36199.407]",*
28213.40918962116,"(172.60999999999999, 31806.512]","(172.60999999999999, 36199.407]",*
28214.3635513084,"(172.60999999999999, 31806.512]","(172.60999999999999, 36199.407]",*
28218.623278323837,"(172.60999999999999, 31806.512]","(172.60999999999999, 36199.407]",*
28264.00659913399,"(172.60999999999999, 31806.512]","(172.60999999999999, 36199.407]",*
28270.434435939947,"(172.60999999999999, 31806.512]","(172.60999999999999, 36199.407]",*
28280.99919625144,"(172.60999999999999, 31806.512]","(172.60999999999999, 36199.407]",*
28288.332491739995,"(172.60999999999999, 31806.512]","(172.60999999999999, 36199.407]",*
28294.09414772164,"(172.60999999999999, 31806.512]","(172.60999999999999, 36199.407]",*
28294.61523135545,"(172.60999999999999, 31806.512]","(172.60999999999999, 36199.407]",*
28298.4947621852,"(172.60999999999999, 31806.512]","(172.60999999999999, 36199.407]",*
28299.463314908386,"(172.60999999999999, 31806.512]","(172.60999999999999, 36199.407]",*
28300.607604324185,"(172.60999999999999, 31806.512]","(172.60999999999999, 36199.407]",*
28304.92386190235,"(172.60999999999999, 31806.512]","(172.60999999999999, 36199.407]",*
28307.314325644977,"(172.60999999999999, 31806.512]","(172.60999999999999, 36199.407]",*
28318.264319225385,"(172.60999999999999, 31806.512]","(172.60999999999999, 36199.407]",*
28318.75042412148,"(172.60999999999999, 31806.512]","(172.60999999999999, 36199.407]",*
28319.633430858343,"(172.60999999999999, 31806.512]","(172.60999999999999, 36199.407]",*
28364.2866607879,"(172.60999999999999, 31806.512]","(172.60999999999999, 36199.407]",*
28366.035431853423,"(172.60999999999999, 31806.512]","(172.60999999999999, 36199.407]",*
28369.938122586947,"(172.60999999999999, 31806.512]","(172.60999999999999, 36199.407]",*
28373.170554798,"(172.60999999999999, 31806.512]","(172.60999999999999, 36199.407]",*
28382.70669442461,"(172.60999999999999, 31806.512]","(172.60999999999999, 36199.407]",*
28385.502531882383,"(172.60999999999999, 31806.512]","(172.60999999999999, 36199.407]",*
28389.597501139044,"(172.60999999999999, 31806.512]","(172.60999999999999, 36199.407]",*
28392.290355628236,"(172.60999999999999, 31806.512]","(172.60999999999999, 36199.407]",*
28394.00624694448,"(172.60999999999999, 31806.512]","(172.60999999999999, 36199.407]",*
28394.60978021765,"(172.60999999999999, 31806.512]","(172.60999999999999, 36199.407]",*
28410.303749959527,"(172.60999999999999, 31806.512]","(172.60999999999999, 36199.407]",*
28424.951645910685,"(172.60999999999999, 31806.512]","(172.60999999999999, 36199.407]",*
28426.018622512416,"(172.60999999999999, 31806.512]","(172.60999999999999, 36199.407]",*
28428.301270245265,"(172.60999999999999, 31806.512]","(172.60999999999999, 36199.407]",*
28433.85034905073,"(172.60999999999999, 31806.512]","(172.60999999999999, 36199.407]",*
28435.15125180109,"(172.60999999999999, 31806.512]","(172.60999999999999, 36199.407]",*
28438.89282516253,"(172.60999999999999, 31806.512]","(172.60999999999999, 36199.407]",*
28439.358888905837,"(172.60999999999999, 31806.512]","(172.60999999999999, 36199.407]",*
28452.314843013133,"(172.60999999999999, 31806.512]","(172.60999999999999, 36199.407]",*
28464.333891613736,"(172.60999999999999, 31806.512]","(172.60999999999999, 36199.407]",*
28465.875450007494,"(172.60999999999999, 31806.512]","(172.60999999999999, 36199.407]",*
28467.211441719588,"(172.60999999999999, 31806.512]","(172.60999999999999, 36199.407]",*
28470.701474178964,"(172.60999999999999, 31806.512]","(172.60999999999999, 36199.407]",*
28470.827407541667,"(172.60999999999999, 31806.512]","(172.60999999999999, 36199.407]",*
28483.811744760176,"(172.60999999999999, 31806.512]","(172.60999999999999, 36199.407]",*
28510.41410047265,"(172.60999999999999, 31806.512]","(172.60999999999999, 36199.407]",*
28532.709822585268,"(172.60999999999999, 31806.512]","(172.60999999999999, 36199.407]",*
28550.4812998678,"(172.60999999999999, 31806.512]","(172.60999999999999, 36199.407]",*
28553.815483090395,"(172.60999999999999, 31806.512]","(172.60999999999999, 36199.407]",*
28555.787746336395,"(172.60999999999999, 31806.512]","(172.60999999999999, 36199.407]",*
28571.35712312984,"(172.60999999999999, 31806.512]","(172.60999999999999, 36199.407]",*
28593.009207270334,"(172.60999999999999, 31806.512]","(172.60999999999999, 36199.407]",*
28593.879678942056,"(172.60999999999999, 31806.512]","(172.60999999999999, 36199.407]",*
28596.1120228982,"(172.60999999999999, 31806.512]","(172.60999999999999, 36199.407]",*
28604.943675146504,"(172.60999999999999, 31806.512]","(172.60999999999999, 36199.407]",*
28614.539710201538,"(172.60999999999999, 31806.512]","(172.60999999999999, 36199.407]",*
28616.05068481306,"(172.60999999999999, 31806.512]","(172.60999999999999, 36199.407]",*
28623.410322042928,"(172.60999999999999, 31806.512]","(172.60999999999999, 36199.407]",*
28630.36252988237,"(172.60999999999999, 31806.512]","(172.60999999999999, 36199.407]",*
28635.373274471127,"(172.60999999999999, 31806.512]","(172.60999999999999, 36199.407]",*
28653.59470726763,"(172.60999999999999, 31806.512]","(172.60999999999999, 36199.407]",*
28666.7711221468,"(172.60999999999999, 31806.512]","(172.60999999999999, 36199.407]",*
28667.14051018176,"(172.60999999999999, 31806.512]","(172.60999999999999, 36199.407]",*
28675.190425733726,"(172.60999999999999, 31806.512]","(172.60999999999999, 36199.407]",*
28688.31024818286,"(172.60999999999999, 31806.512]","(172.60999999999999, 36199.407]",*
28696.170856159064,"(172.60999999999999, 31806.512]","(172.60999999999999, 36199.407]",*
28698.112846404423,"(172.60999999999999, 31806.512]","(172.60999999999999, 36199.407]",*
28706.9887470266,"(172.60999999999999, 31806.512]","(172.60999999999999, 36199.407]",*
28713.931518066616,"(172.60999999999999, 31806.512]","(172.60999999999999, 36199.407]",*
28713.96202363791,"(172.60999999999999, 31806.512]","(172.60999999999999, 36199.407]",*
28715.69866031868,"(172.60999999999999, 31806.512]","(172.60999999999999, 36199.407]",*
28717.9613340518,"(172.60999999999999, 31806.512]","(172.60999999999999, 36199.407]",*
28719.41088814547,"(172.60999999999999, 31806.512]","(172.60999999999999, 36199.407]",*
28727.078203478766,"(172.60999999999999, 31806.512]","(172.60999999999999, 36199.407]",*
28731.74976527148,"(172.60999999999999, 31806.512]","(172.60999999999999, 36199.407]",*
28734.937915613267,"(172.60999999999999, 31806.512]","(172.60999999999999, 36199.407]",*
28737.110755907623,"(172.60999999999999, 31806.512]","(172.60999999999999, 36199.407]",*
28742.0121601238,"(172.60999999999999, 31806.512]","(172.60999999999999, 36199.407]",*
28742.125952306207,"(172.60999999999999, 31806.512]","(172.60999999999999, 36199.407]",*
28747.09440874065,"(172.60999999999999, 31806.512]","(172.60999999999999, 36199.407]",*
28750.64146342916,"(172.60999999999999, 31806.512]","(172.60999999999999, 36199.407]",*
28774.426681712957,"(172.60999999999999, 31806.512]","(172.60999999999999, 36199.407]",*
28782.240015136285,"(172.60999999999999, 31806.512]","(172.60999999999999, 36199.407]",*
28795.12019644605,"(172.60999999999999, 31806.512]","(172.60999999999999, 36199.407]",*
28795.7550700738,"(172.60999999999999, 31806.512]","(172.60999999999999, 36199.407]",*
28800.90988094025,"(172.60999999999999, 31806.512]","(172.60999999999999, 36199.407]",*
28805.355492035585,"(172.60999999999999, 31806.512]","(172.60999999999999, 36199.407]",*
28819.043135297,"(172.60999999999999, 31806.512]","(172.60999999999999, 36199.407]",*
28829.00883041352,"(172.60999999999999, 31806.512]","(172.60999999999999, 36199.407]",*
28846.95052263519,"(172.60999999999999, 31806.512]","(172.60999999999999, 36199.407]",*
28851.6014038608,"(172.60999999999999, 31806.512]","(172.60999999999999, 36199.407]",*
28860.945342497133,"(172.60999999999999, 31806.512]","(172.60999999999999, 36199.407]",*
28863.868032537983,"(172.60999999999999, 31806.512]","(172.60999999999999, 36199.407]",*
28880.01758597632,"(172.60999999999999, 31806.512]","(172.60999999999999, 36199.407]",*
28882.900854673742,"(172.60999999999999, 31806.512]","(172.60999999999999, 36199.407]",*
28884.041636671034,"(172.60999999999999, 31806.512]","(172.60999999999999, 36199.407]",*
28884.050913090538,"(172.60999999999999, 31806.512]","(172.60999999999999, 36199.407]",*
28885.053299604413,"(172.60999999999999, 31806.512]","(172.60999999999999, 36199.407]",*
28894.497938295568,"(172.60999999999999, 31806.512]","(172.60999999999999, 36199.407]",*
28904.217891393244,"(172.60999999999999, 31806.512]","(172.60999999999999, 36199.407]",*
28908.08678480198,"(172.60999999999999, 31806.512]","(172.60999999999999, 36199.407]",*
28913.106055732955,"(172.60999999999999, 31806.512]","(172.60999999999999, 36199.407]",*
28914.79145575174,"(172.60999999999999, 31806.512]","(172.60999999999999, 36199.407]",*
28922.95889468064,"(172.60999999999999, 31806.512]","(172.60999999999999, 36199.407]",*
28928.918186835934,"(172.60999999999999, 31806.512]","(172.60999999999999, 36199.407]",*
28938.79513158034,"(172.60999999999999, 31806.512]","(172.60999999999999, 36199.407]",*
28939.03884041068,"(172.60999999999999, 31806.512]","(172.60999999999999, 36199.407]",*
28943.157635514435,"(172.60999999999999, 31806.512]","(172.60999999999999, 36199.407]",*
28945.54600171317,"(172.60999999999999, 31806.512]","(172.60999999999999, 36199.407]",*
28953.92537687541,"(172.60999999999999, 31806.512]","(172.60999999999999, 36199.407]",*
28954.49749442801,"(172.60999999999999, 31806.512]","(172.60999999999999, 36199.407]",*
28954.6977303776,"(172.60999999999999, 31806.512]","(172.60999999999999, 36199.407]",*
28961.427759972164,"(172.60999999999999, 31806.512]","(172.60999999999999, 36199.407]",*
28977.94117750623,"(172.60999999999999, 31806.512]","(172.60999999999999, 36199.407]",*
28984.51021023504,"(172.60999999999999, 31806.512]","(172.60999999999999, 36199.407]",*
28995.093052956483,"(172.60999999999999, 31806.512]","(172.60999999999999, 36199.407]",*
28995.96413983688,"(172.60999999999999, 31806.512]","(172.60999999999999, 36199.407]",*
28999.128248910376,"(172.60999999999999, 31806.512]","(172.60999999999999, 36199.407]",*
29002.09609799908,"(172.60999999999999, 31806.512]","(172.60999999999999, 36199.407]",*
29004.16405340813,"(172.60999999999999, 31806.512]","(172.60999999999999, 36199.407]",*
29017.40871791249,"(172.60999999999999, 31806.512]","(172.60999999999999, 36199.407]",*
29023.353523809863,"(172.60999999999999, 31806.512]","(172.60999999999999, 36199.407]",*
29034.31996351069,"(172.60999999999999, 31806.512]","(172.60999999999999, 36199.407]",*
29066.217805677403,"(172.60999999999999, 31806.512]","(172.60999999999999, 36199.407]",*
29083.721707971035,"(172.60999999999999, 31806.512]","(172.60999999999999, 36199.407]",*
29085.135788889493,"(172.60999999999999, 31806.512]","(172.60999999999999, 36199.407]",*
29089.783589920666,"(172.60999999999999, 31806.512]","(172.60999999999999, 36199.407]",*
29096.519015755668,"(172.60999999999999, 31806.512]","(172.60999999999999, 36199.407]",*
29113.408728860693,"(172.60999999999999, 31806.512]","(172.60999999999999, 36199.407]",*
29114.288143061065,"(172.60999999999999, 31806.512]","(172.60999999999999, 36199.407]",*
29115.684851536116,"(172.60999999999999, 31806.512]","(172.60999999999999, 36199.407]",*
29141.739776707705,"(172.60999999999999, 31806.512]","(172.60999999999999, 36199.407]",*
29146.54291578315,"(172.60999999999999, 31806.512]","(172.60999999999999, 36199.407]",*
29153.79964988065,"(172.60999999999999, 31806.512]","(172.60999999999999, 36199.407]",*
29180.09762755514,"(172.60999999999999, 31806.512]","(172.60999999999999, 36199.407]",*
29182.72060175757,"(172.60999999999999, 31806.512]","(172.60999999999999, 36199.407]",*
29187.69330616669,"(172.60999999999999, 31806.512]","(172.60999999999999, 36199.407]",*
29190.88798079754,"(172.60999999999999, 31806.512]","(172.60999999999999, 36199.407]",*
29194.00406742976,"(172.60999999999999, 31806.512]","(172.60999999999999, 36199.407]",*
29197.33649535915,"(172.60999999999999, 31806.512]","(172.60999999999999, 36199.407]",*
29207.160287746738,"(172.60999999999999, 31806.512]","(172.60999999999999, 36199.407]",*
29215.13611183857,"(172.60999999999999, 31806.512]","(172.60999999999999, 36199.407]",*
29247.45536357584,"(172.60999999999999, 31806.512]","(172.60999999999999, 36199.407]",*
29248.28287386893,"(172.60999999999999, 31806.512]","(172.60999999999999, 36199.407]",*
29254.10631445696,"(172.60999999999999, 31806.512]","(172.60999999999999, 36199.407]",*
29258.98875767532,"(172.60999999999999, 31806.512]","(172.60999999999999, 36199.407]",*
29268.826741684727,"(172.60999999999999, 31806.512]","(172.60999999999999, 36199.407]",*
29269.137336154537,"(172.60999999999999, 31806.512]","(172.60999999999999, 36199.407]",*
29277.346413104668,"(172.60999999999999, 31806.512]","(172.60999999999999, 36199.407]",*
29277.538090041988,"(172.60999999999999, 31806.512]","(172.60999999999999, 36199.407]",*
29282.573814085456,"(172.60999999999999, 31806.512]","(172.60999999999999, 36199.407]",*
29287.49813908155,"(172.60999999999999, 31806.512]","(172.60999999999999, 36199.407]",*
29292.129427585587,"(172.60999999999999, 31806.512]","(172.60999999999999, 36199.407]",*
29293.074048931023,"(172.60999999999999, 31806.512]","(172.60999999999999, 36199.407]",*
29293.618951811823,"(172.60999999999999, 31806.512]","(172.60999999999999, 36199.407]",*
29301.47935396535,"(172.60999999999999, 31806.512]","(172.60999999999999, 36199.407]",*
29304.17221617749,"(172.60999999999999, 31806.512]","(172.60999999999999, 36199.407]",*
29324.002637264886,"(172.60999999999999, 31806.512]","(172.60999999999999, 36199.407]",*
29343.41251837306,"(172.60999999999999, 31806.512]","(172.60999999999999, 36199.407]",*
29346.720904617247,"(172.60999999999999, 31806.512]","(172.60999999999999, 36199.407]",*
29352.862968191388,"(172.60999999999999, 31806.512]","(172.60999999999999, 36199.407]",*
29356.22336792508,"(172.60999999999999, 31806.512]","(172.60999999999999, 36199.407]",*
29359.20516593845,"(172.60999999999999, 31806.512]","(172.60999999999999, 36199.407]",*
29364.75874419169,"(172.60999999999999, 31806.512]","(172.60999999999999, 36199.407]",*
29365.607608270835,"(172.60999999999999, 31806.512]","(172.60999999999999, 36199.407]",*
29371.03371404885,"(172.60999999999999, 31806.512]","(172.60999999999999, 36199.407]",*
29382.08978842497,"(172.60999999999999, 31806.512]","(172.60999999999999, 36199.407]",*
29386.580448792145,"(172.60999999999999, 31806.512]","(172.60999999999999, 36199.407]",*
29387.39600281585,"(172.60999999999999, 31806.512]","(172.60999999999999, 36199.407]",*
29390.21727018504,"(172.60999999999999, 31806.512]","(172.60999999999999, 36199.407]",*
29395.602494344326,"(172.60999999999999, 31806.512]","(172.60999999999999, 36199.407]",*
29401.14446297049,"(172.60999999999999, 31806.512]","(172.60999999999999, 36199.407]",*
29403.51205758927,"(172.60999999999999, 31806.512]","(172.60999999999999, 36199.407]",*
29404.067582948268,"(172.60999999999999, 31806.512]","(172.60999999999999, 36199.407]",*
29408.946391698497,"(172.60999999999999, 31806.512]","(172.60999999999999, 36199.407]",*
29409.211865989808,"(172.60999999999999, 31806.512]","(172.60999999999999, 36199.407]",*
29421.171330495443,"(172.60999999999999, 31806.512]","(172.60999999999999, 36199.407]",*
29423.82756965005,"(172.60999999999999, 31806.512]","(172.60999999999999, 36199.407]",*
29425.4061954542,"(172.60999999999999, 31806.512]","(172.60999999999999, 36199.407]",*
29431.806865560557,"(172.60999999999999, 31806.512]","(172.60999999999999, 36199.407]",*
29436.45404897703,"(172.60999999999999, 31806.512]","(172.60999999999999, 36199.407]",*
29450.530487875665,"(172.60999999999999, 31806.512]","(172.60999999999999, 36199.407]",*
29453.226866015168,"(172.60999999999999, 31806.512]","(172.60999999999999, 36199.407]",*
29465.99960841687,"(172.60999999999999, 31806.512]","(172.60999999999999, 36199.407]",*
29478.531240209708,"(172.60999999999999, 31806.512]","(172.60999999999999, 36199.407]",*
29483.35860624389,"(172.60999999999999, 31806.512]","(172.60999999999999, 36199.407]",*
29491.63527317917,"(172.60999999999999, 31806.512]","(172.60999999999999, 36199.407]",*
29496.94557525833,"(172.60999999999999, 31806.512]","(172.60999999999999, 36199.407]",*
29497.97129335373,"(172.60999999999999, 31806.512]","(172.60999999999999, 36199.407]",*
29498.964186669928,"(172.60999999999999, 31806.512]","(172.60999999999999, 36199.407]",*
29499.04095251404,"(172.60999999999999, 31806.512]","(172.60999999999999, 36199.407]",*
29505.84117449156,"(172.60999999999999, 31806.512]","(172.60999999999999, 36199.407]",*
29506.487348197777,"(172.60999999999999, 31806.512]","(172.60999999999999, 36199.407]",*
29508.490528294747,"(172.60999999999999, 31806.512]","(172.60999999999999, 36199.407]",*
29519.884772501315,"(172.60999999999999, 31806.512]","(172.60999999999999, 36199.407]",*
29544.000404025912,"(172.60999999999999, 31806.512]","(172.60999999999999, 36199.407]",*
29548.189889170924,"(172.60999999999999, 31806.512]","(172.60999999999999, 36199.407]",*
29551.13773368072,"(172.60999999999999, 31806.512]","(172.60999999999999, 36199.407]",*
29559.226066557738,"(172.60999999999999, 31806.512]","(172.60999999999999, 36199.407]",*
29568.95886212549,"(172.60999999999999, 31806.512]","(172.60999999999999, 36199.407]",*
29572.389237736952,"(172.60999999999999, 31806.512]","(172.60999999999999, 36199.407]",*
29578.2212024881,"(172.60999999999999, 31806.512]","(172.60999999999999, 36199.407]",*
29580.795597168413,"(172.60999999999999, 31806.512]","(172.60999999999999, 36199.407]",*
29582.72277593312,"(172.60999999999999, 31806.512]","(172.60999999999999, 36199.407]",*
29587.138534637765,"(172.60999999999999, 31806.512]","(172.60999999999999, 36199.407]",*
29594.089863418794,"(172.60999999999999, 31806.512]","(172.60999999999999, 36199.407]",*
29594.69337497592,"(172.60999999999999, 31806.512]","(172.60999999999999, 36199.407]",*
29595.431429952423,"(172.60999999999999, 31806.512]","(172.60999999999999, 36199.407]",*
29611.523143192007,"(172.60999999999999, 31806.512]","(172.60999999999999, 36199.407]",*
29613.844003320068,"(172.60999999999999, 31806.512]","(172.60999999999999, 36199.407]",*
29620.839533695587,"(172.60999999999999, 31806.512]","(172.60999999999999, 36199.407]",*
29636.507110556628,"(172.60999999999999, 31806.512]","(172.60999999999999, 36199.407]",*
29646.05098568957,"(172.60999999999999, 31806.512]","(172.60999999999999, 36199.407]",*
29647.56430588002,"(172.60999999999999, 31806.512]","(172.60999999999999, 36199.407]",*
29660.796579614947,"(172.60999999999999, 31806.512]","(172.60999999999999, 36199.407]",*
29668.101436796613,"(172.60999999999999, 31806.512]","(172.60999999999999, 36199.407]",*
29668.87668555983,"(172.60999999999999, 31806.512]","(172.60999999999999, 36199.407]",*
29670.20231485293,"(172.60999999999999, 31806.512]","(172.60999999999999, 36199.407]",*
29673.022640316405,"(172.60999999999999, 31806.512]","(172.60999999999999, 36199.407]",*
29674.03236466942,"(172.60999999999999, 31806.512]","(172.60999999999999, 36199.407]",*
29682.409864227804,"(172.60999999999999, 31806.512]","(172.60999999999999, 36199.407]",*
29683.8091053493,"(172.60999999999999, 31806.512]","(172.60999999999999, 36199.407]",*
29684.38572869751,"(172.60999999999999, 31806.512]","(172.60999999999999, 36199.407]",*
29689.69581067505,"(172.60999999999999, 31806.512]","(172.60999999999999, 36199.407]",*
29697.64480583127,"(172.60999999999999, 31806.512]","(172.60999999999999, 36199.407]",*
29699.01163884173,"(172.60999999999999, 31806.512]","(172.60999999999999, 36199.407]",*
29704.823707743104,"(172.60999999999999, 31806.512]","(172.60999999999999, 36199.407]",*
29708.758081112013,"(172.60999999999999, 31806.512]","(172.60999999999999, 36199.407]",*
29726.014599060494,"(172.60999999999999, 31806.512]","(172.60999999999999, 36199.407]",*
29735.357984295904,"(172.60999999999999, 31806.512]","(172.60999999999999, 36199.407]",*
29743.593204449804,"(172.60999999999999, 31806.512]","(172.60999999999999, 36199.407]",*
29748.36727159215,"(172.60999999999999, 31806.512]","(172.60999999999999, 36199.407]",*
29749.622793954248,"(172.60999999999999, 31806.512]","(172.60999999999999, 36199.407]",*
29755.50821184667,"(172.60999999999999, 31806.512]","(172.60999999999999, 36199.407]",*
29758.999722653432,"(172.60999999999999, 31806.512]","(172.60999999999999, 36199.407]",*
29763.92534861556,"(172.60999999999999, 31806.512]","(172.60999999999999, 36199.407]",*
29766.44406565304,"(172.60999999999999, 31806.512]","(172.60999999999999, 36199.407]",*
29770.083427580183,"(172.60999999999999, 31806.512]","(172.60999999999999, 36199.407]",*
29776.66076549448,"(172.60999999999999, 31806.512]","(172.60999999999999, 36199.407]",*
29780.173075896026,"(172.60999999999999, 31806.512]","(172.60999999999999, 36199.407]",*
29788.642645924145,"(172.60999999999999, 31806.512]","(172.60999999999999, 36199.407]",*
29802.32138298291,"(172.60999999999999, 31806.512]","(172.60999999999999, 36199.407]",*
29802.46229429264,"(172.60999999999999, 31806.512]","(172.60999999999999, 36199.407]",*
29802.71070743416,"(172.60999999999999, 31806.512]","(172.60999999999999, 36199.407]",*
29803.17135175002,"(172.60999999999999, 31806.512]","(172.60999999999999, 36199.407]",*
29827.66647010833,"(172.60999999999999, 31806.512]","(172.60999999999999, 36199.407]",*
29829.062800820087,"(172.60999999999999, 31806.512]","(172.60999999999999, 36199.407]",*
29837.279498952696,"(172.60999999999999, 31806.512]","(172.60999999999999, 36199.407]",*
29855.906803417765,"(172.60999999999999, 31806.512]","(172.60999999999999, 36199.407]",*
29860.078313200185,"(172.60999999999999, 31806.512]","(172.60999999999999, 36199.407]",*
29862.958765800053,"(172.60999999999999, 31806.512]","(172.60999999999999, 36199.407]",*
29873.98841378592,"(172.60999999999999, 31806.512]","(172.60999999999999, 36199.407]",*
29887.45168084395,"(172.60999999999999, 31806.512]","(172.60999999999999, 36199.407]",*
29888.76471241789,"(172.60999999999999, 31806.512]","(172.60999999999999, 36199.407]",*
29892.06843070597,"(172.60999999999999, 31806.512]","(172.60999999999999, 36199.407]",*
29893.5518301716,"(172.60999999999999, 31806.512]","(172.60999999999999, 36199.407]",*
29896.674174263568,"(172.60999999999999, 31806.512]","(172.60999999999999, 36199.407]",*
29922.170196702245,"(172.60999999999999, 31806.512]","(172.60999999999999, 36199.407]",*
29935.90416219477,"(172.60999999999999, 31806.512]","(172.60999999999999, 36199.407]",*
29936.39718882762,"(172.60999999999999, 31806.512]","(172.60999999999999, 36199.407]",*
29941.39892114893,"(172.60999999999999, 31806.512]","(172.60999999999999, 36199.407]",*
29954.617619343368,"(172.60999999999999, 31806.512]","(172.60999999999999, 36199.407]",*
29958.717864779628,"(172.60999999999999, 31806.512]","(172.60999999999999, 36199.407]",*
29971.899763964764,"(172.60999999999999, 31806.512]","(172.60999999999999, 36199.407]",*
29973.093564753217,"(172.60999999999999, 31806.512]","(172.60999999999999, 36199.407]",*
29978.659090138408,"(172.60999999999999, 31806.512]","(172.60999999999999, 36199.407]",*
29981.34654081892,"(172.60999999999999, 31806.512]","(172.60999999999999, 36199.407]",*
29985.425160604813,"(172.60999999999999, 31806.512]","(172.60999999999999, 36199.407]",*
29990.625356028588,"(172.60999999999999, 31806.512]","(172.60999999999999, 36199.407]",*
29996.01844796297,"(172.60999999999999, 31806.512]","(172.60999999999999, 36199.407]",*
30006.814609099765,"(172.60999999999999, 31806.512]","(172.60999999999999, 36199.407]",*
30013.29805408012,"(172.60999999999999, 31806.512]","(172.60999999999999, 36199.407]",*
30018.120563357203,"(172.60999999999999, 31806.512]","(172.60999999999999, 36199.407]",*
30022.5371725596,"(172.60999999999999, 31806.512]","(172.60999999999999, 36199.407]",*
30028.1586070929,"(172.60999999999999, 31806.512]","(172.60999999999999, 36199.407]",*
30028.621665923496,"(172.60999999999999, 31806.512]","(172.60999999999999, 36199.407]",*
30034.33953758184,"(172.60999999999999, 31806.512]","(172.60999999999999, 36199.407]",*
30037.99134837165,"(172.60999999999999, 31806.512]","(172.60999999999999, 36199.407]",*
30040.12652120112,"(172.60999999999999, 31806.512]","(172.60999999999999, 36199.407]",*
30049.17001355405,"(172.60999999999999, 31806.512]","(172.60999999999999, 36199.407]",*
30053.43718853063,"(172.60999999999999, 31806.512]","(172.60999999999999, 36199.407]",*
30054.786865561044,"(172.60999999999999, 31806.512]","(172.60999999999999, 36199.407]",*
30054.86206297024,"(172.60999999999999, 31806.512]","(172.60999999999999, 36199.407]",*
30067.477198112232,"(172.60999999999999, 31806.512]","(172.60999999999999, 36199.407]",*
30070.728060908372,"(172.60999999999999, 31806.512]","(172.60999999999999, 36199.407]",*
30072.719728837244,"(172.60999999999999, 31806.512]","(172.60999999999999, 36199.407]",*
30078.65863458077,"(172.60999999999999, 31806.512]","(172.60999999999999, 36199.407]",*
30082.068998553157,"(172.60999999999999, 31806.512]","(172.60999999999999, 36199.407]",*
30091.116844139204,"(172.60999999999999, 31806.512]","(172.60999999999999, 36199.407]",*
30097.835590492406,"(172.60999999999999, 31806.512]","(172.60999999999999, 36199.407]",*
30099.39506242485,"(172.60999999999999, 31806.512]","(172.60999999999999, 36199.407]",*
30101.72457437895,"(172.60999999999999, 31806.512]","(172.60999999999999, 36199.407]",*
30102.13318764163,"(172.60999999999999, 31806.512]","(172.60999999999999, 36199.407]",*
30108.241327619795,"(172.60999999999999, 31806.512]","(172.60999999999999, 36199.407]",*
30113.83269414478,"(172.60999999999999, 31806.512]","(172.60999999999999, 36199.407]",*
30117.17187850544,"(172.60999999999999, 31806.512]","(172.60999999999999, 36199.407]",*
30122.473483557947,"(172.60999999999999, 31806.512]","(172.60999999999999, 36199.407]",*
30124.272358850973,"(172.60999999999999, 31806.512]","(172.60999999999999, 36199.407]",*
30143.968755227164,"(172.60999999999999, 31806.512]","(172.60999999999999, 36199.407]",*
30157.62950007052,"(172.60999999999999, 31806.512]","(172.60999999999999, 36199.407]",*
30158.303860834487,"(172.60999999999999, 31806.512]","(172.60999999999999, 36199.407]",*
30165.337445241366,"(172.60999999999999, 31806.512]","(172.60999999999999, 36199.407]",*
30165.922636275685,"(172.60999999999999, 31806.512]","(172.60999999999999, 36199.407]",*
30167.233427025934,"(172.60999999999999, 31806.512]","(172.60999999999999, 36199.407]",*
30177.117964735506,"(172.60999999999999, 31806.512]","(172.60999999999999, 36199.407]",*
30184.88000740648,"(172.60999999999999, 31806.512]","(172.60999999999999, 36199.407]",*
30200.10650861313,"(172.60999999999999, 31806.512]","(172.60999999999999, 36199.407]",*
30210.764655365067,"(172.60999999999999, 31806.512]","(172.60999999999999, 36199.407]",*
30212.438840724702,"(172.60999999999999, 31806.512]","(172.60999999999999, 36199.407]",*
30221.327366037887,"(172.60999999999999, 31806.512]","(172.60999999999999, 36199.407]",*
30222.691199206813,"(172.60999999999999, 31806.512]","(172.60999999999999, 36199.407]",*
30231.80829484752,"(172.60999999999999, 31806.512]","(172.60999999999999, 36199.407]",*
30237.774856520587,"(172.60999999999999, 31806.512]","(172.60999999999999, 36199.407]",*
30239.930756480186,"(172.60999999999999, 31806.512]","(172.60999999999999, 36199.407]",*
30249.030417778995,"(172.60999999999999, 31806.512]","(172.60999999999999, 36199.407]",*
30253.85747593123,"(172.60999999999999, 31806.512]","(172.60999999999999, 36199.407]",*
30268.359117694432,"(172.60999999999999, 31806.512]","(172.60999999999999, 36199.407]",*
30288.698545714244,"(172.60999999999999, 31806.512]","(172.60999999999999, 36199.407]",*
30299.282695682203,"(172.60999999999999, 31806.512]","(172.60999999999999, 36199.407]",*
30323.739882806505,"(172.60999999999999, 31806.512]","(172.60999999999999, 36199.407]",*
30324.191427735444,"(172.60999999999999, 31806.512]","(172.60999999999999, 36199.407]",*
30345.59015927528,"(172.60999999999999, 31806.512]","(172.60999999999999, 36199.407]",*
30350.780858898783,"(172.60999999999999, 31806.512]","(172.60999999999999, 36199.407]",*
30364.32419277164,"(172.60999999999999, 31806.512]","(172.60999999999999, 36199.407]",*
30367.88010047581,"(172.60999999999999, 31806.512]","(172.60999999999999, 36199.407]",*
30369.193120203883,"(172.60999999999999, 31806.512]","(172.60999999999999, 36199.407]",*
30373.06097128529,"(172.60999999999999, 31806.512]","(172.60999999999999, 36199.407]",*
30386.36631076522,"(172.60999999999999, 31806.512]","(172.60999999999999, 36199.407]",*
30394.887039401805,"(172.60999999999999, 31806.512]","(172.60999999999999, 36199.407]",*
30395.77603875937,"(172.60999999999999, 31806.512]","(172.60999999999999, 36199.407]",*
30398.57293898597,"(172.60999999999999, 31806.512]","(172.60999999999999, 36199.407]",*
30410.232961302045,"(172.60999999999999, 31806.512]","(172.60999999999999, 36199.407]",*
30411.18439401833,"(172.60999999999999, 31806.512]","(172.60999999999999, 36199.407]",*
30418.68188992739,"(172.60999999999999, 31806.512]","(172.60999999999999, 36199.407]",*
30433.808323821915,"(172.60999999999999, 31806.512]","(172.60999999999999, 36199.407]",*
30461.70341347905,"(172.60999999999999, 31806.512]","(172.60999999999999, 36199.407]",*
30464.044036834555,"(172.60999999999999, 31806.512]","(172.60999999999999, 36199.407]",*
30464.257218143637,"(172.60999999999999, 31806.512]","(172.60999999999999, 36199.407]",*
30469.54896814164,"(172.60999999999999, 31806.512]","(172.60999999999999, 36199.407]",*
30482.564587483936,"(172.60999999999999, 31806.512]","(172.60999999999999, 36199.407]",*
30486.02173721125,"(172.60999999999999, 31806.512]","(172.60999999999999, 36199.407]",*
30487.524623204143,"(172.60999999999999, 31806.512]","(172.60999999999999, 36199.407]",*
30488.57806285769,"(172.60999999999999, 31806.512]","(172.60999999999999, 36199.407]",*
30494.509613660437,"(172.60999999999999, 31806.512]","(172.60999999999999, 36199.407]",*
30496.293449437984,"(172.60999999999999, 31806.512]","(172.60999999999999, 36199.407]",*
30501.64781892769,"(172.60999999999999, 31806.512]","(172.60999999999999, 36199.407]",*
30504.814912617123,"(172.60999999999999, 31806.512]","(172.60999999999999, 36199.407]",*
30518.818006355654,"(172.60999999999999, 31806.512]","(172.60999999999999, 36199.407]",*
30523.422619406632,"(172.60999999999999, 31806.512]","(172.60999999999999, 36199.407]",*
30531.87295991977,"(172.60999999999999, 31806.512]","(172.60999999999999, 36199.407]",*
30532.99239461205,"(172.60999999999999, 31806.512]","(172.60999999999999, 36199.407]",*
30535.255599719283,"(172.60999999999999, 31806.512]","(172.60999999999999, 36199.407]",*
30541.09938391207,"(172.60999999999999, 31806.512]","(172.60999999999999, 36199.407]",*
30541.77661260404,"(172.60999999999999, 31806.512]","(172.60999999999999, 36199.407]",*
30542.21225256061,"(172.60999999999999, 31806.512]","(172.60999999999999, 36199.407]",*
30545.487647932885,"(172.60999999999999, 31806.512]","(172.60999999999999, 36199.407]",*
30546.448001616136,"(172.60999999999999, 31806.512]","(172.60999999999999, 36199.407]",*
30600.604610810835,"(172.60999999999999, 31806.512]","(172.60999999999999, 36199.407]",*
30609.65271449812,"(172.60999999999999, 31806.512]","(172.60999999999999, 36199.407]",*
30611.54332843366,"(172.60999999999999, 31806.512]","(172.60999999999999, 36199.407]",*
30622.35883137101,"(172.60999999999999, 31806.512]","(172.60999999999999, 36199.407]",*
30636.461576853988,"(172.60999999999999, 31806.512]","(172.60999999999999, 36199.407]",*
30640.17617201056,"(172.60999999999999, 31806.512]","(172.60999999999999, 36199.407]",*
30640.8369164109,"(172.60999999999999, 31806.512]","(172.60999999999999, 36199.407]",*
30644.235894815298,"(172.60999999999999, 31806.512]","(172.60999999999999, 36199.407]",*
30667.234759488827,"(172.60999999999999, 31806.512]","(172.60999999999999, 36199.407]",*
30678.37073365285,"(172.60999999999999, 31806.512]","(172.60999999999999, 36199.407]",*
30689.302603831773,"(172.60999999999999, 31806.512]","(172.60999999999999, 36199.407]",*
30692.91690318636,"(172.60999999999999, 31806.512]","(172.60999999999999, 36199.407]",*
30699.33971051107,"(172.60999999999999, 31806.512]","(172.60999999999999, 36199.407]",*
30699.386049381937,"(172.60999999999999, 31806.512]","(172.60999999999999, 36199.407]",*
30709.75748202488,"(172.60999999999999, 31806.512]","(172.60999999999999, 36199.407]",*
30726.379447596737,"(172.60999999999999, 31806.512]","(172.60999999999999, 36199.407]",*
30730.401511612446,"(172.60999999999999, 31806.512]","(172.60999999999999, 36199.407]",*
30735.595540933296,"(172.60999999999999, 31806.512]","(172.60999999999999, 36199.407]",*
30736.52838818432,"(172.60999999999999, 31806.512]","(172.60999999999999, 36199.407]",*
30749.644393288087,"(172.60999999999999, 31806.512]","(172.60999999999999, 36199.407]",*
30758.279044875497,"(172.60999999999999, 31806.512]","(172.60999999999999, 36199.407]",*
30760.994956471503,"(172.60999999999999, 31806.512]","(172.60999999999999, 36199.407]",*
30762.36020559,"(172.60999999999999, 31806.512]","(172.60999999999999, 36199.407]",*
30767.313621642435,"(172.60999999999999, 31806.512]","(172.60999999999999, 36199.407]",*
30770.846815384048,"(172.60999999999999, 31806.512]","(172.60999999999999, 36199.407]",*
30773.25898887911,"(172.60999999999999, 31806.512]","(172.60999999999999, 36199.407]",*
30774.394305079863,"(172.60999999999999, 31806.512]","(172.60999999999999, 36199.407]",*
30774.753138820684,"(172.60999999999999, 31806.512]","(172.60999999999999, 36199.407]",*
30776.52672830391,"(172.60999999999999, 31806.512]","(172.60999999999999, 36199.407]",*
30777.970174965663,"(172.60999999999999, 31806.512]","(172.60999999999999, 36199.407]",*
30783.17040366358,"(172.60999999999999, 31806.512]","(172.60999999999999, 36199.407]",*
30788.30390967845,"(172.60999999999999, 31806.512]","(172.60999999999999, 36199.407]",*
30795.107993265825,"(172.60999999999999, 31806.512]","(172.60999999999999, 36199.407]",*
30800.5410596913,"(172.60999999999999, 31806.512]","(172.60999999999999, 36199.407]",*
30809.967484837183,"(172.60999999999999, 31806.512]","(172.60999999999999, 36199.407]",*
30812.59819079958,"(172.60999999999999, 31806.512]","(172.60999999999999, 36199.407]",*
30820.80776817533,"(172.60999999999999, 31806.512]","(172.60999999999999, 36199.407]",*
30821.41208657685,"(172.60999999999999, 31806.512]","(172.60999999999999, 36199.407]",*
30823.910471643485,"(172.60999999999999, 31806.512]","(172.60999999999999, 36199.407]",*
30826.07820975446,"(172.60999999999999, 31806.512]","(172.60999999999999, 36199.407]",*
30829.90595343385,"(172.60999999999999, 31806.512]","(172.60999999999999, 36199.407]",*
30832.668311085108,"(172.60999999999999, 31806.512]","(172.60999999999999, 36199.407]",*
30847.091610259424,"(172.60999999999999, 31806.512]","(172.60999999999999, 36199.407]",*
30852.207006319582,"(172.60999999999999, 31806.512]","(172.60999999999999, 36199.407]",*
30852.291106704244,"(172.60999999999999, 31806.512]","(172.60999999999999, 36199.407]",*
30865.018719191878,"(172.60999999999999, 31806.512]","(172.60999999999999, 36199.407]",*
30865.58695374529,"(172.60999999999999, 31806.512]","(172.60999999999999, 36199.407]",*
30874.6988626576,"(172.60999999999999, 31806.512]","(172.60999999999999, 36199.407]",*
30874.756661118605,"(172.60999999999999, 31806.512]","(172.60999999999999, 36199.407]",*
30877.8705186,"(172.60999999999999, 31806.512]","(172.60999999999999, 36199.407]",*
30878.999272084693,"(172.60999999999999, 31806.512]","(172.60999999999999, 36199.407]",*
30884.4509927487,"(172.60999999999999, 31806.512]","(172.60999999999999, 36199.407]",*
30884.955505712456,"(172.60999999999999, 31806.512]","(172.60999999999999, 36199.407]",*
30885.20321494442,"(172.60999999999999, 31806.512]","(172.60999999999999, 36199.407]",*
30888.750475234952,"(172.60999999999999, 31806.512]","(172.60999999999999, 36199.407]",*
30888.802721468808,"(172.60999999999999, 31806.512]","(172.60999999999999, 36199.407]",*
30904.253034662728,"(172.60999999999999, 31806.512]","(172.60999999999999, 36199.407]",*
30905.01530289516,"(172.60999999999999, 31806.512]","(172.60999999999999, 36199.407]",*
30910.684352031192,"(172.60999999999999, 31806.512]","(172.60999999999999, 36199.407]",*
30937.828483342768,"(172.60999999999999, 31806.512]","(172.60999999999999, 36199.407]",*
30957.84766166497,"(172.60999999999999, 31806.512]","(172.60999999999999, 36199.407]",*
30965.57789460752,"(172.60999999999999, 31806.512]","(172.60999999999999, 36199.407]",*
30971.15710633633,"(172.60999999999999, 31806.512]","(172.60999999999999, 36199.407]",*
30985.33652393052,"(172.60999999999999, 31806.512]","(172.60999999999999, 36199.407]",*
30994.799892813822,"(172.60999999999999, 31806.512]","(172.60999999999999, 36199.407]",*
30995.20993636248,"(172.60999999999999, 31806.512]","(172.60999999999999, 36199.407]",*
30995.48816747605,"(172.60999999999999, 31806.512]","(172.60999999999999, 36199.407]",*
30997.43904164252,"(172.60999999999999, 31806.512]","(172.60999999999999, 36199.407]",*
31000.299036528897,"(172.60999999999999, 31806.512]","(172.60999999999999, 36199.407]",*
31010.221421538383,"(172.60999999999999, 31806.512]","(172.60999999999999, 36199.407]",*
31011.36680683125,"(172.60999999999999, 31806.512]","(172.60999999999999, 36199.407]",*
31019.324820690395,"(172.60999999999999, 31806.512]","(172.60999999999999, 36199.407]",*
31027.505829300248,"(172.60999999999999, 31806.512]","(172.60999999999999, 36199.407]",*
31032.859074176748,"(172.60999999999999, 31806.512]","(172.60999999999999, 36199.407]",*
31032.92030256709,"(172.60999999999999, 31806.512]","(172.60999999999999, 36199.407]",*
31033.023111171,"(172.60999999999999, 31806.512]","(172.60999999999999, 36199.407]",*
31034.82616051494,"(172.60999999999999, 31806.512]","(172.60999999999999, 36199.407]",*
31038.37343460728,"(172.60999999999999, 31806.512]","(172.60999999999999, 36199.407]",*
31044.979466834848,"(172.60999999999999, 31806.512]","(172.60999999999999, 36199.407]",*
31048.990833251624,"(172.60999999999999, 31806.512]","(172.60999999999999, 36199.407]",*
31050.10281439476,"(172.60999999999999, 31806.512]","(172.60999999999999, 36199.407]",*
31054.775323659247,"(172.60999999999999, 31806.512]","(172.60999999999999, 36199.407]",*
31055.05108990132,"(172.60999999999999, 31806.512]","(172.60999999999999, 36199.407]",*
31060.20472734425,"(172.60999999999999, 31806.512]","(172.60999999999999, 36199.407]",*
31063.781520100936,"(172.60999999999999, 31806.512]","(172.60999999999999, 36199.407]",*
31070.43183010677,"(172.60999999999999, 31806.512]","(172.60999999999999, 36199.407]",*
31074.124918185506,"(172.60999999999999, 31806.512]","(172.60999999999999, 36199.407]",*
31080.727498021988,"(172.60999999999999, 31806.512]","(172.60999999999999, 36199.407]",*
31085.32304011224,"(172.60999999999999, 31806.512]","(172.60999999999999, 36199.407]",*
31088.890171173745,"(172.60999999999999, 31806.512]","(172.60999999999999, 36199.407]",*
31093.445263102247,"(172.60999999999999, 31806.512]","(172.60999999999999, 36199.407]",*
31094.11082300481,"(172.60999999999999, 31806.512]","(172.60999999999999, 36199.407]",*
31105.11339241056,"(172.60999999999999, 31806.512]","(172.60999999999999, 36199.407]",*
31111.62290531416,"(172.60999999999999, 31806.512]","(172.60999999999999, 36199.407]",*
31113.486402700888,"(172.60999999999999, 31806.512]","(172.60999999999999, 36199.407]",*
31114.729197046185,"(172.60999999999999, 31806.512]","(172.60999999999999, 36199.407]",*
31114.89739992977,"(172.60999999999999, 31806.512]","(172.60999999999999, 36199.407]",*
31116.215960299163,"(172.60999999999999, 31806.512]","(172.60999999999999, 36199.407]",*
31125.55872988556,"(172.60999999999999, 31806.512]","(172.60999999999999, 36199.407]",*
31129.642484339405,"(172.60999999999999, 31806.512]","(172.60999999999999, 36199.407]",*
31135.056780778497,"(172.60999999999999, 31806.512]","(172.60999999999999, 36199.407]",*
31135.513490005385,"(172.60999999999999, 31806.512]","(172.60999999999999, 36199.407]",*
31142.842025721144,"(172.60999999999999, 31806.512]","(172.60999999999999, 36199.407]",*
31143.88966349229,"(172.60999999999999, 31806.512]","(172.60999999999999, 36199.407]",*
31144.655211640547,"(172.60999999999999, 31806.512]","(172.60999999999999, 36199.407]",*
31148.103312108626,"(172.60999999999999, 31806.512]","(172.60999999999999, 36199.407]",*
31159.288708293763,"(172.60999999999999, 31806.512]","(172.60999999999999, 36199.407]",*
31162.063314480016,"(172.60999999999999, 31806.512]","(172.60999999999999, 36199.407]",*
31165.04595424651,"(172.60999999999999, 31806.512]","(172.60999999999999, 36199.407]",*
31172.880167409294,"(172.60999999999999, 31806.512]","(172.60999999999999, 36199.407]",*
31178.437996690474,"(172.60999999999999, 31806.512]","(172.60999999999999, 36199.407]",*
31182.38802004333,"(172.60999999999999, 31806.512]","(172.60999999999999, 36199.407]",*
31185.883332321937,"(172.60999999999999, 31806.512]","(172.60999999999999, 36199.407]",*
31188.47202639227,"(172.60999999999999, 31806.512]","(172.60999999999999, 36199.407]",*
31189.364070991905,"(172.60999999999999, 31806.512]","(172.60999999999999, 36199.407]",*
31190.670697535814,"(172.60999999999999, 31806.512]","(172.60999999999999, 36199.407]",*
31196.478012785534,"(172.60999999999999, 31806.512]","(172.60999999999999, 36199.407]",*
31197.765406361515,"(172.60999999999999, 31806.512]","(172.60999999999999, 36199.407]",*
31200.967833100985,"(172.60999999999999, 31806.512]","(172.60999999999999, 36199.407]",*
31202.099730857022,"(172.60999999999999, 31806.512]","(172.60999999999999, 36199.407]",*
31202.18741809061,"(172.60999999999999, 31806.512]","(172.60999999999999, 36199.407]",*
31219.48868538355,"(172.60999999999999, 31806.512]","(172.60999999999999, 36199.407]",*
31225.123268013464,"(172.60999999999999, 31806.512]","(172.60999999999999, 36199.407]",*
31227.0302403494,"(172.60999999999999, 31806.512]","(172.60999999999999, 36199.407]",*
31231.54440251791,"(172.60999999999999, 31806.512]","(172.60999999999999, 36199.407]",*
31233.649345910067,"(172.60999999999999, 31806.512]","(172.60999999999999, 36199.407]",*
31236.582324930547,"(172.60999999999999, 31806.512]","(172.60999999999999, 36199.407]",*
31247.580469287623,"(172.60999999999999, 31806.512]","(172.60999999999999, 36199.407]",*
31256.223327945987,"(172.60999999999999, 31806.512]","(172.60999999999999, 36199.407]",*
31266.9018514715,"(172.60999999999999, 31806.512]","(172.60999999999999, 36199.407]",*
31270.185054113925,"(172.60999999999999, 31806.512]","(172.60999999999999, 36199.407]",*
31294.65246040437,"(172.60999999999999, 31806.512]","(172.60999999999999, 36199.407]",*
31297.52713289612,"(172.60999999999999, 31806.512]","(172.60999999999999, 36199.407]",*
31304.306698794517,"(172.60999999999999, 31806.512]","(172.60999999999999, 36199.407]",*
31307.521496904483,"(172.60999999999999, 31806.512]","(172.60999999999999, 36199.407]",*
31309.438937880917,"(172.60999999999999, 31806.512]","(172.60999999999999, 36199.407]",*
31311.986048367333,"(172.60999999999999, 31806.512]","(172.60999999999999, 36199.407]",*
31317.598392673222,"(172.60999999999999, 31806.512]","(172.60999999999999, 36199.407]",*
31319.536026881007,"(172.60999999999999, 31806.512]","(172.60999999999999, 36199.407]",*
31320.91641532284,"(172.60999999999999, 31806.512]","(172.60999999999999, 36199.407]",*
31326.338639647827,"(172.60999999999999, 31806.512]","(172.60999999999999, 36199.407]",*
31327.518878734933,"(172.60999999999999, 31806.512]","(172.60999999999999, 36199.407]",*
31335.595021887697,"(172.60999999999999, 31806.512]","(172.60999999999999, 36199.407]",*
31337.78085070301,"(172.60999999999999, 31806.512]","(172.60999999999999, 36199.407]",*
31341.624937312183,"(172.60999999999999, 31806.512]","(172.60999999999999, 36199.407]",*
31347.6897841708,"(172.60999999999999, 31806.512]","(172.60999999999999, 36199.407]",*
31348.74098431608,"(172.60999999999999, 31806.512]","(172.60999999999999, 36199.407]",*
31352.40922531881,"(172.60999999999999, 31806.512]","(172.60999999999999, 36199.407]",*
31357.38821429765,"(172.60999999999999, 31806.512]","(172.60999999999999, 36199.407]",*
31379.7829705824,"(172.60999999999999, 31806.512]","(172.60999999999999, 36199.407]",*
31383.070689686017,"(172.60999999999999, 31806.512]","(172.60999999999999, 36199.407]",*
31385.46298080693,"(172.60999999999999, 31806.512]","(172.60999999999999, 36199.407]",*
31389.291368204085,"(172.60999999999999, 31806.512]","(172.60999999999999, 36199.407]",*
31391.268467611128,"(172.60999999999999, 31806.512]","(172.60999999999999, 36199.407]",*
31395.12171677296,"(172.60999999999999, 31806.512]","(172.60999999999999, 36199.407]",*
31396.355014603832,"(172.60999999999999, 31806.512]","(172.60999999999999, 36199.407]",*
31399.756829589933,"(172.60999999999999, 31806.512]","(172.60999999999999, 36199.407]",*
31406.78480378893,"(172.60999999999999, 31806.512]","(172.60999999999999, 36199.407]",*
31420.29923568729,"(172.60999999999999, 31806.512]","(172.60999999999999, 36199.407]",*
31432.729540130684,"(172.60999999999999, 31806.512]","(172.60999999999999, 36199.407]",*
31435.47785051613,"(172.60999999999999, 31806.512]","(172.60999999999999, 36199.407]",*
31437.51486125884,"(172.60999999999999, 31806.512]","(172.60999999999999, 36199.407]",*
31439.971219291187,"(172.60999999999999, 31806.512]","(172.60999999999999, 36199.407]",*
31443.04433364667,"(172.60999999999999, 31806.512]","(172.60999999999999, 36199.407]",*
31451.09301006736,"(172.60999999999999, 31806.512]","(172.60999999999999, 36199.407]",*
31457.042848876645,"(172.60999999999999, 31806.512]","(172.60999999999999, 36199.407]",*
31461.73365638302,"(172.60999999999999, 31806.512]","(172.60999999999999, 36199.407]",*
31467.48119308667,"(172.60999999999999, 31806.512]","(172.60999999999999, 36199.407]",*
31470.617455810265,"(172.60999999999999, 31806.512]","(172.60999999999999, 36199.407]",*
31484.955107610385,"(172.60999999999999, 31806.512]","(172.60999999999999, 36199.407]",*
31487.03671725857,"(172.60999999999999, 31806.512]","(172.60999999999999, 36199.407]",*
31514.42432358722,"(172.60999999999999, 31806.512]","(172.60999999999999, 36199.407]",*
31514.44338474543,"(172.60999999999999, 31806.512]","(172.60999999999999, 36199.407]",*
31517.11821188929,"(172.60999999999999, 31806.512]","(172.60999999999999, 36199.407]",*
31518.008191432804,"(172.60999999999999, 31806.512]","(172.60999999999999, 36199.407]",*
31521.27570993935,"(172.60999999999999, 31806.512]","(172.60999999999999, 36199.407]",*
31534.30517330436,"(172.60999999999999, 31806.512]","(172.60999999999999, 36199.407]",*
31536.849077192983,"(172.60999999999999, 31806.512]","(172.60999999999999, 36199.407]",*
31550.41527664121,"(172.60999999999999, 31806.512]","(172.60999999999999, 36199.407]",*
31551.86373056249,"(172.60999999999999, 31806.512]","(172.60999999999999, 36199.407]",*
31552.54420931405,"(172.60999999999999, 31806.512]","(172.60999999999999, 36199.407]",*
31555.74311312983,"(172.60999999999999, 31806.512]","(172.60999999999999, 36199.407]",*
31566.96054863133,"(172.60999999999999, 31806.512]","(172.60999999999999, 36199.407]",*
31568.101494200226,"(172.60999999999999, 31806.512]","(172.60999999999999, 36199.407]",*
31568.89569177616,"(172.60999999999999, 31806.512]","(172.60999999999999, 36199.407]",*
31574.41047414688,"(172.60999999999999, 31806.512]","(172.60999999999999, 36199.407]",*
31581.83851602314,"(172.60999999999999, 31806.512]","(172.60999999999999, 36199.407]",*
31584.3793734367,"(172.60999999999999, 31806.512]","(172.60999999999999, 36199.407]",*
31590.385334991824,"(172.60999999999999, 31806.512]","(172.60999999999999, 36199.407]",*
31608.06227365356,"(172.60999999999999, 31806.512]","(172.60999999999999, 36199.407]",*
31619.581700580507,"(172.60999999999999, 31806.512]","(172.60999999999999, 36199.407]",*
31628.22805437597,"(172.60999999999999, 31806.512]","(172.60999999999999, 36199.407]",*
31638.22991327957,"(172.60999999999999, 31806.512]","(172.60999999999999, 36199.407]",*
31638.85497453041,"(172.60999999999999, 31806.512]","(172.60999999999999, 36199.407]",*
31646.377686064483,"(172.60999999999999, 31806.512]","(172.60999999999999, 36199.407]",*
31659.700246770783,"(172.60999999999999, 31806.512]","(172.60999999999999, 36199.407]",*
31668.24611731462,"(172.60999999999999, 31806.512]","(172.60999999999999, 36199.407]",*
31669.61701146404,"(172.60999999999999, 31806.512]","(172.60999999999999, 36199.407]",*
31675.26753243419,"(172.60999999999999, 31806.512]","(172.60999999999999, 36199.407]",*
31677.328361477463,"(172.60999999999999, 31806.512]","(172.60999999999999, 36199.407]",*
31685.402692161864,"(172.60999999999999, 31806.512]","(172.60999999999999, 36199.407]",*
31689.93323170185,"(172.60999999999999, 31806.512]","(172.60999999999999, 36199.407]",*
31693.61016631476,"(172.60999999999999, 31806.512]","(172.60999999999999, 36199.407]",*
31702.714547235868,"(172.60999999999999, 31806.512]","(172.60999999999999, 36199.407]",*
31709.34045864084,"(172.60999999999999, 31806.512]","(172.60999999999999, 36199.407]",*
31713.154374868627,"(172.60999999999999, 31806.512]","(172.60999999999999, 36199.407]",*
31719.742644433856,"(172.60999999999999, 31806.512]","(172.60999999999999, 36199.407]",*
31726.66847612727,"(172.60999999999999, 31806.512]","(172.60999999999999, 36199.407]",*
31726.88773514772,"(172.60999999999999, 31806.512]","(172.60999999999999, 36199.407]",*
31727.36438329277,"(172.60999999999999, 31806.512]","(172.60999999999999, 36199.407]",*
31733.654631715053,"(172.60999999999999, 31806.512]","(172.60999999999999, 36199.407]",*
31735.763292013,"(172.60999999999999, 31806.512]","(172.60999999999999, 36199.407]",*
31739.8891160808,"(172.60999999999999, 31806.512]","(172.60999999999999, 36199.407]",*
31745.92453434813,"(172.60999999999999, 31806.512]","(172.60999999999999, 36199.407]",*
31750.22452394076,"(172.60999999999999, 31806.512]","(172.60999999999999, 36199.407]",*
31750.26766591153,"(172.60999999999999, 31806.512]","(172.60999999999999, 36199.407]",*
31751.88809498669,"(172.60999999999999, 31806.512]","(172.60999999999999, 36199.407]",*
31755.721364239937,"(172.60999999999999, 31806.512]","(172.60999999999999, 36199.407]",*
31756.405635115385,"(172.60999999999999, 31806.512]","(172.60999999999999, 36199.407]",*
31764.282117463004,"(172.60999999999999, 31806.512]","(172.60999999999999, 36199.407]",*
31765.897729013745,"(172.60999999999999, 31806.512]","(172.60999999999999, 36199.407]",*
31765.90138529652,"(172.60999999999999, 31806.512]","(172.60999999999999, 36199.407]",*
31766.026483399008,"(172.60999999999999, 31806.512]","(172.60999999999999, 36199.407]",*
31771.52976322246,"(172.60999999999999, 31806.512]","(172.60999999999999, 36199.407]",*
31773.28890188995,"(172.60999999999999, 31806.512]","(172.60999999999999, 36199.407]",*
31773.337395105867,"(172.60999999999999, 31806.512]","(172.60999999999999, 36199.407]",*
31778.61580021124,"(172.60999999999999, 31806.512]","(172.60999999999999, 36199.407]",*
31781.92473730618,"(172.60999999999999, 31806.512]","(172.60999999999999, 36199.407]",*
31789.97273737232,"(172.60999999999999, 31806.512]","(172.60999999999999, 36199.407]",*
31796.758809576117,"(172.60999999999999, 31806.512]","(172.60999999999999, 36199.407]",*
31797.317444101584,"(172.60999999999999, 31806.512]","(172.60999999999999, 36199.407]",*
31798.685149351462,"(172.60999999999999, 31806.512]","(172.60999999999999, 36199.407]",*
31800.30225309373,"(172.60999999999999, 31806.512]","(172.60999999999999, 36199.407]",*
31818.932565129653,"(31806.512, 40457.828]","(172.60999999999999, 36199.407]",*
31822.066038730733,"(31806.512, 40457.828]","(172.60999999999999, 36199.407]",*
31822.485851089823,"(31806.512, 40457.828]","(172.60999999999999, 36199.407]",*
31824.593153938287,"(31806.512, 40457.828]","(172.60999999999999, 36199.407]",*
31832.99262028696,"(31806.512, 40457.828]","(172.60999999999999, 36199.407]",*
31837.488069317427,"(31806.512, 40457.828]","(172.60999999999999, 36199.407]",*
31843.876337225865,"(31806.512, 40457.828]","(172.60999999999999, 36199.407]",*
31846.25335915852,"(31806.512, 40457.828]","(172.60999999999999, 36199.407]",*
31852.04338029358,"(31806.512, 40457.828]","(172.60999999999999, 36199.407]",*
31853.711728277784,"(31806.512, 40457.828]","(172.60999999999999, 36199.407]",*
31859.240022246835,"(31806.512, 40457.828]","(172.60999999999999, 36199.407]",*
31860.53541168172,"(31806.512, 40457.828]","(172.60999999999999, 36199.407]",*
31863.400046732026,"(31806.512, 40457.828]","(172.60999999999999, 36199.407]",*
31872.17941380326,"(31806.512, 40457.828]","(172.60999999999999, 36199.407]",*
31872.776299578643,"(31806.512, 40457.828]","(172.60999999999999, 36199.407]",*
31879.3238429842,"(31806.512, 40457.828]","(172.60999999999999, 36199.407]",*
31884.440311653583,"(31806.512, 40457.828]","(172.60999999999999, 36199.407]",*
31886.710202994032,"(31806.512, 40457.828]","(172.60999999999999, 36199.407]",*
31903.37546684884,"(31806.512, 40457.828]","(172.60999999999999, 36199.407]",*
31913.696530259884,"(31806.512, 40457.828]","(172.60999999999999, 36199.407]",*
31925.67536114004,"(31806.512, 40457.828]","(172.60999999999999, 36199.407]",*
31925.899584471856,"(31806.512, 40457.828]","(172.60999999999999, 36199.407]",*
31928.81017849957,"(31806.512, 40457.828]","(172.60999999999999, 36199.407]",*
31936.44235373897,"(31806.512, 40457.828]","(172.60999999999999, 36199.407]",*
31942.71907519939,"(31806.512, 40457.828]","(172.60999999999999, 36199.407]",*
31944.552573805475,"(31806.512, 40457.828]","(172.60999999999999, 36199.407]",*
31946.30386752329,"(31806.512, 40457.828]","(172.60999999999999, 36199.407]",*
31948.93659364618,"(31806.512, 40457.828]","(172.60999999999999, 36199.407]",*
31956.52419586121,"(31806.512, 40457.828]","(172.60999999999999, 36199.407]",*
31995.525292187416,"(31806.512, 40457.828]","(172.60999999999999, 36199.407]",*
31998.763251158754,"(31806.512, 40457.828]","(172.60999999999999, 36199.407]",*
32010.22811011815,"(31806.512, 40457.828]","(172.60999999999999, 36199.407]",*
32016.234756306465,"(31806.512, 40457.828]","(172.60999999999999, 36199.407]",*
32026.91225344492,"(31806.512, 40457.828]","(172.60999999999999, 36199.407]",*
32032.141094990748,"(31806.512, 40457.828]","(172.60999999999999, 36199.407]",*
32032.637771932783,"(31806.512, 40457.828]","(172.60999999999999, 36199.407]",*
32034.9806424199,"(31806.512, 40457.828]","(172.60999999999999, 36199.407]",*
32034.982426704883,"(31806.512, 40457.828]","(172.60999999999999, 36199.407]",*
32035.318808089454,"(31806.512, 40457.828]","(172.60999999999999, 36199.407]",*
32045.559867731183,"(31806.512, 40457.828]","(172.60999999999999, 36199.407]",*
32050.575933478263,"(31806.512, 40457.828]","(172.60999999999999, 36199.407]",*
32058.356240701425,"(31806.512, 40457.828]","(172.60999999999999, 36199.407]",*
32059.77379747305,"(31806.512, 40457.828]","(172.60999999999999, 36199.407]",*
32060.70900654545,"(31806.512, 40457.828]","(172.60999999999999, 36199.407]",*
32064.597156277174,"(31806.512, 40457.828]","(172.60999999999999, 36199.407]",*
32069.117412673408,"(31806.512, 40457.828]","(172.60999999999999, 36199.407]",*
32074.57598618572,"(31806.512, 40457.828]","(172.60999999999999, 36199.407]",*
32075.26751890745,"(31806.512, 40457.828]","(172.60999999999999, 36199.407]",*
32078.90680116645,"(31806.512, 40457.828]","(172.60999999999999, 36199.407]",*
32084.7433995899,"(31806.512, 40457.828]","(172.60999999999999, 36199.407]",*
32090.23023594037,"(31806.512, 40457.828]","(172.60999999999999, 36199.407]",*
32106.894756136782,"(31806.512, 40457.828]","(172.60999999999999, 36199.407]",*
32126.7723966526,"(31806.512, 40457.828]","(172.60999999999999, 36199.407]",*
32136.84414907791,"(31806.512, 40457.828]","(172.60999999999999, 36199.407]",*
32142.94734818656,"(31806.512, 40457.828]","(172.60999999999999, 36199.407]",*
32147.638435172485,"(31806.512, 40457.828]","(172.60999999999999, 36199.407]",*
32152.470829706817,"(31806.512, 40457.828]","(172.60999999999999, 36199.407]",*
32157.13168707264,"(31806.512, 40457.828]","(172.60999999999999, 36199.407]",*
32158.96790397629,"(31806.512, 40457.828]","(172.60999999999999, 36199.407]",*
32164.063077201827,"(31806.512, 40457.828]","(172.60999999999999, 36199.407]",*
32180.360467656705,"(31806.512, 40457.828]","(172.60999999999999, 36199.407]",*
32187.27063516538,"(31806.512, 40457.828]","(172.60999999999999, 36199.407]",*
32188.19444148977,"(31806.512, 40457.828]","(172.60999999999999, 36199.407]",*
32190.417724417774,"(31806.512, 40457.828]","(172.60999999999999, 36199.407]",*
32200.51533875857,"(31806.512, 40457.828]","(172.60999999999999, 36199.407]",*
32210.428435676717,"(31806.512, 40457.828]","(172.60999999999999, 36199.407]",*
32228.25468863669,"(31806.512, 40457.828]","(172.60999999999999, 36199.407]",*
32233.885879305348,"(31806.512, 40457.828]","(172.60999999999999, 36199.407]",*
32236.82469172025,"(31806.512, 40457.828]","(172.60999999999999, 36199.407]",*
32252.143697864423,"(31806.512, 40457.828]","(172.60999999999999, 36199.407]",*
32253.01801825585,"(31806.512, 40457.828]","(172.60999999999999, 36199.407]",*
32254.398666667657,"(31806.512, 40457.828]","(172.60999999999999, 36199.407]",*
32255.90830229346,"(31806.512, 40457.828]","(172.60999999999999, 36199.407]",*
32256.638564328456,"(31806.512, 40457.828]","(172.60999999999999, 36199.407]",*
32256.70450917297,"(31806.512, 40457.828]","(172.60999999999999, 36199.407]",*
32262.54537473426,"(31806.512, 40457.828]","(172.60999999999999, 36199.407]",*
32270.827500401,"(31806.512, 40457.828]","(172.60999999999999, 36199.407]",*
32276.03426889829,"(31806.512, 40457.828]","(172.60999999999999, 36199.407]",*
32295.765486559267,"(31806.512, 40457.828]","(172.60999999999999, 36199.407]",*
32295.822251017315,"(31806.512, 40457.828]","(172.60999999999999, 36199.407]",*
32299.06464821737,"(31806.512, 40457.828]","(172.60999999999999, 36199.407]",*
32306.668519064613,"(31806.512, 40457.828]","(172.60999999999999, 36199.407]",*
32311.853235586743,"(31806.512, 40457.828]","(172.60999999999999, 36199.407]",*
32313.0165336092,"(31806.512, 40457.828]","(172.60999999999999, 36199.407]",*
32317.23111885685,"(31806.512, 40457.828]","(172.60999999999999, 36199.407]",*
32319.547496663392,"(31806.512, 40457.828]","(172.60999999999999, 36199.407]",*
32326.123139488096,"(31806.512, 40457.828]","(172.60999999999999, 36199.407]",*
32337.483884209934,"(31806.512, 40457.828]","(172.60999999999999, 36199.407]",*
32337.73286149344,"(31806.512, 40457.828]","(172.60999999999999, 36199.407]",*
32339.006277820736,"(31806.512, 40457.828]","(172.60999999999999, 36199.407]",*
32342.976632130016,"(31806.512, 40457.828]","(172.60999999999999, 36199.407]",*
32345.387931697667,"(31806.512, 40457.828]","(172.60999999999999, 36199.407]",*
32346.434992381382,"(31806.512, 40457.828]","(172.60999999999999, 36199.407]",*
32356.997376967367,"(31806.512, 40457.828]","(172.60999999999999, 36199.407]",*
32363.37953040797,"(31806.512, 40457.828]","(172.60999999999999, 36199.407]",*
32367.446375161828,"(31806.512, 40457.828]","(172.60999999999999, 36199.407]",*
32375.82625500081,"(31806.512, 40457.828]","(172.60999999999999, 36199.407]",*
32383.555436974315,"(31806.512, 40457.828]","(172.60999999999999, 36199.407]",*
32383.682275704603,"(31806.512, 40457.828]","(172.60999999999999, 36199.407]",*
32402.107549146836,"(31806.512, 40457.828]","(172.60999999999999, 36199.407]",*
32402.25541487064,"(31806.512, 40457.828]","(172.60999999999999, 36199.407]",*
32405.63393642313,"(31806.512, 40457.828]","(172.60999999999999, 36199.407]",*
32412.843141647696,"(31806.512, 40457.828]","(172.60999999999999, 36199.407]",*
32415.897026214938,"(31806.512, 40457.828]","(172.60999999999999, 36199.407]",*
32428.12577287436,"(31806.512, 40457.828]","(172.60999999999999, 36199.407]",*
32428.477495201656,"(31806.512, 40457.828]","(172.60999999999999, 36199.407]",*
32436.28634288593,"(31806.512, 40457.828]","(172.60999999999999, 36199.407]",*
32446.99906870668,"(31806.512, 40457.828]","(172.60999999999999, 36199.407]",*
32447.399194019483,"(31806.512, 40457.828]","(172.60999999999999, 36199.407]",*
32451.0719582099,"(31806.512, 40457.828]","(172.60999999999999, 36199.407]",*
32458.98669901376,"(31806.512, 40457.828]","(172.60999999999999, 36199.407]",*
32468.031152300973,"(31806.512, 40457.828]","(172.60999999999999, 36199.407]",*
32474.83451653844,"(31806.512, 40457.828]","(172.60999999999999, 36199.407]",*
32478.66494234775,"(31806.512, 40457.828]","(172.60999999999999, 36199.407]",*
32481.521774708795,"(31806.512, 40457.828]","(172.60999999999999, 36199.407]",*
32483.35909071183,"(31806.512, 40457.828]","(172.60999999999999, 36199.407]",*
32485.40962440677,"(31806.512, 40457.828]","(172.60999999999999, 36199.407]",*
32487.41127845925,"(31806.512, 40457.828]","(172.60999999999999, 36199.407]",*
32487.56767239104,"(31806.512, 40457.828]","(172.60999999999999, 36199.407]",*
32494.139681266977,"(31806.512, 40457.828]","(172.60999999999999, 36199.407]",*
32501.300314706383,"(31806.512, 40457.828]","(172.60999999999999, 36199.407]",*
32504.306465941547,"(31806.512, 40457.828]","(172.60999999999999, 36199.407]",*
32505.916374085224,"(31806.512, 40457.828]","(172.60999999999999, 36199.407]",*
32508.463873897123,"(31806.512, 40457.828]","(172.60999999999999, 36199.407]",*
32508.909733374865,"(31806.512, 40457.828]","(172.60999999999999, 36199.407]",*
32511.846268200865,"(31806.512, 40457.828]","(172.60999999999999, 36199.407]",*
32517.04497095154,"(31806.512, 40457.828]","(172.60999999999999, 36199.407]",*
32517.531411396383,"(31806.512, 40457.828]","(172.60999999999999, 36199.407]",*
32518.48448892124,"(31806.512, 40457.828]","(172.60999999999999, 36199.407]",*
32524.433784743156,"(31806.512, 40457.828]","(172.60999999999999, 36199.407]",*
32524.62765569865,"(31806.512, 40457.828]","(172.60999999999999, 36199.407]",*
32525.445170626717,"(31806.512, 40457.828]","(172.60999999999999, 36199.407]",*
32529.9507165867,"(31806.512, 40457.828]","(172.60999999999999, 36199.407]",*
32530.256307250023,"(31806.512, 40457.828]","(172.60999999999999, 36199.407]",*
32536.465870952,"(31806.512, 40457.828]","(172.60999999999999, 36199.407]",*
32537.81876891801,"(31806.512, 40457.828]","(172.60999999999999, 36199.407]",*
32547.272533076568,"(31806.512, 40457.828]","(172.60999999999999, 36199.407]",*
32549.67599658839,"(31806.512, 40457.828]","(172.60999999999999, 36199.407]",*
32549.992225660902,"(31806.512, 40457.828]","(172.60999999999999, 36199.407]",*
32561.130150765766,"(31806.512, 40457.828]","(172.60999999999999, 36199.407]",*
32580.53935641588,"(31806.512, 40457.828]","(172.60999999999999, 36199.407]",*
32580.78018315528,"(31806.512, 40457.828]","(172.60999999999999, 36199.407]",*
32614.317743676234,"(31806.512, 40457.828]","(172.60999999999999, 36199.407]",*
32614.77707813613,"(31806.512, 40457.828]","(172.60999999999999, 36199.407]",*
32617.473472877653,"(31806.512, 40457.828]","(172.60999999999999, 36199.407]",*
32620.407322138148,"(31806.512, 40457.828]","(172.60999999999999, 36199.407]",*
32620.837457978345,"(31806.512, 40457.828]","(172.60999999999999, 36199.407]",*
32621.104848095634,"(31806.512, 40457.828]","(172.60999999999999, 36199.407]",*
32624.64650470665,"(31806.512, 40457.828]","(172.60999999999999, 36199.407]",*
32629.60383487844,"(31806.512, 40457.828]","(172.60999999999999, 36199.407]",*
32635.756546142675,"(31806.512, 40457.828]","(172.60999999999999, 36199.407]",*
32639.638031495477,"(31806.512, 40457.828]","(172.60999999999999, 36199.407]",*
32642.037437205123,"(31806.512, 40457.828]","(172.60999999999999, 36199.407]",*
32644.6111160948,"(31806.512, 40457.828]","(172.60999999999999, 36199.407]",*
32647.783284929043,"(31806.512, 40457.828]","(172.60999999999999, 36199.407]",*
32651.80942978997,"(31806.512, 40457.828]","(172.60999999999999, 36199.407]",*
32654.33584342462,"(31806.512, 40457.828]","(172.60999999999999, 36199.407]",*
32660.43971116007,"(31806.512, 40457.828]","(172.60999999999999, 36199.407]",*
32668.934922088018,"(31806.512, 40457.828]","(172.60999999999999, 36199.407]",*
32674.669155058866,"(31806.512, 40457.828]","(172.60999999999999, 36199.407]",*
32679.187663398912,"(31806.512, 40457.828]","(172.60999999999999, 36199.407]",*
32688.78290206689,"(31806.512, 40457.828]","(172.60999999999999, 36199.407]",*
32689.84966137704,"(31806.512, 40457.828]","(172.60999999999999, 36199.407]",*
32695.183322092576,"(31806.512, 40457.828]","(172.60999999999999, 36199.407]",*
32697.878814456817,"(31806.512, 40457.828]","(172.60999999999999, 36199.407]",*
32699.19501450764,"(31806.512, 40457.828]","(172.60999999999999, 36199.407]",*
32699.49026379812,"(31806.512, 40457.828]","(172.60999999999999, 36199.407]",*
32699.652578209338,"(31806.512, 40457.828]","(172.60999999999999, 36199.407]",*
32705.94933115129,"(31806.512, 40457.828]","(172.60999999999999, 36199.407]",*
32707.83442546514,"(31806.512, 40457.828]","(172.60999999999999, 36199.407]",*
32713.099497892446,"(31806.512, 40457.828]","(172.60999999999999, 36199.407]",*
32715.66073852658,"(31806.512, 40457.828]","(172.60999999999999, 36199.407]",*
32721.2370646933,"(31806.512, 40457.828]","(172.60999999999999, 36199.407]",*
32725.27954357492,"(31806.512, 40457.828]","(172.60999999999999, 36199.407]",*
32729.596728195236,"(31806.512, 40457.828]","(172.60999999999999, 36199.407]",*
32730.929711979712,"(31806.512, 40457.828]","(172.60999999999999, 36199.407]",*
32732.161048305235,"(31806.512, 40457.828]","(172.60999999999999, 36199.407]",*
32735.67093161038,"(31806.512, 40457.828]","(172.60999999999999, 36199.407]",*
32743.78029652716,"(31806.512, 40457.828]","(172.60999999999999, 36199.407]",*
32745.368120153835,"(31806.512, 40457.828]","(172.60999999999999, 36199.407]",*
32748.786503869,"(31806.512, 40457.828]","(172.60999999999999, 36199.407]",*
32754.830843512784,"(31806.512, 40457.828]","(172.60999999999999, 36199.407]",*
32759.44782520167,"(31806.512, 40457.828]","(172.60999999999999, 36199.407]",*
32761.55672902804,"(31806.512, 40457.828]","(172.60999999999999, 36199.407]",*
32762.93645956884,"(31806.512, 40457.828]","(172.60999999999999, 36199.407]",*
32764.43591403077,"(31806.512, 40457.828]","(172.60999999999999, 36199.407]",*
32766.60197226402,"(31806.512, 40457.828]","(172.60999999999999, 36199.407]",*
32770.833621773294,"(31806.512, 40457.828]","(172.60999999999999, 36199.407]",*
32774.02197481578,"(31806.512, 40457.828]","(172.60999999999999, 36199.407]",*
32778.1953418883,"(31806.512, 40457.828]","(172.60999999999999, 36199.407]",*
32779.68791039249,"(31806.512, 40457.828]","(172.60999999999999, 36199.407]",*
32789.06251419238,"(31806.512, 40457.828]","(172.60999999999999, 36199.407]",*
32806.85495044011,"(31806.512, 40457.828]","(172.60999999999999, 36199.407]",*
32807.509802056426,"(31806.512, 40457.828]","(172.60999999999999, 36199.407]",*
32807.85440456764,"(31806.512, 40457.828]","(172.60999999999999, 36199.407]",*
32810.137953824065,"(31806.512, 40457.828]","(172.60999999999999, 36199.407]",*
32818.06713289881,"(31806.512, 40457.828]","(172.60999999999999, 36199.407]",*
32824.796656098544,"(31806.512, 40457.828]","(172.60999999999999, 36199.407]",*
32827.67546671308,"(31806.512, 40457.828]","(172.60999999999999, 36199.407]",*
32839.90145557421,"(31806.512, 40457.828]","(172.60999999999999, 36199.407]",*
32844.56439306277,"(31806.512, 40457.828]","(172.60999999999999, 36199.407]",*
32850.76203709396,"(31806.512, 40457.828]","(172.60999999999999, 36199.407]",*
32855.50569847983,"(31806.512, 40457.828]","(172.60999999999999, 36199.407]",*
32859.517646963504,"(31806.512, 40457.828]","(172.60999999999999, 36199.407]",*
32865.027981327854,"(31806.512, 40457.828]","(172.60999999999999, 36199.407]",*
32875.76904840848,"(31806.512, 40457.828]","(172.60999999999999, 36199.407]",*
32880.788108423,"(31806.512, 40457.828]","(172.60999999999999, 36199.407]",*
32891.15940827293,"(31806.512, 40457.828]","(172.60999999999999, 36199.407]",*
32898.298083524955,"(31806.512, 40457.828]","(172.60999999999999, 36199.407]",*
32901.555091999326,"(31806.512, 40457.828]","(172.60999999999999, 36199.407]",*
32902.35558396171,"(31806.512, 40457.828]","(172.60999999999999, 36199.407]",*
32912.043981860246,"(31806.512, 40457.828]","(172.60999999999999, 36199.407]",*
32921.0100678544,"(31806.512, 40457.828]","(172.60999999999999, 36199.407]",*
32925.3471516256,"(31806.512, 40457.828]","(172.60999999999999, 36199.407]",*
32934.553200974915,"(31806.512, 40457.828]","(172.60999999999999, 36199.407]",*
32938.149352953944,"(31806.512, 40457.828]","(172.60999999999999, 36199.407]",*
32938.35564468041,"(31806.512, 40457.828]","(172.60999999999999, 36199.407]",*
32940.794781501514,"(31806.512, 40457.828]","(172.60999999999999, 36199.407]",*
32947.711955068946,"(31806.512, 40457.828]","(172.60999999999999, 36199.407]",*
32949.54995700322,"(31806.512, 40457.828]","(172.60999999999999, 36199.407]",*
32960.75307019123,"(31806.512, 40457.828]","(172.60999999999999, 36199.407]",*
32964.018220168604,"(31806.512, 40457.828]","(172.60999999999999, 36199.407]",*
32965.935286347005,"(31806.512, 40457.828]","(172.60999999999999, 36199.407]",*
32966.19679855575,"(31806.512, 40457.828]","(172.60999999999999, 36199.407]",*
32968.859619080766,"(31806.512, 40457.828]","(172.60999999999999, 36199.407]",*
32976.80796594844,"(31806.512, 40457.828]","(172.60999999999999, 36199.407]",*
32997.6389320505,"(31806.512, 40457.828]","(172.60999999999999, 36199.407]",*
33001.91466581191,"(31806.512, 40457.828]","(172.60999999999999, 36199.407]",*
33003.25984698848,"(31806.512, 40457.828]","(172.60999999999999, 36199.407]",*
33017.5860579914,"(31806.512, 40457.828]","(172.60999999999999, 36199.407]",*
33025.443117166564,"(31806.512, 40457.828]","(172.60999999999999, 36199.407]",*
33026.1243360095,"(31806.512, 40457.828]","(172.60999999999999, 36199.407]",*
33031.540872933525,"(31806.512, 40457.828]","(172.60999999999999, 36199.407]",*
33036.19962075127,"(31806.512, 40457.828]","(172.60999999999999, 36199.407]",*
33036.30334372848,"(31806.512, 40457.828]","(172.60999999999999, 36199.407]",*
33069.76158140237,"(31806.512, 40457.828]","(172.60999999999999, 36199.407]",*
33072.60529139632,"(31806.512, 40457.828]","(172.60999999999999, 36199.407]",*
33075.80807052249,"(31806.512, 40457.828]","(172.60999999999999, 36199.407]",*
33078.149959904935,"(31806.512, 40457.828]","(172.60999999999999, 36199.407]",*
33083.434710401896,"(31806.512, 40457.828]","(172.60999999999999, 36199.407]",*
33097.556411490266,"(31806.512, 40457.828]","(172.60999999999999, 36199.407]",*
33098.38649796455,"(31806.512, 40457.828]","(172.60999999999999, 36199.407]",*
33102.09542220829,"(31806.512, 40457.828]","(172.60999999999999, 36199.407]",*
33106.200025484664,"(31806.512, 40457.828]","(172.60999999999999, 36199.407]",*
33107.34283233716,"(31806.512, 40457.828]","(172.60999999999999, 36199.407]",*
33108.115145066324,"(31806.512, 40457.828]","(172.60999999999999, 36199.407]",*
33110.560196876984,"(31806.512, 40457.828]","(172.60999999999999, 36199.407]",*
33113.759057412615,"(31806.512, 40457.828]","(172.60999999999999, 36199.407]",*
33125.496427617974,"(31806.512, 40457.828]","(172.60999999999999, 36199.407]",*
33127.902118211096,"(31806.512, 40457.828]","(172.60999999999999, 36199.407]",*
33141.30822618058,"(31806.512, 40457.828]","(172.60999999999999, 36199.407]",*
33147.36618111821,"(31806.512, 40457.828]","(172.60999999999999, 36199.407]",*
33176.03844723068,"(31806.512, 40457.828]","(172.60999999999999, 36199.407]",*
33178.36639878686,"(31806.512, 40457.828]","(172.60999999999999, 36199.407]",*
33182.436276466935,"(31806.512, 40457.828]","(172.60999999999999, 36199.407]",*
33184.55158132946,"(31806.512, 40457.828]","(172.60999999999999, 36199.407]",*
33186.70175765985,"(31806.512, 40457.828]","(172.60999999999999, 36199.407]",*
33189.80031209844,"(31806.512, 40457.828]","(172.60999999999999, 36199.407]",*
33196.059836983484,"(31806.512, 40457.828]","(172.60999999999999, 36199.407]",*
33197.77774263014,"(31806.512, 40457.828]","(172.60999999999999, 36199.407]",*
33200.337841599416,"(31806.512, 40457.828]","(172.60999999999999, 36199.407]",*
33201.053712740766,"(31806.512, 40457.828]","(172.60999999999999, 36199.407]",*
33201.07787486626,"(31806.512, 40457.828]","(172.60999999999999, 36199.407]",*
33203.383921755085,"(31806.512, 40457.828]","(172.60999999999999, 36199.407]",*
33215.536838947584,"(31806.512, 40457.828]","(172.60999999999999, 36199.407]",*
33216.60108027382,"(31806.512, 40457.828]","(172.60999999999999, 36199.407]",*
33222.761880377875,"(31806.512, 40457.828]","(172.60999999999999, 36199.407]",*
33232.34233913228,"(31806.512, 40457.828]","(172.60999999999999, 36199.407]",*
33234.57082770875,"(31806.512, 40457.828]","(172.60999999999999, 36199.407]",*
33238.33273601452,"(31806.512, 40457.828]","(172.60999999999999, 36199.407]",*
33249.11289730668,"(31806.512, 40457.828]","(172.60999999999999, 36199.407]",*
33254.60340942823,"(31806.512, 40457.828]","(172.60999999999999, 36199.407]",*
33258.83438986172,"(31806.512, 40457.828]","(172.60999999999999, 36199.407]",*
33263.14434842382,"(31806.512, 40457.828]","(172.60999999999999, 36199.407]",*
33266.145489652175,"(31806.512, 40457.828]","(172.60999999999999, 36199.407]",*
33267.767727560946,"(31806.512, 40457.828]","(172.60999999999999, 36199.407]",*
33280.589497979105,"(31806.512, 40457.828]","(172.60999999999999, 36199.407]",*
33284.92670252851,"(31806.512, 40457.828]","(172.60999999999999, 36199.407]",*
33285.95091390831,"(31806.512, 40457.828]","(172.60999999999999, 36199.407]",*
33288.958422756026,"(31806.512, 40457.828]","(172.60999999999999, 36199.407]",*
33296.59384435285,"(31806.512, 40457.828]","(172.60999999999999, 36199.407]",*
33303.47322840525,"(31806.512, 40457.828]","(172.60999999999999, 36199.407]",*
33303.543103477146,"(31806.512, 40457.828]","(172.60999999999999, 36199.407]",*
33307.05500670563,"(31806.512, 40457.828]","(172.60999999999999, 36199.407]",*
33320.39672498849,"(31806.512, 40457.828]","(172.60999999999999, 36199.407]",*
33336.32734675036,"(31806.512, 40457.828]","(172.60999999999999, 36199.407]",*
33337.76537699169,"(31806.512, 40457.828]","(172.60999999999999, 36199.407]",*
33340.2888000423,"(31806.512, 40457.828]","(172.60999999999999, 36199.407]",*
33346.403622235666,"(31806.512, 40457.828]","(172.60999999999999, 36199.407]",*
33350.12127057017,"(31806.512, 40457.828]","(172.60999999999999, 36199.407]",*
33350.480256562005,"(31806.512, 40457.828]","(172.60999999999999, 36199.407]",*
33366.27463935383,"(31806.512, 40457.828]","(172.60999999999999, 36199.407]",*
33379.676399016535,"(31806.512, 40457.828]","(172.60999999999999, 36199.407]",*
33381.238664354314,"(31806.512, 40457.828]","(172.60999999999999, 36199.407]",*
33388.08214829303,"(31806.512, 40457.828]","(172.60999999999999, 36199.407]",*
33389.76393721455,"(31806.512, 40457.828]","(172.60999999999999, 36199.407]",*
33390.90990873277,"(31806.512, 40457.828]","(172.60999999999999, 36199.407]",*
33393.91660322465,"(31806.512, 40457.828]","(172.60999999999999, 36199.407]",*
33405.462721125936,"(31806.512, 40457.828]","(172.60999999999999, 36199.407]",*
33411.74222968305,"(31806.512, 40457.828]","(172.60999999999999, 36199.407]",*
33413.265678238604,"(31806.512, 40457.828]","(172.60999999999999, 36199.407]",*
33421.95540596019,"(31806.512, 40457.828]","(172.60999999999999, 36199.407]",*
33423.293291706526,"(31806.512, 40457.828]","(172.60999999999999, 36199.407]",*
33424.42750100002,"(31806.512, 40457.828]","(172.60999999999999, 36199.407]",*
33426.84937548807,"(31806.512, 40457.828]","(172.60999999999999, 36199.407]",*
33433.33877264724,"(31806.512, 40457.828]","(172.60999999999999, 36199.407]",*
33434.09617711061,"(31806.512, 40457.828]","(172.60999999999999, 36199.407]",*
33434.11258912063,"(31806.512, 40457.828]","(172.60999999999999, 36199.407]",*
33439.44416297308,"(31806.512, 40457.828]","(172.60999999999999, 36199.407]",*
33439.80668431201,"(31806.512, 40457.828]","(172.60999999999999, 36199.407]",*
33448.711083451264,"(31806.512, 40457.828]","(172.60999999999999, 36199.407]",*
33454.08428497196,"(31806.512, 40457.828]","(172.60999999999999, 36199.407]",*
33457.74573294852,"(31806.512, 40457.828]","(172.60999999999999, 36199.407]",*
33460.47314149535,"(31806.512, 40457.828]","(172.60999999999999, 36199.407]",*
33462.67269336682,"(31806.512, 40457.828]","(172.60999999999999, 36199.407]",*
33483.65247980203,"(31806.512, 40457.828]","(172.60999999999999, 36199.407]",*
33488.90641782924,"(31806.512, 40457.828]","(172.60999999999999, 36199.407]",*
33498.93175670087,"(31806.512, 40457.828]","(172.60999999999999, 36199.407]",*
33499.3327518184,"(31806.512, 40457.828]","(172.60999999999999, 36199.407]",*
33515.12293160702,"(31806.512, 40457.828]","(172.60999999999999, 36199.407]",*
33515.82879157567,"(31806.512, 40457.828]","(172.60999999999999, 36199.407]",*
33516.790689171634,"(31806.512, 40457.828]","(172.60999999999999, 36199.407]",*
33517.68551789399,"(31806.512, 40457.828]","(172.60999999999999, 36199.407]",*
33532.53925577188,"(31806.512, 40457.828]","(172.60999999999999, 36199.407]",*
33533.91966073297,"(31806.512, 40457.828]","(172.60999999999999, 36199.407]",*
33534.9264026452,"(31806.512, 40457.828]","(172.60999999999999, 36199.407]",*
33543.04806432776,"(31806.512, 40457.828]","(172.60999999999999, 36199.407]",*
33547.984821256905,"(31806.512, 40457.828]","(172.60999999999999, 36199.407]",*
33549.55306031765,"(31806.512, 40457.828]","(172.60999999999999, 36199.407]",*
33561.7051030874,"(31806.512, 40457.828]","(172.60999999999999, 36199.407]",*
33572.74696759448,"(31806.512, 40457.828]","(172.60999999999999, 36199.407]",*
33577.084811911336,"(31806.512, 40457.828]","(172.60999999999999, 36199.407]",*
33577.509513265555,"(31806.512, 40457.828]","(172.60999999999999, 36199.407]",*
33579.631512167616,"(31806.512, 40457.828]","(172.60999999999999, 36199.407]",*
33579.913298205174,"(31806.512, 40457.828]","(172.60999999999999, 36199.407]",*
33581.823708989694,"(31806.512, 40457.828]","(172.60999999999999, 36199.407]",*
33582.68524562015,"(31806.512, 40457.828]","(172.60999999999999, 36199.407]",*
33597.49764647354,"(31806.512, 40457.828]","(172.60999999999999, 36199.407]",*
33603.4841557083,"(31806.512, 40457.828]","(172.60999999999999, 36199.407]",*
33609.24594821204,"(31806.512, 40457.828]","(172.60999999999999, 36199.407]",*
33609.69466408837,"(31806.512, 40457.828]","(172.60999999999999, 36199.407]",*
33611.440898591616,"(31806.512, 40457.828]","(172.60999999999999, 36199.407]",*
33621.460620264945,"(31806.512, 40457.828]","(172.60999999999999, 36199.407]",*
33623.51311342599,"(31806.512, 40457.828]","(172.60999999999999, 36199.407]",*
33631.229174786546,"(31806.512, 40457.828]","(172.60999999999999, 36199.407]",*
33637.955412761425,"(31806.512, 40457.828]","(172.60999999999999, 36199.407]",*
33641.5608437773,"(31806.512, 40457.828]","(172.60999999999999, 36199.407]",*
33646.392460072355,"(31806.512, 40457.828]","(172.60999999999999, 36199.407]",*
33649.36857222945,"(31806.512, 40457.828]","(172.60999999999999, 36199.407]",*
33650.09383688297,"(31806.512, 40457.828]","(172.60999999999999, 36199.407]",*
33656.23096067292,"(31806.512, 40457.828]","(172.60999999999999, 36199.407]",*
33657.23919610703,"(31806.512, 40457.828]","(172.60999999999999, 36199.407]",*
33663.6692440211,"(31806.512, 40457.828]","(172.60999999999999, 36199.407]",*
33673.90405836568,"(31806.512, 40457.828]","(172.60999999999999, 36199.407]",*
33686.365078605915,"(31806.512, 40457.828]","(172.60999999999999, 36199.407]",*
33687.2994617846,"(31806.512, 40457.828]","(172.60999999999999, 36199.407]",*
33711.724840987,"(31806.512, 40457.828]","(172.60999999999999, 36199.407]",*
33732.462868273025,"(31806.512, 40457.828]","(172.60999999999999, 36199.407]",*
33741.741198296935,"(31806.512, 40457.828]","(172.60999999999999, 36199.407]",*
33754.737804984616,"(31806.512, 40457.828]","(172.60999999999999, 36199.407]",*
33763.08393957269,"(31806.512, 40457.828]","(172.60999999999999, 36199.407]",*
33767.333575086595,"(31806.512, 40457.828]","(172.60999999999999, 36199.407]",*
33768.51285182676,"(31806.512, 40457.828]","(172.60999999999999, 36199.407]",*
33770.24452066375,"(31806.512, 40457.828]","(172.60999999999999, 36199.407]",*
33771.74049235577,"(31806.512, 40457.828]","(172.60999999999999, 36199.407]",*
33776.47845448507,"(31806.512, 40457.828]","(172.60999999999999, 36199.407]",*
33805.32623365143,"(31806.512, 40457.828]","(172.60999999999999, 36199.407]",*
33805.578560482834,"(31806.512, 40457.828]","(172.60999999999999, 36199.407]",*
33816.12472563384,"(31806.512, 40457.828]","(172.60999999999999, 36199.407]",*
33828.45487642492,"(31806.512, 40457.828]","(172.60999999999999, 36199.407]",*
33831.893626055775,"(31806.512, 40457.828]","(172.60999999999999, 36199.407]",*
33834.92172573604,"(31806.512, 40457.828]","(172.60999999999999, 36199.407]",*
33836.92806315554,"(31806.512, 40457.828]","(172.60999999999999, 36199.407]",*
33838.79497199291,"(31806.512, 40457.828]","(172.60999999999999, 36199.407]",*
33839.085186046264,"(31806.512, 40457.828]","(172.60999999999999, 36199.407]",*
33845.646949606366,"(31806.512, 40457.828]","(172.60999999999999, 36199.407]",*
33847.014508848304,"(31806.512, 40457.828]","(172.60999999999999, 36199.407]",*
33853.919599119,"(31806.512, 40457.828]","(172.60999999999999, 36199.407]",*
33854.60665379064,"(31806.512, 40457.828]","(172.60999999999999, 36199.407]",*
33865.616966238216,"(31806.512, 40457.828]","(172.60999999999999, 36199.407]",*
33869.899539243444,"(31806.512, 40457.828]","(172.60999999999999, 36199.407]",*
33871.83312904686,"(31806.512, 40457.828]","(172.60999999999999, 36199.407]",*
33884.18378749388,"(31806.512, 40457.828]","(172.60999999999999, 36199.407]",*
33891.305184923884,"(31806.512, 40457.828]","(172.60999999999999, 36199.407]",*
33900.19874789649,"(31806.512, 40457.828]","(172.60999999999999, 36199.407]",*
33910.83149570333,"(31806.512, 40457.828]","(172.60999999999999, 36199.407]",*
33916.87534936913,"(31806.512, 40457.828]","(172.60999999999999, 36199.407]",*
33922.63297726556,"(31806.512, 40457.828]","(172.60999999999999, 36199.407]",*
33925.42448863959,"(31806.512, 40457.828]","(172.60999999999999, 36199.407]",*
33932.545164823285,"(31806.512, 40457.828]","(172.60999999999999, 36199.407]",*
33935.972274015585,"(31806.512, 40457.828]","(172.60999999999999, 36199.407]",*
33946.37180517215,"(31806.512, 40457.828]","(172.60999999999999, 36199.407]",*
33946.93546209219,"(31806.512, 40457.828]","(172.60999999999999, 36199.407]",*
33957.00202947561,"(31806.512, 40457.828]","(172.60999999999999, 36199.407]",*
33967.67290102517,"(31806.512, 40457.828]","(172.60999999999999, 36199.407]",*
33970.16499037125,"(31806.512, 40457.828]","(172.60999999999999, 36199.407]",*
33970.36011401802,"(31806.512, 40457.828]","(172.60999999999999, 36199.407]",*
33972.047513083875,"(31806.512, 40457.828]","(172.60999999999999, 36199.407]",*
33984.10655936478,"(31806.512, 40457.828]","(172.60999999999999, 36199.407]",*
33986.47930832196,"(31806.512, 40457.828]","(172.60999999999999, 36199.407]",*
33988.4358588443,"(31806.512, 40457.828]","(172.60999999999999, 36199.407]",*
33995.11262510712,"(31806.512, 40457.828]","(172.60999999999999, 36199.407]",*
33995.76662408447,"(31806.512, 40457.828]","(172.60999999999999, 36199.407]",*
34006.865298190976,"(31806.512, 40457.828]","(172.60999999999999, 36199.407]",*
34008.8818794718,"(31806.512, 40457.828]","(172.60999999999999, 36199.407]",*
34010.04982622941,"(31806.512, 40457.828]","(172.60999999999999, 36199.407]",*
34019.97358842896,"(31806.512, 40457.828]","(172.60999999999999, 36199.407]",*
34043.22654712785,"(31806.512, 40457.828]","(172.60999999999999, 36199.407]",*
34050.12991892165,"(31806.512, 40457.828]","(172.60999999999999, 36199.407]",*
34050.13434948324,"(31806.512, 40457.828]","(172.60999999999999, 36199.407]",*
34063.60356076992,"(31806.512, 40457.828]","(172.60999999999999, 36199.407]",*
34066.609045555386,"(31806.512, 40457.828]","(172.60999999999999, 36199.407]",*
34088.17913237508,"(31806.512, 40457.828]","(172.60999999999999, 36199.407]",*
34098.374800702186,"(31806.512, 40457.828]","(172.60999999999999, 36199.407]",*
34100.916770806834,"(31806.512, 40457.828]","(172.60999999999999, 36199.407]",*
34104.366011114784,"(31806.512, 40457.828]","(172.60999999999999, 36199.407]",*
34107.88861941547,"(31806.512, 40457.828]","(172.60999999999999, 36199.407]",*
34109.2442561318,"(31806.512, 40457.828]","(172.60999999999999, 36199.407]",*
34112.97062220211,"(31806.512, 40457.828]","(172.60999999999999, 36199.407]",*
34119.16671006995,"(31806.512, 40457.828]","(172.60999999999999, 36199.407]",*
34129.2417929418,"(31806.512, 40457.828]","(172.60999999999999, 36199.407]",*
34134.02098606559,"(31806.512, 40457.828]","(172.60999999999999, 36199.407]",*
34140.167518030765,"(31806.512, 40457.828]","(172.60999999999999, 36199.407]",*
34141.18824055649,"(31806.512, 40457.828]","(172.60999999999999, 36199.407]",*
34141.69987531586,"(31806.512, 40457.828]","(172.60999999999999, 36199.407]",*
34141.832008966514,"(31806.512, 40457.828]","(172.60999999999999, 36199.407]",*
34143.05076109781,"(31806.512, 40457.828]","(172.60999999999999, 36199.407]",*
34162.67060680326,"(31806.512, 40457.828]","(172.60999999999999, 36199.407]",*
34162.956731244856,"(31806.512, 40457.828]","(172.60999999999999, 36199.407]",*
34169.93466575232,"(31806.512, 40457.828]","(172.60999999999999, 36199.407]",*
34170.336663508686,"(31806.512, 40457.828]","(172.60999999999999, 36199.407]",*
34171.360073668664,"(31806.512, 40457.828]","(172.60999999999999, 36199.407]",*
34174.74427701327,"(31806.512, 40457.828]","(172.60999999999999, 36199.407]",*
34182.496173997446,"(31806.512, 40457.828]","(172.60999999999999, 36199.407]",*
34184.9658712033,"(31806.512, 40457.828]","(172.60999999999999, 36199.407]",*
34189.14345796525,"(31806.512, 40457.828]","(172.60999999999999, 36199.407]",*
34189.24804793301,"(31806.512, 40457.828]","(172.60999999999999, 36199.407]",*
34195.5750568663,"(31806.512, 40457.828]","(172.60999999999999, 36199.407]",*
34197.29155851873,"(31806.512, 40457.828]","(172.60999999999999, 36199.407]",*
34207.397208470094,"(31806.512, 40457.828]","(172.60999999999999, 36199.407]",*
34210.93607928893,"(31806.512, 40457.828]","(172.60999999999999, 36199.407]",*
34211.29696000776,"(31806.512, 40457.828]","(172.60999999999999, 36199.407]",*
34216.691722075244,"(31806.512, 40457.828]","(172.60999999999999, 36199.407]",*
34229.57035145821,"(31806.512, 40457.828]","(172.60999999999999, 36199.407]",*
34238.49270033447,"(31806.512, 40457.828]","(172.60999999999999, 36199.407]",*
34252.728640728266,"(31806.512, 40457.828]","(172.60999999999999, 36199.407]",*
34253.56939315648,"(31806.512, 40457.828]","(172.60999999999999, 36199.407]",*
34258.450700618385,"(31806.512, 40457.828]","(172.60999999999999, 36199.407]",*
34262.323838964134,"(31806.512, 40457.828]","(172.60999999999999, 36199.407]",*
34265.52637315424,"(31806.512, 40457.828]","(172.60999999999999, 36199.407]",*
34267.197401514066,"(31806.512, 40457.828]","(172.60999999999999, 36199.407]",*
34271.102344187595,"(31806.512, 40457.828]","(172.60999999999999, 36199.407]",*
34277.63076403101,"(31806.512, 40457.828]","(172.60999999999999, 36199.407]",*
34292.30694254338,"(31806.512, 40457.828]","(172.60999999999999, 36199.407]",*
34303.41035402737,"(31806.512, 40457.828]","(172.60999999999999, 36199.407]",*
34310.24283090706,"(31806.512, 40457.828]","(172.60999999999999, 36199.407]",*
34312.412509837544,"(31806.512, 40457.828]","(172.60999999999999, 36199.407]",*
34313.827696671964,"(31806.512, 40457.828]","(172.60999999999999, 36199.407]",*
34316.216931745046,"(31806.512, 40457.828]","(172.60999999999999, 36199.407]",*
34317.49877524241,"(31806.512, 40457.828]","(172.60999999999999, 36199.407]",*
34317.538311429904,"(31806.512, 40457.828]","(172.60999999999999, 36199.407]",*
34317.617986061785,"(31806.512, 40457.828]","(172.60999999999999, 36199.407]",*
34321.96015488425,"(31806.512, 40457.828]","(172.60999999999999, 36199.407]",*
34332.42096296783,"(31806.512, 40457.828]","(172.60999999999999, 36199.407]",*
34343.991885578806,"(31806.512, 40457.828]","(172.60999999999999, 36199.407]",*
34347.24317517132,"(31806.512, 40457.828]","(172.60999999999999, 36199.407]",*
34354.159698452175,"(31806.512, 40457.828]","(172.60999999999999, 36199.407]",*
34354.962931175825,"(31806.512, 40457.828]","(172.60999999999999, 36199.407]",*
34366.180100207785,"(31806.512, 40457.828]","(172.60999999999999, 36199.407]",*
34374.591199644245,"(31806.512, 40457.828]","(172.60999999999999, 36199.407]",*
34385.41315752935,"(31806.512, 40457.828]","(172.60999999999999, 36199.407]",*
34386.429780147584,"(31806.512, 40457.828]","(172.60999999999999, 36199.407]",*
34402.752901939646,"(31806.512, 40457.828]","(172.60999999999999, 36199.407]",*
34405.481560951535,"(31806.512, 40457.828]","(172.60999999999999, 36199.407]",*
34405.94764339919,"(31806.512, 40457.828]","(172.60999999999999, 36199.407]",*
34410.19144197819,"(31806.512, 40457.828]","(172.60999999999999, 36199.407]",*
34411.86807552117,"(31806.512, 40457.828]","(172.60999999999999, 36199.407]",*
34422.03005526516,"(31806.512, 40457.828]","(172.60999999999999, 36199.407]",*
34426.42199578378,"(31806.512, 40457.828]","(172.60999999999999, 36199.407]",*
34431.168736406515,"(31806.512, 40457.828]","(172.60999999999999, 36199.407]",*
34440.64065155147,"(31806.512, 40457.828]","(172.60999999999999, 36199.407]",*
34442.0996476689,"(31806.512, 40457.828]","(172.60999999999999, 36199.407]",*
34445.89090093542,"(31806.512, 40457.828]","(172.60999999999999, 36199.407]",*
34460.008266868586,"(31806.512, 40457.828]","(172.60999999999999, 36199.407]",*
34467.75869800994,"(31806.512, 40457.828]","(172.60999999999999, 36199.407]",*
34468.87383158075,"(31806.512, 40457.828]","(172.60999999999999, 36199.407]",*
34472.303739646086,"(31806.512, 40457.828]","(172.60999999999999, 36199.407]",*
34477.465862849866,"(31806.512, 40457.828]","(172.60999999999999, 36199.407]",*
34478.065923184324,"(31806.512, 40457.828]","(172.60999999999999, 36199.407]",*
34481.673309890844,"(31806.512, 40457.828]","(172.60999999999999, 36199.407]",*
34487.574762073586,"(31806.512, 40457.828]","(172.60999999999999, 36199.407]",*
34492.79330991748,"(31806.512, 40457.828]","(172.60999999999999, 36199.407]",*
34493.74716988924,"(31806.512, 40457.828]","(172.60999999999999, 36199.407]",*
34493.80445926538,"(31806.512, 40457.828]","(172.60999999999999, 36199.407]",*
34500.57829679008,"(31806.512, 40457.828]","(172.60999999999999, 36199.407]",*
34509.45738874268,"(31806.512, 40457.828]","(172.60999999999999, 36199.407]",*
34514.158561094955,"(31806.512, 40457.828]","(172.60999999999999, 36199.407]",*
34530.72763209263,"(31806.512, 40457.828]","(172.60999999999999, 36199.407]",*
34535.990706533245,"(31806.512, 40457.828]","(172.60999999999999, 36199.407]",*
34537.00100183464,"(31806.512, 40457.828]","(172.60999999999999, 36199.407]",*
34538.754924657835,"(31806.512, 40457.828]","(172.60999999999999, 36199.407]",*
34558.82859951167,"(31806.512, 40457.828]","(172.60999999999999, 36199.407]",*
34573.112177431045,"(31806.512, 40457.828]","(172.60999999999999, 36199.407]",*
34582.970833663785,"(31806.512, 40457.828]","(172.60999999999999, 36199.407]",*
34598.979678439224,"(31806.512, 40457.828]","(172.60999999999999, 36199.407]",*
34602.37799992935,"(31806.512, 40457.828]","(172.60999999999999, 36199.407]",*
34605.02956666686,"(31806.512, 40457.828]","(172.60999999999999, 36199.407]",*
34605.3946203416,"(31806.512, 40457.828]","(172.60999999999999, 36199.407]",*
34609.040215179964,"(31806.512, 40457.828]","(172.60999999999999, 36199.407]",*
34612.763716045105,"(31806.512, 40457.828]","(172.60999999999999, 36199.407]",*
34615.59848631739,"(31806.512, 40457.828]","(172.60999999999999, 36199.407]",*
34615.956052742455,"(31806.512, 40457.828]","(172.60999999999999, 36199.407]",*
34618.82698930247,"(31806.512, 40457.828]","(172.60999999999999, 36199.407]",*
34620.58812062092,"(31806.512, 40457.828]","(172.60999999999999, 36199.407]",*
34625.34664493251,"(31806.512, 40457.828]","(172.60999999999999, 36199.407]",*
34628.53932027815,"(31806.512, 40457.828]","(172.60999999999999, 36199.407]",*
34628.99343368247,"(31806.512, 40457.828]","(172.60999999999999, 36199.407]",*
34638.533510382986,"(31806.512, 40457.828]","(172.60999999999999, 36199.407]",*
34639.41154347621,"(31806.512, 40457.828]","(172.60999999999999, 36199.407]",*
34640.722367741546,"(31806.512, 40457.828]","(172.60999999999999, 36199.407]",*
34641.565084709226,"(31806.512, 40457.828]","(172.60999999999999, 36199.407]",*
34651.072316906946,"(31806.512, 40457.828]","(172.60999999999999, 36199.407]",*
34652.257886506115,"(31806.512, 40457.828]","(172.60999999999999, 36199.407]",*
34653.79810206653,"(31806.512, 40457.828]","(172.60999999999999, 36199.407]",*
34655.93990709911,"(31806.512, 40457.828]","(172.60999999999999, 36199.407]",*
34660.18308094658,"(31806.512, 40457.828]","(172.60999999999999, 36199.407]",*
34661.55585784323,"(31806.512, 40457.828]","(172.60999999999999, 36199.407]",*
34668.399783109504,"(31806.512, 40457.828]","(172.60999999999999, 36199.407]",*
34671.59841193215,"(31806.512, 40457.828]","(172.60999999999999, 36199.407]",*
34671.67548701987,"(31806.512, 40457.828]","(172.60999999999999, 36199.407]",*
34677.724299158246,"(31806.512, 40457.828]","(172.60999999999999, 36199.407]",*
34684.09712960607,"(31806.512, 40457.828]","(172.60999999999999, 36199.407]",*
34685.180705432,"(31806.512, 40457.828]","(172.60999999999999, 36199.407]",*
34685.81562026692,"(31806.512, 40457.828]","(172.60999999999999, 36199.407]",*
34699.25817641274,"(31806.512, 40457.828]","(172.60999999999999, 36199.407]",*
34706.86662728714,"(31806.512, 40457.828]","(172.60999999999999, 36199.407]",*
34710.20612449623,"(31806.512, 40457.828]","(172.60999999999999, 36199.407]",*
34711.782422499266,"(31806.512, 40457.828]","(172.60999999999999, 36199.407]",*
34714.72071713729,"(31806.512, 40457.828]","(172.60999999999999, 36199.407]",*
34718.07292500189,"(31806.512, 40457.828]","(172.60999999999999, 36199.407]",*
34720.46135838571,"(31806.512, 40457.828]","(172.60999999999999, 36199.407]",*
34721.16280787358,"(31806.512, 40457.828]","(172.60999999999999, 36199.407]",*
34724.16282308268,"(31806.512, 40457.828]","(172.60999999999999, 36199.407]",*
34730.76680454031,"(31806.512, 40457.828]","(172.60999999999999, 36199.407]",*
34733.08699390569,"(31806.512, 40457.828]","(172.60999999999999, 36199.407]",*
34736.08024383938,"(31806.512, 40457.828]","(172.60999999999999, 36199.407]",*
34751.73695274278,"(31806.512, 40457.828]","(172.60999999999999, 36199.407]",*
34752.93825023718,"(31806.512, 40457.828]","(172.60999999999999, 36199.407]",*
34753.415992160255,"(31806.512, 40457.828]","(172.60999999999999, 36199.407]",*
34753.88289216666,"(31806.512, 40457.828]","(172.60999999999999, 36199.407]",*
34760.760268288344,"(31806.512, 40457.828]","(172.60999999999999, 36199.407]",*
34763.70380652589,"(31806.512, 40457.828]","(172.60999999999999, 36199.407]",*
34764.29222090601,"(31806.512, 40457.828]","(172.60999999999999, 36199.407]",*
34767.78842438656,"(31806.512, 40457.828]","(172.60999999999999, 36199.407]",*
34769.227862604246,"(31806.512, 40457.828]","(172.60999999999999, 36199.407]",*
34771.659847716444,"(31806.512, 40457.828]","(172.60999999999999, 36199.407]",*
34776.58590650393,"(31806.512, 40457.828]","(172.60999999999999, 36199.407]",*
34787.46537205928,"(31806.512, 40457.828]","(172.60999999999999, 36199.407]",*
34795.320083509534,"(31806.512, 40457.828]","(172.60999999999999, 36199.407]",*
34810.291083173164,"(31806.512, 40457.828]","(172.60999999999999, 36199.407]",*
34810.67951323087,"(31806.512, 40457.828]","(172.60999999999999, 36199.407]",*
34814.58559096665,"(31806.512, 40457.828]","(172.60999999999999, 36199.407]",*
34818.20950258091,"(31806.512, 40457.828]","(172.60999999999999, 36199.407]",*
34818.71841991863,"(31806.512, 40457.828]","(172.60999999999999, 36199.407]",*
34819.42830066867,"(31806.512, 40457.828]","(172.60999999999999, 36199.407]",*
34823.60503085267,"(31806.512, 40457.828]","(172.60999999999999, 36199.407]",*
34828.428515967855,"(31806.512, 40457.828]","(172.60999999999999, 36199.407]",*
34836.603459462574,"(31806.512, 40457.828]","(172.60999999999999, 36199.407]",*
34846.047204885304,"(31806.512, 40457.828]","(172.60999999999999, 36199.407]",*
34859.25424615328,"(31806.512, 40457.828]","(172.60999999999999, 36199.407]",*
34863.85934845643,"(31806.512, 40457.828]","(172.60999999999999, 36199.407]",*
34867.98507624237,"(31806.512, 40457.828]","(172.60999999999999, 36199.407]",*
34878.59725281936,"(31806.512, 40457.828]","(172.60999999999999, 36199.407]",*
34880.770422808346,"(31806.512, 40457.828]","(172.60999999999999, 36199.407]",*
34886.246784215466,"(31806.512, 40457.828]","(172.60999999999999, 36199.407]",*
34894.158826204926,"(31806.512, 40457.828]","(172.60999999999999, 36199.407]",*
34894.576334253186,"(31806.512, 40457.828]","(172.60999999999999, 36199.407]",*
34897.865156431784,"(31806.512, 40457.828]","(172.60999999999999, 36199.407]",*
34905.054767469446,"(31806.512, 40457.828]","(172.60999999999999, 36199.407]",*
34915.510208257365,"(31806.512, 40457.828]","(172.60999999999999, 36199.407]",*
34922.25372447582,"(31806.512, 40457.828]","(172.60999999999999, 36199.407]",*
34922.492454426814,"(31806.512, 40457.828]","(172.60999999999999, 36199.407]",*
34922.64487039676,"(31806.512, 40457.828]","(172.60999999999999, 36199.407]",*
34930.91845192173,"(31806.512, 40457.828]","(172.60999999999999, 36199.407]",*
34932.291232953656,"(31806.512, 40457.828]","(172.60999999999999, 36199.407]",*
34933.196293502835,"(31806.512, 40457.828]","(172.60999999999999, 36199.407]",*
34940.354757964065,"(31806.512, 40457.828]","(172.60999999999999, 36199.407]",*
34944.068604684384,"(31806.512, 40457.828]","(172.60999999999999, 36199.407]",*
34944.98176104173,"(31806.512, 40457.828]","(172.60999999999999, 36199.407]",*
34945.47446177205,"(31806.512, 40457.828]","(172.60999999999999, 36199.407]",*
34956.12615961225,"(31806.512, 40457.828]","(172.60999999999999, 36199.407]",*
34958.43038679017,"(31806.512, 40457.828]","(172.60999999999999, 36199.407]",*
34967.075630842235,"(31806.512, 40457.828]","(172.60999999999999, 36199.407]",*
34970.81579531296,"(31806.512, 40457.828]","(172.60999999999999, 36199.407]",*
34971.539554478935,"(31806.512, 40457.828]","(172.60999999999999, 36199.407]",*
34971.82435393351,"(31806.512, 40457.828]","(172.60999999999999, 36199.407]",*
34977.45191123732,"(31806.512, 40457.828]","(172.60999999999999, 36199.407]",*
34981.39400136687,"(31806.512, 40457.828]","(172.60999999999999, 36199.407]",*
34993.841404394545,"(31806.512, 40457.828]","(172.60999999999999, 36199.407]",*
35005.791550503374,"(31806.512, 40457.828]","(172.60999999999999, 36199.407]",*
35008.267513768515,"(31806.512, 40457.828]","(172.60999999999999, 36199.407]",*
35014.84821416971,"(31806.512, 40457.828]","(172.60999999999999, 36199.407]",*
35015.078149058565,"(31806.512, 40457.828]","(172.60999999999999, 36199.407]",*
35016.45521765327,"(31806.512, 40457.828]","(172.60999999999999, 36199.407]",*
35036.19213486115,"(31806.512, 40457.828]","(172.60999999999999, 36199.407]",*
35039.46938980614,"(31806.512, 40457.828]","(172.60999999999999, 36199.407]",*
35040.33119935168,"(31806.512, 40457.828]","(172.60999999999999, 36199.407]",*
35041.73475806215,"(31806.512, 40457.828]","(172.60999999999999, 36199.407]",*
35042.99537464814,"(31806.512, 40457.828]","(172.60999999999999, 36199.407]",*
35043.81895318761,"(31806.512, 40457.828]","(172.60999999999999, 36199.407]",*
35046.013144752586,"(31806.512, 40457.828]","(172.60999999999999, 36199.407]",*
35048.26333847522,"(31806.512, 40457.828]","(172.60999999999999, 36199.407]",*
35056.448340904586,"(31806.512, 40457.828]","(172.60999999999999, 36199.407]",*
35056.75101732815,"(31806.512, 40457.828]","(172.60999999999999, 36199.407]",*
35060.348632345296,"(31806.512, 40457.828]","(172.60999999999999, 36199.407]",*
35062.88654162041,"(31806.512, 40457.828]","(172.60999999999999, 36199.407]",*
35071.9959937904,"(31806.512, 40457.828]","(172.60999999999999, 36199.407]",*
35074.26481052186,"(31806.512, 40457.828]","(172.60999999999999, 36199.407]",*
35079.83030555246,"(31806.512, 40457.828]","(172.60999999999999, 36199.407]",*
35084.592240254475,"(31806.512, 40457.828]","(172.60999999999999, 36199.407]",*
35090.50080986771,"(31806.512, 40457.828]","(172.60999999999999, 36199.407]",*
35090.887260792464,"(31806.512, 40457.828]","(172.60999999999999, 36199.407]",*
35091.95552978158,"(31806.512, 40457.828]","(172.60999999999999, 36199.407]",*
35094.188420029735,"(31806.512, 40457.828]","(172.60999999999999, 36199.407]",*
35102.9959983678,"(31806.512, 40457.828]","(172.60999999999999, 36199.407]",*
35106.5461447725,"(31806.512, 40457.828]","(172.60999999999999, 36199.407]",*
35107.139075241095,"(31806.512, 40457.828]","(172.60999999999999, 36199.407]",*
35114.402463487364,"(31806.512, 40457.828]","(172.60999999999999, 36199.407]",*
35122.389471607785,"(31806.512, 40457.828]","(172.60999999999999, 36199.407]",*
35123.38281045343,"(31806.512, 40457.828]","(172.60999999999999, 36199.407]",*
35130.38127834084,"(31806.512, 40457.828]","(172.60999999999999, 36199.407]",*
35131.578145165775,"(31806.512, 40457.828]","(172.60999999999999, 36199.407]",*
35143.20337816978,"(31806.512, 40457.828]","(172.60999999999999, 36199.407]",*
35148.16490979576,"(31806.512, 40457.828]","(172.60999999999999, 36199.407]",*
35148.66775270884,"(31806.512, 40457.828]","(172.60999999999999, 36199.407]",*
35153.586261147146,"(31806.512, 40457.828]","(172.60999999999999, 36199.407]",*
35163.516836278905,"(31806.512, 40457.828]","(172.60999999999999, 36199.407]",*
35167.570230862766,"(31806.512, 40457.828]","(172.60999999999999, 36199.407]",*
35174.871339599966,"(31806.512, 40457.828]","(172.60999999999999, 36199.407]",*
35182.005089262355,"(31806.512, 40457.828]","(172.60999999999999, 36199.407]",*
35183.720257909146,"(31806.512, 40457.828]","(172.60999999999999, 36199.407]",*
35186.86143082371,"(31806.512, 40457.828]","(172.60999999999999, 36199.407]",*
35188.77284791696,"(31806.512, 40457.828]","(172.60999999999999, 36199.407]",*
35188.91825895532,"(31806.512, 40457.828]","(172.60999999999999, 36199.407]",*
35192.84402784524,"(31806.512, 40457.828]","(172.60999999999999, 36199.407]",*
35193.211499002224,"(31806.512, 40457.828]","(172.60999999999999, 36199.407]",*
35193.33694433156,"(31806.512, 40457.828]","(172.60999999999999, 36199.407]",*
35193.91648163236,"(31806.512, 40457.828]","(172.60999999999999, 36199.407]",*
35197.384960592535,"(31806.512, 40457.828]","(172.60999999999999, 36199.407]",*
35197.94256902535,"(31806.512, 40457.828]","(172.60999999999999, 36199.407]",*
35204.807144510094,"(31806.512, 40457.828]","(172.60999999999999, 36199.407]",*
35204.975696753885,"(31806.512, 40457.828]","(172.60999999999999, 36199.407]",*
35212.743880369235,"(31806.512, 40457.828]","(172.60999999999999, 36199.407]",*
35220.38316390235,"(31806.512, 40457.828]","(172.60999999999999, 36199.407]",*
35220.86194037231,"(31806.512, 40457.828]","(172.60999999999999, 36199.407]",*
35230.802543015976,"(31806.512, 40457.828]","(172.60999999999999, 36199.407]",*
35237.453429310954,"(31806.512, 40457.828]","(172.60999999999999, 36199.407]",*
35245.74480830359,"(31806.512, 40457.828]","(172.60999999999999, 36199.407]",*
35253.99541115643,"(31806.512, 40457.828]","(172.60999999999999, 36199.407]",*
35254.128315573376,"(31806.512, 40457.828]","(172.60999999999999, 36199.407]",*
35257.71759308874,"(31806.512, 40457.828]","(172.60999999999999, 36199.407]",*
35261.12701836895,"(31806.512, 40457.828]","(172.60999999999999, 36199.407]",*
35263.65313745236,"(31806.512, 40457.828]","(172.60999999999999, 36199.407]",*
35264.611828846006,"(31806.512, 40457.828]","(172.60999999999999, 36199.407]",*
35271.3646376237,"(31806.512, 40457.828]","(172.60999999999999, 36199.407]",*
35271.71984106186,"(31806.512, 40457.828]","(172.60999999999999, 36199.407]",*
35276.65257168938,"(31806.512, 40457.828]","(172.60999999999999, 36199.407]",*
35277.80404192723,"(31806.512, 40457.828]","(172.60999999999999, 36199.407]",*
35279.235808067315,"(31806.512, 40457.828]","(172.60999999999999, 36199.407]",*
35279.61693961444,"(31806.512, 40457.828]","(172.60999999999999, 36199.407]",*
35282.71402562679,"(31806.512, 40457.828]","(172.60999999999999, 36199.407]",*
35294.28359954228,"(31806.512, 40457.828]","(172.60999999999999, 36199.407]",*
35315.030352393675,"(31806.512, 40457.828]","(172.60999999999999, 36199.407]",*
35323.787924263364,"(31806.512, 40457.828]","(172.60999999999999, 36199.407]",*
35334.6336723284,"(31806.512, 40457.828]","(172.60999999999999, 36199.407]",*
35336.0630541134,"(31806.512, 40457.828]","(172.60999999999999, 36199.407]",*
35339.56992976656,"(31806.512, 40457.828]","(172.60999999999999, 36199.407]",*
35341.06781937152,"(31806.512, 40457.828]","(172.60999999999999, 36199.407]",*
35347.1330032743,"(31806.512, 40457.828]","(172.60999999999999, 36199.407]",*
35359.84846516354,"(31806.512, 40457.828]","(172.60999999999999, 36199.407]",*
35365.94559951881,"(31806.512, 40457.828]","(172.60999999999999, 36199.407]",*
35370.306655241126,"(31806.512, 40457.828]","(172.60999999999999, 36199.407]",*
35371.212566197166,"(31806.512, 40457.828]","(172.60999999999999, 36199.407]",*
35374.249175688354,"(31806.512, 40457.828]","(172.60999999999999, 36199.407]",*
35376.73382795804,"(31806.512, 40457.828]","(172.60999999999999, 36199.407]",*
35376.99073281176,"(31806.512, 40457.828]","(172.60999999999999, 36199.407]",*
35392.0515101274,"(31806.512, 40457.828]","(172.60999999999999, 36199.407]",*
35399.2102403522,"(31806.512, 40457.828]","(172.60999999999999, 36199.407]",*
35399.907476359906,"(31806.512, 40457.828]","(172.60999999999999, 36199.407]",*
35417.769647208625,"(31806.512, 40457.828]","(172.60999999999999, 36199.407]",*
35420.740943084376,"(31806.512, 40457.828]","(172.60999999999999, 36199.407]",*
35426.69012793612,"(31806.512, 40457.828]","(172.60999999999999, 36199.407]",*
35427.10591124279,"(31806.512, 40457.828]","(172.60999999999999, 36199.407]",*
35427.14865129733,"(31806.512, 40457.828]","(172.60999999999999, 36199.407]",*
35431.25153834283,"(31806.512, 40457.828]","(172.60999999999999, 36199.407]",*
35437.88701392138,"(31806.512, 40457.828]","(172.60999999999999, 36199.407]",*
35441.487331512384,"(31806.512, 40457.828]","(172.60999999999999, 36199.407]",*
35447.2949354982,"(31806.512, 40457.828]","(172.60999999999999, 36199.407]",*
35447.92120877334,"(31806.512, 40457.828]","(172.60999999999999, 36199.407]",*
35450.55481546878,"(31806.512, 40457.828]","(172.60999999999999, 36199.407]",*
35452.59150868689,"(31806.512, 40457.828]","(172.60999999999999, 36199.407]",*
35469.028665063226,"(31806.512, 40457.828]","(172.60999999999999, 36199.407]",*
35476.168797826984,"(31806.512, 40457.828]","(172.60999999999999, 36199.407]",*
35478.58298952632,"(31806.512, 40457.828]","(172.60999999999999, 36199.407]",*
35497.432191485976,"(31806.512, 40457.828]","(172.60999999999999, 36199.407]",*
35512.2550468822,"(31806.512, 40457.828]","(172.60999999999999, 36199.407]",*
35513.45835190362,"(31806.512, 40457.828]","(172.60999999999999, 36199.407]",*
35514.53475960001,"(31806.512, 40457.828]","(172.60999999999999, 36199.407]",*
35516.409893987315,"(31806.512, 40457.828]","(172.60999999999999, 36199.407]",*
35517.54187040426,"(31806.512, 40457.828]","(172.60999999999999, 36199.407]",*
35521.04918077712,"(31806.512, 40457.828]","(172.60999999999999, 36199.407]",*
35521.294033173246,"(31806.512, 40457.828]","(172.60999999999999, 36199.407]",*
35525.87604223867,"(31806.512, 40457.828]","(172.60999999999999, 36199.407]",*
35528.50391339022,"(31806.512, 40457.828]","(172.60999999999999, 36199.407]",*
35538.32402477712,"(31806.512, 40457.828]","(172.60999999999999, 36199.407]",*
35548.65188779379,"(31806.512, 40457.828]","(172.60999999999999, 36199.407]",*
35551.38521287649,"(31806.512, 40457.828]","(172.60999999999999, 36199.407]",*
35552.99117871315,"(31806.512, 40457.828]","(172.60999999999999, 36199.407]",*
35553.51869634586,"(31806.512, 40457.828]","(172.60999999999999, 36199.407]",*
35561.08440735087,"(31806.512, 40457.828]","(172.60999999999999, 36199.407]",*
35563.456131521874,"(31806.512, 40457.828]","(172.60999999999999, 36199.407]",*
35579.212093914066,"(31806.512, 40457.828]","(172.60999999999999, 36199.407]",*
35589.59472350224,"(31806.512, 40457.828]","(172.60999999999999, 36199.407]",*
35592.872099159365,"(31806.512, 40457.828]","(172.60999999999999, 36199.407]",*
35593.55018460386,"(31806.512, 40457.828]","(172.60999999999999, 36199.407]",*
35594.22417611311,"(31806.512, 40457.828]","(172.60999999999999, 36199.407]",*
35596.82457802596,"(31806.512, 40457.828]","(172.60999999999999, 36199.407]",*
35597.37289302554,"(31806.512, 40457.828]","(172.60999999999999, 36199.407]",*
35598.390437472044,"(31806.512, 40457.828]","(172.60999999999999, 36199.407]",*
35621.38270741036,"(31806.512, 40457.828]","(172.60999999999999, 36199.407]",*
35621.67753524416,"(31806.512, 40457.828]","(172.60999999999999, 36199.407]",*
35628.825385969736,"(31806.512, 40457.828]","(172.60999999999999, 36199.407]",*
35630.560451493104,"(31806.512, 40457.828]","(172.60999999999999, 36199.407]",*
35630.891291724845,"(31806.512, 40457.828]","(172.60999999999999, 36199.407]",*
35638.538167032966,"(31806.512, 40457.828]","(172.60999999999999, 36199.407]",*
35642.530335506715,"(31806.512, 40457.828]","(172.60999999999999, 36199.407]",*
35656.22969097452,"(31806.512, 40457.828]","(172.60999999999999, 36199.407]",*
35658.692679981235,"(31806.512, 40457.828]","(172.60999999999999, 36199.407]",*
35673.18145806422,"(31806.512, 40457.828]","(172.60999999999999, 36199.407]",*
35680.46768098531,"(31806.512, 40457.828]","(172.60999999999999, 36199.407]",*
35681.15262127569,"(31806.512, 40457.828]","(172.60999999999999, 36199.407]",*
35683.67249901339,"(31806.512, 40457.828]","(172.60999999999999, 36199.407]",*
35690.21885255828,"(31806.512, 40457.828]","(172.60999999999999, 36199.407]",*
35692.27653969571,"(31806.512, 40457.828]","(172.60999999999999, 36199.407]",*
35703.99249496035,"(31806.512, 40457.828]","(172.60999999999999, 36199.407]",*
35707.76230138242,"(31806.512, 40457.828]","(172.60999999999999, 36199.407]",*
35719.653052030866,"(31806.512, 40457.828]","(172.60999999999999, 36199.407]",*
35724.01849236346,"(31806.512, 40457.828]","(172.60999999999999, 36199.407]",*
35726.60562963228,"(31806.512, 40457.828]","(172.60999999999999, 36199.407]",*
35735.32371072192,"(31806.512, 40457.828]","(172.60999999999999, 36199.407]",*
35742.17832926704,"(31806.512, 40457.828]","(172.60999999999999, 36199.407]",*
35748.33147389679,"(31806.512, 40457.828]","(172.60999999999999, 36199.407]",*
35750.28631328743,"(31806.512, 40457.828]","(172.60999999999999, 36199.407]",*
35756.68693893023,"(31806.512, 40457.828]","(172.60999999999999, 36199.407]",*
35762.87061538872,"(31806.512, 40457.828]","(172.60999999999999, 36199.407]",*
35765.749206856526,"(31806.512, 40457.828]","(172.60999999999999, 36199.407]",*
35772.52400703681,"(31806.512, 40457.828]","(172.60999999999999, 36199.407]",*
35777.29468922663,"(31806.512, 40457.828]","(172.60999999999999, 36199.407]",*
35778.45866770661,"(31806.512, 40457.828]","(172.60999999999999, 36199.407]",*
35780.3549933541,"(31806.512, 40457.828]","(172.60999999999999, 36199.407]",*
35781.17461419985,"(31806.512, 40457.828]","(172.60999999999999, 36199.407]",*
35783.754734405826,"(31806.512, 40457.828]","(172.60999999999999, 36199.407]",*
35785.38868786793,"(31806.512, 40457.828]","(172.60999999999999, 36199.407]",*
35799.638274321755,"(31806.512, 40457.828]","(172.60999999999999, 36199.407]",*
35799.96254832016,"(31806.512, 40457.828]","(172.60999999999999, 36199.407]",*
35808.410189985465,"(31806.512, 40457.828]","(172.60999999999999, 36199.407]",*
35821.417166922336,"(31806.512, 40457.828]","(172.60999999999999, 36199.407]",*
35822.60168358347,"(31806.512, 40457.828]","(172.60999999999999, 36199.407]",*
35826.71023469518,"(31806.512, 40457.828]","(172.60999999999999, 36199.407]",*
35833.393082558425,"(31806.512, 40457.828]","(172.60999999999999, 36199.407]",*
35834.49299575758,"(31806.512, 40457.828]","(172.60999999999999, 36199.407]",*
35848.081267250425,"(31806.512, 40457.828]","(172.60999999999999, 36199.407]",*
35863.46855971082,"(31806.512, 40457.828]","(172.60999999999999, 36199.407]",*
35879.91366699962,"(31806.512, 40457.828]","(172.60999999999999, 36199.407]",*
35890.396045365684,"(31806.512, 40457.828]","(172.60999999999999, 36199.407]",*
35891.80616278346,"(31806.512, 40457.828]","(172.60999999999999, 36199.407]",*
35918.89378154244,"(31806.512, 40457.828]","(172.60999999999999, 36199.407]",*
35919.854088494845,"(31806.512, 40457.828]","(172.60999999999999, 36199.407]",*
35935.49687272748,"(31806.512, 40457.828]","(172.60999999999999, 36199.407]",*
35936.05672417512,"(31806.512, 40457.828]","(172.60999999999999, 36199.407]",*
35953.15722896447,"(31806.512, 40457.828]","(172.60999999999999, 36199.407]",*
35960.62566152464,"(31806.512, 40457.828]","(172.60999999999999, 36199.407]",*
35971.47013457437,"(31806.512, 40457.828]","(172.60999999999999, 36199.407]",*
35977.319161175816,"(31806.512, 40457.828]","(172.60999999999999, 36199.407]",*
35981.18267731189,"(31806.512, 40457.828]","(172.60999999999999, 36199.407]",*
35990.10338695565,"(31806.512, 40457.828]","(172.60999999999999, 36199.407]",*
35991.72063788777,"(31806.512, 40457.828]","(172.60999999999999, 36199.407]",*
35997.831711374354,"(31806.512, 40457.828]","(172.60999999999999, 36199.407]",*
35998.31948464268,"(31806.512, 40457.828]","(172.60999999999999, 36199.407]",*
35999.975533225515,"(31806.512, 40457.828]","(172.60999999999999, 36199.407]",*
36000.50602809293,"(31806.512, 40457.828]","(172.60999999999999, 36199.407]",*
36001.26253261344,"(31806.512, 40457.828]","(172.60999999999999, 36199.407]",*
36002.29607890185,"(31806.512, 40457.828]","(172.60999999999999, 36199.407]",*
36009.700337263464,"(31806.512, 40457.828]","(172.60999999999999, 36199.407]",*
36011.05116911046,"(31806.512, 40457.828]","(172.60999999999999, 36199.407]",*
36026.40839726013,"(31806.512, 40457.828]","(172.60999999999999, 36199.407]",*
36033.42685154353,"(31806.512, 40457.828]","(172.60999999999999, 36199.407]",*
36033.701431354224,"(31806.512, 40457.828]","(172.60999999999999, 36199.407]",*
36035.54190136532,"(31806.512, 40457.828]","(172.60999999999999, 36199.407]",*
36038.959052889964,"(31806.512, 40457.828]","(172.60999999999999, 36199.407]",*
36040.20672690043,"(31806.512, 40457.828]","(172.60999999999999, 36199.407]",*
36041.27531429473,"(31806.512, 40457.828]","(172.60999999999999, 36199.407]",*
36043.0204889754,"(31806.512, 40457.828]","(172.60999999999999, 36199.407]",*
36043.9171142742,"(31806.512, 40457.828]","(172.60999999999999, 36199.407]",*
36050.83957725239,"(31806.512, 40457.828]","(172.60999999999999, 36199.407]",*
36059.59996604284,"(31806.512, 40457.828]","(172.60999999999999, 36199.407]",*
36062.78846498253,"(31806.512, 40457.828]","(172.60999999999999, 36199.407]",*
36071.755198502135,"(31806.512, 40457.828]","(172.60999999999999, 36199.407]",*
36075.80579422759,"(31806.512, 40457.828]","(172.60999999999999, 36199.407]",*
36075.96320475589,"(31806.512, 40457.828]","(172.60999999999999, 36199.407]",*
36078.3213704564,"(31806.512, 40457.828]","(172.60999999999999, 36199.407]",*
36083.82377422618,"(31806.512, 40457.828]","(172.60999999999999, 36199.407]",*
36084.837743665725,"(31806.512, 40457.828]","(172.60999999999999, 36199.407]",*
36085.10107592731,"(31806.512, 40457.828]","(172.60999999999999, 36199.407]",*
36099.242913726994,"(31806.512, 40457.828]","(172.60999999999999, 36199.407]",*
36100.57717685393,"(31806.512, 40457.828]","(172.60999999999999, 36199.407]",*
36105.06961141978,"(31806.512, 40457.828]","(172.60999999999999, 36199.407]",*
36106.36885705103,"(31806.512, 40457.828]","(172.60999999999999, 36199.407]",*
36110.063088777264,"(31806.512, 40457.828]","(172.60999999999999, 36199.407]",*
36115.81636440278,"(31806.512, 40457.828]","(172.60999999999999, 36199.407]",*
36119.1023553286,"(31806.512, 40457.828]","(172.60999999999999, 36199.407]",*
36128.990104423785,"(31806.512, 40457.828]","(172.60999999999999, 36199.407]",*
36129.69101455189,"(31806.512, 40457.828]","(172.60999999999999, 36199.407]",*
36142.96798822272,"(31806.512, 40457.828]","(172.60999999999999, 36199.407]",*
36145.20983405277,"(31806.512, 40457.828]","(172.60999999999999, 36199.407]",*
36147.82857125621,"(31806.512, 40457.828]","(172.60999999999999, 36199.407]",*
36148.15638601139,"(31806.512, 40457.828]","(172.60999999999999, 36199.407]",*
36156.92049089663,"(31806.512, 40457.828]","(172.60999999999999, 36199.407]",*
36164.65545352528,"(31806.512, 40457.828]","(172.60999999999999, 36199.407]",*
36179.40576719907,"(31806.512, 40457.828]","(172.60999999999999, 36199.407]",*
36183.2878037408,"(31806.512, 40457.828]","(172.60999999999999, 36199.407]",*
36185.05005613952,"(31806.512, 40457.828]","(172.60999999999999, 36199.407]",*
36198.44099063199,"(31806.512, 40457.828]","(172.60999999999999, 36199.407]",*
36200.37238788912,"(31806.512, 40457.828]","(36199.407, 69621.713]",*
36204.71114362552,"(31806.512, 40457.828]","(36199.407, 69621.713]",*
36205.14862834159,"(31806.512, 40457.828]","(36199.407, 69621.713]",*
36215.15942437233,"(31806.512, 40457.828]","(36199.407, 69621.713]",*
36215.96254649309,"(31806.512, 40457.828]","(36199.407, 69621.713]",*
36220.1237050292,"(31806.512, 40457.828]","(36199.407, 69621.713]",*
36227.354026483576,"(31806.512, 40457.828]","(36199.407, 69621.713]",*
36228.836135098085,"(31806.512, 40457.828]","(36199.407, 69621.713]",*
36236.51467661121,"(31806.512, 40457.828]","(36199.407, 69621.713]",*
36239.394116006486,"(31806.512, 40457.828]","(36199.407, 69621.713]",*
36239.55617141063,"(31806.512, 40457.828]","(36199.407, 69621.713]",*
36241.30098912795,"(31806.512, 40457.828]","(36199.407, 69621.713]",*
36242.10574764058,"(31806.512, 40457.828]","(36199.407, 69621.713]",*
36246.41293484103,"(31806.512, 40457.828]","(36199.407, 69621.713]",*
36248.75862511976,"(31806.512, 40457.828]","(36199.407, 69621.713]",*
36249.40582648556,"(31806.512, 40457.828]","(36199.407, 69621.713]",*
36252.34068234427,"(31806.512, 40457.828]","(36199.407, 69621.713]",*
36260.06673411712,"(31806.512, 40457.828]","(36199.407, 69621.713]",*
36262.4269048276,"(31806.512, 40457.828]","(36199.407, 69621.713]",*
36269.23295390632,"(31806.512, 40457.828]","(36199.407, 69621.713]",*
36271.408495749216,"(31806.512, 40457.828]","(36199.407, 69621.713]",*
36271.52986022418,"(31806.512, 40457.828]","(36199.407, 69621.713]",*
36291.145204443375,"(31806.512, 40457.828]","(36199.407, 69621.713]",*
36292.99615901843,"(31806.512, 40457.828]","(36199.407, 69621.713]",*
36308.244710183,"(31806.512, 40457.828]","(36199.407, 69621.713]",*
36323.69445058077,"(31806.512, 40457.828]","(36199.407, 69621.713]",*
36325.304633198655,"(31806.512, 40457.828]","(36199.407, 69621.713]",*
36325.67876799386,"(31806.512, 40457.828]","(36199.407, 69621.713]",*
36325.78761809258,"(31806.512, 40457.828]","(36199.407, 69621.713]",*
36326.696940543545,"(31806.512, 40457.828]","(36199.407, 69621.713]",*
36332.254653790085,"(31806.512, 40457.828]","(36199.407, 69621.713]",*
36333.4814718268,"(31806.512, 40457.828]","(36199.407, 69621.713]",*
36333.95284776679,"(31806.512, 40457.828]","(36199.407, 69621.713]",*
36337.02712143875,"(31806.512, 40457.828]","(36199.407, 69621.713]",*
36337.755248546135,"(31806.512, 40457.828]","(36199.407, 69621.713]",*
36337.986322187215,"(31806.512, 40457.828]","(36199.407, 69621.713]",*
36342.71475905286,"(31806.512, 40457.828]","(36199.407, 69621.713]",*
36345.82977862472,"(31806.512, 40457.828]","(36199.407, 69621.713]",*
36351.91765401142,"(31806.512, 40457.828]","(36199.407, 69621.713]",*
36352.35133038644,"(31806.512, 40457.828]","(36199.407, 69621.713]",*
36360.16874931794,"(31806.512, 40457.828]","(36199.407, 69621.713]",*
36360.27380275296,"(31806.512, 40457.828]","(36199.407, 69621.713]",*
36376.48857396274,"(31806.512, 40457.828]","(36199.407, 69621.713]",*
36377.83735170558,"(31806.512, 40457.828]","(36199.407, 69621.713]",*
36380.57032695496,"(31806.512, 40457.828]","(36199.407, 69621.713]",*
36391.92538996875,"(31806.512, 40457.828]","(36199.407, 69621.713]",*
36394.25391533209,"(31806.512, 40457.828]","(36199.407, 69621.713]",*
36395.888301354506,"(31806.512, 40457.828]","(36199.407, 69621.713]",*
36397.65320459205,"(31806.512, 40457.828]","(36199.407, 69621.713]",*
36401.37571365228,"(31806.512, 40457.828]","(36199.407, 69621.713]",*
36409.132305851184,"(31806.512, 40457.828]","(36199.407, 69621.713]",*
36411.83456056749,"(31806.512, 40457.828]","(36199.407, 69621.713]",*
36411.9740916696,"(31806.512, 40457.828]","(36199.407, 69621.713]",*
36414.72944506635,"(31806.512, 40457.828]","(36199.407, 69621.713]",*
36419.17069145796,"(31806.512, 40457.828]","(36199.407, 69621.713]",*
36419.23410532804,"(31806.512, 40457.828]","(36199.407, 69621.713]",*
36428.04220913439,"(31806.512, 40457.828]","(36199.407, 69621.713]",*
36436.4923262612,"(31806.512, 40457.828]","(36199.407, 69621.713]",*
36442.99498256369,"(31806.512, 40457.828]","(36199.407, 69621.713]",*
36446.87144094857,"(31806.512, 40457.828]","(36199.407, 69621.713]",*
36454.298656933446,"(31806.512, 40457.828]","(36199.407, 69621.713]",*
36463.03326830585,"(31806.512, 40457.828]","(36199.407, 69621.713]",*
36471.45806940468,"(31806.512, 40457.828]","(36199.407, 69621.713]",*
36472.17905089275,"(31806.512, 40457.828]","(36199.407, 69621.713]",*
36474.39183199871,"(31806.512, 40457.828]","(36199.407, 69621.713]",*
36474.98799620042,"(31806.512, 40457.828]","(36199.407, 69621.713]",*
36479.28156110763,"(31806.512, 40457.828]","(36199.407, 69621.713]",*
36481.32775191065,"(31806.512, 40457.828]","(36199.407, 69621.713]",*
36495.170949408894,"(31806.512, 40457.828]","(36199.407, 69621.713]",*
36499.84396619038,"(31806.512, 40457.828]","(36199.407, 69621.713]",*
36505.441055722615,"(31806.512, 40457.828]","(36199.407, 69621.713]",*
36506.97739461663,"(31806.512, 40457.828]","(36199.407, 69621.713]",*
36516.35897249384,"(31806.512, 40457.828]","(36199.407, 69621.713]",*
36533.83777923328,"(31806.512, 40457.828]","(36199.407, 69621.713]",*
36538.75654824732,"(31806.512, 40457.828]","(36199.407, 69621.713]",*
36543.067280548086,"(31806.512, 40457.828]","(36199.407, 69621.713]",*
36544.31858735668,"(31806.512, 40457.828]","(36199.407, 69621.713]",*
36546.08011772621,"(31806.512, 40457.828]","(36199.407, 69621.713]",*
36552.22294213856,"(31806.512, 40457.828]","(36199.407, 69621.713]",*
36561.833421227886,"(31806.512, 40457.828]","(36199.407, 69621.713]",*
36564.73349228891,"(31806.512, 40457.828]","(36199.407, 69621.713]",*
36565.02983061061,"(31806.512, 40457.828]","(36199.407, 69621.713]",*
36567.17804691879,"(31806.512, 40457.828]","(36199.407, 69621.713]",*
36570.18205400864,"(31806.512, 40457.828]","(36199.407, 69621.713]",*
36590.45041704584,"(31806.512, 40457.828]","(36199.407, 69621.713]",*
36591.52344845072,"(31806.512, 40457.828]","(36199.407, 69621.713]",*
36591.957304993455,"(31806.512, 40457.828]","(36199.407, 69621.713]",*
36616.16883437132,"(31806.512, 40457.828]","(36199.407, 69621.713]",*
36616.6588323555,"(31806.512, 40457.828]","(36199.407, 69621.713]",*
36621.75954384187,"(31806.512, 40457.828]","(36199.407, 69621.713]",*
36626.703993751085,"(31806.512, 40457.828]","(36199.407, 69621.713]",*
36631.92685736338,"(31806.512, 40457.828]","(36199.407, 69621.713]",*
36637.07871329775,"(31806.512, 40457.828]","(36199.407, 69621.713]",*
36644.53024401127,"(31806.512, 40457.828]","(36199.407, 69621.713]",*
36649.85271539492,"(31806.512, 40457.828]","(36199.407, 69621.713]",*
36651.062170207966,"(31806.512, 40457.828]","(36199.407, 69621.713]",*
36651.51946740345,"(31806.512, 40457.828]","(36199.407, 69621.713]",*
36654.46346483865,"(31806.512, 40457.828]","(36199.407, 69621.713]",*
36655.128939367816,"(31806.512, 40457.828]","(36199.407, 69621.713]",*
36678.06361804772,"(31806.512, 40457.828]","(36199.407, 69621.713]",*
36679.18742741142,"(31806.512, 40457.828]","(36199.407, 69621.713]",*
36679.4320262847,"(31806.512, 40457.828]","(36199.407, 69621.713]",*
36688.16069213789,"(31806.512, 40457.828]","(36199.407, 69621.713]",*
36689.233997043615,"(31806.512, 40457.828]","(36199.407, 69621.713]",*
36698.64905300257,"(31806.512, 40457.828]","(36199.407, 69621.713]",*
36705.90669103705,"(31806.512, 40457.828]","(36199.407, 69621.713]",*
36706.21104179112,"(31806.512, 40457.828]","(36199.407, 69621.713]",*
36707.941633054936,"(31806.512, 40457.828]","(36199.407, 69621.713]",*
36711.494257445134,"(31806.512, 40457.828]","(36199.407, 69621.713]",*
36711.62329675796,"(31806.512, 40457.828]","(36199.407, 69621.713]",*
36712.20014080015,"(31806.512, 40457.828]","(36199.407, 69621.713]",*
36713.864843358846,"(31806.512, 40457.828]","(36199.407, 69621.713]",*
36714.49675451042,"(31806.512, 40457.828]","(36199.407, 69621.713]",*
36718.5123127686,"(31806.512, 40457.828]","(36199.407, 69621.713]",*
36734.74419796701,"(31806.512, 40457.828]","(36199.407, 69621.713]",*
36742.343397665616,"(31806.512, 40457.828]","(36199.407, 69621.713]",*
36743.26833902647,"(31806.512, 40457.828]","(36199.407, 69621.713]",*
36758.32133655043,"(31806.512, 40457.828]","(36199.407, 69621.713]",*
36759.652549341205,"(31806.512, 40457.828]","(36199.407, 69621.713]",*
36768.63392707383,"(31806.512, 40457.828]","(36199.407, 69621.713]",*
36769.24968163209,"(31806.512, 40457.828]","(36199.407, 69621.713]",*
36773.03540835819,"(31806.512, 40457.828]","(36199.407, 69621.713]",*
36778.29264008214,"(31806.512, 40457.828]","(36199.407, 69621.713]",*
36779.058567387576,"(31806.512, 40457.828]","(36199.407, 69621.713]",*
36788.48610822232,"(31806.512, 40457.828]","(36199.407, 69621.713]",*
36788.98032695149,"(31806.512, 40457.828]","(36199.407, 69621.713]",*
36790.9147385095,"(31806.512, 40457.828]","(36199.407, 69621.713]",*
36794.1993721251,"(31806.512, 40457.828]","(36199.407, 69621.713]",*
36795.39816513962,"(31806.512, 40457.828]","(36199.407, 69621.713]",*
36800.46042486138,"(31806.512, 40457.828]","(36199.407, 69621.713]",*
36804.948671229664,"(31806.512, 40457.828]","(36199.407, 69621.713]",*
36809.124933124825,"(31806.512, 40457.828]","(36199.407, 69621.713]",*
36817.36875974564,"(31806.512, 40457.828]","(36199.407, 69621.713]",*
36830.08034643698,"(31806.512, 40457.828]","(36199.407, 69621.713]",*
36835.73969931414,"(31806.512, 40457.828]","(36199.407, 69621.713]",*
36837.81793095746,"(31806.512, 40457.828]","(36199.407, 69621.713]",*
36841.17614270281,"(31806.512, 40457.828]","(36199.407, 69621.713]",*
36845.30501343821,"(31806.512, 40457.828]","(36199.407, 69621.713]",*
36851.38401385537,"(31806.512, 40457.828]","(36199.407, 69621.713]",*
36853.69457526069,"(31806.512, 40457.828]","(36199.407, 69621.713]",*
36855.66935107269,"(31806.512, 40457.828]","(36199.407, 69621.713]",*
36858.96770424608,"(31806.512, 40457.828]","(36199.407, 69621.713]",*
36882.15939970458,"(31806.512, 40457.828]","(36199.407, 69621.713]",*
36889.39531642183,"(31806.512, 40457.828]","(36199.407, 69621.713]",*
36892.623300692845,"(31806.512, 40457.828]","(36199.407, 69621.713]",*
36902.14538985521,"(31806.512, 40457.828]","(36199.407, 69621.713]",*
36903.30848520991,"(31806.512, 40457.828]","(36199.407, 69621.713]",*
36910.3035344734,"(31806.512, 40457.828]","(36199.407, 69621.713]",*
36913.35066679649,"(31806.512, 40457.828]","(36199.407, 69621.713]",*
36925.99738897962,"(31806.512, 40457.828]","(36199.407, 69621.713]",*
36930.84404658979,"(31806.512, 40457.828]","(36199.407, 69621.713]",*
36936.62977302445,"(31806.512, 40457.828]","(36199.407, 69621.713]",*
36940.859103940726,"(31806.512, 40457.828]","(36199.407, 69621.713]",*
36947.259039664976,"(31806.512, 40457.828]","(36199.407, 69621.713]",*
36950.451211692205,"(31806.512, 40457.828]","(36199.407, 69621.713]",*
36950.73905720722,"(31806.512, 40457.828]","(36199.407, 69621.713]",*
36954.33555676749,"(31806.512, 40457.828]","(36199.407, 69621.713]",*
36956.975222631365,"(31806.512, 40457.828]","(36199.407, 69621.713]",*
36959.62618165647,"(31806.512, 40457.828]","(36199.407, 69621.713]",*
36962.80755100463,"(31806.512, 40457.828]","(36199.407, 69621.713]",*
36966.474661378816,"(31806.512, 40457.828]","(36199.407, 69621.713]",*
36973.59706817311,"(31806.512, 40457.828]","(36199.407, 69621.713]",*
36975.05217258604,"(31806.512, 40457.828]","(36199.407, 69621.713]",*
36994.2791453705,"(31806.512, 40457.828]","(36199.407, 69621.713]",*
36998.47978911207,"(31806.512, 40457.828]","(36199.407, 69621.713]",*
37009.336021749536,"(31806.512, 40457.828]","(36199.407, 69621.713]",*
37012.99343370274,"(31806.512, 40457.828]","(36199.407, 69621.713]",*
37014.02103852558,"(31806.512, 40457.828]","(36199.407, 69621.713]",*
37017.09634823565,"(31806.512, 40457.828]","(36199.407, 69621.713]",*
37028.69622089246,"(31806.512, 40457.828]","(36199.407, 69621.713]",*
37030.72731046206,"(31806.512, 40457.828]","(36199.407, 69621.713]",*
37044.85814689072,"(31806.512, 40457.828]","(36199.407, 69621.713]",*
37047.882555650925,"(31806.512, 40457.828]","(36199.407, 69621.713]",*
37050.129386483815,"(31806.512, 40457.828]","(36199.407, 69621.713]",*
37062.48444068916,"(31806.512, 40457.828]","(36199.407, 69621.713]",*
37067.682458651136,"(31806.512, 40457.828]","(36199.407, 69621.713]",*
37068.48675729165,"(31806.512, 40457.828]","(36199.407, 69621.713]",*
37076.19845957431,"(31806.512, 40457.828]","(36199.407, 69621.713]",*
37078.68452122424,"(31806.512, 40457.828]","(36199.407, 69621.713]",*
37082.37421891178,"(31806.512, 40457.828]","(36199.407, 69621.713]",*
37084.665861646165,"(31806.512, 40457.828]","(36199.407, 69621.713]",*
37086.621057656936,"(31806.512, 40457.828]","(36199.407, 69621.713]",*
37088.816218389285,"(31806.512, 40457.828]","(36199.407, 69621.713]",*
37090.976034488034,"(31806.512, 40457.828]","(36199.407, 69621.713]",*
37098.74217235172,"(31806.512, 40457.828]","(36199.407, 69621.713]",*
37117.5550581268,"(31806.512, 40457.828]","(36199.407, 69621.713]",*
37127.9255010042,"(31806.512, 40457.828]","(36199.407, 69621.713]",*
37129.97368255676,"(31806.512, 40457.828]","(36199.407, 69621.713]",*
37130.79684731862,"(31806.512, 40457.828]","(36199.407, 69621.713]",*
37143.39873012205,"(31806.512, 40457.828]","(36199.407, 69621.713]",*
37145.63262714023,"(31806.512, 40457.828]","(36199.407, 69621.713]",*
37152.7993405071,"(31806.512, 40457.828]","(36199.407, 69621.713]",*
37153.85262306977,"(31806.512, 40457.828]","(36199.407, 69621.713]",*
37158.73837338535,"(31806.512, 40457.828]","(36199.407, 69621.713]",*
37161.112602330446,"(31806.512, 40457.828]","(36199.407, 69621.713]",*
37171.01135640209,"(31806.512, 40457.828]","(36199.407, 69621.713]",*
37175.07063627089,"(31806.512, 40457.828]","(36199.407, 69621.713]",*
37179.35057385288,"(31806.512, 40457.828]","(36199.407, 69621.713]",*
37180.500358543766,"(31806.512, 40457.828]","(36199.407, 69621.713]",*
37195.22370895519,"(31806.512, 40457.828]","(36199.407, 69621.713]",*
37198.29197986914,"(31806.512, 40457.828]","(36199.407, 69621.713]",*
37203.71543996226,"(31806.512, 40457.828]","(36199.407, 69621.713]",*
37212.311789046056,"(31806.512, 40457.828]","(36199.407, 69621.713]",*
37215.669643235815,"(31806.512, 40457.828]","(36199.407, 69621.713]",*
37217.643378804285,"(31806.512, 40457.828]","(36199.407, 69621.713]",*
37223.87616726714,"(31806.512, 40457.828]","(36199.407, 69621.713]",*
37226.30714989096,"(31806.512, 40457.828]","(36199.407, 69621.713]",*
37242.56159333399,"(31806.512, 40457.828]","(36199.407, 69621.713]",*
37245.94373115672,"(31806.512, 40457.828]","(36199.407, 69621.713]",*
37250.87098335951,"(31806.512, 40457.828]","(36199.407, 69621.713]",*
37252.71999989303,"(31806.512, 40457.828]","(36199.407, 69621.713]",*
37252.96217318781,"(31806.512, 40457.828]","(36199.407, 69621.713]",*
37254.69838893041,"(31806.512, 40457.828]","(36199.407, 69621.713]",*
37258.199823533934,"(31806.512, 40457.828]","(36199.407, 69621.713]",*
37261.318277668965,"(31806.512, 40457.828]","(36199.407, 69621.713]",*
37268.26996505183,"(31806.512, 40457.828]","(36199.407, 69621.713]",*
37271.15602523807,"(31806.512, 40457.828]","(36199.407, 69621.713]",*
37277.88701598088,"(31806.512, 40457.828]","(36199.407, 69621.713]",*
37280.44200823595,"(31806.512, 40457.828]","(36199.407, 69621.713]",*
37283.35764595176,"(31806.512, 40457.828]","(36199.407, 69621.713]",*
37285.03925936154,"(31806.512, 40457.828]","(36199.407, 69621.713]",*
37288.92357443037,"(31806.512, 40457.828]","(36199.407, 69621.713]",*
37295.99683177493,"(31806.512, 40457.828]","(36199.407, 69621.713]",*
37298.07147604728,"(31806.512, 40457.828]","(36199.407, 69621.713]",*
37299.51548097727,"(31806.512, 40457.828]","(36199.407, 69621.713]",*
37302.52533759223,"(31806.512, 40457.828]","(36199.407, 69621.713]",*
37311.66414199766,"(31806.512, 40457.828]","(36199.407, 69621.713]",*
37315.78840069791,"(31806.512, 40457.828]","(36199.407, 69621.713]",*
37332.21951982084,"(31806.512, 40457.828]","(36199.407, 69621.713]",*
37339.55589556337,"(31806.512, 40457.828]","(36199.407, 69621.713]",*
37340.98294403344,"(31806.512, 40457.828]","(36199.407, 69621.713]",*
37341.62134435234,"(31806.512, 40457.828]","(36199.407, 69621.713]",*
37345.9117229106,"(31806.512, 40457.828]","(36199.407, 69621.713]",*
37348.28648502901,"(31806.512, 40457.828]","(36199.407, 69621.713]",*
37355.86464341875,"(31806.512, 40457.828]","(36199.407, 69621.713]",*
37358.20126641253,"(31806.512, 40457.828]","(36199.407, 69621.713]",*
37360.06355740455,"(31806.512, 40457.828]","(36199.407, 69621.713]",*
37366.85980424864,"(31806.512, 40457.828]","(36199.407, 69621.713]",*
37368.20506582668,"(31806.512, 40457.828]","(36199.407, 69621.713]",*
37374.91924462835,"(31806.512, 40457.828]","(36199.407, 69621.713]",*
37378.95089279376,"(31806.512, 40457.828]","(36199.407, 69621.713]",*
37388.85260455219,"(31806.512, 40457.828]","(36199.407, 69621.713]",*
37393.99871086203,"(31806.512, 40457.828]","(36199.407, 69621.713]",*
37397.68062961157,"(31806.512, 40457.828]","(36199.407, 69621.713]",*
37402.083926552215,"(31806.512, 40457.828]","(36199.407, 69621.713]",*
37402.42749200229,"(31806.512, 40457.828]","(36199.407, 69621.713]",*
37410.38943583391,"(31806.512, 40457.828]","(36199.407, 69621.713]",*
37410.66992826226,"(31806.512, 40457.828]","(36199.407, 69621.713]",*
37413.91141822786,"(31806.512, 40457.828]","(36199.407, 69621.713]",*
37426.70974517781,"(31806.512, 40457.828]","(36199.407, 69621.713]",*
37432.68931739418,"(31806.512, 40457.828]","(36199.407, 69621.713]",*
37438.93604062829,"(31806.512, 40457.828]","(36199.407, 69621.713]",*
37441.12054361438,"(31806.512, 40457.828]","(36199.407, 69621.713]",*
37446.16767982284,"(31806.512, 40457.828]","(36199.407, 69621.713]",*
37455.317563803794,"(31806.512, 40457.828]","(36199.407, 69621.713]",*
37457.80723044293,"(31806.512, 40457.828]","(36199.407, 69621.713]",*
37462.22283440288,"(31806.512, 40457.828]","(36199.407, 69621.713]",*
37463.83647584928,"(31806.512, 40457.828]","(36199.407, 69621.713]",*
37467.59631128944,"(31806.512, 40457.828]","(36199.407, 69621.713]",*
37480.700048294384,"(31806.512, 40457.828]","(36199.407, 69621.713]",*
37482.545756890926,"(31806.512, 40457.828]","(36199.407, 69621.713]",*
37491.14691219292,"(31806.512, 40457.828]","(36199.407, 69621.713]",*
37499.005495723104,"(31806.512, 40457.828]","(36199.407, 69621.713]",*
37511.33915037937,"(31806.512, 40457.828]","(36199.407, 69621.713]",*
37515.5389962956,"(31806.512, 40457.828]","(36199.407, 69621.713]",*
37517.88304482415,"(31806.512, 40457.828]","(36199.407, 69621.713]",*
37520.65773244972,"(31806.512, 40457.828]","(36199.407, 69621.713]",*
37520.70754736289,"(31806.512, 40457.828]","(36199.407, 69621.713]",*
37521.8132200506,"(31806.512, 40457.828]","(36199.407, 69621.713]",*
37523.86467028772,"(31806.512, 40457.828]","(36199.407, 69621.713]",*
37530.43139087155,"(31806.512, 40457.828]","(36199.407, 69621.713]",*
37535.64382436912,"(31806.512, 40457.828]","(36199.407, 69621.713]",*
37540.31002608573,"(31806.512, 40457.828]","(36199.407, 69621.713]",*
37544.36701735537,"(31806.512, 40457.828]","(36199.407, 69621.713]",*
37548.26490181312,"(31806.512, 40457.828]","(36199.407, 69621.713]",*
37553.8579078226,"(31806.512, 40457.828]","(36199.407, 69621.713]",*
37556.107485759065,"(31806.512, 40457.828]","(36199.407, 69621.713]",*
37562.548061498965,"(31806.512, 40457.828]","(36199.407, 69621.713]",*
37565.54052171784,"(31806.512, 40457.828]","(36199.407, 69621.713]",*
37567.07634268543,"(31806.512, 40457.828]","(36199.407, 69621.713]",*
37573.57542084604,"(31806.512, 40457.828]","(36199.407, 69621.713]",*
37575.23589357013,"(31806.512, 40457.828]","(36199.407, 69621.713]",*
37578.846872002585,"(31806.512, 40457.828]","(36199.407, 69621.713]",*
37581.05337624488,"(31806.512, 40457.828]","(36199.407, 69621.713]",*
37585.27457622871,"(31806.512, 40457.828]","(36199.407, 69621.713]",*
37587.94430658633,"(31806.512, 40457.828]","(36199.407, 69621.713]",*
37592.845062318345,"(31806.512, 40457.828]","(36199.407, 69621.713]",*
37593.862490941785,"(31806.512, 40457.828]","(36199.407, 69621.713]",*
37594.49345795763,"(31806.512, 40457.828]","(36199.407, 69621.713]",*
37597.8684081931,"(31806.512, 40457.828]","(36199.407, 69621.713]",*
37600.687280749735,"(31806.512, 40457.828]","(36199.407, 69621.713]",*
37604.38120132265,"(31806.512, 40457.828]","(36199.407, 69621.713]",*
37608.6797541397,"(31806.512, 40457.828]","(36199.407, 69621.713]",*
37618.67655406348,"(31806.512, 40457.828]","(36199.407, 69621.713]",*
37619.439928778185,"(31806.512, 40457.828]","(36199.407, 69621.713]",*
37625.97415439469,"(31806.512, 40457.828]","(36199.407, 69621.713]",*
37634.04131607081,"(31806.512, 40457.828]","(36199.407, 69621.713]",*
37634.50033569967,"(31806.512, 40457.828]","(36199.407, 69621.713]",*
37642.02655291384,"(31806.512, 40457.828]","(36199.407, 69621.713]",*
37642.785273073976,"(31806.512, 40457.828]","(36199.407, 69621.713]",*
37643.07770890909,"(31806.512, 40457.828]","(36199.407, 69621.713]",*
37647.66604364541,"(31806.512, 40457.828]","(36199.407, 69621.713]",*
37650.869709323255,"(31806.512, 40457.828]","(36199.407, 69621.713]",*
37651.01453316747,"(31806.512, 40457.828]","(36199.407, 69621.713]",*
37655.52207539335,"(31806.512, 40457.828]","(36199.407, 69621.713]",*
37666.331184975184,"(31806.512, 40457.828]","(36199.407, 69621.713]",*
37670.82897971239,"(31806.512, 40457.828]","(36199.407, 69621.713]",*
37676.56472030714,"(31806.512, 40457.828]","(36199.407, 69621.713]",*
37680.555911090014,"(31806.512, 40457.828]","(36199.407, 69621.713]",*
37683.745823071215,"(31806.512, 40457.828]","(36199.407, 69621.713]",*
37688.39047927992,"(31806.512, 40457.828]","(36199.407, 69621.713]",*
37703.29693684352,"(31806.512, 40457.828]","(36199.407, 69621.713]",*
37712.83942228927,"(31806.512, 40457.828]","(36199.407, 69621.713]",*
37714.17499380707,"(31806.512, 40457.828]","(36199.407, 69621.713]",*
37717.253954973865,"(31806.512, 40457.828]","(36199.407, 69621.713]",*
37717.60297119864,"(31806.512, 40457.828]","(36199.407, 69621.713]",*
37721.32476338605,"(31806.512, 40457.828]","(36199.407, 69621.713]",*
37723.282290799085,"(31806.512, 40457.828]","(36199.407, 69621.713]",*
37730.0070850408,"(31806.512, 40457.828]","(36199.407, 69621.713]",*
37736.76990478449,"(31806.512, 40457.828]","(36199.407, 69621.713]",*
37736.857166801776,"(31806.512, 40457.828]","(36199.407, 69621.713]",*
37739.990319071134,"(31806.512, 40457.828]","(36199.407, 69621.713]",*
37741.35882370418,"(31806.512, 40457.828]","(36199.407, 69621.713]",*
37743.40274683161,"(31806.512, 40457.828]","(36199.407, 69621.713]",*
37752.9152190456,"(31806.512, 40457.828]","(36199.407, 69621.713]",*
37764.36223787261,"(31806.512, 40457.828]","(36199.407, 69621.713]",*
37766.66757213733,"(31806.512, 40457.828]","(36199.407, 69621.713]",*
37771.433260578415,"(31806.512, 40457.828]","(36199.407, 69621.713]",*
37786.056928315615,"(31806.512, 40457.828]","(36199.407, 69621.713]",*
37787.662953123385,"(31806.512, 40457.828]","(36199.407, 69621.713]",*
37791.01751347709,"(31806.512, 40457.828]","(36199.407, 69621.713]",*
37796.055653301,"(31806.512, 40457.828]","(36199.407, 69621.713]",*
37808.99667212122,"(31806.512, 40457.828]","(36199.407, 69621.713]",*
37811.208875140495,"(31806.512, 40457.828]","(36199.407, 69621.713]",*
37811.86692264288,"(31806.512, 40457.828]","(36199.407, 69621.713]",*
37813.714629785696,"(31806.512, 40457.828]","(36199.407, 69621.713]",*
37815.49403532158,"(31806.512, 40457.828]","(36199.407, 69621.713]",*
37816.33769638553,"(31806.512, 40457.828]","(36199.407, 69621.713]",*
37816.79808467127,"(31806.512, 40457.828]","(36199.407, 69621.713]",*
37824.71167204178,"(31806.512, 40457.828]","(36199.407, 69621.713]",*
37825.77980425708,"(31806.512, 40457.828]","(36199.407, 69621.713]",*
37836.51781926223,"(31806.512, 40457.828]","(36199.407, 69621.713]",*
37838.66198972871,"(31806.512, 40457.828]","(36199.407, 69621.713]",*
37838.86633013861,"(31806.512, 40457.828]","(36199.407, 69621.713]",*
37852.54170536105,"(31806.512, 40457.828]","(36199.407, 69621.713]",*
37853.30133692322,"(31806.512, 40457.828]","(36199.407, 69621.713]",*
37854.37345113622,"(31806.512, 40457.828]","(36199.407, 69621.713]",*
37863.58217694542,"(31806.512, 40457.828]","(36199.407, 69621.713]",*
37865.64854758692,"(31806.512, 40457.828]","(36199.407, 69621.713]",*
37866.63226481192,"(31806.512, 40457.828]","(36199.407, 69621.713]",*
37869.93681240013,"(31806.512, 40457.828]","(36199.407, 69621.713]",*
37875.20166021464,"(31806.512, 40457.828]","(36199.407, 69621.713]",*
37875.55012464448,"(31806.512, 40457.828]","(36199.407, 69621.713]",*
37882.63334092127,"(31806.512, 40457.828]","(36199.407, 69621.713]",*
37889.761391298285,"(31806.512, 40457.828]","(36199.407, 69621.713]",*
37894.649678955466,"(31806.512, 40457.828]","(36199.407, 69621.713]",*
37905.98378433242,"(31806.512, 40457.828]","(36199.407, 69621.713]",*
37908.346648138286,"(31806.512, 40457.828]","(36199.407, 69621.713]",*
37910.29498169442,"(31806.512, 40457.828]","(36199.407, 69621.713]",*
37921.72058611446,"(31806.512, 40457.828]","(36199.407, 69621.713]",*
37934.96743265513,"(31806.512, 40457.828]","(36199.407, 69621.713]",*
37937.194304004064,"(31806.512, 40457.828]","(36199.407, 69621.713]",*
37942.61345920773,"(31806.512, 40457.828]","(36199.407, 69621.713]",*
37956.29440727985,"(31806.512, 40457.828]","(36199.407, 69621.713]",*
37963.34189056817,"(31806.512, 40457.828]","(36199.407, 69621.713]",*
37965.3742068789,"(31806.512, 40457.828]","(36199.407, 69621.713]",*
37968.888095093054,"(31806.512, 40457.828]","(36199.407, 69621.713]",*
37969.65867038982,"(31806.512, 40457.828]","(36199.407, 69621.713]",*
37973.36333994172,"(31806.512, 40457.828]","(36199.407, 69621.713]",*
37975.777924495706,"(31806.512, 40457.828]","(36199.407, 69621.713]",*
37977.7575106195,"(31806.512, 40457.828]","(36199.407, 69621.713]",*
37979.30935584841,"(31806.512, 40457.828]","(36199.407, 69621.713]",*
37980.28034342884,"(31806.512, 40457.828]","(36199.407, 69621.713]",*
37984.18798184645,"(31806.512, 40457.828]","(36199.407, 69621.713]",*
37986.70178970581,"(31806.512, 40457.828]","(36199.407, 69621.713]",*
37994.328375162,"(31806.512, 40457.828]","(36199.407, 69621.713]",*
37994.97384891257,"(31806.512, 40457.828]","(36199.407, 69621.713]",*
37997.54791508851,"(31806.512, 40457.828]","(36199.407, 69621.713]",*
37998.99693118717,"(31806.512, 40457.828]","(36199.407, 69621.713]",*
37999.88351040407,"(31806.512, 40457.828]","(36199.407, 69621.713]",*
38004.14521071647,"(31806.512, 40457.828]","(36199.407, 69621.713]",*
38010.37273874927,"(31806.512, 40457.828]","(36199.407, 69621.713]",*
38011.76243676541,"(31806.512, 40457.828]","(36199.407, 69621.713]",*
38022.83819890816,"(31806.512, 40457.828]","(36199.407, 69621.713]",*
38030.224238070376,"(31806.512, 40457.828]","(36199.407, 69621.713]",*
38031.07263998284,"(31806.512, 40457.828]","(36199.407, 69621.713]",*
38039.25298988652,"(31806.512, 40457.828]","(36199.407, 69621.713]",*
38039.55056525791,"(31806.512, 40457.828]","(36199.407, 69621.713]",*
38039.598563290914,"(31806.512, 40457.828]","(36199.407, 69621.713]",*
38042.73611640746,"(31806.512, 40457.828]","(36199.407, 69621.713]",*
38047.13038231267,"(31806.512, 40457.828]","(36199.407, 69621.713]",*
38052.87644316596,"(31806.512, 40457.828]","(36199.407, 69621.713]",*
38061.99829895616,"(31806.512, 40457.828]","(36199.407, 69621.713]",*
38064.17691328129,"(31806.512, 40457.828]","(36199.407, 69621.713]",*
38066.161296912505,"(31806.512, 40457.828]","(36199.407, 69621.713]",*
38067.552184144304,"(31806.512, 40457.828]","(36199.407, 69621.713]",*
38072.284680567165,"(31806.512, 40457.828]","(36199.407, 69621.713]",*
38072.395359842194,"(31806.512, 40457.828]","(36199.407, 69621.713]",*
38073.51920148282,"(31806.512, 40457.828]","(36199.407, 69621.713]",*
38074.1402036044,"(31806.512, 40457.828]","(36199.407, 69621.713]",*
38082.48344281857,"(31806.512, 40457.828]","(36199.407, 69621.713]",*
38088.63597224703,"(31806.512, 40457.828]","(36199.407, 69621.713]",*
38092.92760424528,"(31806.512, 40457.828]","(36199.407, 69621.713]",*
38099.86748550607,"(31806.512, 40457.828]","(36199.407, 69621.713]",*
38102.4655577202,"(31806.512, 40457.828]","(36199.407, 69621.713]",*
38104.49400632603,"(31806.512, 40457.828]","(36199.407, 69621.713]",*
38105.77786114696,"(31806.512, 40457.828]","(36199.407, 69621.713]",*
38111.35301615624,"(31806.512, 40457.828]","(36199.407, 69621.713]",*
38114.52632973797,"(31806.512, 40457.828]","(36199.407, 69621.713]",*
38128.983695678784,"(31806.512, 40457.828]","(36199.407, 69621.713]",*
38132.46448381978,"(31806.512, 40457.828]","(36199.407, 69621.713]",*
38147.51025710431,"(31806.512, 40457.828]","(36199.407, 69621.713]",*
38159.21410460011,"(31806.512, 40457.828]","(36199.407, 69621.713]",*
38162.61294597664,"(31806.512, 40457.828]","(36199.407, 69621.713]",*
38177.82027370264,"(31806.512, 40457.828]","(36199.407, 69621.713]",*
38179.78040247686,"(31806.512, 40457.828]","(36199.407, 69621.713]",*
38180.26452255221,"(31806.512, 40457.828]","(36199.407, 69621.713]",*
38180.37253187924,"(31806.512, 40457.828]","(36199.407, 69621.713]",*
38180.822325928806,"(31806.512, 40457.828]","(36199.407, 69621.713]",*
38191.03227428696,"(31806.512, 40457.828]","(36199.407, 69621.713]",*
38198.79735894439,"(31806.512, 40457.828]","(36199.407, 69621.713]",*
38203.173532082285,"(31806.512, 40457.828]","(36199.407, 69621.713]",*
38212.6981175745,"(31806.512, 40457.828]","(36199.407, 69621.713]",*
38221.13574588705,"(31806.512, 40457.828]","(36199.407, 69621.713]",*
38235.0331024115,"(31806.512, 40457.828]","(36199.407, 69621.713]",*
38240.977881988416,"(31806.512, 40457.828]","(36199.407, 69621.713]",*
38244.58138761777,"(31806.512, 40457.828]","(36199.407, 69621.713]",*
38251.59327918996,"(31806.512, 40457.828]","(36199.407, 69621.713]",*
38251.81216901402,"(31806.512, 40457.828]","(36199.407, 69621.713]",*
38251.86261978088,"(31806.512, 40457.828]","(36199.407, 69621.713]",*
38259.223799596,"(31806.512, 40457.828]","(36199.407, 69621.713]",*
38263.48423099938,"(31806.512, 40457.828]","(36199.407, 69621.713]",*
38266.654416392346,"(31806.512, 40457.828]","(36199.407, 69621.713]",*
38272.92155985284,"(31806.512, 40457.828]","(36199.407, 69621.713]",*
38294.075979038695,"(31806.512, 40457.828]","(36199.407, 69621.713]",*
38294.55889494052,"(31806.512, 40457.828]","(36199.407, 69621.713]",*
38313.828918517385,"(31806.512, 40457.828]","(36199.407, 69621.713]",*
38322.09802788144,"(31806.512, 40457.828]","(36199.407, 69621.713]",*
38326.003364693264,"(31806.512, 40457.828]","(36199.407, 69621.713]",*
38337.4784094564,"(31806.512, 40457.828]","(36199.407, 69621.713]",*
38340.731395560535,"(31806.512, 40457.828]","(36199.407, 69621.713]",*
38345.36060920412,"(31806.512, 40457.828]","(36199.407, 69621.713]",*
38345.58108279172,"(31806.512, 40457.828]","(36199.407, 69621.713]",*
38368.280277643134,"(31806.512, 40457.828]","(36199.407, 69621.713]",*
38376.46825413315,"(31806.512, 40457.828]","(36199.407, 69621.713]",*
38383.50659128045,"(31806.512, 40457.828]","(36199.407, 69621.713]",*
38390.671488455846,"(31806.512, 40457.828]","(36199.407, 69621.713]",*
38397.566948293534,"(31806.512, 40457.828]","(36199.407, 69621.713]",*
38399.835710872205,"(31806.512, 40457.828]","(36199.407, 69621.713]",*
38408.27205612383,"(31806.512, 40457.828]","(36199.407, 69621.713]",*
38413.49048363439,"(31806.512, 40457.828]","(36199.407, 69621.713]",*
38417.980867304985,"(31806.512, 40457.828]","(36199.407, 69621.713]",*
38418.05830161855,"(31806.512, 40457.828]","(36199.407, 69621.713]",*
38437.36258461976,"(31806.512, 40457.828]","(36199.407, 69621.713]",*
38438.76028701177,"(31806.512, 40457.828]","(36199.407, 69621.713]",*
38440.73729111237,"(31806.512, 40457.828]","(36199.407, 69621.713]",*
38448.49148202493,"(31806.512, 40457.828]","(36199.407, 69621.713]",*
38455.34522223694,"(31806.512, 40457.828]","(36199.407, 69621.713]",*
38467.81700004215,"(31806.512, 40457.828]","(36199.407, 69621.713]",*
38473.12773303772,"(31806.512, 40457.828]","(36199.407, 69621.713]",*
38499.376931848994,"(31806.512, 40457.828]","(36199.407, 69621.713]",*
38501.95509617417,"(31806.512, 40457.828]","(36199.407, 69621.713]",*
38512.48319934094,"(31806.512, 40457.828]","(36199.407, 69621.713]",*
38519.04251451558,"(31806.512, 40457.828]","(36199.407, 69621.713]",*
38525.23920095257,"(31806.512, 40457.828]","(36199.407, 69621.713]",*
38527.817140207946,"(31806.512, 40457.828]","(36199.407, 69621.713]",*
38529.64116656638,"(31806.512, 40457.828]","(36199.407, 69621.713]",*
38532.980029677616,"(31806.512, 40457.828]","(36199.407, 69621.713]",*
38533.83979167191,"(31806.512, 40457.828]","(36199.407, 69621.713]",*
38535.66660373469,"(31806.512, 40457.828]","(36199.407, 69621.713]",*
38535.72643176177,"(31806.512, 40457.828]","(36199.407, 69621.713]",*
38547.92207599582,"(31806.512, 40457.828]","(36199.407, 69621.713]",*
38550.70736292784,"(31806.512, 40457.828]","(36199.407, 69621.713]",*
38555.067575377616,"(31806.512, 40457.828]","(36199.407, 69621.713]",*
38555.18184942565,"(31806.512, 40457.828]","(36199.407, 69621.713]",*
38563.999109477474,"(31806.512, 40457.828]","(36199.407, 69621.713]",*
38568.079634051086,"(31806.512, 40457.828]","(36199.407, 69621.713]",*
38575.27319774991,"(31806.512, 40457.828]","(36199.407, 69621.713]",*
38582.558012517904,"(31806.512, 40457.828]","(36199.407, 69621.713]",*
38587.72109865106,"(31806.512, 40457.828]","(36199.407, 69621.713]",*
38602.89752434042,"(31806.512, 40457.828]","(36199.407, 69621.713]",*
38627.30147315608,"(31806.512, 40457.828]","(36199.407, 69621.713]",*
38628.41341382224,"(31806.512, 40457.828]","(36199.407, 69621.713]",*
38647.5030557275,"(31806.512, 40457.828]","(36199.407, 69621.713]",*
38649.852386212464,"(31806.512, 40457.828]","(36199.407, 69621.713]",*
38652.205004967385,"(31806.512, 40457.828]","(36199.407, 69621.713]",*
38652.3580706784,"(31806.512, 40457.828]","(36199.407, 69621.713]",*
38656.43138636178,"(31806.512, 40457.828]","(36199.407, 69621.713]",*
38660.643852645866,"(31806.512, 40457.828]","(36199.407, 69621.713]",*
38677.8151530554,"(31806.512, 40457.828]","(36199.407, 69621.713]",*
38680.45405031249,"(31806.512, 40457.828]","(36199.407, 69621.713]",*
38682.56932780522,"(31806.512, 40457.828]","(36199.407, 69621.713]",*
38697.79774526743,"(31806.512, 40457.828]","(36199.407, 69621.713]",*
38702.339272444624,"(31806.512, 40457.828]","(36199.407, 69621.713]",*
38707.525519019975,"(31806.512, 40457.828]","(36199.407, 69621.713]",*
38711.034657946,"(31806.512, 40457.828]","(36199.407, 69621.713]",*
38712.707743076455,"(31806.512, 40457.828]","(36199.407, 69621.713]",*
38725.42430316144,"(31806.512, 40457.828]","(36199.407, 69621.713]",*
38728.04346170689,"(31806.512, 40457.828]","(36199.407, 69621.713]",*
38731.293785795504,"(31806.512, 40457.828]","(36199.407, 69621.713]",*
38736.90200299622,"(31806.512, 40457.828]","(36199.407, 69621.713]",*
38737.28386088314,"(31806.512, 40457.828]","(36199.407, 69621.713]",*
38748.50420217005,"(31806.512, 40457.828]","(36199.407, 69621.713]",*
38764.82093338417,"(31806.512, 40457.828]","(36199.407, 69621.713]",*
38773.02081950785,"(31806.512, 40457.828]","(36199.407, 69621.713]",*
38773.09406879093,"(31806.512, 40457.828]","(36199.407, 69621.713]",*
38779.346012582726,"(31806.512, 40457.828]","(36199.407, 69621.713]",*
38784.85686106402,"(31806.512, 40457.828]","(36199.407, 69621.713]",*
38799.4323195174,"(31806.512, 40457.828]","(36199.407, 69621.713]",*
38812.506054192185,"(31806.512, 40457.828]","(36199.407, 69621.713]",*
38816.13582058893,"(31806.512, 40457.828]","(36199.407, 69621.713]",*
38820.48194376132,"(31806.512, 40457.828]","(36199.407, 69621.713]",*
38822.83418557212,"(31806.512, 40457.828]","(36199.407, 69621.713]",*
38825.39624250277,"(31806.512, 40457.828]","(36199.407, 69621.713]",*
38827.40580646517,"(31806.512, 40457.828]","(36199.407, 69621.713]",*
38852.68045897448,"(31806.512, 40457.828]","(36199.407, 69621.713]",*
38853.91806648168,"(31806.512, 40457.828]","(36199.407, 69621.713]",*
38858.8764903344,"(31806.512, 40457.828]","(36199.407, 69621.713]",*
38890.89276031138,"(31806.512, 40457.828]","(36199.407, 69621.713]",*
38894.22736092658,"(31806.512, 40457.828]","(36199.407, 69621.713]",*
38897.09158352118,"(31806.512, 40457.828]","(36199.407, 69621.713]",*
38898.175479095466,"(31806.512, 40457.828]","(36199.407, 69621.713]",*
38903.198263071805,"(31806.512, 40457.828]","(36199.407, 69621.713]",*
38904.667399213446,"(31806.512, 40457.828]","(36199.407, 69621.713]",*
38906.857362811534,"(31806.512, 40457.828]","(36199.407, 69621.713]",*
38916.17468816861,"(31806.512, 40457.828]","(36199.407, 69621.713]",*
38916.45116220963,"(31806.512, 40457.828]","(36199.407, 69621.713]",*
38929.92618784421,"(31806.512, 40457.828]","(36199.407, 69621.713]",*
38936.04290449002,"(31806.512, 40457.828]","(36199.407, 69621.713]",*
38937.78577102849,"(31806.512, 40457.828]","(36199.407, 69621.713]",*
38938.27120087747,"(31806.512, 40457.828]","(36199.407, 69621.713]",*
38943.095990938345,"(31806.512, 40457.828]","(36199.407, 69621.713]",*
38950.15521729476,"(31806.512, 40457.828]","(36199.407, 69621.713]",*
38952.18916862148,"(31806.512, 40457.828]","(36199.407, 69621.713]",*
38959.491067014766,"(31806.512, 40457.828]","(36199.407, 69621.713]",*
38962.02283377091,"(31806.512, 40457.828]","(36199.407, 69621.713]",*
38977.465117063926,"(31806.512, 40457.828]","(36199.407, 69621.713]",*
38977.9373897696,"(31806.512, 40457.828]","(36199.407, 69621.713]",*
38981.04402857773,"(31806.512, 40457.828]","(36199.407, 69621.713]",*
38988.12797493301,"(31806.512, 40457.828]","(36199.407, 69621.713]",*
38990.8071205621,"(31806.512, 40457.828]","(36199.407, 69621.713]",*
38994.08272580159,"(31806.512, 40457.828]","(36199.407, 69621.713]",*
38997.78365725976,"(31806.512, 40457.828]","(36199.407, 69621.713]",*
39001.57097384456,"(31806.512, 40457.828]","(36199.407, 69621.713]",*
39002.90124503408,"(31806.512, 40457.828]","(36199.407, 69621.713]",*
39014.44440798986,"(31806.512, 40457.828]","(36199.407, 69621.713]",*
39014.97183892772,"(31806.512, 40457.828]","(36199.407, 69621.713]",*
39026.48806496008,"(31806.512, 40457.828]","(36199.407, 69621.713]",*
39030.07772077312,"(31806.512, 40457.828]","(36199.407, 69621.713]",*
39055.11426283602,"(31806.512, 40457.828]","(36199.407, 69621.713]",*
39055.8222857192,"(31806.512, 40457.828]","(36199.407, 69621.713]",*
39060.76507685311,"(31806.512, 40457.828]","(36199.407, 69621.713]",*
39063.33871389049,"(31806.512, 40457.828]","(36199.407, 69621.713]",*
39070.48859877168,"(31806.512, 40457.828]","(36199.407, 69621.713]",*
39075.6402751106,"(31806.512, 40457.828]","(36199.407, 69621.713]",*
39075.95637823895,"(31806.512, 40457.828]","(36199.407, 69621.713]",*
39088.39940262561,"(31806.512, 40457.828]","(36199.407, 69621.713]",*
39089.415712111055,"(31806.512, 40457.828]","(36199.407, 69621.713]",*
39091.21823361421,"(31806.512, 40457.828]","(36199.407, 69621.713]",*
39092.18544466068,"(31806.512, 40457.828]","(36199.407, 69621.713]",*
39129.296704702894,"(31806.512, 40457.828]","(36199.407, 69621.713]",*
39134.55477485724,"(31806.512, 40457.828]","(36199.407, 69621.713]",*
39138.87627659786,"(31806.512, 40457.828]","(36199.407, 69621.713]",*
39139.002906516536,"(31806.512, 40457.828]","(36199.407, 69621.713]",*
39139.57296653894,"(31806.512, 40457.828]","(36199.407, 69621.713]",*
39143.57004475409,"(31806.512, 40457.828]","(36199.407, 69621.713]",*
39144.947587119015,"(31806.512, 40457.828]","(36199.407, 69621.713]",*
39146.9204990548,"(31806.512, 40457.828]","(36199.407, 69621.713]",*
39154.78733201755,"(31806.512, 40457.828]","(36199.407, 69621.713]",*
39156.98102444306,"(31806.512, 40457.828]","(36199.407, 69621.713]",*
39160.55327038111,"(31806.512, 40457.828]","(36199.407, 69621.713]",*
39160.737781393655,"(31806.512, 40457.828]","(36199.407, 69621.713]",*
39170.30805872598,"(31806.512, 40457.828]","(36199.407, 69621.713]",*
39182.48550880536,"(31806.512, 40457.828]","(36199.407, 69621.713]",*
39183.03227726852,"(31806.512, 40457.828]","(36199.407, 69621.713]",*
39183.95780070312,"(31806.512, 40457.828]","(36199.407, 69621.713]",*
39185.99503431214,"(31806.512, 40457.828]","(36199.407, 69621.713]",*
39187.76583261419,"(31806.512, 40457.828]","(36199.407, 69621.713]",*
39200.86656972666,"(31806.512, 40457.828]","(36199.407, 69621.713]",*
39210.482621397336,"(31806.512, 40457.828]","(36199.407, 69621.713]",*
39218.7591383165,"(31806.512, 40457.828]","(36199.407, 69621.713]",*
39219.52987830679,"(31806.512, 40457.828]","(36199.407, 69621.713]",*
39220.36146737246,"(31806.512, 40457.828]","(36199.407, 69621.713]",*
39220.94114264786,"(31806.512, 40457.828]","(36199.407, 69621.713]",*
39229.57971128547,"(31806.512, 40457.828]","(36199.407, 69621.713]",*
39232.22491374686,"(31806.512, 40457.828]","(36199.407, 69621.713]",*
39236.03476685158,"(31806.512, 40457.828]","(36199.407, 69621.713]",*
39238.484876872346,"(31806.512, 40457.828]","(36199.407, 69621.713]",*
39239.83825267677,"(31806.512, 40457.828]","(36199.407, 69621.713]",*
39241.82036608993,"(31806.512, 40457.828]","(36199.407, 69621.713]",*
39252.76381246375,"(31806.512, 40457.828]","(36199.407, 69621.713]",*
39265.01197037753,"(31806.512, 40457.828]","(36199.407, 69621.713]",*
39275.77529473866,"(31806.512, 40457.828]","(36199.407, 69621.713]",*
39286.15766476114,"(31806.512, 40457.828]","(36199.407, 69621.713]",*
39287.52790248172,"(31806.512, 40457.828]","(36199.407, 69621.713]",*
39288.460146024525,"(31806.512, 40457.828]","(36199.407, 69621.713]",*
39293.040627997565,"(31806.512, 40457.828]","(36199.407, 69621.713]",*
39293.65299630467,"(31806.512, 40457.828]","(36199.407, 69621.713]",*
39295.70264982031,"(31806.512, 40457.828]","(36199.407, 69621.713]",*
39298.23551860043,"(31806.512, 40457.828]","(36199.407, 69621.713]",*
39309.464259172775,"(31806.512, 40457.828]","(36199.407, 69621.713]",*
39311.14754251904,"(31806.512, 40457.828]","(36199.407, 69621.713]",*
39312.54906827345,"(31806.512, 40457.828]","(36199.407, 69621.713]",*
39315.51149216183,"(31806.512, 40457.828]","(36199.407, 69621.713]",*
39318.17075472386,"(31806.512, 40457.828]","(36199.407, 69621.713]",*
39346.68592561541,"(31806.512, 40457.828]","(36199.407, 69621.713]",*
39347.1356842225,"(31806.512, 40457.828]","(36199.407, 69621.713]",*
39347.57464986068,"(31806.512, 40457.828]","(36199.407, 69621.713]",*
39351.015622817904,"(31806.512, 40457.828]","(36199.407, 69621.713]",*
39353.6839322159,"(31806.512, 40457.828]","(36199.407, 69621.713]",*
39354.78925701418,"(31806.512, 40457.828]","(36199.407, 69621.713]",*
39355.625729470295,"(31806.512, 40457.828]","(36199.407, 69621.713]",*
39367.45001534479,"(31806.512, 40457.828]","(36199.407, 69621.713]",*
39369.3008413124,"(31806.512, 40457.828]","(36199.407, 69621.713]",*
39369.644117068034,"(31806.512, 40457.828]","(36199.407, 69621.713]",*
39383.96585989912,"(31806.512, 40457.828]","(36199.407, 69621.713]",*
39385.68360069929,"(31806.512, 40457.828]","(36199.407, 69621.713]",*
39388.515521077454,"(31806.512, 40457.828]","(36199.407, 69621.713]",*
39395.15118232914,"(31806.512, 40457.828]","(36199.407, 69621.713]",*
39399.93645306102,"(31806.512, 40457.828]","(36199.407, 69621.713]",*
39403.959917647786,"(31806.512, 40457.828]","(36199.407, 69621.713]",*
39407.693743394695,"(31806.512, 40457.828]","(36199.407, 69621.713]",*
39414.328848898,"(31806.512, 40457.828]","(36199.407, 69621.713]",*
39419.28898287662,"(31806.512, 40457.828]","(36199.407, 69621.713]",*
39446.313057217776,"(31806.512, 40457.828]","(36199.407, 69621.713]",*
39446.67485847666,"(31806.512, 40457.828]","(36199.407, 69621.713]",*
39449.98774932036,"(31806.512, 40457.828]","(36199.407, 69621.713]",*
39456.87209479446,"(31806.512, 40457.828]","(36199.407, 69621.713]",*
39465.16295714427,"(31806.512, 40457.828]","(36199.407, 69621.713]",*
39475.39942889512,"(31806.512, 40457.828]","(36199.407, 69621.713]",*
39475.815624286544,"(31806.512, 40457.828]","(36199.407, 69621.713]",*
39488.46425431479,"(31806.512, 40457.828]","(36199.407, 69621.713]",*
39496.12756152633,"(31806.512, 40457.828]","(36199.407, 69621.713]",*
39498.30028106395,"(31806.512, 40457.828]","(36199.407, 69621.713]",*
39503.09806870551,"(31806.512, 40457.828]","(36199.407, 69621.713]",*
39511.679122269285,"(31806.512, 40457.828]","(36199.407, 69621.713]",*
39512.66370560078,"(31806.512, 40457.828]","(36199.407, 69621.713]",*
39515.57156160544,"(31806.512, 40457.828]","(36199.407, 69621.713]",*
39522.90957037146,"(31806.512, 40457.828]","(36199.407, 69621.713]",*
39526.56630532759,"(31806.512, 40457.828]","(36199.407, 69621.713]",*
39527.04856084637,"(31806.512, 40457.828]","(36199.407, 69621.713]",*
39536.80970290726,"(31806.512, 40457.828]","(36199.407, 69621.713]",*
39547.93248890538,"(31806.512, 40457.828]","(36199.407, 69621.713]",*
39549.8010018077,"(31806.512, 40457.828]","(36199.407, 69621.713]",*
39555.07059403552,"(31806.512, 40457.828]","(36199.407, 69621.713]",*
39557.32061960267,"(31806.512, 40457.828]","(36199.407, 69621.713]",*
39563.971196089085,"(31806.512, 40457.828]","(36199.407, 69621.713]",*
39569.8300633432,"(31806.512, 40457.828]","(36199.407, 69621.713]",*
39575.38908539882,"(31806.512, 40457.828]","(36199.407, 69621.713]",*
39575.9794662358,"(31806.512, 40457.828]","(36199.407, 69621.713]",*
39582.92891807085,"(31806.512, 40457.828]","(36199.407, 69621.713]",*
39586.38351337601,"(31806.512, 40457.828]","(36199.407, 69621.713]",*
39586.43071188064,"(31806.512, 40457.828]","(36199.407, 69621.713]",*
39587.95296455582,"(31806.512, 40457.828]","(36199.407, 69621.713]",*
39588.22954332957,"(31806.512, 40457.828]","(36199.407, 69621.713]",*
39591.256501756616,"(31806.512, 40457.828]","(36199.407, 69621.713]",*
39602.16075602871,"(31806.512, 40457.828]","(36199.407, 69621.713]",*
39616.98202148152,"(31806.512, 40457.828]","(36199.407, 69621.713]",*
39626.51608218281,"(31806.512, 40457.828]","(36199.407, 69621.713]",*
39632.07978647313,"(31806.512, 40457.828]","(36199.407, 69621.713]",*
39633.47304108839,"(31806.512, 40457.828]","(36199.407, 69621.713]",*
39635.82873515773,"(31806.512, 40457.828]","(36199.407, 69621.713]",*
39642.129934742974,"(31806.512, 40457.828]","(36199.407, 69621.713]",*
39651.749952969534,"(31806.512, 40457.828]","(36199.407, 69621.713]",*
39660.67129780577,"(31806.512, 40457.828]","(36199.407, 69621.713]",*
39662.74186833058,"(31806.512, 40457.828]","(36199.407, 69621.713]",*
39663.85422628883,"(31806.512, 40457.828]","(36199.407, 69621.713]",*
39667.50726430987,"(31806.512, 40457.828]","(36199.407, 69621.713]",*
39667.86319202536,"(31806.512, 40457.828]","(36199.407, 69621.713]",*
39677.32770844089,"(31806.512, 40457.828]","(36199.407, 69621.713]",*
39680.60932043607,"(31806.512, 40457.828]","(36199.407, 69621.713]",*
39683.43799672896,"(31806.512, 40457.828]","(36199.407, 69621.713]",*
39692.10554855953,"(31806.512, 40457.828]","(36199.407, 69621.713]",*
39692.7631642031,"(31806.512, 40457.828]","(36199.407, 69621.713]",*
39705.4649593564,"(31806.512, 40457.828]","(36199.407, 69621.713]",*
39717.81357630952,"(31806.512, 40457.828]","(36199.407, 69621.713]",*
39724.18881198779,"(31806.512, 40457.828]","(36199.407, 69621.713]",*
39730.1575444799,"(31806.512, 40457.828]","(36199.407, 69621.713]",*
39730.48179227842,"(31806.512, 40457.828]","(36199.407, 69621.713]",*
39730.6830928068,"(31806.512, 40457.828]","(36199.407, 69621.713]",*
39731.150563494666,"(31806.512, 40457.828]","(36199.407, 69621.713]",*
39733.59822387288,"(31806.512, 40457.828]","(36199.407, 69621.713]",*
39735.06871116576,"(31806.512, 40457.828]","(36199.407, 69621.713]",*
39735.64512218052,"(31806.512, 40457.828]","(36199.407, 69621.713]",*
39735.70448834474,"(31806.512, 40457.828]","(36199.407, 69621.713]",*
39737.12260896311,"(31806.512, 40457.828]","(36199.407, 69621.713]",*
39738.27109286689,"(31806.512, 40457.828]","(36199.407, 69621.713]",*
39739.75719090016,"(31806.512, 40457.828]","(36199.407, 69621.713]",*
39740.06393651007,"(31806.512, 40457.828]","(36199.407, 69621.713]",*
39741.07750943353,"(31806.512, 40457.828]","(36199.407, 69621.713]",*
39754.38814264675,"(31806.512, 40457.828]","(36199.407, 69621.713]",*
39755.90317130092,"(31806.512, 40457.828]","(36199.407, 69621.713]",*
39756.36603068087,"(31806.512, 40457.828]","(36199.407, 69621.713]",*
39757.58524543783,"(31806.512, 40457.828]","(36199.407, 69621.713]",*
39757.70430852764,"(31806.512, 40457.828]","(36199.407, 69621.713]",*
39758.17777450578,"(31806.512, 40457.828]","(36199.407, 69621.713]",*
39759.64821226752,"(31806.512, 40457.828]","(36199.407, 69621.713]",*
39760.20639991666,"(31806.512, 40457.828]","(36199.407, 69621.713]",*
39766.419572628736,"(31806.512, 40457.828]","(36199.407, 69621.713]",*
39778.137783535385,"(31806.512, 40457.828]","(36199.407, 69621.713]",*
39779.64722971572,"(31806.512, 40457.828]","(36199.407, 69621.713]",*
39780.92726532174,"(31806.512, 40457.828]","(36199.407, 69621.713]",*
39781.74684010264,"(31806.512, 40457.828]","(36199.407, 69621.713]",*
39785.62783758484,"(31806.512, 40457.828]","(36199.407, 69621.713]",*
39792.55162271424,"(31806.512, 40457.828]","(36199.407, 69621.713]",*
39812.306419469685,"(31806.512, 40457.828]","(36199.407, 69621.713]",*
39816.749113490885,"(31806.512, 40457.828]","(36199.407, 69621.713]",*
39830.05126441796,"(31806.512, 40457.828]","(36199.407, 69621.713]",*
39833.09092415147,"(31806.512, 40457.828]","(36199.407, 69621.713]",*
39842.862972052615,"(31806.512, 40457.828]","(36199.407, 69621.713]",*
39863.17255227023,"(31806.512, 40457.828]","(36199.407, 69621.713]",*
39870.36129570134,"(31806.512, 40457.828]","(36199.407, 69621.713]",*
39882.81773349313,"(31806.512, 40457.828]","(36199.407, 69621.713]",*
39890.297037566364,"(31806.512, 40457.828]","(36199.407, 69621.713]",*
39897.625920846986,"(31806.512, 40457.828]","(36199.407, 69621.713]",*
39898.30080803309,"(31806.512, 40457.828]","(36199.407, 69621.713]",*
39900.13678673255,"(31806.512, 40457.828]","(36199.407, 69621.713]",*
39900.44994668035,"(31806.512, 40457.828]","(36199.407, 69621.713]",*
39902.45965211378,"(31806.512, 40457.828]","(36199.407, 69621.713]",*
39905.833546642825,"(31806.512, 40457.828]","(36199.407, 69621.713]",*
39909.17530385131,"(31806.512, 40457.828]","(36199.407, 69621.713]",*
39910.339705199294,"(31806.512, 40457.828]","(36199.407, 69621.713]",*
39910.34267650703,"(31806.512, 40457.828]","(36199.407, 69621.713]",*
39915.65677827081,"(31806.512, 40457.828]","(36199.407, 69621.713]",*
39917.43411777166,"(31806.512, 40457.828]","(36199.407, 69621.713]",*
39917.87888580145,"(31806.512, 40457.828]","(36199.407, 69621.713]",*
39934.51697404611,"(31806.512, 40457.828]","(36199.407, 69621.713]",*
39937.369257487546,"(31806.512, 40457.828]","(36199.407, 69621.713]",*
39939.80324526186,"(31806.512, 40457.828]","(36199.407, 69621.713]",*
39943.63819097858,"(31806.512, 40457.828]","(36199.407, 69621.713]",*
39950.29527348688,"(31806.512, 40457.828]","(36199.407, 69621.713]",*
39953.168017700686,"(31806.512, 40457.828]","(36199.407, 69621.713]",*
39984.958207674536,"(31806.512, 40457.828]","(36199.407, 69621.713]",*
39993.00631662197,"(31806.512, 40457.828]","(36199.407, 69621.713]",*
39995.84208922583,"(31806.512, 40457.828]","(36199.407, 69621.713]",*
39998.46263965603,"(31806.512, 40457.828]","(36199.407, 69621.713]",*
40002.32738638181,"(31806.512, 40457.828]","(36199.407, 69621.713]",*
40018.19069710725,"(31806.512, 40457.828]","(36199.407, 69621.713]",*
40022.343434129616,"(31806.512, 40457.828]","(36199.407, 69621.713]",*
40034.4195487039,"(31806.512, 40457.828]","(36199.407, 69621.713]",*
40035.650371985226,"(31806.512, 40457.828]","(36199.407, 69621.713]",*
40043.102161838346,"(31806.512, 40457.828]","(36199.407, 69621.713]",*
40053.87810424453,"(31806.512, 40457.828]","(36199.407, 69621.713]",*
40056.27285741207,"(31806.512, 40457.828]","(36199.407, 69621.713]",*
40063.42109626228,"(31806.512, 40457.828]","(36199.407, 69621.713]",*
40067.903688158185,"(31806.512, 40457.828]","(36199.407, 69621.713]",*
40077.74752681728,"(31806.512, 40457.828]","(36199.407, 69621.713]",*
40078.543566705535,"(31806.512, 40457.828]","(36199.407, 69621.713]",*
40080.43542019661,"(31806.512, 40457.828]","(36199.407, 69621.713]",*
40080.69060062678,"(31806.512, 40457.828]","(36199.407, 69621.713]",*
40082.43599671096,"(31806.512, 40457.828]","(36199.407, 69621.713]",*
40082.663105865286,"(31806.512, 40457.828]","(36199.407, 69621.713]",*
40083.801568087234,"(31806.512, 40457.828]","(36199.407, 69621.713]",*
40084.20818608909,"(31806.512, 40457.828]","(36199.407, 69621.713]",*
40086.08586229728,"(31806.512, 40457.828]","(36199.407, 69621.713]",*
40086.45874888305,"(31806.512, 40457.828]","(36199.407, 69621.713]",*
40087.79561436488,"(31806.512, 40457.828]","(36199.407, 69621.713]",*
40090.90835689229,"(31806.512, 40457.828]","(36199.407, 69621.713]",*
40092.336158490514,"(31806.512, 40457.828]","(36199.407, 69621.713]",*
40092.5162028214,"(31806.512, 40457.828]","(36199.407, 69621.713]",*
40094.90401523213,"(31806.512, 40457.828]","(36199.407, 69621.713]",*
40109.829547786576,"(31806.512, 40457.828]","(36199.407, 69621.713]",*
40110.84760495072,"(31806.512, 40457.828]","(36199.407, 69621.713]",*
40115.76381136527,"(31806.512, 40457.828]","(36199.407, 69621.713]",*
40128.85350162647,"(31806.512, 40457.828]","(36199.407, 69621.713]",*
40130.54076802468,"(31806.512, 40457.828]","(36199.407, 69621.713]",*
40130.807938360966,"(31806.512, 40457.828]","(36199.407, 69621.713]",*
40137.50244291957,"(31806.512, 40457.828]","(36199.407, 69621.713]",*
40144.750605600944,"(31806.512, 40457.828]","(36199.407, 69621.713]",*
40149.96574921337,"(31806.512, 40457.828]","(36199.407, 69621.713]",*
40151.93261671437,"(31806.512, 40457.828]","(36199.407, 69621.713]",*
40155.74284930333,"(31806.512, 40457.828]","(36199.407, 69621.713]",*
40163.97083410264,"(31806.512, 40457.828]","(36199.407, 69621.713]",*
40167.012529273445,"(31806.512, 40457.828]","(36199.407, 69621.713]",*
40173.07217364482,"(31806.512, 40457.828]","(36199.407, 69621.713]",*
40177.87672037242,"(31806.512, 40457.828]","(36199.407, 69621.713]",*
40179.16570351618,"(31806.512, 40457.828]","(36199.407, 69621.713]",*
40183.03473390238,"(31806.512, 40457.828]","(36199.407, 69621.713]",*
40186.29336894016,"(31806.512, 40457.828]","(36199.407, 69621.713]",*
40187.327328845095,"(31806.512, 40457.828]","(36199.407, 69621.713]",*
40190.09934251462,"(31806.512, 40457.828]","(36199.407, 69621.713]",*
40193.52871544691,"(31806.512, 40457.828]","(36199.407, 69621.713]",*
40204.520464992296,"(31806.512, 40457.828]","(36199.407, 69621.713]",*
40208.77121458728,"(31806.512, 40457.828]","(36199.407, 69621.713]",*
40211.10646912665,"(31806.512, 40457.828]","(36199.407, 69621.713]",*
40217.333577428006,"(31806.512, 40457.828]","(36199.407, 69621.713]",*
40229.98784876858,"(31806.512, 40457.828]","(36199.407, 69621.713]",*
40231.69688470423,"(31806.512, 40457.828]","(36199.407, 69621.713]",*
40239.28257455817,"(31806.512, 40457.828]","(36199.407, 69621.713]",*
40240.57931741727,"(31806.512, 40457.828]","(36199.407, 69621.713]",*
40250.887242702585,"(31806.512, 40457.828]","(36199.407, 69621.713]",*
40262.8279599652,"(31806.512, 40457.828]","(36199.407, 69621.713]",*
40268.518418487736,"(31806.512, 40457.828]","(36199.407, 69621.713]",*
40272.36564516857,"(31806.512, 40457.828]","(36199.407, 69621.713]",*
40274.16664920394,"(31806.512, 40457.828]","(36199.407, 69621.713]",*
40275.5993256843,"(31806.512, 40457.828]","(36199.407, 69621.713]",*
40277.39453827049,"(31806.512, 40457.828]","(36199.407, 69621.713]",*
40277.77262697681,"(31806.512, 40457.828]","(36199.407, 69621.713]",*
40277.89925276971,"(31806.512, 40457.828]","(36199.407, 69621.713]",*
40282.036637489095,"(31806.512, 40457.828]","(36199.407, 69621.713]",*
40282.72428010049,"(31806.512, 40457.828]","(36199.407, 69621.713]",*
40283.249768007954,"(31806.512, 40457.828]","(36199.407, 69621.713]",*
40288.734711767785,"(31806.512, 40457.828]","(36199.407, 69621.713]",*
40290.91149402397,"(31806.512, 40457.828]","(36199.407, 69621.713]",*
40291.19448765028,"(31806.512, 40457.828]","(36199.407, 69621.713]",*
40311.276257842364,"(31806.512, 40457.828]","(36199.407, 69621.713]",*
40325.174177809015,"(31806.512, 40457.828]","(36199.407, 69621.713]",*
40328.23343684351,"(31806.512, 40457.828]","(36199.407, 69621.713]",*
40335.22027625752,"(31806.512, 40457.828]","(36199.407, 69621.713]",*
40337.234249461886,"(31806.512, 40457.828]","(36199.407, 69621.713]",*
40338.110367363246,"(31806.512, 40457.828]","(36199.407, 69621.713]",*
40339.03534872732,"(31806.512, 40457.828]","(36199.407, 69621.713]",*
40346.57892235009,"(31806.512, 40457.828]","(36199.407, 69621.713]",*
40354.70524999789,"(31806.512, 40457.828]","(36199.407, 69621.713]",*
40358.96010561757,"(31806.512, 40457.828]","(36199.407, 69621.713]",*
40364.19314506623,"(31806.512, 40457.828]","(36199.407, 69621.713]",*
40367.38387092572,"(31806.512, 40457.828]","(36199.407, 69621.713]",*
40368.56037771903,"(31806.512, 40457.828]","(36199.407, 69621.713]",*
40372.165669788585,"(31806.512, 40457.828]","(36199.407, 69621.713]",*
40394.59348855948,"(31806.512, 40457.828]","(36199.407, 69621.713]",*
40395.081254083205,"(31806.512, 40457.828]","(36199.407, 69621.713]",*
40406.51491811694,"(31806.512, 40457.828]","(36199.407, 69621.713]",*
40412.047759702415,"(31806.512, 40457.828]","(36199.407, 69621.713]",*
40412.72218324823,"(31806.512, 40457.828]","(36199.407, 69621.713]",*
40413.991618124826,"(31806.512, 40457.828]","(36199.407, 69621.713]",*
40426.526701593066,"(31806.512, 40457.828]","(36199.407, 69621.713]",*
40426.83516753531,"(31806.512, 40457.828]","(36199.407, 69621.713]",*
40432.04524228351,"(31806.512, 40457.828]","(36199.407, 69621.713]",*
40444.191172113184,"(31806.512, 40457.828]","(36199.407, 69621.713]",*
40447.01074595825,"(31806.512, 40457.828]","(36199.407, 69621.713]",*
40449.96172994412,"(31806.512, 40457.828]","(36199.407, 69621.713]",*
40454.818945325125,"(31806.512, 40457.828]","(36199.407, 69621.713]",*
40456.01336422713,"(31806.512, 40457.828]","(36199.407, 69621.713]",*
40458.73586951741,"(40457.828, 69621.713]","(36199.407, 69621.713]",*
40473.765249081385,"(40457.828, 69621.713]","(36199.407, 69621.713]",*
40488.33347782322,"(40457.828, 69621.713]","(36199.407, 69621.713]",*
40493.06398072397,"(40457.828, 69621.713]","(36199.407, 69621.713]",*
40496.06976891665,"(40457.828, 69621.713]","(36199.407, 69621.713]",*
40502.73969779679,"(40457.828, 69621.713]","(36199.407, 69621.713]",*
40512.81684725937,"(40457.828, 69621.713]","(36199.407, 69621.713]",*
40512.89326740041,"(40457.828, 69621.713]","(36199.407, 69621.713]",*
40523.28930089284,"(40457.828, 69621.713]","(36199.407, 69621.713]",*
40537.0964823667,"(40457.828, 69621.713]","(36199.407, 69621.713]",*
40538.9612390412,"(40457.828, 69621.713]","(36199.407, 69621.713]",*
40542.81391156669,"(40457.828, 69621.713]","(36199.407, 69621.713]",*
40549.35680539309,"(40457.828, 69621.713]","(36199.407, 69621.713]",*
40552.086904454285,"(40457.828, 69621.713]","(36199.407, 69621.713]",*
40558.23901698502,"(40457.828, 69621.713]","(36199.407, 69621.713]",*
40561.29710678556,"(40457.828, 69621.713]","(36199.407, 69621.713]",*
40562.18894767978,"(40457.828, 69621.713]","(36199.407, 69621.713]",*
40562.498774010266,"(40457.828, 69621.713]","(36199.407, 69621.713]",*
40564.638813344274,"(40457.828, 69621.713]","(36199.407, 69621.713]",*
40564.644887925286,"(40457.828, 69621.713]","(36199.407, 69621.713]",*
40569.553871475866,"(40457.828, 69621.713]","(36199.407, 69621.713]",*
40580.09229111585,"(40457.828, 69621.713]","(36199.407, 69621.713]",*
40581.759316414216,"(40457.828, 69621.713]","(36199.407, 69621.713]",*
40582.00027018389,"(40457.828, 69621.713]","(36199.407, 69621.713]",*
40588.41954178181,"(40457.828, 69621.713]","(36199.407, 69621.713]",*
40588.573105287614,"(40457.828, 69621.713]","(36199.407, 69621.713]",*
40591.32522190592,"(40457.828, 69621.713]","(36199.407, 69621.713]",*
40594.05929685124,"(40457.828, 69621.713]","(36199.407, 69621.713]",*
40605.96743061841,"(40457.828, 69621.713]","(36199.407, 69621.713]",*
40620.66299900545,"(40457.828, 69621.713]","(36199.407, 69621.713]",*
40621.1170682025,"(40457.828, 69621.713]","(36199.407, 69621.713]",*
40634.94902110482,"(40457.828, 69621.713]","(36199.407, 69621.713]",*
40643.078327944415,"(40457.828, 69621.713]","(36199.407, 69621.713]",*
40653.87006540168,"(40457.828, 69621.713]","(36199.407, 69621.713]",*
40656.12969118199,"(40457.828, 69621.713]","(36199.407, 69621.713]",*
40673.92210118008,"(40457.828, 69621.713]","(36199.407, 69621.713]",*
40674.7837742456,"(40457.828, 69621.713]","(36199.407, 69621.713]",*
40675.77382612714,"(40457.828, 69621.713]","(36199.407, 69621.713]",*
40675.79836635092,"(40457.828, 69621.713]","(36199.407, 69621.713]",*
40677.55052823111,"(40457.828, 69621.713]","(36199.407, 69621.713]",*
40684.07771531618,"(40457.828, 69621.713]","(36199.407, 69621.713]",*
40690.51097893619,"(40457.828, 69621.713]","(36199.407, 69621.713]",*
40691.23866160479,"(40457.828, 69621.713]","(36199.407, 69621.713]",*
40694.86951302233,"(40457.828, 69621.713]","(36199.407, 69621.713]",*
40695.79785644974,"(40457.828, 69621.713]","(36199.407, 69621.713]",*
40702.612395381584,"(40457.828, 69621.713]","(36199.407, 69621.713]",*
40712.39777431885,"(40457.828, 69621.713]","(36199.407, 69621.713]",*
40714.4003035915,"(40457.828, 69621.713]","(36199.407, 69621.713]",*
40719.126791546136,"(40457.828, 69621.713]","(36199.407, 69621.713]",*
40719.23735267769,"(40457.828, 69621.713]","(36199.407, 69621.713]",*
40722.65597341961,"(40457.828, 69621.713]","(36199.407, 69621.713]",*
40728.77665834927,"(40457.828, 69621.713]","(36199.407, 69621.713]",*
40734.0605226218,"(40457.828, 69621.713]","(36199.407, 69621.713]",*
40736.73807405731,"(40457.828, 69621.713]","(36199.407, 69621.713]",*
40737.417187931314,"(40457.828, 69621.713]","(36199.407, 69621.713]",*
40739.87734726719,"(40457.828, 69621.713]","(36199.407, 69621.713]",*
40740.78015135165,"(40457.828, 69621.713]","(36199.407, 69621.713]",*
40744.09196872339,"(40457.828, 69621.713]","(36199.407, 69621.713]",*
40746.12021982918,"(40457.828, 69621.713]","(36199.407, 69621.713]",*
40750.32500761826,"(40457.828, 69621.713]","(36199.407, 69621.713]",*
40755.472669158815,"(40457.828, 69621.713]","(36199.407, 69621.713]",*
40761.35131034991,"(40457.828, 69621.713]","(36199.407, 69621.713]",*
40765.39798523255,"(40457.828, 69621.713]","(36199.407, 69621.713]",*
40771.028609287234,"(40457.828, 69621.713]","(36199.407, 69621.713]",*
40774.679765168,"(40457.828, 69621.713]","(36199.407, 69621.713]",*
40776.079113984735,"(40457.828, 69621.713]","(36199.407, 69621.713]",*
40784.38131572047,"(40457.828, 69621.713]","(36199.407, 69621.713]",*
40785.027302642535,"(40457.828, 69621.713]","(36199.407, 69621.713]",*
40788.109278329895,"(40457.828, 69621.713]","(36199.407, 69621.713]",*
40789.59373242952,"(40457.828, 69621.713]","(36199.407, 69621.713]",*
40789.8258084466,"(40457.828, 69621.713]","(36199.407, 69621.713]",*
40790.18479382438,"(40457.828, 69621.713]","(36199.407, 69621.713]",*
40796.67544905161,"(40457.828, 69621.713]","(36199.407, 69621.713]",*
40808.13620627183,"(40457.828, 69621.713]","(36199.407, 69621.713]",*
40808.98878367955,"(40457.828, 69621.713]","(36199.407, 69621.713]",*
40814.928512838414,"(40457.828, 69621.713]","(36199.407, 69621.713]",*
40815.199679477744,"(40457.828, 69621.713]","(36199.407, 69621.713]",*
40817.889998612,"(40457.828, 69621.713]","(36199.407, 69621.713]",*
40819.497440922,"(40457.828, 69621.713]","(36199.407, 69621.713]",*
40836.13013321164,"(40457.828, 69621.713]","(36199.407, 69621.713]",*
40838.66482508062,"(40457.828, 69621.713]","(36199.407, 69621.713]",*
40842.09443288467,"(40457.828, 69621.713]","(36199.407, 69621.713]",*
40847.89133444984,"(40457.828, 69621.713]","(36199.407, 69621.713]",*
40852.29089249187,"(40457.828, 69621.713]","(36199.407, 69621.713]",*
40860.120480707104,"(40457.828, 69621.713]","(36199.407, 69621.713]",*
40861.615420244,"(40457.828, 69621.713]","(36199.407, 69621.713]",*
40863.70121232604,"(40457.828, 69621.713]","(36199.407, 69621.713]",*
40865.81788796863,"(40457.828, 69621.713]","(36199.407, 69621.713]",*
40876.96459463678,"(40457.828, 69621.713]","(36199.407, 69621.713]",*
40877.189120199015,"(40457.828, 69621.713]","(36199.407, 69621.713]",*
40877.22792752984,"(40457.828, 69621.713]","(36199.407, 69621.713]",*
40888.07856106315,"(40457.828, 69621.713]","(36199.407, 69621.713]",*
40890.266028668106,"(40457.828, 69621.713]","(36199.407, 69621.713]",*
40891.61562751914,"(40457.828, 69621.713]","(36199.407, 69621.713]",*
40897.02521282198,"(40457.828, 69621.713]","(36199.407, 69621.713]",*
40903.55890967483,"(40457.828, 69621.713]","(36199.407, 69621.713]",*
40908.89232329209,"(40457.828, 69621.713]","(36199.407, 69621.713]",*
40913.30482956176,"(40457.828, 69621.713]","(36199.407, 69621.713]",*
40928.2841850533,"(40457.828, 69621.713]","(36199.407, 69621.713]",*
40935.06245752487,"(40457.828, 69621.713]","(36199.407, 69621.713]",*
40936.98963551416,"(40457.828, 69621.713]","(36199.407, 69621.713]",*
40939.76706548924,"(40457.828, 69621.713]","(36199.407, 69621.713]",*
40942.59400869648,"(40457.828, 69621.713]","(36199.407, 69621.713]",*
40946.070845634735,"(40457.828, 69621.713]","(36199.407, 69621.713]",*
40951.2392998084,"(40457.828, 69621.713]","(36199.407, 69621.713]",*
40952.01693112017,"(40457.828, 69621.713]","(36199.407, 69621.713]",*
40974.15204861439,"(40457.828, 69621.713]","(36199.407, 69621.713]",*
40976.78682819642,"(40457.828, 69621.713]","(36199.407, 69621.713]",*
40979.5303858896,"(40457.828, 69621.713]","(36199.407, 69621.713]",*
40985.47719606783,"(40457.828, 69621.713]","(36199.407, 69621.713]",*
41003.88008113764,"(40457.828, 69621.713]","(36199.407, 69621.713]",*
41003.956154668085,"(40457.828, 69621.713]","(36199.407, 69621.713]",*
41006.98371075213,"(40457.828, 69621.713]","(36199.407, 69621.713]",*
41007.66000341477,"(40457.828, 69621.713]","(36199.407, 69621.713]",*
41012.62101028541,"(40457.828, 69621.713]","(36199.407, 69621.713]",*
41016.64709111233,"(40457.828, 69621.713]","(36199.407, 69621.713]",*
41020.43966181279,"(40457.828, 69621.713]","(36199.407, 69621.713]",*
41030.40890604576,"(40457.828, 69621.713]","(36199.407, 69621.713]",*
41036.284152268905,"(40457.828, 69621.713]","(36199.407, 69621.713]",*
41042.430871723336,"(40457.828, 69621.713]","(36199.407, 69621.713]",*
41079.48626882746,"(40457.828, 69621.713]","(36199.407, 69621.713]",*
41084.6628246322,"(40457.828, 69621.713]","(36199.407, 69621.713]",*
41100.32969896883,"(40457.828, 69621.713]","(36199.407, 69621.713]",*
41102.07103192878,"(40457.828, 69621.713]","(36199.407, 69621.713]",*
41104.46662064926,"(40457.828, 69621.713]","(36199.407, 69621.713]",*
41105.3906304319,"(40457.828, 69621.713]","(36199.407, 69621.713]",*
41113.00677372089,"(40457.828, 69621.713]","(36199.407, 69621.713]",*
41123.92497822501,"(40457.828, 69621.713]","(36199.407, 69621.713]",*
41130.09091193958,"(40457.828, 69621.713]","(36199.407, 69621.713]",*
41136.52722099734,"(40457.828, 69621.713]","(36199.407, 69621.713]",*
41143.43774377478,"(40457.828, 69621.713]","(36199.407, 69621.713]",*
41162.33782851701,"(40457.828, 69621.713]","(36199.407, 69621.713]",*
41166.860307179246,"(40457.828, 69621.713]","(36199.407, 69621.713]",*
41178.26119175778,"(40457.828, 69621.713]","(36199.407, 69621.713]",*
41185.75906898913,"(40457.828, 69621.713]","(36199.407, 69621.713]",*
41186.11421680525,"(40457.828, 69621.713]","(36199.407, 69621.713]",*
41186.57451287386,"(40457.828, 69621.713]","(36199.407, 69621.713]",*
41190.20808180833,"(40457.828, 69621.713]","(36199.407, 69621.713]",*
41190.54636639408,"(40457.828, 69621.713]","(36199.407, 69621.713]",*
41190.74956648457,"(40457.828, 69621.713]","(36199.407, 69621.713]",*
41199.25222554668,"(40457.828, 69621.713]","(36199.407, 69621.713]",*
41204.71039266353,"(40457.828, 69621.713]","(36199.407, 69621.713]",*
41209.0307794437,"(40457.828, 69621.713]","(36199.407, 69621.713]",*
41215.29822776612,"(40457.828, 69621.713]","(36199.407, 69621.713]",*
41216.264157753685,"(40457.828, 69621.713]","(36199.407, 69621.713]",*
41217.11681862092,"(40457.828, 69621.713]","(36199.407, 69621.713]",*
41219.321486911664,"(40457.828, 69621.713]","(36199.407, 69621.713]",*
41230.18626316085,"(40457.828, 69621.713]","(36199.407, 69621.713]",*
41258.26229239284,"(40457.828, 69621.713]","(36199.407, 69621.713]",*
41260.29961594768,"(40457.828, 69621.713]","(36199.407, 69621.713]",*
41260.91708240746,"(40457.828, 69621.713]","(36199.407, 69621.713]",*
41261.18878061447,"(40457.828, 69621.713]","(36199.407, 69621.713]",*
41264.90671543541,"(40457.828, 69621.713]","(36199.407, 69621.713]",*
41268.25953076425,"(40457.828, 69621.713]","(36199.407, 69621.713]",*
41273.009070127104,"(40457.828, 69621.713]","(36199.407, 69621.713]",*
41291.719929521554,"(40457.828, 69621.713]","(36199.407, 69621.713]",*
41296.72793398351,"(40457.828, 69621.713]","(36199.407, 69621.713]",*
41297.07495602076,"(40457.828, 69621.713]","(36199.407, 69621.713]",*
41306.34725743264,"(40457.828, 69621.713]","(36199.407, 69621.713]",*
41311.06761710274,"(40457.828, 69621.713]","(36199.407, 69621.713]",*
41321.111967170975,"(40457.828, 69621.713]","(36199.407, 69621.713]",*
41330.60855618454,"(40457.828, 69621.713]","(36199.407, 69621.713]",*
41344.520604024285,"(40457.828, 69621.713]","(36199.407, 69621.713]",*
41349.04041263946,"(40457.828, 69621.713]","(36199.407, 69621.713]",*
41354.43598654332,"(40457.828, 69621.713]","(36199.407, 69621.713]",*
41368.95474181033,"(40457.828, 69621.713]","(36199.407, 69621.713]",*
41378.8767313119,"(40457.828, 69621.713]","(36199.407, 69621.713]",*
41382.72589644649,"(40457.828, 69621.713]","(36199.407, 69621.713]",*
41389.36487082298,"(40457.828, 69621.713]","(36199.407, 69621.713]",*
41393.5940246699,"(40457.828, 69621.713]","(36199.407, 69621.713]",*
41409.169414903714,"(40457.828, 69621.713]","(36199.407, 69621.713]",*
41416.97914934972,"(40457.828, 69621.713]","(36199.407, 69621.713]",*
41420.16082398107,"(40457.828, 69621.713]","(36199.407, 69621.713]",*
41426.38976538511,"(40457.828, 69621.713]","(36199.407, 69621.713]",*
41435.12418662067,"(40457.828, 69621.713]","(36199.407, 69621.713]",*
41440.200704151466,"(40457.828, 69621.713]","(36199.407, 69621.713]",*
41440.4338261845,"(40457.828, 69621.713]","(36199.407, 69621.713]",*
41441.75254024536,"(40457.828, 69621.713]","(36199.407, 69621.713]",*
41448.75224954623,"(40457.828, 69621.713]","(36199.407, 69621.713]",*
41453.792394333264,"(40457.828, 69621.713]","(36199.407, 69621.713]",*
41461.94692705235,"(40457.828, 69621.713]","(36199.407, 69621.713]",*
41462.12742129793,"(40457.828, 69621.713]","(36199.407, 69621.713]",*
41465.115631173714,"(40457.828, 69621.713]","(36199.407, 69621.713]",*
41467.86765822366,"(40457.828, 69621.713]","(36199.407, 69621.713]",*
41479.082319347166,"(40457.828, 69621.713]","(36199.407, 69621.713]",*
41484.508125309934,"(40457.828, 69621.713]","(36199.407, 69621.713]",*
41491.2202839106,"(40457.828, 69621.713]","(36199.407, 69621.713]",*
41492.18016776609,"(40457.828, 69621.713]","(36199.407, 69621.713]",*
41513.39941519078,"(40457.828, 69621.713]","(36199.407, 69621.713]",*
41521.38461293384,"(40457.828, 69621.713]","(36199.407, 69621.713]",*
41521.43992590107,"(40457.828, 69621.713]","(36199.407, 69621.713]",*
41524.583299453865,"(40457.828, 69621.713]","(36199.407, 69621.713]",*
41525.37769509764,"(40457.828, 69621.713]","(36199.407, 69621.713]",*
41529.695404715305,"(40457.828, 69621.713]","(36199.407, 69621.713]",*
41530.50954954794,"(40457.828, 69621.713]","(36199.407, 69621.713]",*
41545.61226360728,"(40457.828, 69621.713]","(36199.407, 69621.713]",*
41553.32770758928,"(40457.828, 69621.713]","(36199.407, 69621.713]",*
41553.83956230508,"(40457.828, 69621.713]","(36199.407, 69621.713]",*
41554.07040294608,"(40457.828, 69621.713]","(36199.407, 69621.713]",*
41557.576325760485,"(40457.828, 69621.713]","(36199.407, 69621.713]",*
41562.41094035466,"(40457.828, 69621.713]","(36199.407, 69621.713]",*
41562.74950240075,"(40457.828, 69621.713]","(36199.407, 69621.713]",*
41564.00629530107,"(40457.828, 69621.713]","(36199.407, 69621.713]",*
41565.02608123362,"(40457.828, 69621.713]","(36199.407, 69621.713]",*
41569.39645409567,"(40457.828, 69621.713]","(36199.407, 69621.713]",*
41570.86415881576,"(40457.828, 69621.713]","(36199.407, 69621.713]",*
41602.02373791636,"(40457.828, 69621.713]","(36199.407, 69621.713]",*
41608.06465514528,"(40457.828, 69621.713]","(36199.407, 69621.713]",*
41612.16758996934,"(40457.828, 69621.713]","(36199.407, 69621.713]",*
41620.289298398464,"(40457.828, 69621.713]","(36199.407, 69621.713]",*
41628.89273584168,"(40457.828, 69621.713]","(36199.407, 69621.713]",*
41637.79529450137,"(40457.828, 69621.713]","(36199.407, 69621.713]",*
41638.65686841232,"(40457.828, 69621.713]","(36199.407, 69621.713]",*
41640.43566065672,"(40457.828, 69621.713]","(36199.407, 69621.713]",*
41648.108638963145,"(40457.828, 69621.713]","(36199.407, 69621.713]",*
41651.64847996244,"(40457.828, 69621.713]","(36199.407, 69621.713]",*
41662.00006926444,"(40457.828, 69621.713]","(36199.407, 69621.713]",*
41662.0836336927,"(40457.828, 69621.713]","(36199.407, 69621.713]",*
41686.41285250631,"(40457.828, 69621.713]","(36199.407, 69621.713]",*
41686.51892676085,"(40457.828, 69621.713]","(36199.407, 69621.713]",*
41715.54557893911,"(40457.828, 69621.713]","(36199.407, 69621.713]",*
41717.72069147904,"(40457.828, 69621.713]","(36199.407, 69621.713]",*
41722.66190346811,"(40457.828, 69621.713]","(36199.407, 69621.713]",*
41723.05474122701,"(40457.828, 69621.713]","(36199.407, 69621.713]",*
41723.235867701296,"(40457.828, 69621.713]","(36199.407, 69621.713]",*
41724.90927644268,"(40457.828, 69621.713]","(36199.407, 69621.713]",*
41729.598486207295,"(40457.828, 69621.713]","(36199.407, 69621.713]",*
41734.83265730058,"(40457.828, 69621.713]","(36199.407, 69621.713]",*
41735.635361484834,"(40457.828, 69621.713]","(36199.407, 69621.713]",*
41764.66319971027,"(40457.828, 69621.713]","(36199.407, 69621.713]",*
41766.85755640793,"(40457.828, 69621.713]","(36199.407, 69621.713]",*
41773.514639345536,"(40457.828, 69621.713]","(36199.407, 69621.713]",*
41780.4736923106,"(40457.828, 69621.713]","(36199.407, 69621.713]",*
41785.91077603,"(40457.828, 69621.713]","(36199.407, 69621.713]",*
41796.12563238165,"(40457.828, 69621.713]","(36199.407, 69621.713]",*
41798.66542148766,"(40457.828, 69621.713]","(36199.407, 69621.713]",*
41807.60135942864,"(40457.828, 69621.713]","(36199.407, 69621.713]",*
41807.82865936324,"(40457.828, 69621.713]","(36199.407, 69621.713]",*
41812.80155495025,"(40457.828, 69621.713]","(36199.407, 69621.713]",*
41818.00491016256,"(40457.828, 69621.713]","(36199.407, 69621.713]",*
41818.59398520992,"(40457.828, 69621.713]","(36199.407, 69621.713]",*
41819.36384214337,"(40457.828, 69621.713]","(36199.407, 69621.713]",*
41826.05082094279,"(40457.828, 69621.713]","(36199.407, 69621.713]",*
41828.57961688685,"(40457.828, 69621.713]","(36199.407, 69621.713]",*
41831.04111734485,"(40457.828, 69621.713]","(36199.407, 69621.713]",*
41834.0429409877,"(40457.828, 69621.713]","(36199.407, 69621.713]",*
41837.47517110698,"(40457.828, 69621.713]","(36199.407, 69621.713]",*
41837.85872230898,"(40457.828, 69621.713]","(36199.407, 69621.713]",*
41839.48395611105,"(40457.828, 69621.713]","(36199.407, 69621.713]",*
41848.37111345065,"(40457.828, 69621.713]","(36199.407, 69621.713]",*
41849.05508364689,"(40457.828, 69621.713]","(36199.407, 69621.713]",*
41855.65473511035,"(40457.828, 69621.713]","(36199.407, 69621.713]",*
41856.36586415962,"(40457.828, 69621.713]","(36199.407, 69621.713]",*
41856.71867301464,"(40457.828, 69621.713]","(36199.407, 69621.713]",*
41859.072400008816,"(40457.828, 69621.713]","(36199.407, 69621.713]",*
41864.78624477724,"(40457.828, 69621.713]","(36199.407, 69621.713]",*
41866.18900259303,"(40457.828, 69621.713]","(36199.407, 69621.713]",*
41866.357763142936,"(40457.828, 69621.713]","(36199.407, 69621.713]",*
41870.908385299954,"(40457.828, 69621.713]","(36199.407, 69621.713]",*
41872.64327847776,"(40457.828, 69621.713]","(36199.407, 69621.713]",*
41909.50348863766,"(40457.828, 69621.713]","(36199.407, 69621.713]",*
41913.63690021112,"(40457.828, 69621.713]","(36199.407, 69621.713]",*
41919.58393851532,"(40457.828, 69621.713]","(36199.407, 69621.713]",*
41919.90109509019,"(40457.828, 69621.713]","(36199.407, 69621.713]",*
41926.02442904174,"(40457.828, 69621.713]","(36199.407, 69621.713]",*
41930.37500923844,"(40457.828, 69621.713]","(36199.407, 69621.713]",*
41931.468299081775,"(40457.828, 69621.713]","(36199.407, 69621.713]",*
41933.84799939652,"(40457.828, 69621.713]","(36199.407, 69621.713]",*
41939.51507177032,"(40457.828, 69621.713]","(36199.407, 69621.713]",*
41942.177838284246,"(40457.828, 69621.713]","(36199.407, 69621.713]",*
41950.48409851919,"(40457.828, 69621.713]","(36199.407, 69621.713]",*
41971.16182918733,"(40457.828, 69621.713]","(36199.407, 69621.713]",*
41972.77154374417,"(40457.828, 69621.713]","(36199.407, 69621.713]",*
41981.02092965795,"(40457.828, 69621.713]","(36199.407, 69621.713]",*
41982.90666583771,"(40457.828, 69621.713]","(36199.407, 69621.713]",*
41997.44893722915,"(40457.828, 69621.713]","(36199.407, 69621.713]",*
41998.56887992188,"(40457.828, 69621.713]","(36199.407, 69621.713]",*
42013.73239745644,"(40457.828, 69621.713]","(36199.407, 69621.713]",*
42014.82529169637,"(40457.828, 69621.713]","(36199.407, 69621.713]",*
42018.93856845016,"(40457.828, 69621.713]","(36199.407, 69621.713]",*
42021.22522308288,"(40457.828, 69621.713]","(36199.407, 69621.713]",*
42030.42124095269,"(40457.828, 69621.713]","(36199.407, 69621.713]",*
42032.610561375936,"(40457.828, 69621.713]","(36199.407, 69621.713]",*
42035.99198545209,"(40457.828, 69621.713]","(36199.407, 69621.713]",*
42038.80334926804,"(40457.828, 69621.713]","(36199.407, 69621.713]",*
42046.34040026967,"(40457.828, 69621.713]","(36199.407, 69621.713]",*
42051.29546385797,"(40457.828, 69621.713]","(36199.407, 69621.713]",*
42056.84712451792,"(40457.828, 69621.713]","(36199.407, 69621.713]",*
42067.69393530641,"(40457.828, 69621.713]","(36199.407, 69621.713]",*
42077.48142367152,"(40457.828, 69621.713]","(36199.407, 69621.713]",*
42086.78900571704,"(40457.828, 69621.713]","(36199.407, 69621.713]",*
42090.948198130296,"(40457.828, 69621.713]","(36199.407, 69621.713]",*
42092.88415678765,"(40457.828, 69621.713]","(36199.407, 69621.713]",*
42100.834121241794,"(40457.828, 69621.713]","(36199.407, 69621.713]",*
42115.14601691982,"(40457.828, 69621.713]","(36199.407, 69621.713]",*
42122.53514525114,"(40457.828, 69621.713]","(36199.407, 69621.713]",*
42127.94984458683,"(40457.828, 69621.713]","(36199.407, 69621.713]",*
42143.26281165653,"(40457.828, 69621.713]","(36199.407, 69621.713]",*
42151.268862476514,"(40457.828, 69621.713]","(36199.407, 69621.713]",*
42152.13605364549,"(40457.828, 69621.713]","(36199.407, 69621.713]",*
42154.35659521088,"(40457.828, 69621.713]","(36199.407, 69621.713]",*
42165.81245686793,"(40457.828, 69621.713]","(36199.407, 69621.713]",*
42176.86419139222,"(40457.828, 69621.713]","(36199.407, 69621.713]",*
42177.96629192023,"(40457.828, 69621.713]","(36199.407, 69621.713]",*
42179.67004236304,"(40457.828, 69621.713]","(36199.407, 69621.713]",*
42180.64793997951,"(40457.828, 69621.713]","(36199.407, 69621.713]",*
42182.06843397348,"(40457.828, 69621.713]","(36199.407, 69621.713]",*
42182.86211046352,"(40457.828, 69621.713]","(36199.407, 69621.713]",*
42187.81233758749,"(40457.828, 69621.713]","(36199.407, 69621.713]",*
42188.36248645225,"(40457.828, 69621.713]","(36199.407, 69621.713]",*
42191.77601641692,"(40457.828, 69621.713]","(36199.407, 69621.713]",*
42200.26209235472,"(40457.828, 69621.713]","(36199.407, 69621.713]",*
42211.418643591016,"(40457.828, 69621.713]","(36199.407, 69621.713]",*
42235.06382309728,"(40457.828, 69621.713]","(36199.407, 69621.713]",*
42245.44640109312,"(40457.828, 69621.713]","(36199.407, 69621.713]",*
42246.01752925612,"(40457.828, 69621.713]","(36199.407, 69621.713]",*
42248.68585554967,"(40457.828, 69621.713]","(36199.407, 69621.713]",*
42249.324926245055,"(40457.828, 69621.713]","(36199.407, 69621.713]",*
42250.79603197367,"(40457.828, 69621.713]","(36199.407, 69621.713]",*
42258.537380659465,"(40457.828, 69621.713]","(36199.407, 69621.713]",*
42266.29337176959,"(40457.828, 69621.713]","(36199.407, 69621.713]",*
42267.02029138331,"(40457.828, 69621.713]","(36199.407, 69621.713]",*
42285.9628037329,"(40457.828, 69621.713]","(36199.407, 69621.713]",*
42285.984677919216,"(40457.828, 69621.713]","(36199.407, 69621.713]",*
42292.56460138512,"(40457.828, 69621.713]","(36199.407, 69621.713]",*
42296.419954107965,"(40457.828, 69621.713]","(36199.407, 69621.713]",*
42302.260998047685,"(40457.828, 69621.713]","(36199.407, 69621.713]",*
42302.54789954495,"(40457.828, 69621.713]","(36199.407, 69621.713]",*
42304.31774044581,"(40457.828, 69621.713]","(36199.407, 69621.713]",*
42311.92104097063,"(40457.828, 69621.713]","(36199.407, 69621.713]",*
42312.08201543181,"(40457.828, 69621.713]","(36199.407, 69621.713]",*
42317.8952922528,"(40457.828, 69621.713]","(36199.407, 69621.713]",*
42322.61326334808,"(40457.828, 69621.713]","(36199.407, 69621.713]",*
42329.33483843947,"(40457.828, 69621.713]","(36199.407, 69621.713]",*
42332.30061626148,"(40457.828, 69621.713]","(36199.407, 69621.713]",*
42342.577987479934,"(40457.828, 69621.713]","(36199.407, 69621.713]",*
42351.30362765849,"(40457.828, 69621.713]","(36199.407, 69621.713]",*
42371.58425581331,"(40457.828, 69621.713]","(36199.407, 69621.713]",*
42382.75153235663,"(40457.828, 69621.713]","(36199.407, 69621.713]",*
42385.400819339935,"(40457.828, 69621.713]","(36199.407, 69621.713]",*
42391.02375950127,"(40457.828, 69621.713]","(36199.407, 69621.713]",*
42401.60109309482,"(40457.828, 69621.713]","(36199.407, 69621.713]",*
42405.91539870583,"(40457.828, 69621.713]","(36199.407, 69621.713]",*
42419.86558510189,"(40457.828, 69621.713]","(36199.407, 69621.713]",*
42425.776351988345,"(40457.828, 69621.713]","(36199.407, 69621.713]",*
42432.70958398605,"(40457.828, 69621.713]","(36199.407, 69621.713]",*
42451.30628468081,"(40457.828, 69621.713]","(36199.407, 69621.713]",*
42452.94119211169,"(40457.828, 69621.713]","(36199.407, 69621.713]",*
42461.31544160229,"(40457.828, 69621.713]","(36199.407, 69621.713]",*
42462.028411185485,"(40457.828, 69621.713]","(36199.407, 69621.713]",*
42485.4425613421,"(40457.828, 69621.713]","(36199.407, 69621.713]",*
42488.30999955216,"(40457.828, 69621.713]","(36199.407, 69621.713]",*
42495.75467732488,"(40457.828, 69621.713]","(36199.407, 69621.713]",*
42507.611698474815,"(40457.828, 69621.713]","(36199.407, 69621.713]",*
42522.59412697155,"(40457.828, 69621.713]","(36199.407, 69621.713]",*
42527.78565855737,"(40457.828, 69621.713]","(36199.407, 69621.713]",*
42543.53999624489,"(40457.828, 69621.713]","(36199.407, 69621.713]",*
42548.11004205322,"(40457.828, 69621.713]","(36199.407, 69621.713]",*
42561.85021996454,"(40457.828, 69621.713]","(36199.407, 69621.713]",*
42566.5017740806,"(40457.828, 69621.713]","(36199.407, 69621.713]",*
42573.57801465426,"(40457.828, 69621.713]","(36199.407, 69621.713]",*
42574.65597560686,"(40457.828, 69621.713]","(36199.407, 69621.713]",*
42578.42762640884,"(40457.828, 69621.713]","(36199.407, 69621.713]",*
42582.625870652526,"(40457.828, 69621.713]","(36199.407, 69621.713]",*
42582.93466684264,"(40457.828, 69621.713]","(36199.407, 69621.713]",*
42589.62439070174,"(40457.828, 69621.713]","(36199.407, 69621.713]",*
42590.68516957605,"(40457.828, 69621.713]","(36199.407, 69621.713]",*
42601.81530142117,"(40457.828, 69621.713]","(36199.407, 69621.713]",*
42601.84261512793,"(40457.828, 69621.713]","(36199.407, 69621.713]",*
42607.23457382341,"(40457.828, 69621.713]","(36199.407, 69621.713]",*
42611.53970337937,"(40457.828, 69621.713]","(36199.407, 69621.713]",*
42614.83941492759,"(40457.828, 69621.713]","(36199.407, 69621.713]",*
42617.738697437984,"(40457.828, 69621.713]","(36199.407, 69621.713]",*
42624.94179314877,"(40457.828, 69621.713]","(36199.407, 69621.713]",*
42625.62015585088,"(40457.828, 69621.713]","(36199.407, 69621.713]",*
42628.71073811215,"(40457.828, 69621.713]","(36199.407, 69621.713]",*
42631.83697653531,"(40457.828, 69621.713]","(36199.407, 69621.713]",*
42634.77173088377,"(40457.828, 69621.713]","(36199.407, 69621.713]",*
42634.95086393372,"(40457.828, 69621.713]","(36199.407, 69621.713]",*
42643.14291416438,"(40457.828, 69621.713]","(36199.407, 69621.713]",*
42643.90936110373,"(40457.828, 69621.713]","(36199.407, 69621.713]",*
42647.86966470517,"(40457.828, 69621.713]","(36199.407, 69621.713]",*
42652.36734906069,"(40457.828, 69621.713]","(36199.407, 69621.713]",*
42652.460595898185,"(40457.828, 69621.713]","(36199.407, 69621.713]",*
42652.51665845739,"(40457.828, 69621.713]","(36199.407, 69621.713]",*
42653.861375063934,"(40457.828, 69621.713]","(36199.407, 69621.713]",*
42656.43925370407,"(40457.828, 69621.713]","(36199.407, 69621.713]",*
42677.284918495374,"(40457.828, 69621.713]","(36199.407, 69621.713]",*
42681.82329238878,"(40457.828, 69621.713]","(36199.407, 69621.713]",*
42688.46134390566,"(40457.828, 69621.713]","(36199.407, 69621.713]",*
42693.32020405973,"(40457.828, 69621.713]","(36199.407, 69621.713]",*
42699.72412744563,"(40457.828, 69621.713]","(36199.407, 69621.713]",*
42702.40327879457,"(40457.828, 69621.713]","(36199.407, 69621.713]",*
42710.82180940741,"(40457.828, 69621.713]","(36199.407, 69621.713]",*
42721.28569441694,"(40457.828, 69621.713]","(36199.407, 69621.713]",*
42734.2432838673,"(40457.828, 69621.713]","(36199.407, 69621.713]",*
42744.82854025191,"(40457.828, 69621.713]","(36199.407, 69621.713]",*
42757.444276184935,"(40457.828, 69621.713]","(36199.407, 69621.713]",*
42758.666449400735,"(40457.828, 69621.713]","(36199.407, 69621.713]",*
42768.37335675824,"(40457.828, 69621.713]","(36199.407, 69621.713]",*
42768.45809803518,"(40457.828, 69621.713]","(36199.407, 69621.713]",*
42768.91229671312,"(40457.828, 69621.713]","(36199.407, 69621.713]",*
42771.40597993067,"(40457.828, 69621.713]","(36199.407, 69621.713]",*
42772.16328965796,"(40457.828, 69621.713]","(36199.407, 69621.713]",*
42773.61309919287,"(40457.828, 69621.713]","(36199.407, 69621.713]",*
42775.98295719245,"(40457.828, 69621.713]","(36199.407, 69621.713]",*
42779.831295917815,"(40457.828, 69621.713]","(36199.407, 69621.713]",*
42785.08177572908,"(40457.828, 69621.713]","(36199.407, 69621.713]",*
42789.69221657104,"(40457.828, 69621.713]","(36199.407, 69621.713]",*
42795.34656456844,"(40457.828, 69621.713]","(36199.407, 69621.713]",*
42803.2214092985,"(40457.828, 69621.713]","(36199.407, 69621.713]",*
42806.14664380127,"(40457.828, 69621.713]","(36199.407, 69621.713]",*
42808.647778201215,"(40457.828, 69621.713]","(36199.407, 69621.713]",*
42811.78159483078,"(40457.828, 69621.713]","(36199.407, 69621.713]",*
42841.741622874,"(40457.828, 69621.713]","(36199.407, 69621.713]",*
42847.646563503935,"(40457.828, 69621.713]","(36199.407, 69621.713]",*
42857.370958479245,"(40457.828, 69621.713]","(36199.407, 69621.713]",*
42873.05020022469,"(40457.828, 69621.713]","(36199.407, 69621.713]",*
42877.42414743754,"(40457.828, 69621.713]","(36199.407, 69621.713]",*
42877.51748680959,"(40457.828, 69621.713]","(36199.407, 69621.713]",*
42889.66610250265,"(40457.828, 69621.713]","(36199.407, 69621.713]",*
42891.598943905046,"(40457.828, 69621.713]","(36199.407, 69621.713]",*
42892.70325283628,"(40457.828, 69621.713]","(36199.407, 69621.713]",*
42905.09538060709,"(40457.828, 69621.713]","(36199.407, 69621.713]",*
42929.87615722032,"(40457.828, 69621.713]","(36199.407, 69621.713]",*
42938.16233138478,"(40457.828, 69621.713]","(36199.407, 69621.713]",*
42939.27424037677,"(40457.828, 69621.713]","(36199.407, 69621.713]",*
42946.08099253882,"(40457.828, 69621.713]","(36199.407, 69621.713]",*
42955.90836023485,"(40457.828, 69621.713]","(36199.407, 69621.713]",*
42956.53944156406,"(40457.828, 69621.713]","(36199.407, 69621.713]",*
42961.50959848286,"(40457.828, 69621.713]","(36199.407, 69621.713]",*
42961.76419705313,"(40457.828, 69621.713]","(36199.407, 69621.713]",*
42968.61861956663,"(40457.828, 69621.713]","(36199.407, 69621.713]",*
42969.32651568525,"(40457.828, 69621.713]","(36199.407, 69621.713]",*
42975.61818626134,"(40457.828, 69621.713]","(36199.407, 69621.713]",*
42987.06573185946,"(40457.828, 69621.713]","(36199.407, 69621.713]",*
42987.4793261357,"(40457.828, 69621.713]","(36199.407, 69621.713]",*
42996.606079586425,"(40457.828, 69621.713]","(36199.407, 69621.713]",*
43013.410858894575,"(40457.828, 69621.713]","(36199.407, 69621.713]",*
43013.79648275829,"(40457.828, 69621.713]","(36199.407, 69621.713]",*
43015.09273768207,"(40457.828, 69621.713]","(36199.407, 69621.713]",*
43017.44075715364,"(40457.828, 69621.713]","(36199.407, 69621.713]",*
43031.561697319885,"(40457.828, 69621.713]","(36199.407, 69621.713]",*
43047.12368473226,"(40457.828, 69621.713]","(36199.407, 69621.713]",*
43048.77791925124,"(40457.828, 69621.713]","(36199.407, 69621.713]",*
43061.19348754756,"(40457.828, 69621.713]","(36199.407, 69621.713]",*
43063.50372004278,"(40457.828, 69621.713]","(36199.407, 69621.713]",*
43067.01156893434,"(40457.828, 69621.713]","(36199.407, 69621.713]",*
43068.22880607522,"(40457.828, 69621.713]","(36199.407, 69621.713]",*
43070.51538641273,"(40457.828, 69621.713]","(36199.407, 69621.713]",*
43072.19660636025,"(40457.828, 69621.713]","(36199.407, 69621.713]",*
43091.81101855685,"(40457.828, 69621.713]","(36199.407, 69621.713]",*
43091.845142505816,"(40457.828, 69621.713]","(36199.407, 69621.713]",*
43108.01999028735,"(40457.828, 69621.713]","(36199.407, 69621.713]",*
43119.31267917997,"(40457.828, 69621.713]","(36199.407, 69621.713]",*
43119.54065626024,"(40457.828, 69621.713]","(36199.407, 69621.713]",*
43119.697028073766,"(40457.828, 69621.713]","(36199.407, 69621.713]",*
43122.574175988586,"(40457.828, 69621.713]","(36199.407, 69621.713]",*
43134.03806216383,"(40457.828, 69621.713]","(36199.407, 69621.713]",*
43144.714927525485,"(40457.828, 69621.713]","(36199.407, 69621.713]",*
43146.98202004501,"(40457.828, 69621.713]","(36199.407, 69621.713]",*
43152.1395773558,"(40457.828, 69621.713]","(36199.407, 69621.713]",*
43154.60849202024,"(40457.828, 69621.713]","(36199.407, 69621.713]",*
43154.838626574034,"(40457.828, 69621.713]","(36199.407, 69621.713]",*
43156.086783589686,"(40457.828, 69621.713]","(36199.407, 69621.713]",*
43181.51306578885,"(40457.828, 69621.713]","(36199.407, 69621.713]",*
43181.82465063765,"(40457.828, 69621.713]","(36199.407, 69621.713]",*
43181.90540528896,"(40457.828, 69621.713]","(36199.407, 69621.713]",*
43183.51610367632,"(40457.828, 69621.713]","(36199.407, 69621.713]",*
43183.92848788104,"(40457.828, 69621.713]","(36199.407, 69621.713]",*
43203.27106033632,"(40457.828, 69621.713]","(36199.407, 69621.713]",*
43204.157615164986,"(40457.828, 69621.713]","(36199.407, 69621.713]",*
43208.35656309367,"(40457.828, 69621.713]","(36199.407, 69621.713]",*
43214.76502192722,"(40457.828, 69621.713]","(36199.407, 69621.713]",*
43218.17515965017,"(40457.828, 69621.713]","(36199.407, 69621.713]",*
43230.35215795722,"(40457.828, 69621.713]","(36199.407, 69621.713]",*
43231.61729649536,"(40457.828, 69621.713]","(36199.407, 69621.713]",*
43233.32499786789,"(40457.828, 69621.713]","(36199.407, 69621.713]",*
43250.989967250585,"(40457.828, 69621.713]","(36199.407, 69621.713]",*
43254.28882521508,"(40457.828, 69621.713]","(36199.407, 69621.713]",*
43258.64460309612,"(40457.828, 69621.713]","(36199.407, 69621.713]",*
43264.07672495073,"(40457.828, 69621.713]","(36199.407, 69621.713]",*
43269.03336682754,"(40457.828, 69621.713]","(36199.407, 69621.713]",*
43272.31005201776,"(40457.828, 69621.713]","(36199.407, 69621.713]",*
43281.5727419023,"(40457.828, 69621.713]","(36199.407, 69621.713]",*
43282.18300425021,"(40457.828, 69621.713]","(36199.407, 69621.713]",*
43283.93363145524,"(40457.828, 69621.713]","(36199.407, 69621.713]",*
43284.39715786267,"(40457.828, 69621.713]","(36199.407, 69621.713]",*
43299.010773284535,"(40457.828, 69621.713]","(36199.407, 69621.713]",*
43300.95464130398,"(40457.828, 69621.713]","(36199.407, 69621.713]",*
43301.32596378965,"(40457.828, 69621.713]","(36199.407, 69621.713]",*
43306.35041882629,"(40457.828, 69621.713]","(36199.407, 69621.713]",*
43310.61242826768,"(40457.828, 69621.713]","(36199.407, 69621.713]",*
43313.16511969776,"(40457.828, 69621.713]","(36199.407, 69621.713]",*
43314.1610825856,"(40457.828, 69621.713]","(36199.407, 69621.713]",*
43315.45003875368,"(40457.828, 69621.713]","(36199.407, 69621.713]",*
43322.16685439393,"(40457.828, 69621.713]","(36199.407, 69621.713]",*
43328.34367451343,"(40457.828, 69621.713]","(36199.407, 69621.713]",*
43340.293560641374,"(40457.828, 69621.713]","(36199.407, 69621.713]",*
43341.08704954168,"(40457.828, 69621.713]","(36199.407, 69621.713]",*
43341.7657031261,"(40457.828, 69621.713]","(36199.407, 69621.713]",*
43345.60757753476,"(40457.828, 69621.713]","(36199.407, 69621.713]",*
43347.17079826975,"(40457.828, 69621.713]","(36199.407, 69621.713]",*
43347.80400115452,"(40457.828, 69621.713]","(36199.407, 69621.713]",*
43348.48867545444,"(40457.828, 69621.713]","(36199.407, 69621.713]",*
43351.37328389918,"(40457.828, 69621.713]","(36199.407, 69621.713]",*
43351.58920009496,"(40457.828, 69621.713]","(36199.407, 69621.713]",*
43358.57050129892,"(40457.828, 69621.713]","(36199.407, 69621.713]",*
43359.02128094898,"(40457.828, 69621.713]","(36199.407, 69621.713]",*
43364.42818970814,"(40457.828, 69621.713]","(36199.407, 69621.713]",*
43393.297536737584,"(40457.828, 69621.713]","(36199.407, 69621.713]",*
43395.73599084861,"(40457.828, 69621.713]","(36199.407, 69621.713]",*
43406.71203013228,"(40457.828, 69621.713]","(36199.407, 69621.713]",*
43408.42045906005,"(40457.828, 69621.713]","(36199.407, 69621.713]",*
43416.497820927936,"(40457.828, 69621.713]","(36199.407, 69621.713]",*
43419.88705392107,"(40457.828, 69621.713]","(36199.407, 69621.713]",*
43432.87979340272,"(40457.828, 69621.713]","(36199.407, 69621.713]",*
43441.99643201689,"(40457.828, 69621.713]","(36199.407, 69621.713]",*
43445.01589995213,"(40457.828, 69621.713]","(36199.407, 69621.713]",*
43445.43916538981,"(40457.828, 69621.713]","(36199.407, 69621.713]",*
43458.0017739392,"(40457.828, 69621.713]","(36199.407, 69621.713]",*
43467.14703549413,"(40457.828, 69621.713]","(36199.407, 69621.713]",*
43468.164464824906,"(40457.828, 69621.713]","(36199.407, 69621.713]",*
43474.77737887543,"(40457.828, 69621.713]","(36199.407, 69621.713]",*
43477.657209048666,"(40457.828, 69621.713]","(36199.407, 69621.713]",*
43480.69970513807,"(40457.828, 69621.713]","(36199.407, 69621.713]",*
43485.680637406345,"(40457.828, 69621.713]","(36199.407, 69621.713]",*
43487.577119863134,"(40457.828, 69621.713]","(36199.407, 69621.713]",*
43509.458399362826,"(40457.828, 69621.713]","(36199.407, 69621.713]",*
43510.94014568808,"(40457.828, 69621.713]","(36199.407, 69621.713]",*
43511.01798937912,"(40457.828, 69621.713]","(36199.407, 69621.713]",*
43522.68517785573,"(40457.828, 69621.713]","(36199.407, 69621.713]",*
43523.95175235426,"(40457.828, 69621.713]","(36199.407, 69621.713]",*
43526.16152770932,"(40457.828, 69621.713]","(36199.407, 69621.713]",*
43535.9314962526,"(40457.828, 69621.713]","(36199.407, 69621.713]",*
43537.50294550512,"(40457.828, 69621.713]","(36199.407, 69621.713]",*
43538.29596993261,"(40457.828, 69621.713]","(36199.407, 69621.713]",*
43542.66321769566,"(40457.828, 69621.713]","(36199.407, 69621.713]",*
43547.57901384004,"(40457.828, 69621.713]","(36199.407, 69621.713]",*
43552.358585740665,"(40457.828, 69621.713]","(36199.407, 69621.713]",*
43555.460635593234,"(40457.828, 69621.713]","(36199.407, 69621.713]",*
43557.94343512274,"(40457.828, 69621.713]","(36199.407, 69621.713]",*
43558.825304712576,"(40457.828, 69621.713]","(36199.407, 69621.713]",*
43570.83166266132,"(40457.828, 69621.713]","(36199.407, 69621.713]",*
43570.942015436536,"(40457.828, 69621.713]","(36199.407, 69621.713]",*
43600.36092992522,"(40457.828, 69621.713]","(36199.407, 69621.713]",*
43601.7107009816,"(40457.828, 69621.713]","(36199.407, 69621.713]",*
43604.79288425879,"(40457.828, 69621.713]","(36199.407, 69621.713]",*
43609.46243378679,"(40457.828, 69621.713]","(36199.407, 69621.713]",*
43628.9548124534,"(40457.828, 69621.713]","(36199.407, 69621.713]",*
43636.50449088458,"(40457.828, 69621.713]","(36199.407, 69621.713]",*
43645.05069231821,"(40457.828, 69621.713]","(36199.407, 69621.713]",*
43645.38548016062,"(40457.828, 69621.713]","(36199.407, 69621.713]",*
43672.62854917658,"(40457.828, 69621.713]","(36199.407, 69621.713]",*
43677.39159113724,"(40457.828, 69621.713]","(36199.407, 69621.713]",*
43679.484825566935,"(40457.828, 69621.713]","(36199.407, 69621.713]",*
43681.82810550108,"(40457.828, 69621.713]","(36199.407, 69621.713]",*
43682.09423062951,"(40457.828, 69621.713]","(36199.407, 69621.713]",*
43683.302559315285,"(40457.828, 69621.713]","(36199.407, 69621.713]",*
43703.77758192253,"(40457.828, 69621.713]","(36199.407, 69621.713]",*
43708.88775914649,"(40457.828, 69621.713]","(36199.407, 69621.713]",*
43717.9130919397,"(40457.828, 69621.713]","(36199.407, 69621.713]",*
43719.479564601286,"(40457.828, 69621.713]","(36199.407, 69621.713]",*
43722.51676103999,"(40457.828, 69621.713]","(36199.407, 69621.713]",*
43728.803486197095,"(40457.828, 69621.713]","(36199.407, 69621.713]",*
43745.990816411686,"(40457.828, 69621.713]","(36199.407, 69621.713]",*
43749.656730695126,"(40457.828, 69621.713]","(36199.407, 69621.713]",*
43751.17933289527,"(40457.828, 69621.713]","(36199.407, 69621.713]",*
43752.88954280153,"(40457.828, 69621.713]","(36199.407, 69621.713]",*
43754.45293726736,"(40457.828, 69621.713]","(36199.407, 69621.713]",*
43765.04174972119,"(40457.828, 69621.713]","(36199.407, 69621.713]",*
43769.96713481707,"(40457.828, 69621.713]","(36199.407, 69621.713]",*
43771.64635758184,"(40457.828, 69621.713]","(36199.407, 69621.713]",*
43790.665368626986,"(40457.828, 69621.713]","(36199.407, 69621.713]",*
43795.62542851304,"(40457.828, 69621.713]","(36199.407, 69621.713]",*
43800.050859355295,"(40457.828, 69621.713]","(36199.407, 69621.713]",*
43804.16869790603,"(40457.828, 69621.713]","(36199.407, 69621.713]",*
43805.52188768892,"(40457.828, 69621.713]","(36199.407, 69621.713]",*
43807.92573715271,"(40457.828, 69621.713]","(36199.407, 69621.713]",*
43818.67865641199,"(40457.828, 69621.713]","(36199.407, 69621.713]",*
43818.81313955185,"(40457.828, 69621.713]","(36199.407, 69621.713]",*
43828.947207425765,"(40457.828, 69621.713]","(36199.407, 69621.713]",*
43833.66369345938,"(40457.828, 69621.713]","(36199.407, 69621.713]",*
43833.853436773024,"(40457.828, 69621.713]","(36199.407, 69621.713]",*
43834.107831979374,"(40457.828, 69621.713]","(36199.407, 69621.713]",*
43837.42476010867,"(40457.828, 69621.713]","(36199.407, 69621.713]",*
43846.53133966267,"(40457.828, 69621.713]","(36199.407, 69621.713]",*
43867.844544727785,"(40457.828, 69621.713]","(36199.407, 69621.713]",*
43869.30998440175,"(40457.828, 69621.713]","(36199.407, 69621.713]",*
43890.03872305447,"(40457.828, 69621.713]","(36199.407, 69621.713]",*
43904.6292225593,"(40457.828, 69621.713]","(36199.407, 69621.713]",*
43906.74416520613,"(40457.828, 69621.713]","(36199.407, 69621.713]",*
43911.48174138647,"(40457.828, 69621.713]","(36199.407, 69621.713]",*
43921.10884181898,"(40457.828, 69621.713]","(36199.407, 69621.713]",*
43922.63017167468,"(40457.828, 69621.713]","(36199.407, 69621.713]",*
43943.47926155255,"(40457.828, 69621.713]","(36199.407, 69621.713]",*
43947.680264122566,"(40457.828, 69621.713]","(36199.407, 69621.713]",*
43950.66237956852,"(40457.828, 69621.713]","(36199.407, 69621.713]",*
43961.499982499154,"(40457.828, 69621.713]","(36199.407, 69621.713]",*
43964.65844736178,"(40457.828, 69621.713]","(36199.407, 69621.713]",*
43968.68704641723,"(40457.828, 69621.713]","(36199.407, 69621.713]",*
43971.51413514142,"(40457.828, 69621.713]","(36199.407, 69621.713]",*
43976.03106015688,"(40457.828, 69621.713]","(36199.407, 69621.713]",*
43978.25753836604,"(40457.828, 69621.713]","(36199.407, 69621.713]",*
43982.18895725302,"(40457.828, 69621.713]","(36199.407, 69621.713]",*
43987.877128801214,"(40457.828, 69621.713]","(36199.407, 69621.713]",*
43992.28509086372,"(40457.828, 69621.713]","(36199.407, 69621.713]",*
43994.24411460791,"(40457.828, 69621.713]","(36199.407, 69621.713]",*
43998.06350592913,"(40457.828, 69621.713]","(36199.407, 69621.713]",*
44011.41990576013,"(40457.828, 69621.713]","(36199.407, 69621.713]",*
44013.32405738123,"(40457.828, 69621.713]","(36199.407, 69621.713]",*
44016.14744109538,"(40457.828, 69621.713]","(36199.407, 69621.713]",*
44019.21209645203,"(40457.828, 69621.713]","(36199.407, 69621.713]",*
44020.14410184685,"(40457.828, 69621.713]","(36199.407, 69621.713]",*
44023.79068493212,"(40457.828, 69621.713]","(36199.407, 69621.713]",*
44029.6818160912,"(40457.828, 69621.713]","(36199.407, 69621.713]",*
44034.47735011191,"(40457.828, 69621.713]","(36199.407, 69621.713]",*
44047.91116985013,"(40457.828, 69621.713]","(36199.407, 69621.713]",*
44057.149664796736,"(40457.828, 69621.713]","(36199.407, 69621.713]",*
44057.83563535148,"(40457.828, 69621.713]","(36199.407, 69621.713]",*
44065.149434225255,"(40457.828, 69621.713]","(36199.407, 69621.713]",*
44066.212977922034,"(40457.828, 69621.713]","(36199.407, 69621.713]",*
44066.96345482281,"(40457.828, 69621.713]","(36199.407, 69621.713]",*
44067.08736368204,"(40457.828, 69621.713]","(36199.407, 69621.713]",*
44071.60462794516,"(40457.828, 69621.713]","(36199.407, 69621.713]",*
44079.38816105508,"(40457.828, 69621.713]","(36199.407, 69621.713]",*
44095.062709550286,"(40457.828, 69621.713]","(36199.407, 69621.713]",*
44095.461559604846,"(40457.828, 69621.713]","(36199.407, 69621.713]",*
44099.5352735459,"(40457.828, 69621.713]","(36199.407, 69621.713]",*
44099.74897858026,"(40457.828, 69621.713]","(36199.407, 69621.713]",*
44101.240526968766,"(40457.828, 69621.713]","(36199.407, 69621.713]",*
44102.19972955652,"(40457.828, 69621.713]","(36199.407, 69621.713]",*
44103.15679716165,"(40457.828, 69621.713]","(36199.407, 69621.713]",*
44115.98341937827,"(40457.828, 69621.713]","(36199.407, 69621.713]",*
44125.54078176629,"(40457.828, 69621.713]","(36199.407, 69621.713]",*
44128.200961465926,"(40457.828, 69621.713]","(36199.407, 69621.713]",*
44138.00672962381,"(40457.828, 69621.713]","(36199.407, 69621.713]",*
44141.52655350533,"(40457.828, 69621.713]","(36199.407, 69621.713]",*
44146.224809999694,"(40457.828, 69621.713]","(36199.407, 69621.713]",*
44157.28658585619,"(40457.828, 69621.713]","(36199.407, 69621.713]",*
44162.279205220126,"(40457.828, 69621.713]","(36199.407, 69621.713]",*
44194.658519477714,"(40457.828, 69621.713]","(36199.407, 69621.713]",*
44198.33581117103,"(40457.828, 69621.713]","(36199.407, 69621.713]",*
44202.656140047,"(40457.828, 69621.713]","(36199.407, 69621.713]",*
44203.08094635655,"(40457.828, 69621.713]","(36199.407, 69621.713]",*
44210.155242654335,"(40457.828, 69621.713]","(36199.407, 69621.713]",*
44212.90534512637,"(40457.828, 69621.713]","(36199.407, 69621.713]",*
44214.49363641189,"(40457.828, 69621.713]","(36199.407, 69621.713]",*
44237.12104176055,"(40457.828, 69621.713]","(36199.407, 69621.713]",*
44256.779132460586,"(40457.828, 69621.713]","(36199.407, 69621.713]",*
44258.90193469923,"(40457.828, 69621.713]","(36199.407, 69621.713]",*
44261.86804250493,"(40457.828, 69621.713]","(36199.407, 69621.713]",*
44277.30063829904,"(40457.828, 69621.713]","(36199.407, 69621.713]",*
44279.43030908558,"(40457.828, 69621.713]","(36199.407, 69621.713]",*
44280.07605533664,"(40457.828, 69621.713]","(36199.407, 69621.713]",*
44288.08723635488,"(40457.828, 69621.713]","(36199.407, 69621.713]",*
44305.7221635636,"(40457.828, 69621.713]","(36199.407, 69621.713]",*
44316.38482357383,"(40457.828, 69621.713]","(36199.407, 69621.713]",*
44323.621170021885,"(40457.828, 69621.713]","(36199.407, 69621.713]",*
44339.96289346858,"(40457.828, 69621.713]","(36199.407, 69621.713]",*
44345.07695684976,"(40457.828, 69621.713]","(36199.407, 69621.713]",*
44348.42034110976,"(40457.828, 69621.713]","(36199.407, 69621.713]",*
44352.88381461407,"(40457.828, 69621.713]","(36199.407, 69621.713]",*
44353.44680037361,"(40457.828, 69621.713]","(36199.407, 69621.713]",*
44372.94405126901,"(40457.828, 69621.713]","(36199.407, 69621.713]",*
44373.63307490455,"(40457.828, 69621.713]","(36199.407, 69621.713]",*
44381.26753568369,"(40457.828, 69621.713]","(36199.407, 69621.713]",*
44384.51974489547,"(40457.828, 69621.713]","(36199.407, 69621.713]",*
44385.31240784277,"(40457.828, 69621.713]","(36199.407, 69621.713]",*
44387.86829170559,"(40457.828, 69621.713]","(36199.407, 69621.713]",*
44393.34075070241,"(40457.828, 69621.713]","(36199.407, 69621.713]",*
44406.45551495437,"(40457.828, 69621.713]","(36199.407, 69621.713]",*
44423.4986851153,"(40457.828, 69621.713]","(36199.407, 69621.713]",*
44426.21364759751,"(40457.828, 69621.713]","(36199.407, 69621.713]",*
44428.15289859162,"(40457.828, 69621.713]","(36199.407, 69621.713]",*
44435.16452125264,"(40457.828, 69621.713]","(36199.407, 69621.713]",*
44452.644105741325,"(40457.828, 69621.713]","(36199.407, 69621.713]",*
44474.70187858192,"(40457.828, 69621.713]","(36199.407, 69621.713]",*
44476.16566248502,"(40457.828, 69621.713]","(36199.407, 69621.713]",*
44476.33709942602,"(40457.828, 69621.713]","(36199.407, 69621.713]",*
44476.81929207165,"(40457.828, 69621.713]","(36199.407, 69621.713]",*
44486.383067261166,"(40457.828, 69621.713]","(36199.407, 69621.713]",*
44489.93170991457,"(40457.828, 69621.713]","(36199.407, 69621.713]",*
44500.35194488086,"(40457.828, 69621.713]","(36199.407, 69621.713]",*
44503.9174056517,"(40457.828, 69621.713]","(36199.407, 69621.713]",*
44508.60305885182,"(40457.828, 69621.713]","(36199.407, 69621.713]",*
44508.97560999735,"(40457.828, 69621.713]","(36199.407, 69621.713]",*
44521.06540780664,"(40457.828, 69621.713]","(36199.407, 69621.713]",*
44521.76285032272,"(40457.828, 69621.713]","(36199.407, 69621.713]",*
44523.98908958207,"(40457.828, 69621.713]","(36199.407, 69621.713]",*
44531.759455931184,"(40457.828, 69621.713]","(36199.407, 69621.713]",*
44541.646051674456,"(40457.828, 69621.713]","(36199.407, 69621.713]",*
44544.23045873104,"(40457.828, 69621.713]","(36199.407, 69621.713]",*
44550.69513442262,"(40457.828, 69621.713]","(36199.407, 69621.713]",*
44557.37965578726,"(40457.828, 69621.713]","(36199.407, 69621.713]",*
44561.33359231657,"(40457.828, 69621.713]","(36199.407, 69621.713]",*
44568.66968700314,"(40457.828, 69621.713]","(36199.407, 69621.713]",*
44571.37813243252,"(40457.828, 69621.713]","(36199.407, 69621.713]",*
44581.747577851806,"(40457.828, 69621.713]","(36199.407, 69621.713]",*
44586.72495403092,"(40457.828, 69621.713]","(36199.407, 69621.713]",*
44604.26897237874,"(40457.828, 69621.713]","(36199.407, 69621.713]",*
44604.68130845675,"(40457.828, 69621.713]","(36199.407, 69621.713]",*
44610.0350592587,"(40457.828, 69621.713]","(36199.407, 69621.713]",*
44610.45332026536,"(40457.828, 69621.713]","(36199.407, 69621.713]",*
44644.247790468246,"(40457.828, 69621.713]","(36199.407, 69621.713]",*
44657.08091431281,"(40457.828, 69621.713]","(36199.407, 69621.713]",*
44663.81899031212,"(40457.828, 69621.713]","(36199.407, 69621.713]",*
44669.455553014006,"(40457.828, 69621.713]","(36199.407, 69621.713]",*
44674.46711336025,"(40457.828, 69621.713]","(36199.407, 69621.713]",*
44674.89102813087,"(40457.828, 69621.713]","(36199.407, 69621.713]",*
44682.75733197584,"(40457.828, 69621.713]","(36199.407, 69621.713]",*
44684.73719459948,"(40457.828, 69621.713]","(36199.407, 69621.713]",*
44706.718490129766,"(40457.828, 69621.713]","(36199.407, 69621.713]",*
44711.08062058793,"(40457.828, 69621.713]","(36199.407, 69621.713]",*
44712.47624112309,"(40457.828, 69621.713]","(36199.407, 69621.713]",*
44723.35372969352,"(40457.828, 69621.713]","(36199.407, 69621.713]",*
44738.39585097909,"(40457.828, 69621.713]","(36199.407, 69621.713]",*
44761.71937498317,"(40457.828, 69621.713]","(36199.407, 69621.713]",*
44766.76113683437,"(40457.828, 69621.713]","(36199.407, 69621.713]",*
44768.68811023918,"(40457.828, 69621.713]","(36199.407, 69621.713]",*
44782.56826676076,"(40457.828, 69621.713]","(36199.407, 69621.713]",*
44786.52968267336,"(40457.828, 69621.713]","(36199.407, 69621.713]",*
44795.531112939774,"(40457.828, 69621.713]","(36199.407, 69621.713]",*
44796.58583296762,"(40457.828, 69621.713]","(36199.407, 69621.713]",*
44807.988357490496,"(40457.828, 69621.713]","(36199.407, 69621.713]",*
44808.303365337335,"(40457.828, 69621.713]","(36199.407, 69621.713]",*
44822.34840229027,"(40457.828, 69621.713]","(36199.407, 69621.713]",*
44825.81265323602,"(40457.828, 69621.713]","(36199.407, 69621.713]",*
44843.19551834252,"(40457.828, 69621.713]","(36199.407, 69621.713]",*
44852.092495039375,"(40457.828, 69621.713]","(36199.407, 69621.713]",*
44863.71497883538,"(40457.828, 69621.713]","(36199.407, 69621.713]",*
44865.38181762911,"(40457.828, 69621.713]","(36199.407, 69621.713]",*
44869.50694756135,"(40457.828, 69621.713]","(36199.407, 69621.713]",*
44872.90894226096,"(40457.828, 69621.713]","(36199.407, 69621.713]",*
44873.841349400565,"(40457.828, 69621.713]","(36199.407, 69621.713]",*
44876.89970941581,"(40457.828, 69621.713]","(36199.407, 69621.713]",*
44877.43863124423,"(40457.828, 69621.713]","(36199.407, 69621.713]",*
44877.565109750976,"(40457.828, 69621.713]","(36199.407, 69621.713]",*
44882.48791619197,"(40457.828, 69621.713]","(36199.407, 69621.713]",*
44900.79309698145,"(40457.828, 69621.713]","(36199.407, 69621.713]",*
44901.857337630565,"(40457.828, 69621.713]","(36199.407, 69621.713]",*
44903.44532265245,"(40457.828, 69621.713]","(36199.407, 69621.713]",*
44907.3786475598,"(40457.828, 69621.713]","(36199.407, 69621.713]",*
44913.21079613112,"(40457.828, 69621.713]","(36199.407, 69621.713]",*
44915.714138137824,"(40457.828, 69621.713]","(36199.407, 69621.713]",*
44916.291397826055,"(40457.828, 69621.713]","(36199.407, 69621.713]",*
44920.24554555017,"(40457.828, 69621.713]","(36199.407, 69621.713]",*
44920.657887688445,"(40457.828, 69621.713]","(36199.407, 69621.713]",*
44922.106702293066,"(40457.828, 69621.713]","(36199.407, 69621.713]",*
44935.37805895035,"(40457.828, 69621.713]","(36199.407, 69621.713]",*
44935.884831079245,"(40457.828, 69621.713]","(36199.407, 69621.713]",*
44939.67255611734,"(40457.828, 69621.713]","(36199.407, 69621.713]",*
44953.52365056783,"(40457.828, 69621.713]","(36199.407, 69621.713]",*
44957.01792132441,"(40457.828, 69621.713]","(36199.407, 69621.713]",*
44965.31198085928,"(40457.828, 69621.713]","(36199.407, 69621.713]",*
44966.06780219625,"(40457.828, 69621.713]","(36199.407, 69621.713]",*
44972.03135872077,"(40457.828, 69621.713]","(36199.407, 69621.713]",*
44973.08597777347,"(40457.828, 69621.713]","(36199.407, 69621.713]",*
44985.26191917922,"(40457.828, 69621.713]","(36199.407, 69621.713]",*
45004.97001533707,"(40457.828, 69621.713]","(36199.407, 69621.713]",*
45008.24223987988,"(40457.828, 69621.713]","(36199.407, 69621.713]",*
45020.753300691766,"(40457.828, 69621.713]","(36199.407, 69621.713]",*
45024.297179926434,"(40457.828, 69621.713]","(36199.407, 69621.713]",*
45027.11400702167,"(40457.828, 69621.713]","(36199.407, 69621.713]",*
45033.38900493772,"(40457.828, 69621.713]","(36199.407, 69621.713]",*
45055.2400999024,"(40457.828, 69621.713]","(36199.407, 69621.713]",*
45068.599338396816,"(40457.828, 69621.713]","(36199.407, 69621.713]",*
45084.03665959033,"(40457.828, 69621.713]","(36199.407, 69621.713]",*
45084.39423576507,"(40457.828, 69621.713]","(36199.407, 69621.713]",*
45095.69976438103,"(40457.828, 69621.713]","(36199.407, 69621.713]",*
45103.57164109424,"(40457.828, 69621.713]","(36199.407, 69621.713]",*
45111.81138755741,"(40457.828, 69621.713]","(36199.407, 69621.713]",*
45127.83188702465,"(40457.828, 69621.713]","(36199.407, 69621.713]",*
45130.82827803133,"(40457.828, 69621.713]","(36199.407, 69621.713]",*
45134.65342367848,"(40457.828, 69621.713]","(36199.407, 69621.713]",*
45134.84195531337,"(40457.828, 69621.713]","(36199.407, 69621.713]",*
45152.014268008046,"(40457.828, 69621.713]","(36199.407, 69621.713]",*
45160.10160734757,"(40457.828, 69621.713]","(36199.407, 69621.713]",*
45161.187677411326,"(40457.828, 69621.713]","(36199.407, 69621.713]",*
45172.757088714745,"(40457.828, 69621.713]","(36199.407, 69621.713]",*
45173.021706466,"(40457.828, 69621.713]","(36199.407, 69621.713]",*
45178.467683511175,"(40457.828, 69621.713]","(36199.407, 69621.713]",*
45188.13964346588,"(40457.828, 69621.713]","(36199.407, 69621.713]",*
45196.15396424709,"(40457.828, 69621.713]","(36199.407, 69621.713]",*
45202.13987017156,"(40457.828, 69621.713]","(36199.407, 69621.713]",*
45206.72550503573,"(40457.828, 69621.713]","(36199.407, 69621.713]",*
45208.38765928743,"(40457.828, 69621.713]","(36199.407, 69621.713]",*
45211.00806442664,"(40457.828, 69621.713]","(36199.407, 69621.713]",*
45214.488512475145,"(40457.828, 69621.713]","(36199.407, 69621.713]",*
45233.328825731136,"(40457.828, 69621.713]","(36199.407, 69621.713]",*
45234.818349661065,"(40457.828, 69621.713]","(36199.407, 69621.713]",*
45246.17410290092,"(40457.828, 69621.713]","(36199.407, 69621.713]",*
45248.47795093488,"(40457.828, 69621.713]","(36199.407, 69621.713]",*
45258.15870897379,"(40457.828, 69621.713]","(36199.407, 69621.713]",*
45260.51974209786,"(40457.828, 69621.713]","(36199.407, 69621.713]",*
45263.03507175667,"(40457.828, 69621.713]","(36199.407, 69621.713]",*
45266.52944082504,"(40457.828, 69621.713]","(36199.407, 69621.713]",*
45279.16396585082,"(40457.828, 69621.713]","(36199.407, 69621.713]",*
45281.18657143328,"(40457.828, 69621.713]","(36199.407, 69621.713]",*
45319.99303945677,"(40457.828, 69621.713]","(36199.407, 69621.713]",*
45325.655862208114,"(40457.828, 69621.713]","(36199.407, 69621.713]",*
45327.575512996365,"(40457.828, 69621.713]","(36199.407, 69621.713]",*
45329.50883676727,"(40457.828, 69621.713]","(36199.407, 69621.713]",*
45333.75788228947,"(40457.828, 69621.713]","(36199.407, 69621.713]",*
45335.36027620083,"(40457.828, 69621.713]","(36199.407, 69621.713]",*
45338.09139037973,"(40457.828, 69621.713]","(36199.407, 69621.713]",*
45340.78188778934,"(40457.828, 69621.713]","(36199.407, 69621.713]",*
45343.46443332773,"(40457.828, 69621.713]","(36199.407, 69621.713]",*
45347.93206410244,"(40457.828, 69621.713]","(36199.407, 69621.713]",*
45348.55874914848,"(40457.828, 69621.713]","(36199.407, 69621.713]",*
45357.00431368344,"(40457.828, 69621.713]","(36199.407, 69621.713]",*
45358.639268791056,"(40457.828, 69621.713]","(36199.407, 69621.713]",*
45359.02795369843,"(40457.828, 69621.713]","(36199.407, 69621.713]",*
45388.31358148449,"(40457.828, 69621.713]","(36199.407, 69621.713]",*
45399.559123868334,"(40457.828, 69621.713]","(36199.407, 69621.713]",*
45415.721297805656,"(40457.828, 69621.713]","(36199.407, 69621.713]",*
45424.223532643984,"(40457.828, 69621.713]","(36199.407, 69621.713]",*
45452.28027793775,"(40457.828, 69621.713]","(36199.407, 69621.713]",*
45458.31172371608,"(40457.828, 69621.713]","(36199.407, 69621.713]",*
45471.80699707296,"(40457.828, 69621.713]","(36199.407, 69621.713]",*
45472.0494508672,"(40457.828, 69621.713]","(36199.407, 69621.713]",*
45481.45260073656,"(40457.828, 69621.713]","(36199.407, 69621.713]",*
45504.20368709172,"(40457.828, 69621.713]","(36199.407, 69621.713]",*
45514.147767554496,"(40457.828, 69621.713]","(36199.407, 69621.713]",*
45519.2562712043,"(40457.828, 69621.713]","(36199.407, 69621.713]",*
45528.53723723701,"(40457.828, 69621.713]","(36199.407, 69621.713]",*
45539.12184795041,"(40457.828, 69621.713]","(36199.407, 69621.713]",*
45540.9383571794,"(40457.828, 69621.713]","(36199.407, 69621.713]",*
45542.68461877043,"(40457.828, 69621.713]","(36199.407, 69621.713]",*
45545.12517602774,"(40457.828, 69621.713]","(36199.407, 69621.713]",*
45555.33649112953,"(40457.828, 69621.713]","(36199.407, 69621.713]",*
45563.717013846064,"(40457.828, 69621.713]","(36199.407, 69621.713]",*
45565.900564293086,"(40457.828, 69621.713]","(36199.407, 69621.713]",*
45574.74166225795,"(40457.828, 69621.713]","(36199.407, 69621.713]",*
45577.3024282325,"(40457.828, 69621.713]","(36199.407, 69621.713]",*
45581.92160606442,"(40457.828, 69621.713]","(36199.407, 69621.713]",*
45592.38757613137,"(40457.828, 69621.713]","(36199.407, 69621.713]",*
45598.8967401775,"(40457.828, 69621.713]","(36199.407, 69621.713]",*
45608.50108431066,"(40457.828, 69621.713]","(36199.407, 69621.713]",*
45633.19223997179,"(40457.828, 69621.713]","(36199.407, 69621.713]",*
45636.33003615869,"(40457.828, 69621.713]","(36199.407, 69621.713]",*
45644.24346226864,"(40457.828, 69621.713]","(36199.407, 69621.713]",*
45672.38998984824,"(40457.828, 69621.713]","(36199.407, 69621.713]",*
45684.34153202677,"(40457.828, 69621.713]","(36199.407, 69621.713]",*
45686.082732624775,"(40457.828, 69621.713]","(36199.407, 69621.713]",*
45688.10249954927,"(40457.828, 69621.713]","(36199.407, 69621.713]",*
45694.50757299083,"(40457.828, 69621.713]","(36199.407, 69621.713]",*
45696.874726298935,"(40457.828, 69621.713]","(36199.407, 69621.713]",*
45701.33284950762,"(40457.828, 69621.713]","(36199.407, 69621.713]",*
45707.973554887736,"(40457.828, 69621.713]","(36199.407, 69621.713]",*
45709.11709038722,"(40457.828, 69621.713]","(36199.407, 69621.713]",*
45712.251937748704,"(40457.828, 69621.713]","(36199.407, 69621.713]",*
45733.68820556255,"(40457.828, 69621.713]","(36199.407, 69621.713]",*
45735.18721047928,"(40457.828, 69621.713]","(36199.407, 69621.713]",*
45746.93321063793,"(40457.828, 69621.713]","(36199.407, 69621.713]",*
45751.66478853961,"(40457.828, 69621.713]","(36199.407, 69621.713]",*
45756.53195149892,"(40457.828, 69621.713]","(36199.407, 69621.713]",*
45764.0049850959,"(40457.828, 69621.713]","(36199.407, 69621.713]",*
45764.73213999204,"(40457.828, 69621.713]","(36199.407, 69621.713]",*
45777.5515553716,"(40457.828, 69621.713]","(36199.407, 69621.713]",*
45786.86126378754,"(40457.828, 69621.713]","(36199.407, 69621.713]",*
45801.17222920505,"(40457.828, 69621.713]","(36199.407, 69621.713]",*
45801.433194655314,"(40457.828, 69621.713]","(36199.407, 69621.713]",*
45804.328907251416,"(40457.828, 69621.713]","(36199.407, 69621.713]",*
45811.42560652657,"(40457.828, 69621.713]","(36199.407, 69621.713]",*
45828.21528242024,"(40457.828, 69621.713]","(36199.407, 69621.713]",*
45836.01686522577,"(40457.828, 69621.713]","(36199.407, 69621.713]",*
45842.39380552858,"(40457.828, 69621.713]","(36199.407, 69621.713]",*
45851.39829559744,"(40457.828, 69621.713]","(36199.407, 69621.713]",*
45867.87467158226,"(40457.828, 69621.713]","(36199.407, 69621.713]",*
45887.34561966917,"(40457.828, 69621.713]","(36199.407, 69621.713]",*
45888.87423106533,"(40457.828, 69621.713]","(36199.407, 69621.713]",*
45889.89048744329,"(40457.828, 69621.713]","(36199.407, 69621.713]",*
45899.73840240165,"(40457.828, 69621.713]","(36199.407, 69621.713]",*
45900.77638329312,"(40457.828, 69621.713]","(36199.407, 69621.713]",*
45902.57154960998,"(40457.828, 69621.713]","(36199.407, 69621.713]",*
45905.59209980768,"(40457.828, 69621.713]","(36199.407, 69621.713]",*
45919.176414466914,"(40457.828, 69621.713]","(36199.407, 69621.713]",*
45919.261158808826,"(40457.828, 69621.713]","(36199.407, 69621.713]",*
45921.54241917961,"(40457.828, 69621.713]","(36199.407, 69621.713]",*
45935.961642547605,"(40457.828, 69621.713]","(36199.407, 69621.713]",*
45979.47754493003,"(40457.828, 69621.713]","(36199.407, 69621.713]",*
45979.79120973715,"(40457.828, 69621.713]","(36199.407, 69621.713]",*
45985.945747668025,"(40457.828, 69621.713]","(36199.407, 69621.713]",*
45991.85697077928,"(40457.828, 69621.713]","(36199.407, 69621.713]",*
45994.2253285656,"(40457.828, 69621.713]","(36199.407, 69621.713]",*
46002.90395819368,"(40457.828, 69621.713]","(36199.407, 69621.713]",*
46014.58221689867,"(40457.828, 69621.713]","(36199.407, 69621.713]",*
46052.478159219885,"(40457.828, 69621.713]","(36199.407, 69621.713]",*
46056.806393058665,"(40457.828, 69621.713]","(36199.407, 69621.713]",*
46058.86913570952,"(40457.828, 69621.713]","(36199.407, 69621.713]",*
46060.3699316283,"(40457.828, 69621.713]","(36199.407, 69621.713]",*
46066.86884683799,"(40457.828, 69621.713]","(36199.407, 69621.713]",*
46069.97691158923,"(40457.828, 69621.713]","(36199.407, 69621.713]",*
46070.44339618719,"(40457.828, 69621.713]","(36199.407, 69621.713]",*
46071.947337373946,"(40457.828, 69621.713]","(36199.407, 69621.713]",*
46091.78912865956,"(40457.828, 69621.713]","(36199.407, 69621.713]",*
46125.22420659949,"(40457.828, 69621.713]","(36199.407, 69621.713]",*
46132.75451499205,"(40457.828, 69621.713]","(36199.407, 69621.713]",*
46136.02990111632,"(40457.828, 69621.713]","(36199.407, 69621.713]",*
46139.13675959793,"(40457.828, 69621.713]","(36199.407, 69621.713]",*
46157.439164579686,"(40457.828, 69621.713]","(36199.407, 69621.713]",*
46158.75224617022,"(40457.828, 69621.713]","(36199.407, 69621.713]",*
46165.70062641179,"(40457.828, 69621.713]","(36199.407, 69621.713]",*
46175.12764534227,"(40457.828, 69621.713]","(36199.407, 69621.713]",*
46183.10736510909,"(40457.828, 69621.713]","(36199.407, 69621.713]",*
46188.16509216996,"(40457.828, 69621.713]","(36199.407, 69621.713]",*
46202.04599238045,"(40457.828, 69621.713]","(36199.407, 69621.713]",*
46205.87570686197,"(40457.828, 69621.713]","(36199.407, 69621.713]",*
46222.459101871056,"(40457.828, 69621.713]","(36199.407, 69621.713]",*
46224.49329118832,"(40457.828, 69621.713]","(36199.407, 69621.713]",*
46231.02644793158,"(40457.828, 69621.713]","(36199.407, 69621.713]",*
46239.170132596926,"(40457.828, 69621.713]","(36199.407, 69621.713]",*
46245.415566924734,"(40457.828, 69621.713]","(36199.407, 69621.713]",*
46249.625657248864,"(40457.828, 69621.713]","(36199.407, 69621.713]",*
46250.65372291784,"(40457.828, 69621.713]","(36199.407, 69621.713]",*
46255.54143216356,"(40457.828, 69621.713]","(36199.407, 69621.713]",*
46257.12378642751,"(40457.828, 69621.713]","(36199.407, 69621.713]",*
46270.33064122381,"(40457.828, 69621.713]","(36199.407, 69621.713]",*
46292.38463767905,"(40457.828, 69621.713]","(36199.407, 69621.713]",*
46297.58121136087,"(40457.828, 69621.713]","(36199.407, 69621.713]",*
46298.316107010265,"(40457.828, 69621.713]","(36199.407, 69621.713]",*
46302.40158712836,"(40457.828, 69621.713]","(36199.407, 69621.713]",*
46303.36459532387,"(40457.828, 69621.713]","(36199.407, 69621.713]",*
46303.46210745852,"(40457.828, 69621.713]","(36199.407, 69621.713]",*
46311.95630182984,"(40457.828, 69621.713]","(36199.407, 69621.713]",*
46314.69004583264,"(40457.828, 69621.713]","(36199.407, 69621.713]",*
46340.18858141246,"(40457.828, 69621.713]","(36199.407, 69621.713]",*
46346.62330362231,"(40457.828, 69621.713]","(36199.407, 69621.713]",*
46351.47061039072,"(40457.828, 69621.713]","(36199.407, 69621.713]",*
46361.63221278646,"(40457.828, 69621.713]","(36199.407, 69621.713]",*
46361.69458202527,"(40457.828, 69621.713]","(36199.407, 69621.713]",*
46369.54384104632,"(40457.828, 69621.713]","(36199.407, 69621.713]",*
46372.74504343567,"(40457.828, 69621.713]","(36199.407, 69621.713]",*
46375.50249433843,"(40457.828, 69621.713]","(36199.407, 69621.713]",*
46379.12160133125,"(40457.828, 69621.713]","(36199.407, 69621.713]",*
46399.809594078506,"(40457.828, 69621.713]","(36199.407, 69621.713]",*
46402.25414964321,"(40457.828, 69621.713]","(36199.407, 69621.713]",*
46411.16806127762,"(40457.828, 69621.713]","(36199.407, 69621.713]",*
46415.35872776378,"(40457.828, 69621.713]","(36199.407, 69621.713]",*
46419.47037009418,"(40457.828, 69621.713]","(36199.407, 69621.713]",*
46430.88165483132,"(40457.828, 69621.713]","(36199.407, 69621.713]",*
46457.01873221831,"(40457.828, 69621.713]","(36199.407, 69621.713]",*
46459.25100424069,"(40457.828, 69621.713]","(36199.407, 69621.713]",*
46462.31347827719,"(40457.828, 69621.713]","(36199.407, 69621.713]",*
46469.88644543187,"(40457.828, 69621.713]","(36199.407, 69621.713]",*
46477.67868450174,"(40457.828, 69621.713]","(36199.407, 69621.713]",*
46478.521608580784,"(40457.828, 69621.713]","(36199.407, 69621.713]",*
46485.0511821945,"(40457.828, 69621.713]","(36199.407, 69621.713]",*
46500.057425016086,"(40457.828, 69621.713]","(36199.407, 69621.713]",*
46501.28380314165,"(40457.828, 69621.713]","(36199.407, 69621.713]",*
46505.78830301236,"(40457.828, 69621.713]","(36199.407, 69621.713]",*
46508.426629928654,"(40457.828, 69621.713]","(36199.407, 69621.713]",*
46509.626564253485,"(40457.828, 69621.713]","(36199.407, 69621.713]",*
46520.69218525041,"(40457.828, 69621.713]","(36199.407, 69621.713]",*
46536.72488235598,"(40457.828, 69621.713]","(36199.407, 69621.713]",*
46553.97582946537,"(40457.828, 69621.713]","(36199.407, 69621.713]",*
46559.98377001374,"(40457.828, 69621.713]","(36199.407, 69621.713]",*
46594.487359456914,"(40457.828, 69621.713]","(36199.407, 69621.713]",*
46608.226117185615,"(40457.828, 69621.713]","(36199.407, 69621.713]",*
46608.271891459786,"(40457.828, 69621.713]","(36199.407, 69621.713]",*
46610.6153315757,"(40457.828, 69621.713]","(36199.407, 69621.713]",*
46610.73556823153,"(40457.828, 69621.713]","(36199.407, 69621.713]",*
46635.769639958846,"(40457.828, 69621.713]","(36199.407, 69621.713]",*
46643.15684090919,"(40457.828, 69621.713]","(36199.407, 69621.713]",*
46645.19778059044,"(40457.828, 69621.713]","(36199.407, 69621.713]",*
46663.40274453411,"(40457.828, 69621.713]","(36199.407, 69621.713]",*
46669.8988471065,"(40457.828, 69621.713]","(36199.407, 69621.713]",*
46674.36500679373,"(40457.828, 69621.713]","(36199.407, 69621.713]",*
46677.27440319047,"(40457.828, 69621.713]","(36199.407, 69621.713]",*
46682.34049309693,"(40457.828, 69621.713]","(36199.407, 69621.713]",*
46685.36336431869,"(40457.828, 69621.713]","(36199.407, 69621.713]",*
46694.14247011588,"(40457.828, 69621.713]","(36199.407, 69621.713]",*
46724.89921151675,"(40457.828, 69621.713]","(36199.407, 69621.713]",*
46731.65748853504,"(40457.828, 69621.713]","(36199.407, 69621.713]",*
46740.88671770918,"(40457.828, 69621.713]","(36199.407, 69621.713]",*
46743.721651454434,"(40457.828, 69621.713]","(36199.407, 69621.713]",*
46770.6609678888,"(40457.828, 69621.713]","(36199.407, 69621.713]",*
46775.80865598149,"(40457.828, 69621.713]","(36199.407, 69621.713]",*
46776.73634751269,"(40457.828, 69621.713]","(36199.407, 69621.713]",*
46782.38518157777,"(40457.828, 69621.713]","(36199.407, 69621.713]",*
46784.5385934462,"(40457.828, 69621.713]","(36199.407, 69621.713]",*
46784.72521465353,"(40457.828, 69621.713]","(36199.407, 69621.713]",*
46819.130574753006,"(40457.828, 69621.713]","(36199.407, 69621.713]",*
46821.31972313176,"(40457.828, 69621.713]","(36199.407, 69621.713]",*
46833.13129015402,"(40457.828, 69621.713]","(36199.407, 69621.713]",*
46833.35897974287,"(40457.828, 69621.713]","(36199.407, 69621.713]",*
46840.44312107012,"(40457.828, 69621.713]","(36199.407, 69621.713]",*
46851.04219008501,"(40457.828, 69621.713]","(36199.407, 69621.713]",*
46857.47026580255,"(40457.828, 69621.713]","(36199.407, 69621.713]",*
46877.145573032205,"(40457.828, 69621.713]","(36199.407, 69621.713]",*
46896.62636281399,"(40457.828, 69621.713]","(36199.407, 69621.713]",*
46903.73742854483,"(40457.828, 69621.713]","(36199.407, 69621.713]",*
46905.19295282187,"(40457.828, 69621.713]","(36199.407, 69621.713]",*
46955.01012923149,"(40457.828, 69621.713]","(36199.407, 69621.713]",*
46974.57878575339,"(40457.828, 69621.713]","(36199.407, 69621.713]",*
46981.92610093368,"(40457.828, 69621.713]","(36199.407, 69621.713]",*
46984.15576375234,"(40457.828, 69621.713]","(36199.407, 69621.713]",*
46999.32296366207,"(40457.828, 69621.713]","(36199.407, 69621.713]",*
47005.49680624222,"(40457.828, 69621.713]","(36199.407, 69621.713]",*
47018.15053609374,"(40457.828, 69621.713]","(36199.407, 69621.713]",*
47025.183677287285,"(40457.828, 69621.713]","(36199.407, 69621.713]",*
47027.06248446658,"(40457.828, 69621.713]","(36199.407, 69621.713]",*
47039.09227537199,"(40457.828, 69621.713]","(36199.407, 69621.713]",*
47039.09364813422,"(40457.828, 69621.713]","(36199.407, 69621.713]",*
47039.21532294127,"(40457.828, 69621.713]","(36199.407, 69621.713]",*
47048.49000827968,"(40457.828, 69621.713]","(36199.407, 69621.713]",*
47053.45906375077,"(40457.828, 69621.713]","(36199.407, 69621.713]",*
47064.02296128324,"(40457.828, 69621.713]","(36199.407, 69621.713]",*
47066.617419978254,"(40457.828, 69621.713]","(36199.407, 69621.713]",*
47073.79791801302,"(40457.828, 69621.713]","(36199.407, 69621.713]",*
47075.21223266851,"(40457.828, 69621.713]","(36199.407, 69621.713]",*
47089.47508109751,"(40457.828, 69621.713]","(36199.407, 69621.713]",*
47116.06379932146,"(40457.828, 69621.713]","(36199.407, 69621.713]",*
47118.42063477358,"(40457.828, 69621.713]","(36199.407, 69621.713]",*
47119.037103170114,"(40457.828, 69621.713]","(36199.407, 69621.713]",*
47125.53294160802,"(40457.828, 69621.713]","(36199.407, 69621.713]",*
47128.880986602606,"(40457.828, 69621.713]","(36199.407, 69621.713]",*
47151.72225757753,"(40457.828, 69621.713]","(36199.407, 69621.713]",*
47157.21047705671,"(40457.828, 69621.713]","(36199.407, 69621.713]",*
47162.18364319144,"(40457.828, 69621.713]","(36199.407, 69621.713]",*
47163.75461604112,"(40457.828, 69621.713]","(36199.407, 69621.713]",*
47167.20405601647,"(40457.828, 69621.713]","(36199.407, 69621.713]",*
47171.910300609554,"(40457.828, 69621.713]","(36199.407, 69621.713]",*
47175.787662606126,"(40457.828, 69621.713]","(36199.407, 69621.713]",*
47223.16426959934,"(40457.828, 69621.713]","(36199.407, 69621.713]",*
47224.35984022191,"(40457.828, 69621.713]","(36199.407, 69621.713]",*
47224.75917776585,"(40457.828, 69621.713]","(36199.407, 69621.713]",*
47225.667650247975,"(40457.828, 69621.713]","(36199.407, 69621.713]",*
47248.05759380989,"(40457.828, 69621.713]","(36199.407, 69621.713]",*
47248.8140473671,"(40457.828, 69621.713]","(36199.407, 69621.713]",*
47258.7599254372,"(40457.828, 69621.713]","(36199.407, 69621.713]",*
47285.46167659512,"(40457.828, 69621.713]","(36199.407, 69621.713]",*
47311.326512172265,"(40457.828, 69621.713]","(36199.407, 69621.713]",*
47320.681581652185,"(40457.828, 69621.713]","(36199.407, 69621.713]",*
47328.81061158242,"(40457.828, 69621.713]","(36199.407, 69621.713]",*
47332.138623987405,"(40457.828, 69621.713]","(36199.407, 69621.713]",*
47334.62227064621,"(40457.828, 69621.713]","(36199.407, 69621.713]",*
47343.37139271604,"(40457.828, 69621.713]","(36199.407, 69621.713]",*
47367.07225959605,"(40457.828, 69621.713]","(36199.407, 69621.713]",*
47376.47002876071,"(40457.828, 69621.713]","(36199.407, 69621.713]",*
47386.26773605722,"(40457.828, 69621.713]","(36199.407, 69621.713]",*
47386.79361371421,"(40457.828, 69621.713]","(36199.407, 69621.713]",*
47444.712829544216,"(40457.828, 69621.713]","(36199.407, 69621.713]",*
47445.35916724482,"(40457.828, 69621.713]","(36199.407, 69621.713]",*
47447.87629201738,"(40457.828, 69621.713]","(36199.407, 69621.713]",*
47450.668154711486,"(40457.828, 69621.713]","(36199.407, 69621.713]",*
47452.35784946934,"(40457.828, 69621.713]","(36199.407, 69621.713]",*
47452.38543448381,"(40457.828, 69621.713]","(36199.407, 69621.713]",*
47457.662214283846,"(40457.828, 69621.713]","(36199.407, 69621.713]",*
47460.60700785244,"(40457.828, 69621.713]","(36199.407, 69621.713]",*
47477.00521173748,"(40457.828, 69621.713]","(36199.407, 69621.713]",*
47490.68592322106,"(40457.828, 69621.713]","(36199.407, 69621.713]",*
47508.80533994498,"(40457.828, 69621.713]","(36199.407, 69621.713]",*
47541.43176308799,"(40457.828, 69621.713]","(36199.407, 69621.713]",*
47560.77533629521,"(40457.828, 69621.713]","(36199.407, 69621.713]",*
47563.23158124607,"(40457.828, 69621.713]","(36199.407, 69621.713]",*
47590.82639046089,"(40457.828, 69621.713]","(36199.407, 69621.713]",*
47602.51020509141,"(40457.828, 69621.713]","(36199.407, 69621.713]",*
47607.991770194734,"(40457.828, 69621.713]","(36199.407, 69621.713]",*
47618.51857895304,"(40457.828, 69621.713]","(36199.407, 69621.713]",*
47637.51525378335,"(40457.828, 69621.713]","(36199.407, 69621.713]",*
47649.22466456652,"(40457.828, 69621.713]","(36199.407, 69621.713]",*
47663.14374751193,"(40457.828, 69621.713]","(36199.407, 69621.713]",*
47688.22659778629,"(40457.828, 69621.713]","(36199.407, 69621.713]",*
47697.2685946018,"(40457.828, 69621.713]","(36199.407, 69621.713]",*
47717.13619310376,"(40457.828, 69621.713]","(36199.407, 69621.713]",*
47724.58135506082,"(40457.828, 69621.713]","(36199.407, 69621.713]",*
47726.25417048606,"(40457.828, 69621.713]","(36199.407, 69621.713]",*
47727.607326393634,"(40457.828, 69621.713]","(36199.407, 69621.713]",*
47731.01075600681,"(40457.828, 69621.713]","(36199.407, 69621.713]",*
47734.10221371974,"(40457.828, 69621.713]","(36199.407, 69621.713]",*
47734.40706396432,"(40457.828, 69621.713]","(36199.407, 69621.713]",*
47740.6389910324,"(40457.828, 69621.713]","(36199.407, 69621.713]",*
47740.762897957145,"(40457.828, 69621.713]","(36199.407, 69621.713]",*
47747.36389931532,"(40457.828, 69621.713]","(36199.407, 69621.713]",*
47757.31797609701,"(40457.828, 69621.713]","(36199.407, 69621.713]",*
47763.27750694223,"(40457.828, 69621.713]","(36199.407, 69621.713]",*
47783.304889982646,"(40457.828, 69621.713]","(36199.407, 69621.713]",*
47798.52086691447,"(40457.828, 69621.713]","(36199.407, 69621.713]",*
47812.01848791749,"(40457.828, 69621.713]","(36199.407, 69621.713]",*
47830.63145224421,"(40457.828, 69621.713]","(36199.407, 69621.713]",*
47831.69197437104,"(40457.828, 69621.713]","(36199.407, 69621.713]",*
47836.246135548674,"(40457.828, 69621.713]","(36199.407, 69621.713]",*
47871.97183752802,"(40457.828, 69621.713]","(36199.407, 69621.713]",*
47897.15662852255,"(40457.828, 69621.713]","(36199.407, 69621.713]",*
47907.02052534764,"(40457.828, 69621.713]","(36199.407, 69621.713]",*
47926.40801848636,"(40457.828, 69621.713]","(36199.407, 69621.713]",*
47937.312676520334,"(40457.828, 69621.713]","(36199.407, 69621.713]",*
47966.9168301658,"(40457.828, 69621.713]","(36199.407, 69621.713]",*
47984.61229522165,"(40457.828, 69621.713]","(36199.407, 69621.713]",*
47989.680210941486,"(40457.828, 69621.713]","(36199.407, 69621.713]",*
47991.90250278226,"(40457.828, 69621.713]","(36199.407, 69621.713]",*
47992.34474372509,"(40457.828, 69621.713]","(36199.407, 69621.713]",*
47995.10196105282,"(40457.828, 69621.713]","(36199.407, 69621.713]",*
48017.36879872598,"(40457.828, 69621.713]","(36199.407, 69621.713]",*
48021.89286503418,"(40457.828, 69621.713]","(36199.407, 69621.713]",*
48026.308367530655,"(40457.828, 69621.713]","(36199.407, 69621.713]",*
48036.61012093128,"(40457.828, 69621.713]","(36199.407, 69621.713]",*
48051.64765212778,"(40457.828, 69621.713]","(36199.407, 69621.713]",*
48061.75267334161,"(40457.828, 69621.713]","(36199.407, 69621.713]",*
48077.26496303077,"(40457.828, 69621.713]","(36199.407, 69621.713]",*
48109.11230469966,"(40457.828, 69621.713]","(36199.407, 69621.713]",*
48112.20017434887,"(40457.828, 69621.713]","(36199.407, 69621.713]",*
48112.39407840621,"(40457.828, 69621.713]","(36199.407, 69621.713]",*
48114.02401407812,"(40457.828, 69621.713]","(36199.407, 69621.713]",*
48115.42078025133,"(40457.828, 69621.713]","(36199.407, 69621.713]",*
48122.1019507328,"(40457.828, 69621.713]","(36199.407, 69621.713]",*
48123.70594224396,"(40457.828, 69621.713]","(36199.407, 69621.713]",*
48128.957384062734,"(40457.828, 69621.713]","(36199.407, 69621.713]",*
48132.619012554,"(40457.828, 69621.713]","(36199.407, 69621.713]",*
48150.25379591161,"(40457.828, 69621.713]","(36199.407, 69621.713]",*
48165.64498599747,"(40457.828, 69621.713]","(36199.407, 69621.713]",*
48175.05026892829,"(40457.828, 69621.713]","(36199.407, 69621.713]",*
48184.91635041066,"(40457.828, 69621.713]","(36199.407, 69621.713]",*
48220.31523342744,"(40457.828, 69621.713]","(36199.407, 69621.713]",*
48224.13913542709,"(40457.828, 69621.713]","(36199.407, 69621.713]",*
48226.71892778012,"(40457.828, 69621.713]","(36199.407, 69621.713]",*
48227.074286620205,"(40457.828, 69621.713]","(36199.407, 69621.713]",*
48251.9983371593,"(40457.828, 69621.713]","(36199.407, 69621.713]",*
48253.276636479655,"(40457.828, 69621.713]","(36199.407, 69621.713]",*
48261.04958929466,"(40457.828, 69621.713]","(36199.407, 69621.713]",*
48263.03533946661,"(40457.828, 69621.713]","(36199.407, 69621.713]",*
48266.2171660171,"(40457.828, 69621.713]","(36199.407, 69621.713]",*
48306.7974039051,"(40457.828, 69621.713]","(36199.407, 69621.713]",*
48339.94060111551,"(40457.828, 69621.713]","(36199.407, 69621.713]",*
48345.47415237385,"(40457.828, 69621.713]","(36199.407, 69621.713]",*
48360.69436396777,"(40457.828, 69621.713]","(36199.407, 69621.713]",*
48372.29885448937,"(40457.828, 69621.713]","(36199.407, 69621.713]",*
48392.49736045838,"(40457.828, 69621.713]","(36199.407, 69621.713]",*
48417.34806333928,"(40457.828, 69621.713]","(36199.407, 69621.713]",*
48419.8344927553,"(40457.828, 69621.713]","(36199.407, 69621.713]",*
48423.32244417688,"(40457.828, 69621.713]","(36199.407, 69621.713]",*
48433.82079056737,"(40457.828, 69621.713]","(36199.407, 69621.713]",*
48444.19159631064,"(40457.828, 69621.713]","(36199.407, 69621.713]",*
48457.02135723376,"(40457.828, 69621.713]","(36199.407, 69621.713]",*
48474.50694737667,"(40457.828, 69621.713]","(36199.407, 69621.713]",*
48481.66450637631,"(40457.828, 69621.713]","(36199.407, 69621.713]",*
48495.319734192,"(40457.828, 69621.713]","(36199.407, 69621.713]",*
48531.794911984834,"(40457.828, 69621.713]","(36199.407, 69621.713]",*
48564.798543037614,"(40457.828, 69621.713]","(36199.407, 69621.713]",*
48591.39345932641,"(40457.828, 69621.713]","(36199.407, 69621.713]",*
48601.33237137397,"(40457.828, 69621.713]","(36199.407, 69621.713]",*
48601.797455495216,"(40457.828, 69621.713]","(36199.407, 69621.713]",*
48604.07438530483,"(40457.828, 69621.713]","(36199.407, 69621.713]",*
48607.09541989442,"(40457.828, 69621.713]","(36199.407, 69621.713]",*
48614.33245208084,"(40457.828, 69621.713]","(36199.407, 69621.713]",*
48616.26462527152,"(40457.828, 69621.713]","(36199.407, 69621.713]",*
48621.16851455859,"(40457.828, 69621.713]","(36199.407, 69621.713]",*
48633.82942715621,"(40457.828, 69621.713]","(36199.407, 69621.713]",*
48641.80172229321,"(40457.828, 69621.713]","(36199.407, 69621.713]",*
48649.61038544214,"(40457.828, 69621.713]","(36199.407, 69621.713]",*
48661.71171250728,"(40457.828, 69621.713]","(36199.407, 69621.713]",*
48661.98974397077,"(40457.828, 69621.713]","(36199.407, 69621.713]",*
48667.34977868071,"(40457.828, 69621.713]","(36199.407, 69621.713]",*
48669.64974363468,"(40457.828, 69621.713]","(36199.407, 69621.713]",*
48685.420659677766,"(40457.828, 69621.713]","(36199.407, 69621.713]",*
48694.8641438666,"(40457.828, 69621.713]","(36199.407, 69621.713]",*
48697.732914586464,"(40457.828, 69621.713]","(36199.407, 69621.713]",*
48711.554695594365,"(40457.828, 69621.713]","(36199.407, 69621.713]",*
48714.6903316572,"(40457.828, 69621.713]","(36199.407, 69621.713]",*
48726.951303303016,"(40457.828, 69621.713]","(36199.407, 69621.713]",*
48767.40103727613,"(40457.828, 69621.713]","(36199.407, 69621.713]",*
48776.926606420944,"(40457.828, 69621.713]","(36199.407, 69621.713]",*
48780.55634166647,"(40457.828, 69621.713]","(36199.407, 69621.713]",*
48796.54452141578,"(40457.828, 69621.713]","(36199.407, 69621.713]",*
48812.88400793368,"(40457.828, 69621.713]","(36199.407, 69621.713]",*
48820.23025615537,"(40457.828, 69621.713]","(36199.407, 69621.713]",*
48873.994338415614,"(40457.828, 69621.713]","(36199.407, 69621.713]",*
48877.50096913292,"(40457.828, 69621.713]","(36199.407, 69621.713]",*
48882.49036062337,"(40457.828, 69621.713]","(36199.407, 69621.713]",*
48896.82011820685,"(40457.828, 69621.713]","(36199.407, 69621.713]",*
48898.417103180334,"(40457.828, 69621.713]","(36199.407, 69621.713]",*
48899.5138186045,"(40457.828, 69621.713]","(36199.407, 69621.713]",*
48908.77157785047,"(40457.828, 69621.713]","(36199.407, 69621.713]",*
48918.055355945085,"(40457.828, 69621.713]","(36199.407, 69621.713]",*
48922.521400344725,"(40457.828, 69621.713]","(36199.407, 69621.713]",*
48927.304433557285,"(40457.828, 69621.713]","(36199.407, 69621.713]",*
48947.357919536735,"(40457.828, 69621.713]","(36199.407, 69621.713]",*
48952.12524544044,"(40457.828, 69621.713]","(36199.407, 69621.713]",*
49001.90125027932,"(40457.828, 69621.713]","(36199.407, 69621.713]",*
49009.69327877896,"(40457.828, 69621.713]","(36199.407, 69621.713]",*
49015.28464850158,"(40457.828, 69621.713]","(36199.407, 69621.713]",*
49032.66585640106,"(40457.828, 69621.713]","(36199.407, 69621.713]",*
49054.87129695447,"(40457.828, 69621.713]","(36199.407, 69621.713]",*
49076.65437948032,"(40457.828, 69621.713]","(36199.407, 69621.713]",*
49076.75735247808,"(40457.828, 69621.713]","(36199.407, 69621.713]",*
49083.66617585457,"(40457.828, 69621.713]","(36199.407, 69621.713]",*
49085.96278053368,"(40457.828, 69621.713]","(36199.407, 69621.713]",*
49089.959124260495,"(40457.828, 69621.713]","(36199.407, 69621.713]",*
49098.697053084434,"(40457.828, 69621.713]","(36199.407, 69621.713]",*
49100.823493218064,"(40457.828, 69621.713]","(36199.407, 69621.713]",*
49140.66901437321,"(40457.828, 69621.713]","(36199.407, 69621.713]",*
49155.509477077765,"(40457.828, 69621.713]","(36199.407, 69621.713]",*
49167.475978076334,"(40457.828, 69621.713]","(36199.407, 69621.713]",*
49175.33938221894,"(40457.828, 69621.713]","(36199.407, 69621.713]",*
49180.7419235283,"(40457.828, 69621.713]","(36199.407, 69621.713]",*
49200.07956822676,"(40457.828, 69621.713]","(36199.407, 69621.713]",*
49215.66342214966,"(40457.828, 69621.713]","(36199.407, 69621.713]",*
49224.09280503876,"(40457.828, 69621.713]","(36199.407, 69621.713]",*
49237.40432399917,"(40457.828, 69621.713]","(36199.407, 69621.713]",*
49240.317672486526,"(40457.828, 69621.713]","(36199.407, 69621.713]",*
49240.840451423166,"(40457.828, 69621.713]","(36199.407, 69621.713]",*
49250.705896431136,"(40457.828, 69621.713]","(36199.407, 69621.713]",*
49251.80802931127,"(40457.828, 69621.713]","(36199.407, 69621.713]",*
49257.85110255153,"(40457.828, 69621.713]","(36199.407, 69621.713]",*
49272.46100480549,"(40457.828, 69621.713]","(36199.407, 69621.713]",*
49307.209809153625,"(40457.828, 69621.713]","(36199.407, 69621.713]",*
49309.85487652764,"(40457.828, 69621.713]","(36199.407, 69621.713]",*
49311.757781851615,"(40457.828, 69621.713]","(36199.407, 69621.713]",*
49321.05718279511,"(40457.828, 69621.713]","(36199.407, 69621.713]",*
49337.531521526114,"(40457.828, 69621.713]","(36199.407, 69621.713]",*
49354.12973208958,"(40457.828, 69621.713]","(36199.407, 69621.713]",*
49355.97879044613,"(40457.828, 69621.713]","(36199.407, 69621.713]",*
49360.09429265137,"(40457.828, 69621.713]","(36199.407, 69621.713]",*
49375.92528696136,"(40457.828, 69621.713]","(36199.407, 69621.713]",*
49398.25747638125,"(40457.828, 69621.713]","(36199.407, 69621.713]",*
49401.1214874982,"(40457.828, 69621.713]","(36199.407, 69621.713]",*
49411.41129512362,"(40457.828, 69621.713]","(36199.407, 69621.713]",*
49411.887827032384,"(40457.828, 69621.713]","(36199.407, 69621.713]",*
49451.17854051082,"(40457.828, 69621.713]","(36199.407, 69621.713]",*
49457.17937276892,"(40457.828, 69621.713]","(36199.407, 69621.713]",*
49458.66506800812,"(40457.828, 69621.713]","(36199.407, 69621.713]",*
49463.04926333042,"(40457.828, 69621.713]","(36199.407, 69621.713]",*
49463.37887902853,"(40457.828, 69621.713]","(36199.407, 69621.713]",*
49465.95153699121,"(40457.828, 69621.713]","(36199.407, 69621.713]",*
49475.67120601008,"(40457.828, 69621.713]","(36199.407, 69621.713]",*
49481.56580760432,"(40457.828, 69621.713]","(36199.407, 69621.713]",*
49495.06496326383,"(40457.828, 69621.713]","(36199.407, 69621.713]",*
49505.78370106866,"(40457.828, 69621.713]","(36199.407, 69621.713]",*
49506.83060858554,"(40457.828, 69621.713]","(36199.407, 69621.713]",*
49512.90932335377,"(40457.828, 69621.713]","(36199.407, 69621.713]",*
49513.89643017844,"(40457.828, 69621.713]","(36199.407, 69621.713]",*
49530.00033868842,"(40457.828, 69621.713]","(36199.407, 69621.713]",*
49537.3453120124,"(40457.828, 69621.713]","(36199.407, 69621.713]",*
49547.45563205807,"(40457.828, 69621.713]","(36199.407, 69621.713]",*
49548.718785753066,"(40457.828, 69621.713]","(36199.407, 69621.713]",*
49571.10569981847,"(40457.828, 69621.713]","(36199.407, 69621.713]",*
49574.10417298586,"(40457.828, 69621.713]","(36199.407, 69621.713]",*
49574.707811469874,"(40457.828, 69621.713]","(36199.407, 69621.713]",*
49585.56494062547,"(40457.828, 69621.713]","(36199.407, 69621.713]",*
49601.23863810687,"(40457.828, 69621.713]","(36199.407, 69621.713]",*
49617.7314160528,"(40457.828, 69621.713]","(36199.407, 69621.713]",*
49620.38256844285,"(40457.828, 69621.713]","(36199.407, 69621.713]",*
49628.41470843252,"(40457.828, 69621.713]","(36199.407, 69621.713]",*
49639.17323695502,"(40457.828, 69621.713]","(36199.407, 69621.713]",*
49640.17222353487,"(40457.828, 69621.713]","(36199.407, 69621.713]",*
49667.60637239993,"(40457.828, 69621.713]","(36199.407, 69621.713]",*
49668.50107082135,"(40457.828, 69621.713]","(36199.407, 69621.713]",*
49671.140149851344,"(40457.828, 69621.713]","(36199.407, 69621.713]",*
49674.433401207214,"(40457.828, 69621.713]","(36199.407, 69621.713]",*
49688.03647184302,"(40457.828, 69621.713]","(36199.407, 69621.713]",*
49697.9327855632,"(40457.828, 69621.713]","(36199.407, 69621.713]",*
49698.19872315392,"(40457.828, 69621.713]","(36199.407, 69621.713]",*
49751.634268949296,"(40457.828, 69621.713]","(36199.407, 69621.713]",*
49759.12781108084,"(40457.828, 69621.713]","(36199.407, 69621.713]",*
49759.2717206917,"(40457.828, 69621.713]","(36199.407, 69621.713]",*
49773.19509195996,"(40457.828, 69621.713]","(36199.407, 69621.713]",*
49782.15206981128,"(40457.828, 69621.713]","(36199.407, 69621.713]",*
49784.715696509855,"(40457.828, 69621.713]","(36199.407, 69621.713]",*
49829.9515004814,"(40457.828, 69621.713]","(36199.407, 69621.713]",*
49837.577480172986,"(40457.828, 69621.713]","(36199.407, 69621.713]",*
49839.3217821567,"(40457.828, 69621.713]","(36199.407, 69621.713]",*
49846.99540145981,"(40457.828, 69621.713]","(36199.407, 69621.713]",*
49859.49906564395,"(40457.828, 69621.713]","(36199.407, 69621.713]",*
49864.469771349766,"(40457.828, 69621.713]","(36199.407, 69621.713]",*
49890.50827532743,"(40457.828, 69621.713]","(36199.407, 69621.713]",*
49947.48099076038,"(40457.828, 69621.713]","(36199.407, 69621.713]",*
49958.58099387747,"(40457.828, 69621.713]","(36199.407, 69621.713]",*
49960.9772361385,"(40457.828, 69621.713]","(36199.407, 69621.713]",*
49972.47157769335,"(40457.828, 69621.713]","(36199.407, 69621.713]",*
49974.87944444744,"(40457.828, 69621.713]","(36199.407, 69621.713]",*
50003.08658636856,"(40457.828, 69621.713]","(36199.407, 69621.713]",*
50003.26101366604,"(40457.828, 69621.713]","(36199.407, 69621.713]",*
50035.74763300747,"(40457.828, 69621.713]","(36199.407, 69621.713]",*
50096.980270762775,"(40457.828, 69621.713]","(36199.407, 69621.713]",*
50097.95083155397,"(40457.828, 69621.713]","(36199.407, 69621.713]",*
50112.82022427879,"(40457.828, 69621.713]","(36199.407, 69621.713]",*
50113.83690520741,"(40457.828, 69621.713]","(36199.407, 69621.713]",*
50133.01508358672,"(40457.828, 69621.713]","(36199.407, 69621.713]",*
50145.43370794666,"(40457.828, 69621.713]","(36199.407, 69621.713]",*
50162.61135281667,"(40457.828, 69621.713]","(36199.407, 69621.713]",*
50182.39838062095,"(40457.828, 69621.713]","(36199.407, 69621.713]",*
50194.10810502152,"(40457.828, 69621.713]","(36199.407, 69621.713]",*
50200.6101077272,"(40457.828, 69621.713]","(36199.407, 69621.713]",*
50209.55111097264,"(40457.828, 69621.713]","(36199.407, 69621.713]",*
50213.73855557286,"(40457.828, 69621.713]","(36199.407, 69621.713]",*
50233.79031002613,"(40457.828, 69621.713]","(36199.407, 69621.713]",*
50241.04080211449,"(40457.828, 69621.713]","(36199.407, 69621.713]",*
50245.27162355528,"(40457.828, 69621.713]","(36199.407, 69621.713]",*
50291.35994935807,"(40457.828, 69621.713]","(36199.407, 69621.713]",*
50292.667717983255,"(40457.828, 69621.713]","(36199.407, 69621.713]",*
50304.7483146233,"(40457.828, 69621.713]","(36199.407, 69621.713]",*
50305.7954131864,"(40457.828, 69621.713]","(36199.407, 69621.713]",*
50350.27064771071,"(40457.828, 69621.713]","(36199.407, 69621.713]",*
50350.352291575655,"(40457.828, 69621.713]","(36199.407, 69621.713]",*
50350.95921929255,"(40457.828, 69621.713]","(36199.407, 69621.713]",*
50352.41647853304,"(40457.828, 69621.713]","(36199.407, 69621.713]",*
50370.06338391123,"(40457.828, 69621.713]","(36199.407, 69621.713]",*
50373.83288555702,"(40457.828, 69621.713]","(36199.407, 69621.713]",*
50408.86017031687,"(40457.828, 69621.713]","(36199.407, 69621.713]",*
50445.64736783181,"(40457.828, 69621.713]","(36199.407, 69621.713]",*
50480.96294733642,"(40457.828, 69621.713]","(36199.407, 69621.713]",*
50485.19154277537,"(40457.828, 69621.713]","(36199.407, 69621.713]",*
50504.04782373799,"(40457.828, 69621.713]","(36199.407, 69621.713]",*
50519.28995745685,"(40457.828, 69621.713]","(36199.407, 69621.713]",*
50521.10423450762,"(40457.828, 69621.713]","(36199.407, 69621.713]",*
50524.73673769297,"(40457.828, 69621.713]","(36199.407, 69621.713]",*
50524.9554095933,"(40457.828, 69621.713]","(36199.407, 69621.713]",*
50538.01353581951,"(40457.828, 69621.713]","(36199.407, 69621.713]",*
50566.64479878423,"(40457.828, 69621.713]","(36199.407, 69621.713]",*
50620.20732071322,"(40457.828, 69621.713]","(36199.407, 69621.713]",*
50626.49542613763,"(40457.828, 69621.713]","(36199.407, 69621.713]",*
50637.874106736,"(40457.828, 69621.713]","(36199.407, 69621.713]",*
50668.14136448388,"(40457.828, 69621.713]","(36199.407, 69621.713]",*
50672.93037275683,"(40457.828, 69621.713]","(36199.407, 69621.713]",*
50676.31240393803,"(40457.828, 69621.713]","(36199.407, 69621.713]",*
50678.78020906994,"(40457.828, 69621.713]","(36199.407, 69621.713]",*
50710.89572736698,"(40457.828, 69621.713]","(36199.407, 69621.713]",*
50729.643716855295,"(40457.828, 69621.713]","(36199.407, 69621.713]",*
50740.204907361935,"(40457.828, 69621.713]","(36199.407, 69621.713]",*
50752.194016354784,"(40457.828, 69621.713]","(36199.407, 69621.713]",*
50823.45978406418,"(40457.828, 69621.713]","(36199.407, 69621.713]",*
50842.60664623174,"(40457.828, 69621.713]","(36199.407, 69621.713]",*
50851.06038166327,"(40457.828, 69621.713]","(36199.407, 69621.713]",*
50891.202389717386,"(40457.828, 69621.713]","(36199.407, 69621.713]",*
50908.97890911073,"(40457.828, 69621.713]","(36199.407, 69621.713]",*
50909.69707773736,"(40457.828, 69621.713]","(36199.407, 69621.713]",*
50931.75152588423,"(40457.828, 69621.713]","(36199.407, 69621.713]",*
50936.33085710342,"(40457.828, 69621.713]","(36199.407, 69621.713]",*
50954.00198121405,"(40457.828, 69621.713]","(36199.407, 69621.713]",*
50955.57253882634,"(40457.828, 69621.713]","(36199.407, 69621.713]",*
50985.97120187618,"(40457.828, 69621.713]","(36199.407, 69621.713]",*
50996.64475968706,"(40457.828, 69621.713]","(36199.407, 69621.713]",*
50997.649707447694,"(40457.828, 69621.713]","(36199.407, 69621.713]",*
50999.85133297651,"(40457.828, 69621.713]","(36199.407, 69621.713]",*
51019.21242368583,"(40457.828, 69621.713]","(36199.407, 69621.713]",*
51039.38781527701,"(40457.828, 69621.713]","(36199.407, 69621.713]",*
51054.51591462274,"(40457.828, 69621.713]","(36199.407, 69621.713]",*
51096.88854585877,"(40457.828, 69621.713]","(36199.407, 69621.713]",*
51102.44194958019,"(40457.828, 69621.713]","(36199.407, 69621.713]",*
51126.89179263633,"(40457.828, 69621.713]","(36199.407, 69621.713]",*
51145.320618826925,"(40457.828, 69621.713]","(36199.407, 69621.713]",*
51148.22511773789,"(40457.828, 69621.713]","(36199.407, 69621.713]",*
51154.132583859326,"(40457.828, 69621.713]","(36199.407, 69621.713]",*
51169.585594657365,"(40457.828, 69621.713]","(36199.407, 69621.713]",*
51172.947039680985,"(40457.828, 69621.713]","(36199.407, 69621.713]",*
51218.99898813287,"(40457.828, 69621.713]","(36199.407, 69621.713]",*
51235.589292312645,"(40457.828, 69621.713]","(36199.407, 69621.713]",*
51237.38840212226,"(40457.828, 69621.713]","(36199.407, 69621.713]",*
51246.1028786826,"(40457.828, 69621.713]","(36199.407, 69621.713]",*
51250.16386912896,"(40457.828, 69621.713]","(36199.407, 69621.713]",*
51298.950399695925,"(40457.828, 69621.713]","(36199.407, 69621.713]",*
51321.085778187386,"(40457.828, 69621.713]","(36199.407, 69621.713]",*
51351.72128179799,"(40457.828, 69621.713]","(36199.407, 69621.713]",*
51383.02413306548,"(40457.828, 69621.713]","(36199.407, 69621.713]",*
51384.4332296478,"(40457.828, 69621.713]","(36199.407, 69621.713]",*
51385.523240595736,"(40457.828, 69621.713]","(36199.407, 69621.713]",*
51405.35248435904,"(40457.828, 69621.713]","(36199.407, 69621.713]",*
51406.73990175151,"(40457.828, 69621.713]","(36199.407, 69621.713]",*
51446.69184618918,"(40457.828, 69621.713]","(36199.407, 69621.713]",*
51453.2651634667,"(40457.828, 69621.713]","(36199.407, 69621.713]",*
51456.15053320041,"(40457.828, 69621.713]","(36199.407, 69621.713]",*
51456.29762908463,"(40457.828, 69621.713]","(36199.407, 69621.713]",*
51470.06763806436,"(40457.828, 69621.713]","(36199.407, 69621.713]",*
51479.070960329766,"(40457.828, 69621.713]","(36199.407, 69621.713]",*
51497.66578425832,"(40457.828, 69621.713]","(36199.407, 69621.713]",*
51505.711676194056,"(40457.828, 69621.713]","(36199.407, 69621.713]",*
51509.599291698665,"(40457.828, 69621.713]","(36199.407, 69621.713]",*
51528.48104771981,"(40457.828, 69621.713]","(36199.407, 69621.713]",*
51528.83585214408,"(40457.828, 69621.713]","(36199.407, 69621.713]",*
51538.05679619745,"(40457.828, 69621.713]","(36199.407, 69621.713]",*
51546.47134318622,"(40457.828, 69621.713]","(36199.407, 69621.713]",*
51554.761409840336,"(40457.828, 69621.713]","(36199.407, 69621.713]",*
51561.26313565336,"(40457.828, 69621.713]","(36199.407, 69621.713]",*
51562.594932075,"(40457.828, 69621.713]","(36199.407, 69621.713]",*
51591.67556961375,"(40457.828, 69621.713]","(36199.407, 69621.713]",*
51601.594007167936,"(40457.828, 69621.713]","(36199.407, 69621.713]",*
51611.11364293335,"(40457.828, 69621.713]","(36199.407, 69621.713]",*
51614.83013550209,"(40457.828, 69621.713]","(36199.407, 69621.713]",*
51629.318742309646,"(40457.828, 69621.713]","(36199.407, 69621.713]",*
51630.42482342985,"(40457.828, 69621.713]","(36199.407, 69621.713]",*
51639.30697236936,"(40457.828, 69621.713]","(36199.407, 69621.713]",*
51662.317738907615,"(40457.828, 69621.713]","(36199.407, 69621.713]",*
51673.96267298538,"(40457.828, 69621.713]","(36199.407, 69621.713]",*
51712.14408735437,"(40457.828, 69621.713]","(36199.407, 69621.713]",*
51746.72764067863,"(40457.828, 69621.713]","(36199.407, 69621.713]",*
51747.776764304734,"(40457.828, 69621.713]","(36199.407, 69621.713]",*
51791.80812053077,"(40457.828, 69621.713]","(36199.407, 69621.713]",*
51815.09641862213,"(40457.828, 69621.713]","(36199.407, 69621.713]",*
51905.88983574089,"(40457.828, 69621.713]","(36199.407, 69621.713]",*
51925.411612821525,"(40457.828, 69621.713]","(36199.407, 69621.713]",*
51937.437088768886,"(40457.828, 69621.713]","(36199.407, 69621.713]",*
51974.84017587445,"(40457.828, 69621.713]","(36199.407, 69621.713]",*
51988.70352997082,"(40457.828, 69621.713]","(36199.407, 69621.713]",*
52055.23849206006,"(40457.828, 69621.713]","(36199.407, 69621.713]",*
52057.05440957794,"(40457.828, 69621.713]","(36199.407, 69621.713]",*
52070.89637573918,"(40457.828, 69621.713]","(36199.407, 69621.713]",*
52072.35676147018,"(40457.828, 69621.713]","(36199.407, 69621.713]",*
52079.18818263737,"(40457.828, 69621.713]","(36199.407, 69621.713]",*
52111.97452742975,"(40457.828, 69621.713]","(36199.407, 69621.713]",*
52123.99386350744,"(40457.828, 69621.713]","(36199.407, 69621.713]",*
52131.811507653845,"(40457.828, 69621.713]","(36199.407, 69621.713]",*
52158.01714245069,"(40457.828, 69621.713]","(36199.407, 69621.713]",*
52209.452291744,"(40457.828, 69621.713]","(36199.407, 69621.713]",*
52265.60115657434,"(40457.828, 69621.713]","(36199.407, 69621.713]",*
52358.79317102249,"(40457.828, 69621.713]","(36199.407, 69621.713]",*
52378.25121771205,"(40457.828, 69621.713]","(36199.407, 69621.713]",*
52405.28006078424,"(40457.828, 69621.713]","(36199.407, 69621.713]",*
52452.079104476885,"(40457.828, 69621.713]","(36199.407, 69621.713]",*
52469.76544544002,"(40457.828, 69621.713]","(36199.407, 69621.713]",*
52547.82916618432,"(40457.828, 69621.713]","(36199.407, 69621.713]",*
52554.41103422744,"(40457.828, 69621.713]","(36199.407, 69621.713]",*
52563.97982333812,"(40457.828, 69621.713]","(36199.407, 69621.713]",*
52591.35747400524,"(40457.828, 69621.713]","(36199.407, 69621.713]",*
52601.11684340329,"(40457.828, 69621.713]","(36199.407, 69621.713]",*
52657.03375395036,"(40457.828, 69621.713]","(36199.407, 69621.713]",*
52718.24233822504,"(40457.828, 69621.713]","(36199.407, 69621.713]",*
52719.91593944679,"(40457.828, 69621.713]","(36199.407, 69621.713]",*
52733.98798392807,"(40457.828, 69621.713]","(36199.407, 69621.713]",*
52740.40917402048,"(40457.828, 69621.713]","(36199.407, 69621.713]",*
52831.1531141525,"(40457.828, 69621.713]","(36199.407, 69621.713]",*
52832.00406495385,"(40457.828, 69621.713]","(36199.407, 69621.713]",*
52850.4134248437,"(40457.828, 69621.713]","(36199.407, 69621.713]",*
52875.06496408709,"(40457.828, 69621.713]","(36199.407, 69621.713]",*
52881.06048263781,"(40457.828, 69621.713]","(36199.407, 69621.713]",*
52933.67258347407,"(40457.828, 69621.713]","(36199.407, 69621.713]",*
52945.84342249207,"(40457.828, 69621.713]","(36199.407, 69621.713]",*
52947.03636008709,"(40457.828, 69621.713]","(36199.407, 69621.713]",*
52969.63339686826,"(40457.828, 69621.713]","(36199.407, 69621.713]",*
52976.310409626574,"(40457.828, 69621.713]","(36199.407, 69621.713]",*
52999.83821136997,"(40457.828, 69621.713]","(36199.407, 69621.713]",*
53000.768090632766,"(40457.828, 69621.713]","(36199.407, 69621.713]",*
53039.31613258309,"(40457.828, 69621.713]","(36199.407, 69621.713]",*
53055.85372317783,"(40457.828, 69621.713]","(36199.407, 69621.713]",*
53056.06199593409,"(40457.828, 69621.713]","(36199.407, 69621.713]",*
53100.278673885456,"(40457.828, 69621.713]","(36199.407, 69621.713]",*
53100.99890821945,"(40457.828, 69621.713]","(36199.407, 69621.713]",*
53109.81137591171,"(40457.828, 69621.713]","(36199.407, 69621.713]",*
53152.349472660266,"(40457.828, 69621.713]","(36199.407, 69621.713]",*
53159.74318315634,"(40457.828, 69621.713]","(36199.407, 69621.713]",*
53185.20034658352,"(40457.828, 69621.713]","(36199.407, 69621.713]",*
53272.79246915354,"(40457.828, 69621.713]","(36199.407, 69621.713]",*
53364.462880963205,"(40457.828, 69621.713]","(36199.407, 69621.713]",*
53405.50581475935,"(40457.828, 69621.713]","(36199.407, 69621.713]",*
53410.40116938445,"(40457.828, 69621.713]","(36199.407, 69621.713]",*
53450.07285733288,"(40457.828, 69621.713]","(36199.407, 69621.713]",*
53490.13478404241,"(40457.828, 69621.713]","(36199.407, 69621.713]",*
53494.94555575126,"(40457.828, 69621.713]","(36199.407, 69621.713]",*
53504.45996853813,"(40457.828, 69621.713]","(36199.407, 69621.713]",*
53539.19695227368,"(40457.828, 69621.713]","(36199.407, 69621.713]",*
53542.85750618493,"(40457.828, 69621.713]","(36199.407, 69621.713]",*
53548.07667831374,"(40457.828, 69621.713]","(36199.407, 69621.713]",*
53564.16323332278,"(40457.828, 69621.713]","(36199.407, 69621.713]",*
53577.585498946566,"(40457.828, 69621.713]","(36199.407, 69621.713]",*
53612.27829068564,"(40457.828, 69621.713]","(36199.407, 69621.713]",*
53615.3499441818,"(40457.828, 69621.713]","(36199.407, 69621.713]",*
53620.890504330986,"(40457.828, 69621.713]","(36199.407, 69621.713]",*
53628.6823876608,"(40457.828, 69621.713]","(36199.407, 69621.713]",*
53670.66263172076,"(40457.828, 69621.713]","(36199.407, 69621.713]",*
53705.131732074784,"(40457.828, 69621.713]","(36199.407, 69621.713]",*
53713.2762108166,"(40457.828, 69621.713]","(36199.407, 69621.713]",*
53721.14129067399,"(40457.828, 69621.713]","(36199.407, 69621.713]",*
53738.626895462025,"(40457.828, 69621.713]","(36199.407, 69621.713]",*
53742.84199282112,"(40457.828, 69621.713]","(36199.407, 69621.713]",*
53765.78121513873,"(40457.828, 69621.713]","(36199.407, 69621.713]",*
53804.91829002013,"(40457.828, 69621.713]","(36199.407, 69621.713]",*
53811.8949059733,"(40457.828, 69621.713]","(36199.407, 69621.713]",*
53820.13277934219,"(40457.828, 69621.713]","(36199.407, 69621.713]",*
53832.14154691764,"(40457.828, 69621.713]","(36199.407, 69621.713]",*
53875.289012480775,"(40457.828, 69621.713]","(36199.407, 69621.713]",*
53921.43194727306,"(40457.828, 69621.713]","(36199.407, 69621.713]",*
53950.06220887337,"(40457.828, 69621.713]","(36199.407, 69621.713]",*
53962.05632718302,"(40457.828, 69621.713]","(36199.407, 69621.713]",*
54045.94271364356,"(40457.828, 69621.713]","(36199.407, 69621.713]",*
54048.34439355318,"(40457.828, 69621.713]","(36199.407, 69621.713]",*
54050.64468894166,"(40457.828, 69621.713]","(36199.407, 69621.713]",*
54056.12843043363,"(40457.828, 69621.713]","(36199.407, 69621.713]",*
54061.258684089466,"(40457.828, 69621.713]","(36199.407, 69621.713]",*
54086.90164934797,"(40457.828, 69621.713]","(36199.407, 69621.713]",*
54130.97595304566,"(40457.828, 69621.713]","(36199.407, 69621.713]",*
54143.328703222665,"(40457.828, 69621.713]","(36199.407, 69621.713]",*
54149.39033299002,"(40457.828, 69621.713]","(36199.407, 69621.713]",*
54157.29516358162,"(40457.828, 69621.713]","(36199.407, 69621.713]",*
54167.341624874,"(40457.828, 69621.713]","(36199.407, 69621.713]",*
54223.65565495032,"(40457.828, 69621.713]","(36199.407, 69621.713]",*
54228.07490085127,"(40457.828, 69621.713]","(36199.407, 69621.713]",*
54294.76621180726,"(40457.828, 69621.713]","(36199.407, 69621.713]",*
54310.02358653184,"(40457.828, 69621.713]","(36199.407, 69621.713]",*
54346.752338161976,"(40457.828, 69621.713]","(36199.407, 69621.713]",*
54516.287464140085,"(40457.828, 69621.713]","(36199.407, 69621.713]",*
54543.43677867152,"(40457.828, 69621.713]","(36199.407, 69621.713]",*
54546.8265214163,"(40457.828, 69621.713]","(36199.407, 69621.713]",*
54677.97281681705,"(40457.828, 69621.713]","(36199.407, 69621.713]",*
54680.644419695294,"(40457.828, 69621.713]","(36199.407, 69621.713]",*
54687.82183010497,"(40457.828, 69621.713]","(36199.407, 69621.713]",*
54724.25127462662,"(40457.828, 69621.713]","(36199.407, 69621.713]",*
54737.92663560871,"(40457.828, 69621.713]","(36199.407, 69621.713]",*
54738.62969086179,"(40457.828, 69621.713]","(36199.407, 69621.713]",*
54798.511450860125,"(40457.828, 69621.713]","(36199.407, 69621.713]",*
54845.494407850136,"(40457.828, 69621.713]","(36199.407, 69621.713]",*
54861.091096616976,"(40457.828, 69621.713]","(36199.407, 69621.713]",*
54915.96178198404,"(40457.828, 69621.713]","(36199.407, 69621.713]",*
54929.670237530285,"(40457.828, 69621.713]","(36199.407, 69621.713]",*
54954.76258928091,"(40457.828, 69621.713]","(36199.407, 69621.713]",*
54954.971886159336,"(40457.828, 69621.713]","(36199.407, 69621.713]",*
55030.17287671789,"(40457.828, 69621.713]","(36199.407, 69621.713]",*
55042.914431506506,"(40457.828, 69621.713]","(36199.407, 69621.713]",*
55084.15933236109,"(40457.828, 69621.713]","(36199.407, 69621.713]",*
55114.58164758477,"(40457.828, 69621.713]","(36199.407, 69621.713]",*
55169.37910598962,"(40457.828, 69621.713]","(36199.407, 69621.713]",*
55176.20255330959,"(40457.828, 69621.713]","(36199.407, 69621.713]",*
55292.22079627772,"(40457.828, 69621.713]","(36199.407, 69621.713]",*
55323.9572581656,"(40457.828, 69621.713]","(36199.407, 69621.713]",*
55375.66821455488,"(40457.828, 69621.713]","(36199.407, 69621.713]",*
55403.093468937215,"(40457.828, 69621.713]","(36199.407, 69621.713]",*
55430.31156584457,"(40457.828, 69621.713]","(36199.407, 69621.713]",*
55439.3230155683,"(40457.828, 69621.713]","(36199.407, 69621.713]",*
55449.40709951745,"(40457.828, 69621.713]","(36199.407, 69621.713]",*
55471.78337923386,"(40457.828, 69621.713]","(36199.407, 69621.713]",*
55495.03197416903,"(40457.828, 69621.713]","(36199.407, 69621.713]",*
55577.966447515566,"(40457.828, 69621.713]","(36199.407, 69621.713]",*
55583.93823098772,"(40457.828, 69621.713]","(36199.407, 69621.713]",*
55601.04893730769,"(40457.828, 69621.713]","(36199.407, 69621.713]",*
55613.37570637086,"(40457.828, 69621.713]","(36199.407, 69621.713]",*
55700.44165567651,"(40457.828, 69621.713]","(36199.407, 69621.713]",*
55728.977400604745,"(40457.828, 69621.713]","(36199.407, 69621.713]",*
55761.36732691293,"(40457.828, 69621.713]","(36199.407, 69621.713]",*
55799.49748118191,"(40457.828, 69621.713]","(36199.407, 69621.713]",*
55830.75283571365,"(40457.828, 69621.713]","(36199.407, 69621.713]",*
55833.58222943252,"(40457.828, 69621.713]","(36199.407, 69621.713]",*
55838.913085095,"(40457.828, 69621.713]","(36199.407, 69621.713]",*
55849.46922258366,"(40457.828, 69621.713]","(36199.407, 69621.713]",*
55849.948059136506,"(40457.828, 69621.713]","(36199.407, 69621.713]",*
55851.84719040287,"(40457.828, 69621.713]","(36199.407, 69621.713]",*
55887.698745673166,"(40457.828, 69621.713]","(36199.407, 69621.713]",*
55928.08703546807,"(40457.828, 69621.713]","(36199.407, 69621.713]",*
55932.22273282906,"(40457.828, 69621.713]","(36199.407, 69621.713]",*
55947.967958928944,"(40457.828, 69621.713]","(36199.407, 69621.713]",*
55997.84698600298,"(40457.828, 69621.713]","(36199.407, 69621.713]",*
56148.44932156281,"(40457.828, 69621.713]","(36199.407, 69621.713]",*
56250.46440414384,"(40457.828, 69621.713]","(36199.407, 69621.713]",*
56256.98203249185,"(40457.828, 69621.713]","(36199.407, 69621.713]",*
56266.97405521184,"(40457.828, 69621.713]","(36199.407, 69621.713]",*
56269.46294287771,"(40457.828, 69621.713]","(36199.407, 69621.713]",*
56294.43444424441,"(40457.828, 69621.713]","(36199.407, 69621.713]",*
56299.77259934372,"(40457.828, 69621.713]","(36199.407, 69621.713]",*
56303.30598841312,"(40457.828, 69621.713]","(36199.407, 69621.713]",*
56376.96843460512,"(40457.828, 69621.713]","(36199.407, 69621.713]",*
56400.27738538153,"(40457.828, 69621.713]","(36199.407, 69621.713]",*
56541.4098849066,"(40457.828, 69621.713]","(36199.407, 69621.713]",*
56547.804184575165,"(40457.828, 69621.713]","(36199.407, 69621.713]",*
56584.41380499568,"(40457.828, 69621.713]","(36199.407, 69621.713]",*
56617.143284016594,"(40457.828, 69621.713]","(36199.407, 69621.713]",*
56625.36805715456,"(40457.828, 69621.713]","(36199.407, 69621.713]",*
56626.45629199738,"(40457.828, 69621.713]","(36199.407, 69621.713]",*
56689.279074472295,"(40457.828, 69621.713]","(36199.407, 69621.713]",*
56696.51750016517,"(40457.828, 69621.713]","(36199.407, 69621.713]",*
56712.06901590776,"(40457.828, 69621.713]","(36199.407, 69621.713]",*
56957.187749933095,"(40457.828, 69621.713]","(36199.407, 69621.713]",*
56970.73183024398,"(40457.828, 69621.713]","(36199.407, 69621.713]",*
56983.07689559887,"(40457.828, 69621.713]","(36199.407, 69621.713]",*
56984.14524723155,"(40457.828, 69621.713]","(36199.407, 69621.713]",*
57097.67332373379,"(40457.828, 69621.713]","(36199.407, 69621.713]",*
57110.64893623656,"(40457.828, 69621.713]","(36199.407, 69621.713]",*
57121.57973904668,"(40457.828, 69621.713]","(36199.407, 69621.713]",*
57166.8675103696,"(40457.828, 69621.713]","(36199.407, 69621.713]",*
57287.59897246426,"(40457.828, 69621.713]","(36199.407, 69621.713]",*
57318.78663507944,"(40457.828, 69621.713]","(36199.407, 69621.713]",*
57322.84100143173,"(40457.828, 69621.713]","(36199.407, 69621.713]",*
57390.89007381044,"(40457.828, 69621.713]","(36199.407, 69621.713]",*
57408.3128937472,"(40457.828, 69621.713]","(36199.407, 69621.713]",*
57409.90796087293,"(40457.828, 69621.713]","(36199.407, 69621.713]",*
57563.58573761915,"(40457.828, 69621.713]","(36199.407, 69621.713]",*
57644.209074964325,"(40457.828, 69621.713]","(36199.407, 69621.713]",*
57646.39149662959,"(40457.828, 69621.713]","(36199.407, 69621.713]",*
57699.95755629303,"(40457.828, 69621.713]","(36199.407, 69621.713]",*
57715.80166358237,"(40457.828, 69621.713]","(36199.407, 69621.713]",*
57771.29234618036,"(40457.828, 69621.713]","(36199.407, 69621.713]",*
57775.261391778906,"(40457.828, 69621.713]","(36199.407, 69621.713]",*
57841.21935152157,"(40457.828, 69621.713]","(36199.407, 69621.713]",*
57931.67322585792,"(40457.828, 69621.713]","(36199.407, 69621.713]",*
57970.2427895047,"(40457.828, 69621.713]","(36199.407, 69621.713]",*
57979.856197421,"(40457.828, 69621.713]","(36199.407, 69621.713]",*
58040.6742157225,"(40457.828, 69621.713]","(36199.407, 69621.713]",*
58051.03904696995,"(40457.828, 69621.713]","(36199.407, 69621.713]",*
58051.60065964049,"(40457.828, 69621.713]","(36199.407, 69621.713]",*
58076.9735895934,"(40457.828, 69621.713]","(36199.407, 69621.713]",*
58168.62144207411,"(40457.828, 69621.713]","(36199.407, 69621.713]",*
58195.45703160826,"(40457.828, 69621.713]","(36199.407, 69621.713]",*
58221.97698652044,"(40457.828, 69621.713]","(36199.407, 69621.713]",*
58256.114761727855,"(40457.828, 69621.713]","(36199.407, 69621.713]",*
58349.117586010274,"(40457.828, 69621.713]","(36199.407, 69621.713]",*
58412.43673946383,"(40457.828, 69621.713]","(36199.407, 69621.713]",*
58460.2798577822,"(40457.828, 69621.713]","(36199.407, 69621.713]",*
58600.82714967577,"(40457.828, 69621.713]","(36199.407, 69621.713]",*
58691.20066480728,"(40457.828, 69621.713]","(36199.407, 69621.713]",*
58745.312027558924,"(40457.828, 69621.713]","(36199.407, 69621.713]",*
58759.70973929946,"(40457.828, 69621.713]","(36199.407, 69621.713]",*
58782.22226851405,"(40457.828, 69621.713]","(36199.407, 69621.713]",*
58793.26819997552,"(40457.828, 69621.713]","(36199.407, 69621.713]",*
58887.99940843419,"(40457.828, 69621.713]","(36199.407, 69621.713]",*
58926.22548375174,"(40457.828, 69621.713]","(36199.407, 69621.713]",*
59003.96362111827,"(40457.828, 69621.713]","(36199.407, 69621.713]",*
59036.11603663478,"(40457.828, 69621.713]","(36199.407, 69621.713]",*
59129.49783200705,"(40457.828, 69621.713]","(36199.407, 69621.713]",*
59258.486023751815,"(40457.828, 69621.713]","(36199.407, 69621.713]",*
59262.53929837246,"(40457.828, 69621.713]","(36199.407, 69621.713]",*
59313.739116675046,"(40457.828, 69621.713]","(36199.407, 69621.713]",*
59346.89131355663,"(40457.828, 69621.713]","(36199.407, 69621.713]",*
59442.37558566732,"(40457.828, 69621.713]","(36199.407, 69621.713]",*
59485.06632251122,"(40457.828, 69621.713]","(36199.407, 69621.713]",*
59563.16041835372,"(40457.828, 69621.713]","(36199.407, 69621.713]",*
59599.3440902425,"(40457.828, 69621.713]","(36199.407, 69621.713]",*
59636.40255302499,"(40457.828, 69621.713]","(36199.407, 69621.713]",*
59717.669765014005,"(40457.828, 69621.713]","(36199.407, 69621.713]",*
59974.62658993424,"(40457.828, 69621.713]","(36199.407, 69621.713]",*
60023.36095793638,"(40457.828, 69621.713]","(36199.407, 69621.713]",*
60040.54729812522,"(40457.828, 69621.713]","(36199.407, 69621.713]",*
60195.74626715885,"(40457.828, 69621.713]","(36199.407, 69621.713]",*
60199.84254553296,"(40457.828, 69621.713]","(36199.407, 69621.713]",*
60286.04310135768,"(40457.828, 69621.713]","(36199.407, 69621.713]",*
60300.84827879464,"(40457.828, 69621.713]","(36199.407, 69621.713]",*
60309.12224887084,"(40457.828, 69621.713]","(36199.407, 69621.713]",*
60388.34424752028,"(40457.828, 69621.713]","(36199.407, 69621.713]",*
60658.29587320781,"(40457.828, 69621.713]","(36199.407, 69621.713]",*
60697.63924110519,"(40457.828, 69621.713]","(36199.407, 69621.713]",*
60742.634865191394,"(40457.828, 69621.713]","(36199.407, 69621.713]",*
60747.20447892807,"(40457.828, 69621.713]","(36199.407, 69621.713]",*
60828.24908540716,"(40457.828, 69621.713]","(36199.407, 69621.713]",*
60849.316861632,"(40457.828, 69621.713]","(36199.407, 69621.713]",*
60886.85260753321,"(40457.828, 69621.713]","(36199.407, 69621.713]",*
60895.40816548508,"(40457.828, 69621.713]","(36199.407, 69621.713]",*
61073.280298611535,"(40457.828, 69621.713]","(36199.407, 69621.713]",*
61075.60218130607,"(40457.828, 69621.713]","(36199.407, 69621.713]",*
61104.362781533135,"(40457.828, 69621.713]","(36199.407, 69621.713]",*
61126.73207201832,"(40457.828, 69621.713]","(36199.407, 69621.713]",*
61205.81478348438,"(40457.828, 69621.713]","(36199.407, 69621.713]",*
61223.99760748964,"(40457.828, 69621.713]","(36199.407, 69621.713]",*
61361.73047694594,"(40457.828, 69621.713]","(36199.407, 69621.713]",*
61402.314997556896,"(40457.828, 69621.713]","(36199.407, 69621.713]",*
61772.756809729326,"(40457.828, 69621.713]","(36199.407, 69621.713]",*
61830.53972217983,"(40457.828, 69621.713]","(36199.407, 69621.713]",*
61916.135537629016,"(40457.828, 69621.713]","(36199.407, 69621.713]",*
62340.640003792425,"(40457.828, 69621.713]","(36199.407, 69621.713]",*
62389.87638505152,"(40457.828, 69621.713]","(36199.407, 69621.713]",*
62402.74239125963,"(40457.828, 69621.713]","(36199.407, 69621.713]",*
62449.97384770633,"(40457.828, 69621.713]","(36199.407, 69621.713]",*
62963.75539456241,"(40457.828, 69621.713]","(36199.407, 69621.713]",*
63184.61314723032,"(40457.828, 69621.713]","(36199.407, 69621.713]",*
63620.01196321367,"(40457.828, 69621.713]","(36199.407, 69621.713]",*
64149.68021309122,"(40457.828, 69621.713]","(36199.407, 69621.713]",*
64180.37080108071,"(40457.828, 69621.713]","(36199.407, 69621.713]",*
64543.322446134494,"(40457.828, 69621.713]","(36199.407, 69621.713]",*
64566.68738030215,"(40457.828, 69621.713]","(36199.407, 69621.713]",*
65184.578469023545,"(40457.828, 69621.713]","(36199.407, 69621.713]",*
65857.93332223437,"(40457.828, 69621.713]","(36199.407, 69621.713]",*
66995.47404943168,"(40457.828, 69621.713]","(36199.407, 69621.713]",*
67353.96520386345,"(40457.828, 69621.713]","(36199.407, 69621.713]",*
67601.22355787536,"(40457.828, 69621.713]","(36199.407, 69621.713]",*
67701.64979544005,"(40457.828, 69621.713]","(36199.407, 69621.713]",*
67727.22905070162,"(40457.828, 69621.713]","(36199.407, 69621.713]",*
68311.69582174483,"(40457.828, 69621.713]","(36199.407, 69621.713]",*
69553.98832715878,"(40457.828, 69621.713]","(36199.407, 69621.713]",*
69575.4494636571,"(40457.828, 69621.713]","(36199.407, 69621.713]",*
69592.04023598543,"(40457.828, 69621.713]","(36199.407, 69621.713]",*
69621.7133777904,"(40457.828, 69621.713]","(36199.407, 69621.713]",*
