2.644304186036705,"(2.6430000000000002, 5.544]","(2.6430000000000002, 5.969]",*
2.683042903331156,"(2.6430000000000002, 5.544]","(2.6430000000000002, 5.969]",*
2.7972149539129383,"(2.6430000000000002, 5.544]","(2.6430000000000002, 5.969]",*
2.7976190270628174,"(2.6430000000000002, 5.544]","(2.6430000000000002, 5.969]",*
2.922736153051221,"(2.6430000000000002, 5.544]","(2.6430000000000002, 5.969]",*
3.0047168362430168,"(2.6430000000000002, 5.544]","(2.6430000000000002, 5.969]",*
3.055370327387371,"(2.6430000000000002, 5.544]","(2.6430000000000002, 5.969]",*
3.1057512377015195,"(2.6430000000000002, 5.544]","(2.6430000000000002, 5.969]",*
3.118801699824495,"(2.6430000000000002, 5.544]","(2.6430000000000002, 5.969]",*
3.1448941915387927,"(2.6430000000000002, 5.544]","(2.6430000000000002, 5.969]",*
3.205828406711825,"(2.6430000000000002, 5.544]","(2.6430000000000002, 5.969]",*
3.2148681463036715,"(2.6430000000000002, 5.544]","(2.6430000000000002, 5.969]",*
3.2320594904933926,"(2.6430000000000002, 5.544]","(2.6430000000000002, 5.969]",*
3.2417159800155395,"(2.6430000000000002, 5.544]","(2.6430000000000002, 5.969]",*
3.2782275964055096,"(2.6430000000000002, 5.544]","(2.6430000000000002, 5.969]",*
3.3425991736536087,"(2.6430000000000002, 5.544]","(2.6430000000000002, 5.969]",*
3.386003828705174,"(2.6430000000000002, 5.544]","(2.6430000000000002, 5.969]",*
3.3942908076416884,"(2.6430000000000002, 5.544]","(2.6430000000000002, 5.969]",*
3.3957586593669253,"(2.6430000000000002, 5.544]","(2.6430000000000002, 5.969]",*
3.4107856582579683,"(2.6430000000000002, 5.544]","(2.6430000000000002, 5.969]",*
3.41286592561974,"(2.6430000000000002, 5.544]","(2.6430000000000002, 5.969]",*
3.4130449594780985,"(2.6430000000000002, 5.544]","(2.6430000000000002, 5.969]",*
3.430713497952932,"(2.6430000000000002, 5.544]","(2.6430000000000002, 5.969]",*
3.431500039154963,"(2.6430000000000002, 5.544]","(2.6430000000000002, 5.969]",*
3.443457952369565,"(2.6430000000000002, 5.544]","(2.6430000000000002, 5.969]",*
3.4461311542490214,"(2.6430000000000002, 5.544]","(2.6430000000000002, 5.969]",*
3.4550607651248795,"(2.6430000000000002, 5.544]","(2.6430000000000002, 5.969]",*
3.4799854148460687,"(2.6430000000000002, 5.544]","(2.6430000000000002, 5.969]",*
3.485869966514756,"(2.6430000000000002, 5.544]","(2.6430000000000002, 5.969]",*
3.490429959667601,"(2.6430000000000002, 5.544]","(2.6430000000000002, 5.969]",*
3.516437566018325,"(2.6430000000000002, 5.544]","(2.6430000000000002, 5.969]",*
3.51888631465762,"(2.6430000000000002, 5.544]","(2.6430000000000002, 5.969]",*
3.525267864852061,"(2.6430000000000002, 5.544]","(2.6430000000000002, 5.969]",*
3.533102865449296,"(2.6430000000000002, 5.544]","(2.6430000000000002, 5.969]",*
3.5457064871822754,"(2.6430000000000002, 5.544]","(2.6430000000000002, 5.969]",*
3.5636720798345216,"(2.6430000000000002, 5.544]","(2.6430000000000002, 5.969]",*
3.571056074940545,"(2.6430000000000002, 5.544]","(2.6430000000000002, 5.969]",*
3.5734851771656087,"(2.6430000000000002, 5.544]","(2.6430000000000002, 5.969]",*
3.5948301256116992,"(2.6430000000000002, 5.544]","(2.6430000000000002, 5.969]",*
3.5963188114048683,"(2.6430000000000002, 5.544]","(2.6430000000000002, 5.969]",*
3.606331313444696,"(2.6430000000000002, 5.544]","(2.6430000000000002, 5.969]",*
3.607404726550796,"(2.6430000000000002, 5.544]","(2.6430000000000002, 5.969]",*
3.613225368672905,"(2.6430000000000002, 5.544]","(2.6430000000000002, 5.969]",*
3.634897423213317,"(2.6430000000000002, 5.544]","(2.6430000000000002, 5.969]",*
3.639344476733493,"(2.6430000000000002, 5.544]","(2.6430000000000002, 5.969]",*
3.640221785933913,"(2.6430000000000002, 5.544]","(2.6430000000000002, 5.969]",*
3.644175061597776,"(2.6430000000000002, 5.544]","(2.6430000000000002, 5.969]",*
3.6476546335926967,"(2.6430000000000002, 5.544]","(2.6430000000000002, 5.969]",*
3.6485457071898817,"(2.6430000000000002, 5.544]","(2.6430000000000002, 5.969]",*
3.6546669823206046,"(2.6430000000000002, 5.544]","(2.6430000000000002, 5.969]",*
3.6642937847050647,"(2.6430000000000002, 5.544]","(2.6430000000000002, 5.969]",*
3.6862869946461534,"(2.6430000000000002, 5.544]","(2.6430000000000002, 5.969]",*
3.690574062871016,"(2.6430000000000002, 5.544]","(2.6430000000000002, 5.969]",*
3.690890569678809,"(2.6430000000000002, 5.544]","(2.6430000000000002, 5.969]",*
3.696844061981869,"(2.6430000000000002, 5.544]","(2.6430000000000002, 5.969]",*
3.708336229501741,"(2.6430000000000002, 5.544]","(2.6430000000000002, 5.969]",*
3.711992007243648,"(2.6430000000000002, 5.544]","(2.6430000000000002, 5.969]",*
3.715277954419807,"(2.6430000000000002, 5.544]","(2.6430000000000002, 5.969]",*
3.719435743213236,"(2.6430000000000002, 5.544]","(2.6430000000000002, 5.969]",*
3.7270839328418703,"(2.6430000000000002, 5.544]","(2.6430000000000002, 5.969]",*
3.7359417914541786,"(2.6430000000000002, 5.544]","(2.6430000000000002, 5.969]",*
3.7385929713498656,"(2.6430000000000002, 5.544]","(2.6430000000000002, 5.969]",*
3.743747008217985,"(2.6430000000000002, 5.544]","(2.6430000000000002, 5.969]",*
3.7449024671015447,"(2.6430000000000002, 5.544]","(2.6430000000000002, 5.969]",*
3.7459222626388446,"(2.6430000000000002, 5.544]","(2.6430000000000002, 5.969]",*
3.749314681325232,"(2.6430000000000002, 5.544]","(2.6430000000000002, 5.969]",*
3.7539068334542143,"(2.6430000000000002, 5.544]","(2.6430000000000002, 5.969]",*
3.770547698274392,"(2.6430000000000002, 5.544]","(2.6430000000000002, 5.969]",*
3.7795922467620247,"(2.6430000000000002, 5.544]","(2.6430000000000002, 5.969]",*
3.7848394411529687,"(2.6430000000000002, 5.544]","(2.6430000000000002, 5.969]",*
3.7867092980485566,"(2.6430000000000002, 5.544]","(2.6430000000000002, 5.969]",*
3.802598991005541,"(2.6430000000000002, 5.544]","(2.6430000000000002, 5.969]",*
3.816094455540895,"(2.6430000000000002, 5.544]","(2.6430000000000002, 5.969]",*
3.824204215506627,"(2.6430000000000002, 5.544]","(2.6430000000000002, 5.969]",*
3.8316952688670023,"(2.6430000000000002, 5.544]","(2.6430000000000002, 5.969]",*
3.8546175682080808,"(2.6430000000000002, 5.544]","(2.6430000000000002, 5.969]",*
3.8587664457034494,"(2.6430000000000002, 5.544]","(2.6430000000000002, 5.969]",*
3.862416922750883,"(2.6430000000000002, 5.544]","(2.6430000000000002, 5.969]",*
3.870868952177148,"(2.6430000000000002, 5.544]","(2.6430000000000002, 5.969]",*
3.881794237896956,"(2.6430000000000002, 5.544]","(2.6430000000000002, 5.969]",*
3.883363565616964,"(2.6430000000000002, 5.544]","(2.6430000000000002, 5.969]",*
3.895831096255752,"(2.6430000000000002, 5.544]","(2.6430000000000002, 5.969]",*
3.907090366992039,"(2.6430000000000002, 5.544]","(2.6430000000000002, 5.969]",*
3.9078411901669847,"(2.6430000000000002, 5.544]","(2.6430000000000002, 5.969]",*
3.909432708940996,"(2.6430000000000002, 5.544]","(2.6430000000000002, 5.969]",*
3.9214767939345663,"(2.6430000000000002, 5.544]","(2.6430000000000002, 5.969]",*
3.927293256254616,"(2.6430000000000002, 5.544]","(2.6430000000000002, 5.969]",*
3.930198546118768,"(2.6430000000000002, 5.544]","(2.6430000000000002, 5.969]",*
3.937577625527591,"(2.6430000000000002, 5.544]","(2.6430000000000002, 5.969]",*
3.9395011018151487,"(2.6430000000000002, 5.544]","(2.6430000000000002, 5.969]",*
3.9425308612744927,"(2.6430000000000002, 5.544]","(2.6430000000000002, 5.969]",*
3.944863742090277,"(2.6430000000000002, 5.544]","(2.6430000000000002, 5.969]",*
3.945932445761973,"(2.6430000000000002, 5.544]","(2.6430000000000002, 5.969]",*
3.951706342556901,"(2.6430000000000002, 5.544]","(2.6430000000000002, 5.969]",*
3.96267220613804,"(2.6430000000000002, 5.544]","(2.6430000000000002, 5.969]",*
3.9627702974590817,"(2.6430000000000002, 5.544]","(2.6430000000000002, 5.969]",*
3.9657448302656566,"(2.6430000000000002, 5.544]","(2.6430000000000002, 5.969]",*
3.9663915664853184,"(2.6430000000000002, 5.544]","(2.6430000000000002, 5.969]",*
3.9702443565707672,"(2.6430000000000002, 5.544]","(2.6430000000000002, 5.969]",*
3.9794960810795184,"(2.6430000000000002, 5.544]","(2.6430000000000002, 5.969]",*
3.979703619449743,"(2.6430000000000002, 5.544]","(2.6430000000000002, 5.969]",*
3.983346134481612,"(2.6430000000000002, 5.544]","(2.6430000000000002, 5.969]",*
3.986452421450225,"(2.6430000000000002, 5.544]","(2.6430000000000002, 5.969]",*
3.987009788347537,"(2.6430000000000002, 5.544]","(2.6430000000000002, 5.969]",*
3.98995050508506,"(2.6430000000000002, 5.544]","(2.6430000000000002, 5.969]",*
3.9920279464886255,"(2.6430000000000002, 5.544]","(2.6430000000000002, 5.969]",*
3.99242047479906,"(2.6430000000000002, 5.544]","(2.6430000000000002, 5.969]",*
3.994323302193685,"(2.6430000000000002, 5.544]","(2.6430000000000002, 5.969]",*
3.9951536435694814,"(2.6430000000000002, 5.544]","(2.6430000000000002, 5.969]",*
3.9975331506529495,"(2.6430000000000002, 5.544]","(2.6430000000000002, 5.969]",*
4.001515765638851,"(2.6430000000000002, 5.544]","(2.6430000000000002, 5.969]",*
4.00349911978378,"(2.6430000000000002, 5.544]","(2.6430000000000002, 5.969]",*
4.0057310835362845,"(2.6430000000000002, 5.544]","(2.6430000000000002, 5.969]",*
4.007017132359999,"(2.6430000000000002, 5.544]","(2.6430000000000002, 5.969]",*
4.010907337105416,"(2.6430000000000002, 5.544]","(2.6430000000000002, 5.969]",*
4.018524684942813,"(2.6430000000000002, 5.544]","(2.6430000000000002, 5.969]",*
4.019356938810931,"(2.6430000000000002, 5.544]","(2.6430000000000002, 5.969]",*
4.020978811145461,"(2.6430000000000002, 5.544]","(2.6430000000000002, 5.969]",*
4.025767576009593,"(2.6430000000000002, 5.544]","(2.6430000000000002, 5.969]",*
4.028327591083666,"(2.6430000000000002, 5.544]","(2.6430000000000002, 5.969]",*
4.030105163365884,"(2.6430000000000002, 5.544]","(2.6430000000000002, 5.969]",*
4.0344684574528,"(2.6430000000000002, 5.544]","(2.6430000000000002, 5.969]",*
4.03577660340173,"(2.6430000000000002, 5.544]","(2.6430000000000002, 5.969]",*
4.043752332331992,"(2.6430000000000002, 5.544]","(2.6430000000000002, 5.969]",*
4.045025219334952,"(2.6430000000000002, 5.544]","(2.6430000000000002, 5.969]",*
4.047392571543789,"(2.6430000000000002, 5.544]","(2.6430000000000002, 5.969]",*
4.050263912953094,"(2.6430000000000002, 5.544]","(2.6430000000000002, 5.969]",*
4.057007399777069,"(2.6430000000000002, 5.544]","(2.6430000000000002, 5.969]",*
4.062422165046745,"(2.6430000000000002, 5.544]","(2.6430000000000002, 5.969]",*
4.065513078394342,"(2.6430000000000002, 5.544]","(2.6430000000000002, 5.969]",*
4.067074053238131,"(2.6430000000000002, 5.544]","(2.6430000000000002, 5.969]",*
4.0671659865461365,"(2.6430000000000002, 5.544]","(2.6430000000000002, 5.969]",*
4.069428648379701,"(2.6430000000000002, 5.544]","(2.6430000000000002, 5.969]",*
4.069649992832703,"(2.6430000000000002, 5.544]","(2.6430000000000002, 5.969]",*
4.072354843070658,"(2.6430000000000002, 5.544]","(2.6430000000000002, 5.969]",*
4.07340737455659,"(2.6430000000000002, 5.544]","(2.6430000000000002, 5.969]",*
4.077536843954993,"(2.6430000000000002, 5.544]","(2.6430000000000002, 5.969]",*
4.079320164179241,"(2.6430000000000002, 5.544]","(2.6430000000000002, 5.969]",*
4.079782222130235,"(2.6430000000000002, 5.544]","(2.6430000000000002, 5.969]",*
4.081277464677084,"(2.6430000000000002, 5.544]","(2.6430000000000002, 5.969]",*
4.084091884388019,"(2.6430000000000002, 5.544]","(2.6430000000000002, 5.969]",*
4.086691138650464,"(2.6430000000000002, 5.544]","(2.6430000000000002, 5.969]",*
4.087470353312882,"(2.6430000000000002, 5.544]","(2.6430000000000002, 5.969]",*
4.090967562875622,"(2.6430000000000002, 5.544]","(2.6430000000000002, 5.969]",*
4.095953719042181,"(2.6430000000000002, 5.544]","(2.6430000000000002, 5.969]",*
4.096517242790362,"(2.6430000000000002, 5.544]","(2.6430000000000002, 5.969]",*
4.102335551761895,"(2.6430000000000002, 5.544]","(2.6430000000000002, 5.969]",*
4.1041299227226125,"(2.6430000000000002, 5.544]","(2.6430000000000002, 5.969]",*
4.112660850125766,"(2.6430000000000002, 5.544]","(2.6430000000000002, 5.969]",*
4.114406519691887,"(2.6430000000000002, 5.544]","(2.6430000000000002, 5.969]",*
4.122901533148037,"(2.6430000000000002, 5.544]","(2.6430000000000002, 5.969]",*
4.1259009198896965,"(2.6430000000000002, 5.544]","(2.6430000000000002, 5.969]",*
4.128267302144826,"(2.6430000000000002, 5.544]","(2.6430000000000002, 5.969]",*
4.128879950736982,"(2.6430000000000002, 5.544]","(2.6430000000000002, 5.969]",*
4.13217673873059,"(2.6430000000000002, 5.544]","(2.6430000000000002, 5.969]",*
4.1326944402962456,"(2.6430000000000002, 5.544]","(2.6430000000000002, 5.969]",*
4.1360218041403485,"(2.6430000000000002, 5.544]","(2.6430000000000002, 5.969]",*
4.137278576168519,"(2.6430000000000002, 5.544]","(2.6430000000000002, 5.969]",*
4.138822758016864,"(2.6430000000000002, 5.544]","(2.6430000000000002, 5.969]",*
4.139620468902201,"(2.6430000000000002, 5.544]","(2.6430000000000002, 5.969]",*
4.141508415152611,"(2.6430000000000002, 5.544]","(2.6430000000000002, 5.969]",*
4.143032900715244,"(2.6430000000000002, 5.544]","(2.6430000000000002, 5.969]",*
4.143350467997212,"(2.6430000000000002, 5.544]","(2.6430000000000002, 5.969]",*
4.144291525467203,"(2.6430000000000002, 5.544]","(2.6430000000000002, 5.969]",*
4.14506888123722,"(2.6430000000000002, 5.544]","(2.6430000000000002, 5.969]",*
4.150388617968297,"(2.6430000000000002, 5.544]","(2.6430000000000002, 5.969]",*
4.152152601457097,"(2.6430000000000002, 5.544]","(2.6430000000000002, 5.969]",*
4.168972160308487,"(2.6430000000000002, 5.544]","(2.6430000000000002, 5.969]",*
4.1691371682750695,"(2.6430000000000002, 5.544]","(2.6430000000000002, 5.969]",*
4.1698203698260174,"(2.6430000000000002, 5.544]","(2.6430000000000002, 5.969]",*
4.170949099405265,"(2.6430000000000002, 5.544]","(2.6430000000000002, 5.969]",*
4.173577215473424,"(2.6430000000000002, 5.544]","(2.6430000000000002, 5.969]",*
4.174159402087061,"(2.6430000000000002, 5.544]","(2.6430000000000002, 5.969]",*
4.177213845810103,"(2.6430000000000002, 5.544]","(2.6430000000000002, 5.969]",*
4.177550250956452,"(2.6430000000000002, 5.544]","(2.6430000000000002, 5.969]",*
4.1802145910897055,"(2.6430000000000002, 5.544]","(2.6430000000000002, 5.969]",*
4.181184312702087,"(2.6430000000000002, 5.544]","(2.6430000000000002, 5.969]",*
4.18282822762296,"(2.6430000000000002, 5.544]","(2.6430000000000002, 5.969]",*
4.186458038028757,"(2.6430000000000002, 5.544]","(2.6430000000000002, 5.969]",*
4.187031549499616,"(2.6430000000000002, 5.544]","(2.6430000000000002, 5.969]",*
4.188658328546152,"(2.6430000000000002, 5.544]","(2.6430000000000002, 5.969]",*
4.191621744147208,"(2.6430000000000002, 5.544]","(2.6430000000000002, 5.969]",*
4.192968843877994,"(2.6430000000000002, 5.544]","(2.6430000000000002, 5.969]",*
4.195004095725897,"(2.6430000000000002, 5.544]","(2.6430000000000002, 5.969]",*
4.196803531360978,"(2.6430000000000002, 5.544]","(2.6430000000000002, 5.969]",*
4.196947770272235,"(2.6430000000000002, 5.544]","(2.6430000000000002, 5.969]",*
4.199195526859873,"(2.6430000000000002, 5.544]","(2.6430000000000002, 5.969]",*
4.204036516403494,"(2.6430000000000002, 5.544]","(2.6430000000000002, 5.969]",*
4.205495167989168,"(2.6430000000000002, 5.544]","(2.6430000000000002, 5.969]",*
4.206346467594751,"(2.6430000000000002, 5.544]","(2.6430000000000002, 5.969]",*
4.209418333481339,"(2.6430000000000002, 5.544]","(2.6430000000000002, 5.969]",*
4.210230260999575,"(2.6430000000000002, 5.544]","(2.6430000000000002, 5.969]",*
4.210322870054841,"(2.6430000000000002, 5.544]","(2.6430000000000002, 5.969]",*
4.210462757597713,"(2.6430000000000002, 5.544]","(2.6430000000000002, 5.969]",*
4.212947373070344,"(2.6430000000000002, 5.544]","(2.6430000000000002, 5.969]",*
4.213322953156883,"(2.6430000000000002, 5.544]","(2.6430000000000002, 5.969]",*
4.213337831969247,"(2.6430000000000002, 5.544]","(2.6430000000000002, 5.969]",*
4.213793597121173,"(2.6430000000000002, 5.544]","(2.6430000000000002, 5.969]",*
4.214295130674748,"(2.6430000000000002, 5.544]","(2.6430000000000002, 5.969]",*
4.2146417926388375,"(2.6430000000000002, 5.544]","(2.6430000000000002, 5.969]",*
4.2156713993711294,"(2.6430000000000002, 5.544]","(2.6430000000000002, 5.969]",*
4.2218819554851335,"(2.6430000000000002, 5.544]","(2.6430000000000002, 5.969]",*
4.225150749280213,"(2.6430000000000002, 5.544]","(2.6430000000000002, 5.969]",*
4.22588812686821,"(2.6430000000000002, 5.544]","(2.6430000000000002, 5.969]",*
4.227764831946857,"(2.6430000000000002, 5.544]","(2.6430000000000002, 5.969]",*
4.229270471602334,"(2.6430000000000002, 5.544]","(2.6430000000000002, 5.969]",*
4.230051414364958,"(2.6430000000000002, 5.544]","(2.6430000000000002, 5.969]",*
4.235227141257994,"(2.6430000000000002, 5.544]","(2.6430000000000002, 5.969]",*
4.235712056044939,"(2.6430000000000002, 5.544]","(2.6430000000000002, 5.969]",*
4.236880738098737,"(2.6430000000000002, 5.544]","(2.6430000000000002, 5.969]",*
4.238065601803662,"(2.6430000000000002, 5.544]","(2.6430000000000002, 5.969]",*
4.242603157759539,"(2.6430000000000002, 5.544]","(2.6430000000000002, 5.969]",*
4.247433998680964,"(2.6430000000000002, 5.544]","(2.6430000000000002, 5.969]",*
4.254128345944869,"(2.6430000000000002, 5.544]","(2.6430000000000002, 5.969]",*
4.254254338607908,"(2.6430000000000002, 5.544]","(2.6430000000000002, 5.969]",*
4.2550085753578815,"(2.6430000000000002, 5.544]","(2.6430000000000002, 5.969]",*
4.259678187544,"(2.6430000000000002, 5.544]","(2.6430000000000002, 5.969]",*
4.259876464758801,"(2.6430000000000002, 5.544]","(2.6430000000000002, 5.969]",*
4.265906407353462,"(2.6430000000000002, 5.544]","(2.6430000000000002, 5.969]",*
4.266359653768055,"(2.6430000000000002, 5.544]","(2.6430000000000002, 5.969]",*
4.266667665984203,"(2.6430000000000002, 5.544]","(2.6430000000000002, 5.969]",*
4.267184446563036,"(2.6430000000000002, 5.544]","(2.6430000000000002, 5.969]",*
4.2676474380005125,"(2.6430000000000002, 5.544]","(2.6430000000000002, 5.969]",*
4.267963158460193,"(2.6430000000000002, 5.544]","(2.6430000000000002, 5.969]",*
4.268976229798608,"(2.6430000000000002, 5.544]","(2.6430000000000002, 5.969]",*
4.269445988881953,"(2.6430000000000002, 5.544]","(2.6430000000000002, 5.969]",*
4.272456648275569,"(2.6430000000000002, 5.544]","(2.6430000000000002, 5.969]",*
4.272548632040605,"(2.6430000000000002, 5.544]","(2.6430000000000002, 5.969]",*
4.273395859238659,"(2.6430000000000002, 5.544]","(2.6430000000000002, 5.969]",*
4.273992745068377,"(2.6430000000000002, 5.544]","(2.6430000000000002, 5.969]",*
4.277772700970981,"(2.6430000000000002, 5.544]","(2.6430000000000002, 5.969]",*
4.2824502113238,"(2.6430000000000002, 5.544]","(2.6430000000000002, 5.969]",*
4.288708647108261,"(2.6430000000000002, 5.544]","(2.6430000000000002, 5.969]",*
4.289916280544532,"(2.6430000000000002, 5.544]","(2.6430000000000002, 5.969]",*
4.291855829561731,"(2.6430000000000002, 5.544]","(2.6430000000000002, 5.969]",*
4.292692379272684,"(2.6430000000000002, 5.544]","(2.6430000000000002, 5.969]",*
4.3024772409483845,"(2.6430000000000002, 5.544]","(2.6430000000000002, 5.969]",*
4.302756122009471,"(2.6430000000000002, 5.544]","(2.6430000000000002, 5.969]",*
4.304375945877105,"(2.6430000000000002, 5.544]","(2.6430000000000002, 5.969]",*
4.308730208474473,"(2.6430000000000002, 5.544]","(2.6430000000000002, 5.969]",*
4.31088829653612,"(2.6430000000000002, 5.544]","(2.6430000000000002, 5.969]",*
4.311017566175772,"(2.6430000000000002, 5.544]","(2.6430000000000002, 5.969]",*
4.312275646887144,"(2.6430000000000002, 5.544]","(2.6430000000000002, 5.969]",*
4.312327918086647,"(2.6430000000000002, 5.544]","(2.6430000000000002, 5.969]",*
4.3128203132641945,"(2.6430000000000002, 5.544]","(2.6430000000000002, 5.969]",*
4.3129521534086654,"(2.6430000000000002, 5.544]","(2.6430000000000002, 5.969]",*
4.313977840851482,"(2.6430000000000002, 5.544]","(2.6430000000000002, 5.969]",*
4.316606420841526,"(2.6430000000000002, 5.544]","(2.6430000000000002, 5.969]",*
4.318869132877143,"(2.6430000000000002, 5.544]","(2.6430000000000002, 5.969]",*
4.3249627018186665,"(2.6430000000000002, 5.544]","(2.6430000000000002, 5.969]",*
4.3279243114368064,"(2.6430000000000002, 5.544]","(2.6430000000000002, 5.969]",*
4.330577499140045,"(2.6430000000000002, 5.544]","(2.6430000000000002, 5.969]",*
4.332033873873304,"(2.6430000000000002, 5.544]","(2.6430000000000002, 5.969]",*
4.333489183783377,"(2.6430000000000002, 5.544]","(2.6430000000000002, 5.969]",*
4.338810571596381,"(2.6430000000000002, 5.544]","(2.6430000000000002, 5.969]",*
4.340528836237957,"(2.6430000000000002, 5.544]","(2.6430000000000002, 5.969]",*
4.34523823586044,"(2.6430000000000002, 5.544]","(2.6430000000000002, 5.969]",*
4.349592231624908,"(2.6430000000000002, 5.544]","(2.6430000000000002, 5.969]",*
4.357088276099284,"(2.6430000000000002, 5.544]","(2.6430000000000002, 5.969]",*
4.357430325954105,"(2.6430000000000002, 5.544]","(2.6430000000000002, 5.969]",*
4.357995066467131,"(2.6430000000000002, 5.544]","(2.6430000000000002, 5.969]",*
4.361132901412265,"(2.6430000000000002, 5.544]","(2.6430000000000002, 5.969]",*
4.363233576464086,"(2.6430000000000002, 5.544]","(2.6430000000000002, 5.969]",*
4.3635241818297885,"(2.6430000000000002, 5.544]","(2.6430000000000002, 5.969]",*
4.365120554179526,"(2.6430000000000002, 5.544]","(2.6430000000000002, 5.969]",*
4.365596872727968,"(2.6430000000000002, 5.544]","(2.6430000000000002, 5.969]",*
4.367778620591275,"(2.6430000000000002, 5.544]","(2.6430000000000002, 5.969]",*
4.369985575990182,"(2.6430000000000002, 5.544]","(2.6430000000000002, 5.969]",*
4.372603839213964,"(2.6430000000000002, 5.544]","(2.6430000000000002, 5.969]",*
4.373086648670018,"(2.6430000000000002, 5.544]","(2.6430000000000002, 5.969]",*
4.374148490821319,"(2.6430000000000002, 5.544]","(2.6430000000000002, 5.969]",*
4.375933244174512,"(2.6430000000000002, 5.544]","(2.6430000000000002, 5.969]",*
4.376753749611677,"(2.6430000000000002, 5.544]","(2.6430000000000002, 5.969]",*
4.376969185174022,"(2.6430000000000002, 5.544]","(2.6430000000000002, 5.969]",*
4.384029822892447,"(2.6430000000000002, 5.544]","(2.6430000000000002, 5.969]",*
4.385844658638344,"(2.6430000000000002, 5.544]","(2.6430000000000002, 5.969]",*
4.386179783802828,"(2.6430000000000002, 5.544]","(2.6430000000000002, 5.969]",*
4.386270794892091,"(2.6430000000000002, 5.544]","(2.6430000000000002, 5.969]",*
4.390785266787399,"(2.6430000000000002, 5.544]","(2.6430000000000002, 5.969]",*
4.39100404524393,"(2.6430000000000002, 5.544]","(2.6430000000000002, 5.969]",*
4.3958410220192965,"(2.6430000000000002, 5.544]","(2.6430000000000002, 5.969]",*
4.396518014145275,"(2.6430000000000002, 5.544]","(2.6430000000000002, 5.969]",*
4.397396469002077,"(2.6430000000000002, 5.544]","(2.6430000000000002, 5.969]",*
4.3979229467759815,"(2.6430000000000002, 5.544]","(2.6430000000000002, 5.969]",*
4.401142472204457,"(2.6430000000000002, 5.544]","(2.6430000000000002, 5.969]",*
4.402219814358956,"(2.6430000000000002, 5.544]","(2.6430000000000002, 5.969]",*
4.4031969975584095,"(2.6430000000000002, 5.544]","(2.6430000000000002, 5.969]",*
4.403549080588143,"(2.6430000000000002, 5.544]","(2.6430000000000002, 5.969]",*
4.404481479350187,"(2.6430000000000002, 5.544]","(2.6430000000000002, 5.969]",*
4.404914661960602,"(2.6430000000000002, 5.544]","(2.6430000000000002, 5.969]",*
4.405604430532836,"(2.6430000000000002, 5.544]","(2.6430000000000002, 5.969]",*
4.406831197629558,"(2.6430000000000002, 5.544]","(2.6430000000000002, 5.969]",*
4.409209198826916,"(2.6430000000000002, 5.544]","(2.6430000000000002, 5.969]",*
4.412585460151494,"(2.6430000000000002, 5.544]","(2.6430000000000002, 5.969]",*
4.4159974122153605,"(2.6430000000000002, 5.544]","(2.6430000000000002, 5.969]",*
4.416729234740735,"(2.6430000000000002, 5.544]","(2.6430000000000002, 5.969]",*
4.417082516220746,"(2.6430000000000002, 5.544]","(2.6430000000000002, 5.969]",*
4.4217467784888544,"(2.6430000000000002, 5.544]","(2.6430000000000002, 5.969]",*
4.423671789897876,"(2.6430000000000002, 5.544]","(2.6430000000000002, 5.969]",*
4.425809430708791,"(2.6430000000000002, 5.544]","(2.6430000000000002, 5.969]",*
4.4303967202989165,"(2.6430000000000002, 5.544]","(2.6430000000000002, 5.969]",*
4.431744947802378,"(2.6430000000000002, 5.544]","(2.6430000000000002, 5.969]",*
4.435761352294801,"(2.6430000000000002, 5.544]","(2.6430000000000002, 5.969]",*
4.43617736707945,"(2.6430000000000002, 5.544]","(2.6430000000000002, 5.969]",*
4.438005315739739,"(2.6430000000000002, 5.544]","(2.6430000000000002, 5.969]",*
4.438052618452442,"(2.6430000000000002, 5.544]","(2.6430000000000002, 5.969]",*
4.4383242854879965,"(2.6430000000000002, 5.544]","(2.6430000000000002, 5.969]",*
4.439053729869273,"(2.6430000000000002, 5.544]","(2.6430000000000002, 5.969]",*
4.441899293271403,"(2.6430000000000002, 5.544]","(2.6430000000000002, 5.969]",*
4.443153287597733,"(2.6430000000000002, 5.544]","(2.6430000000000002, 5.969]",*
4.44372892384246,"(2.6430000000000002, 5.544]","(2.6430000000000002, 5.969]",*
4.444299001649632,"(2.6430000000000002, 5.544]","(2.6430000000000002, 5.969]",*
4.444530277961625,"(2.6430000000000002, 5.544]","(2.6430000000000002, 5.969]",*
4.447461898648728,"(2.6430000000000002, 5.544]","(2.6430000000000002, 5.969]",*
4.44790223232814,"(2.6430000000000002, 5.544]","(2.6430000000000002, 5.969]",*
4.450607399921031,"(2.6430000000000002, 5.544]","(2.6430000000000002, 5.969]",*
4.451224161754602,"(2.6430000000000002, 5.544]","(2.6430000000000002, 5.969]",*
4.454425781536138,"(2.6430000000000002, 5.544]","(2.6430000000000002, 5.969]",*
4.455360136239368,"(2.6430000000000002, 5.544]","(2.6430000000000002, 5.969]",*
4.456986608542595,"(2.6430000000000002, 5.544]","(2.6430000000000002, 5.969]",*
4.457029772543023,"(2.6430000000000002, 5.544]","(2.6430000000000002, 5.969]",*
4.457760478591752,"(2.6430000000000002, 5.544]","(2.6430000000000002, 5.969]",*
4.45899739256908,"(2.6430000000000002, 5.544]","(2.6430000000000002, 5.969]",*
4.459532432228151,"(2.6430000000000002, 5.544]","(2.6430000000000002, 5.969]",*
4.46027608832186,"(2.6430000000000002, 5.544]","(2.6430000000000002, 5.969]",*
4.469567273296514,"(2.6430000000000002, 5.544]","(2.6430000000000002, 5.969]",*
4.470082533245435,"(2.6430000000000002, 5.544]","(2.6430000000000002, 5.969]",*
4.470479270986548,"(2.6430000000000002, 5.544]","(2.6430000000000002, 5.969]",*
4.473606694800335,"(2.6430000000000002, 5.544]","(2.6430000000000002, 5.969]",*
4.473663283192593,"(2.6430000000000002, 5.544]","(2.6430000000000002, 5.969]",*
4.473980878465513,"(2.6430000000000002, 5.544]","(2.6430000000000002, 5.969]",*
4.476429066464847,"(2.6430000000000002, 5.544]","(2.6430000000000002, 5.969]",*
4.4797015902417545,"(2.6430000000000002, 5.544]","(2.6430000000000002, 5.969]",*
4.479713620616572,"(2.6430000000000002, 5.544]","(2.6430000000000002, 5.969]",*
4.482111049561349,"(2.6430000000000002, 5.544]","(2.6430000000000002, 5.969]",*
4.48278827910087,"(2.6430000000000002, 5.544]","(2.6430000000000002, 5.969]",*
4.484345905671032,"(2.6430000000000002, 5.544]","(2.6430000000000002, 5.969]",*
4.485615106064749,"(2.6430000000000002, 5.544]","(2.6430000000000002, 5.969]",*
4.48694135682532,"(2.6430000000000002, 5.544]","(2.6430000000000002, 5.969]",*
4.489991197743974,"(2.6430000000000002, 5.544]","(2.6430000000000002, 5.969]",*
4.490118229770854,"(2.6430000000000002, 5.544]","(2.6430000000000002, 5.969]",*
4.49290428002346,"(2.6430000000000002, 5.544]","(2.6430000000000002, 5.969]",*
4.493521763486514,"(2.6430000000000002, 5.544]","(2.6430000000000002, 5.969]",*
4.493588257497087,"(2.6430000000000002, 5.544]","(2.6430000000000002, 5.969]",*
4.494570527956874,"(2.6430000000000002, 5.544]","(2.6430000000000002, 5.969]",*
4.495821064583212,"(2.6430000000000002, 5.544]","(2.6430000000000002, 5.969]",*
4.496193469728662,"(2.6430000000000002, 5.544]","(2.6430000000000002, 5.969]",*
4.496512793097035,"(2.6430000000000002, 5.544]","(2.6430000000000002, 5.969]",*
4.4968436530521245,"(2.6430000000000002, 5.544]","(2.6430000000000002, 5.969]",*
4.4986350823896215,"(2.6430000000000002, 5.544]","(2.6430000000000002, 5.969]",*
4.499700732247816,"(2.6430000000000002, 5.544]","(2.6430000000000002, 5.969]",*
4.500655750214262,"(2.6430000000000002, 5.544]","(2.6430000000000002, 5.969]",*
4.50130156459174,"(2.6430000000000002, 5.544]","(2.6430000000000002, 5.969]",*
4.503692824478777,"(2.6430000000000002, 5.544]","(2.6430000000000002, 5.969]",*
4.504274579174531,"(2.6430000000000002, 5.544]","(2.6430000000000002, 5.969]",*
4.50962279049937,"(2.6430000000000002, 5.544]","(2.6430000000000002, 5.969]",*
4.509671100906738,"(2.6430000000000002, 5.544]","(2.6430000000000002, 5.969]",*
4.509879994172191,"(2.6430000000000002, 5.544]","(2.6430000000000002, 5.969]",*
4.511914596375199,"(2.6430000000000002, 5.544]","(2.6430000000000002, 5.969]",*
4.513528509025587,"(2.6430000000000002, 5.544]","(2.6430000000000002, 5.969]",*
4.513982100473758,"(2.6430000000000002, 5.544]","(2.6430000000000002, 5.969]",*
4.514922340235368,"(2.6430000000000002, 5.544]","(2.6430000000000002, 5.969]",*
4.516448215383697,"(2.6430000000000002, 5.544]","(2.6430000000000002, 5.969]",*
4.516853632080405,"(2.6430000000000002, 5.544]","(2.6430000000000002, 5.969]",*
4.51933622394492,"(2.6430000000000002, 5.544]","(2.6430000000000002, 5.969]",*
4.5199725103404615,"(2.6430000000000002, 5.544]","(2.6430000000000002, 5.969]",*
4.521073950673536,"(2.6430000000000002, 5.544]","(2.6430000000000002, 5.969]",*
4.52414065164513,"(2.6430000000000002, 5.544]","(2.6430000000000002, 5.969]",*
4.524854294746906,"(2.6430000000000002, 5.544]","(2.6430000000000002, 5.969]",*
4.525886520531206,"(2.6430000000000002, 5.544]","(2.6430000000000002, 5.969]",*
4.526574351554972,"(2.6430000000000002, 5.544]","(2.6430000000000002, 5.969]",*
4.527999083060696,"(2.6430000000000002, 5.544]","(2.6430000000000002, 5.969]",*
4.528065612604316,"(2.6430000000000002, 5.544]","(2.6430000000000002, 5.969]",*
4.530556541875617,"(2.6430000000000002, 5.544]","(2.6430000000000002, 5.969]",*
4.53177765564368,"(2.6430000000000002, 5.544]","(2.6430000000000002, 5.969]",*
4.534538240255575,"(2.6430000000000002, 5.544]","(2.6430000000000002, 5.969]",*
4.535080532556948,"(2.6430000000000002, 5.544]","(2.6430000000000002, 5.969]",*
4.5371915533830975,"(2.6430000000000002, 5.544]","(2.6430000000000002, 5.969]",*
4.537629826937287,"(2.6430000000000002, 5.544]","(2.6430000000000002, 5.969]",*
4.537668421502291,"(2.6430000000000002, 5.544]","(2.6430000000000002, 5.969]",*
4.540182059127849,"(2.6430000000000002, 5.544]","(2.6430000000000002, 5.969]",*
4.541851436568068,"(2.6430000000000002, 5.544]","(2.6430000000000002, 5.969]",*
4.542306380217561,"(2.6430000000000002, 5.544]","(2.6430000000000002, 5.969]",*
4.542919209630695,"(2.6430000000000002, 5.544]","(2.6430000000000002, 5.969]",*
4.545026952151156,"(2.6430000000000002, 5.544]","(2.6430000000000002, 5.969]",*
4.550052320046488,"(2.6430000000000002, 5.544]","(2.6430000000000002, 5.969]",*
4.552059699583358,"(2.6430000000000002, 5.544]","(2.6430000000000002, 5.969]",*
4.555122989826215,"(2.6430000000000002, 5.544]","(2.6430000000000002, 5.969]",*
4.5555606049804735,"(2.6430000000000002, 5.544]","(2.6430000000000002, 5.969]",*
4.559870597793365,"(2.6430000000000002, 5.544]","(2.6430000000000002, 5.969]",*
4.5604578487759895,"(2.6430000000000002, 5.544]","(2.6430000000000002, 5.969]",*
4.560751287530209,"(2.6430000000000002, 5.544]","(2.6430000000000002, 5.969]",*
4.564544215431319,"(2.6430000000000002, 5.544]","(2.6430000000000002, 5.969]",*
4.565139092546832,"(2.6430000000000002, 5.544]","(2.6430000000000002, 5.969]",*
4.566166100869577,"(2.6430000000000002, 5.544]","(2.6430000000000002, 5.969]",*
4.567450436169789,"(2.6430000000000002, 5.544]","(2.6430000000000002, 5.969]",*
4.5680317071679015,"(2.6430000000000002, 5.544]","(2.6430000000000002, 5.969]",*
4.5694113698060015,"(2.6430000000000002, 5.544]","(2.6430000000000002, 5.969]",*
4.5722410772307605,"(2.6430000000000002, 5.544]","(2.6430000000000002, 5.969]",*
4.57302553560437,"(2.6430000000000002, 5.544]","(2.6430000000000002, 5.969]",*
4.573821265185114,"(2.6430000000000002, 5.544]","(2.6430000000000002, 5.969]",*
4.5798849390627705,"(2.6430000000000002, 5.544]","(2.6430000000000002, 5.969]",*
4.580122445909624,"(2.6430000000000002, 5.544]","(2.6430000000000002, 5.969]",*
4.58113335749389,"(2.6430000000000002, 5.544]","(2.6430000000000002, 5.969]",*
4.581613523277381,"(2.6430000000000002, 5.544]","(2.6430000000000002, 5.969]",*
4.5894104260706605,"(2.6430000000000002, 5.544]","(2.6430000000000002, 5.969]",*
4.590627745404051,"(2.6430000000000002, 5.544]","(2.6430000000000002, 5.969]",*
4.590640924800747,"(2.6430000000000002, 5.544]","(2.6430000000000002, 5.969]",*
4.5915333129961535,"(2.6430000000000002, 5.544]","(2.6430000000000002, 5.969]",*
4.593827121235847,"(2.6430000000000002, 5.544]","(2.6430000000000002, 5.969]",*
4.593850380815709,"(2.6430000000000002, 5.544]","(2.6430000000000002, 5.969]",*
4.595920955904108,"(2.6430000000000002, 5.544]","(2.6430000000000002, 5.969]",*
4.597388767545309,"(2.6430000000000002, 5.544]","(2.6430000000000002, 5.969]",*
4.597834172173939,"(2.6430000000000002, 5.544]","(2.6430000000000002, 5.969]",*
4.599014307568771,"(2.6430000000000002, 5.544]","(2.6430000000000002, 5.969]",*
4.600368093536813,"(2.6430000000000002, 5.544]","(2.6430000000000002, 5.969]",*
4.602924852346941,"(2.6430000000000002, 5.544]","(2.6430000000000002, 5.969]",*
4.60488343281054,"(2.6430000000000002, 5.544]","(2.6430000000000002, 5.969]",*
4.60499873417128,"(2.6430000000000002, 5.544]","(2.6430000000000002, 5.969]",*
4.605077350951944,"(2.6430000000000002, 5.544]","(2.6430000000000002, 5.969]",*
4.60613073854566,"(2.6430000000000002, 5.544]","(2.6430000000000002, 5.969]",*
4.606562546813813,"(2.6430000000000002, 5.544]","(2.6430000000000002, 5.969]",*
4.607428806388197,"(2.6430000000000002, 5.544]","(2.6430000000000002, 5.969]",*
4.607793092301798,"(2.6430000000000002, 5.544]","(2.6430000000000002, 5.969]",*
4.607911655527877,"(2.6430000000000002, 5.544]","(2.6430000000000002, 5.969]",*
4.608455548664463,"(2.6430000000000002, 5.544]","(2.6430000000000002, 5.969]",*
4.610727816112807,"(2.6430000000000002, 5.544]","(2.6430000000000002, 5.969]",*
4.611183866564176,"(2.6430000000000002, 5.544]","(2.6430000000000002, 5.969]",*
4.614316577842327,"(2.6430000000000002, 5.544]","(2.6430000000000002, 5.969]",*
4.614993462098657,"(2.6430000000000002, 5.544]","(2.6430000000000002, 5.969]",*
4.615917911025654,"(2.6430000000000002, 5.544]","(2.6430000000000002, 5.969]",*
4.617497452959547,"(2.6430000000000002, 5.544]","(2.6430000000000002, 5.969]",*
4.618789365855099,"(2.6430000000000002, 5.544]","(2.6430000000000002, 5.969]",*
4.6233444953936935,"(2.6430000000000002, 5.544]","(2.6430000000000002, 5.969]",*
4.623909764192366,"(2.6430000000000002, 5.544]","(2.6430000000000002, 5.969]",*
4.624515676819706,"(2.6430000000000002, 5.544]","(2.6430000000000002, 5.969]",*
4.62516432911896,"(2.6430000000000002, 5.544]","(2.6430000000000002, 5.969]",*
4.628985286408732,"(2.6430000000000002, 5.544]","(2.6430000000000002, 5.969]",*
4.632267718361729,"(2.6430000000000002, 5.544]","(2.6430000000000002, 5.969]",*
4.632527413133984,"(2.6430000000000002, 5.544]","(2.6430000000000002, 5.969]",*
4.633368993663823,"(2.6430000000000002, 5.544]","(2.6430000000000002, 5.969]",*
4.633538535211108,"(2.6430000000000002, 5.544]","(2.6430000000000002, 5.969]",*
4.635147414374217,"(2.6430000000000002, 5.544]","(2.6430000000000002, 5.969]",*
4.638074724204733,"(2.6430000000000002, 5.544]","(2.6430000000000002, 5.969]",*
4.638457766900193,"(2.6430000000000002, 5.544]","(2.6430000000000002, 5.969]",*
4.638742025471325,"(2.6430000000000002, 5.544]","(2.6430000000000002, 5.969]",*
4.639654130697788,"(2.6430000000000002, 5.544]","(2.6430000000000002, 5.969]",*
4.6396583290286175,"(2.6430000000000002, 5.544]","(2.6430000000000002, 5.969]",*
4.640185031180363,"(2.6430000000000002, 5.544]","(2.6430000000000002, 5.969]",*
4.640264286694137,"(2.6430000000000002, 5.544]","(2.6430000000000002, 5.969]",*
4.6419004115760565,"(2.6430000000000002, 5.544]","(2.6430000000000002, 5.969]",*
4.643253525027743,"(2.6430000000000002, 5.544]","(2.6430000000000002, 5.969]",*
4.643660663194293,"(2.6430000000000002, 5.544]","(2.6430000000000002, 5.969]",*
4.64525948401222,"(2.6430000000000002, 5.544]","(2.6430000000000002, 5.969]",*
4.6463307844825925,"(2.6430000000000002, 5.544]","(2.6430000000000002, 5.969]",*
4.649203487308246,"(2.6430000000000002, 5.544]","(2.6430000000000002, 5.969]",*
4.649565371393606,"(2.6430000000000002, 5.544]","(2.6430000000000002, 5.969]",*
4.651052129435357,"(2.6430000000000002, 5.544]","(2.6430000000000002, 5.969]",*
4.6528475972281385,"(2.6430000000000002, 5.544]","(2.6430000000000002, 5.969]",*
4.656695745072478,"(2.6430000000000002, 5.544]","(2.6430000000000002, 5.969]",*
4.658987164272478,"(2.6430000000000002, 5.544]","(2.6430000000000002, 5.969]",*
4.660417824381508,"(2.6430000000000002, 5.544]","(2.6430000000000002, 5.969]",*
4.66154115862489,"(2.6430000000000002, 5.544]","(2.6430000000000002, 5.969]",*
4.6618017613053935,"(2.6430000000000002, 5.544]","(2.6430000000000002, 5.969]",*
4.662016526534396,"(2.6430000000000002, 5.544]","(2.6430000000000002, 5.969]",*
4.662569144278495,"(2.6430000000000002, 5.544]","(2.6430000000000002, 5.969]",*
4.662980906150839,"(2.6430000000000002, 5.544]","(2.6430000000000002, 5.969]",*
4.663506200504097,"(2.6430000000000002, 5.544]","(2.6430000000000002, 5.969]",*
4.663863395307108,"(2.6430000000000002, 5.544]","(2.6430000000000002, 5.969]",*
4.665514926561351,"(2.6430000000000002, 5.544]","(2.6430000000000002, 5.969]",*
4.666786166171745,"(2.6430000000000002, 5.544]","(2.6430000000000002, 5.969]",*
4.668163474354079,"(2.6430000000000002, 5.544]","(2.6430000000000002, 5.969]",*
4.670846603041637,"(2.6430000000000002, 5.544]","(2.6430000000000002, 5.969]",*
4.671945839214958,"(2.6430000000000002, 5.544]","(2.6430000000000002, 5.969]",*
4.6720287320258445,"(2.6430000000000002, 5.544]","(2.6430000000000002, 5.969]",*
4.675940132662356,"(2.6430000000000002, 5.544]","(2.6430000000000002, 5.969]",*
4.6759873491451085,"(2.6430000000000002, 5.544]","(2.6430000000000002, 5.969]",*
4.676070219327412,"(2.6430000000000002, 5.544]","(2.6430000000000002, 5.969]",*
4.676550551382316,"(2.6430000000000002, 5.544]","(2.6430000000000002, 5.969]",*
4.678504332255852,"(2.6430000000000002, 5.544]","(2.6430000000000002, 5.969]",*
4.678508846695488,"(2.6430000000000002, 5.544]","(2.6430000000000002, 5.969]",*
4.678604934329579,"(2.6430000000000002, 5.544]","(2.6430000000000002, 5.969]",*
4.680231513703597,"(2.6430000000000002, 5.544]","(2.6430000000000002, 5.969]",*
4.68121141214084,"(2.6430000000000002, 5.544]","(2.6430000000000002, 5.969]",*
4.681452167115321,"(2.6430000000000002, 5.544]","(2.6430000000000002, 5.969]",*
4.684023321831445,"(2.6430000000000002, 5.544]","(2.6430000000000002, 5.969]",*
4.685216834496557,"(2.6430000000000002, 5.544]","(2.6430000000000002, 5.969]",*
4.689008911958947,"(2.6430000000000002, 5.544]","(2.6430000000000002, 5.969]",*
4.6911063010499845,"(2.6430000000000002, 5.544]","(2.6430000000000002, 5.969]",*
4.692580036375022,"(2.6430000000000002, 5.544]","(2.6430000000000002, 5.969]",*
4.692821270474616,"(2.6430000000000002, 5.544]","(2.6430000000000002, 5.969]",*
4.692855436434486,"(2.6430000000000002, 5.544]","(2.6430000000000002, 5.969]",*
4.6950415065936335,"(2.6430000000000002, 5.544]","(2.6430000000000002, 5.969]",*
4.695568136125019,"(2.6430000000000002, 5.544]","(2.6430000000000002, 5.969]",*
4.697997906885386,"(2.6430000000000002, 5.544]","(2.6430000000000002, 5.969]",*
4.698058035364999,"(2.6430000000000002, 5.544]","(2.6430000000000002, 5.969]",*
4.703215377420891,"(2.6430000000000002, 5.544]","(2.6430000000000002, 5.969]",*
4.705205464920773,"(2.6430000000000002, 5.544]","(2.6430000000000002, 5.969]",*
4.709069575610396,"(2.6430000000000002, 5.544]","(2.6430000000000002, 5.969]",*
4.709294420498302,"(2.6430000000000002, 5.544]","(2.6430000000000002, 5.969]",*
4.709498404146614,"(2.6430000000000002, 5.544]","(2.6430000000000002, 5.969]",*
4.710401083279812,"(2.6430000000000002, 5.544]","(2.6430000000000002, 5.969]",*
4.714730608642308,"(2.6430000000000002, 5.544]","(2.6430000000000002, 5.969]",*
4.7156835763144,"(2.6430000000000002, 5.544]","(2.6430000000000002, 5.969]",*
4.717135602044713,"(2.6430000000000002, 5.544]","(2.6430000000000002, 5.969]",*
4.717414037793958,"(2.6430000000000002, 5.544]","(2.6430000000000002, 5.969]",*
4.720580700407697,"(2.6430000000000002, 5.544]","(2.6430000000000002, 5.969]",*
4.723381297249287,"(2.6430000000000002, 5.544]","(2.6430000000000002, 5.969]",*
4.725540702500731,"(2.6430000000000002, 5.544]","(2.6430000000000002, 5.969]",*
4.7255522284996285,"(2.6430000000000002, 5.544]","(2.6430000000000002, 5.969]",*
4.72764596548344,"(2.6430000000000002, 5.544]","(2.6430000000000002, 5.969]",*
4.727889357680678,"(2.6430000000000002, 5.544]","(2.6430000000000002, 5.969]",*
4.728508129140767,"(2.6430000000000002, 5.544]","(2.6430000000000002, 5.969]",*
4.728804322041256,"(2.6430000000000002, 5.544]","(2.6430000000000002, 5.969]",*
4.730911869235852,"(2.6430000000000002, 5.544]","(2.6430000000000002, 5.969]",*
4.732357320054796,"(2.6430000000000002, 5.544]","(2.6430000000000002, 5.969]",*
4.7351626171460985,"(2.6430000000000002, 5.544]","(2.6430000000000002, 5.969]",*
4.736540470547652,"(2.6430000000000002, 5.544]","(2.6430000000000002, 5.969]",*
4.7375690880234025,"(2.6430000000000002, 5.544]","(2.6430000000000002, 5.969]",*
4.738049890691222,"(2.6430000000000002, 5.544]","(2.6430000000000002, 5.969]",*
4.738891648302073,"(2.6430000000000002, 5.544]","(2.6430000000000002, 5.969]",*
4.739240943048462,"(2.6430000000000002, 5.544]","(2.6430000000000002, 5.969]",*
4.739572775810295,"(2.6430000000000002, 5.544]","(2.6430000000000002, 5.969]",*
4.7400321868086985,"(2.6430000000000002, 5.544]","(2.6430000000000002, 5.969]",*
4.740683034960744,"(2.6430000000000002, 5.544]","(2.6430000000000002, 5.969]",*
4.740995837697444,"(2.6430000000000002, 5.544]","(2.6430000000000002, 5.969]",*
4.742875352478634,"(2.6430000000000002, 5.544]","(2.6430000000000002, 5.969]",*
4.742984601979615,"(2.6430000000000002, 5.544]","(2.6430000000000002, 5.969]",*
4.7448467939657375,"(2.6430000000000002, 5.544]","(2.6430000000000002, 5.969]",*
4.745733102587981,"(2.6430000000000002, 5.544]","(2.6430000000000002, 5.969]",*
4.746896448058781,"(2.6430000000000002, 5.544]","(2.6430000000000002, 5.969]",*
4.748619772981983,"(2.6430000000000002, 5.544]","(2.6430000000000002, 5.969]",*
4.748786590335044,"(2.6430000000000002, 5.544]","(2.6430000000000002, 5.969]",*
4.7491578014980735,"(2.6430000000000002, 5.544]","(2.6430000000000002, 5.969]",*
4.750349730674836,"(2.6430000000000002, 5.544]","(2.6430000000000002, 5.969]",*
4.750535736522899,"(2.6430000000000002, 5.544]","(2.6430000000000002, 5.969]",*
4.75090428729865,"(2.6430000000000002, 5.544]","(2.6430000000000002, 5.969]",*
4.751119279433133,"(2.6430000000000002, 5.544]","(2.6430000000000002, 5.969]",*
4.751360342579392,"(2.6430000000000002, 5.544]","(2.6430000000000002, 5.969]",*
4.752153194277018,"(2.6430000000000002, 5.544]","(2.6430000000000002, 5.969]",*
4.752609371536969,"(2.6430000000000002, 5.544]","(2.6430000000000002, 5.969]",*
4.754541897703343,"(2.6430000000000002, 5.544]","(2.6430000000000002, 5.969]",*
4.754963034766035,"(2.6430000000000002, 5.544]","(2.6430000000000002, 5.969]",*
4.756446026329432,"(2.6430000000000002, 5.544]","(2.6430000000000002, 5.969]",*
4.757793137059684,"(2.6430000000000002, 5.544]","(2.6430000000000002, 5.969]",*
4.7579231414537055,"(2.6430000000000002, 5.544]","(2.6430000000000002, 5.969]",*
4.758437898969426,"(2.6430000000000002, 5.544]","(2.6430000000000002, 5.969]",*
4.758460328840356,"(2.6430000000000002, 5.544]","(2.6430000000000002, 5.969]",*
4.758588072255769,"(2.6430000000000002, 5.544]","(2.6430000000000002, 5.969]",*
4.759494792928606,"(2.6430000000000002, 5.544]","(2.6430000000000002, 5.969]",*
4.760053371541188,"(2.6430000000000002, 5.544]","(2.6430000000000002, 5.969]",*
4.760142522941003,"(2.6430000000000002, 5.544]","(2.6430000000000002, 5.969]",*
4.760420941607383,"(2.6430000000000002, 5.544]","(2.6430000000000002, 5.969]",*
4.760500633345798,"(2.6430000000000002, 5.544]","(2.6430000000000002, 5.969]",*
4.7608337175874125,"(2.6430000000000002, 5.544]","(2.6430000000000002, 5.969]",*
4.761180662700512,"(2.6430000000000002, 5.544]","(2.6430000000000002, 5.969]",*
4.761837691915744,"(2.6430000000000002, 5.544]","(2.6430000000000002, 5.969]",*
4.762273143307146,"(2.6430000000000002, 5.544]","(2.6430000000000002, 5.969]",*
4.764499308149973,"(2.6430000000000002, 5.544]","(2.6430000000000002, 5.969]",*
4.767040190784984,"(2.6430000000000002, 5.544]","(2.6430000000000002, 5.969]",*
4.767997509758809,"(2.6430000000000002, 5.544]","(2.6430000000000002, 5.969]",*
4.768988509783321,"(2.6430000000000002, 5.544]","(2.6430000000000002, 5.969]",*
4.770273499727402,"(2.6430000000000002, 5.544]","(2.6430000000000002, 5.969]",*
4.77149946623606,"(2.6430000000000002, 5.544]","(2.6430000000000002, 5.969]",*
4.772390466861938,"(2.6430000000000002, 5.544]","(2.6430000000000002, 5.969]",*
4.775051388337009,"(2.6430000000000002, 5.544]","(2.6430000000000002, 5.969]",*
4.775907553021806,"(2.6430000000000002, 5.544]","(2.6430000000000002, 5.969]",*
4.776719386591218,"(2.6430000000000002, 5.544]","(2.6430000000000002, 5.969]",*
4.778495430568019,"(2.6430000000000002, 5.544]","(2.6430000000000002, 5.969]",*
4.781651489032806,"(2.6430000000000002, 5.544]","(2.6430000000000002, 5.969]",*
4.783567213819072,"(2.6430000000000002, 5.544]","(2.6430000000000002, 5.969]",*
4.786222295086708,"(2.6430000000000002, 5.544]","(2.6430000000000002, 5.969]",*
4.786484163956903,"(2.6430000000000002, 5.544]","(2.6430000000000002, 5.969]",*
4.787487797122295,"(2.6430000000000002, 5.544]","(2.6430000000000002, 5.969]",*
4.788083238368864,"(2.6430000000000002, 5.544]","(2.6430000000000002, 5.969]",*
4.788550241805888,"(2.6430000000000002, 5.544]","(2.6430000000000002, 5.969]",*
4.789357418179967,"(2.6430000000000002, 5.544]","(2.6430000000000002, 5.969]",*
4.789686087425955,"(2.6430000000000002, 5.544]","(2.6430000000000002, 5.969]",*
4.790645656427784,"(2.6430000000000002, 5.544]","(2.6430000000000002, 5.969]",*
4.790862240728966,"(2.6430000000000002, 5.544]","(2.6430000000000002, 5.969]",*
4.791109049128714,"(2.6430000000000002, 5.544]","(2.6430000000000002, 5.969]",*
4.791357601372162,"(2.6430000000000002, 5.544]","(2.6430000000000002, 5.969]",*
4.793230695216309,"(2.6430000000000002, 5.544]","(2.6430000000000002, 5.969]",*
4.797856325460906,"(2.6430000000000002, 5.544]","(2.6430000000000002, 5.969]",*
4.798258665708845,"(2.6430000000000002, 5.544]","(2.6430000000000002, 5.969]",*
4.800144155545548,"(2.6430000000000002, 5.544]","(2.6430000000000002, 5.969]",*
4.8019585180074005,"(2.6430000000000002, 5.544]","(2.6430000000000002, 5.969]",*
4.802783203299577,"(2.6430000000000002, 5.544]","(2.6430000000000002, 5.969]",*
4.8049142974113535,"(2.6430000000000002, 5.544]","(2.6430000000000002, 5.969]",*
4.805645116863084,"(2.6430000000000002, 5.544]","(2.6430000000000002, 5.969]",*
4.806617646621004,"(2.6430000000000002, 5.544]","(2.6430000000000002, 5.969]",*
4.808135498090075,"(2.6430000000000002, 5.544]","(2.6430000000000002, 5.969]",*
4.808295863701424,"(2.6430000000000002, 5.544]","(2.6430000000000002, 5.969]",*
4.808593948409619,"(2.6430000000000002, 5.544]","(2.6430000000000002, 5.969]",*
4.809727596512858,"(2.6430000000000002, 5.544]","(2.6430000000000002, 5.969]",*
4.812381467126022,"(2.6430000000000002, 5.544]","(2.6430000000000002, 5.969]",*
4.814478444062186,"(2.6430000000000002, 5.544]","(2.6430000000000002, 5.969]",*
4.81584758079883,"(2.6430000000000002, 5.544]","(2.6430000000000002, 5.969]",*
4.817600560104268,"(2.6430000000000002, 5.544]","(2.6430000000000002, 5.969]",*
4.817919945186233,"(2.6430000000000002, 5.544]","(2.6430000000000002, 5.969]",*
4.818996769309113,"(2.6430000000000002, 5.544]","(2.6430000000000002, 5.969]",*
4.819569566680631,"(2.6430000000000002, 5.544]","(2.6430000000000002, 5.969]",*
4.821035379131628,"(2.6430000000000002, 5.544]","(2.6430000000000002, 5.969]",*
4.821669961742355,"(2.6430000000000002, 5.544]","(2.6430000000000002, 5.969]",*
4.822111808330116,"(2.6430000000000002, 5.544]","(2.6430000000000002, 5.969]",*
4.822147136010048,"(2.6430000000000002, 5.544]","(2.6430000000000002, 5.969]",*
4.8225775785113445,"(2.6430000000000002, 5.544]","(2.6430000000000002, 5.969]",*
4.825295822669046,"(2.6430000000000002, 5.544]","(2.6430000000000002, 5.969]",*
4.825804425299133,"(2.6430000000000002, 5.544]","(2.6430000000000002, 5.969]",*
4.8265647049871365,"(2.6430000000000002, 5.544]","(2.6430000000000002, 5.969]",*
4.829483144028,"(2.6430000000000002, 5.544]","(2.6430000000000002, 5.969]",*
4.829586190378109,"(2.6430000000000002, 5.544]","(2.6430000000000002, 5.969]",*
4.829750206063084,"(2.6430000000000002, 5.544]","(2.6430000000000002, 5.969]",*
4.831204402829426,"(2.6430000000000002, 5.544]","(2.6430000000000002, 5.969]",*
4.832160529215767,"(2.6430000000000002, 5.544]","(2.6430000000000002, 5.969]",*
4.832217969245634,"(2.6430000000000002, 5.544]","(2.6430000000000002, 5.969]",*
4.833812444632812,"(2.6430000000000002, 5.544]","(2.6430000000000002, 5.969]",*
4.835749339684648,"(2.6430000000000002, 5.544]","(2.6430000000000002, 5.969]",*
4.836942349521398,"(2.6430000000000002, 5.544]","(2.6430000000000002, 5.969]",*
4.837669717306939,"(2.6430000000000002, 5.544]","(2.6430000000000002, 5.969]",*
4.840540268605365,"(2.6430000000000002, 5.544]","(2.6430000000000002, 5.969]",*
4.840861723152557,"(2.6430000000000002, 5.544]","(2.6430000000000002, 5.969]",*
4.8408947861833065,"(2.6430000000000002, 5.544]","(2.6430000000000002, 5.969]",*
4.841392987249806,"(2.6430000000000002, 5.544]","(2.6430000000000002, 5.969]",*
4.842152842813247,"(2.6430000000000002, 5.544]","(2.6430000000000002, 5.969]",*
4.8424961188277775,"(2.6430000000000002, 5.544]","(2.6430000000000002, 5.969]",*
4.8428484887005325,"(2.6430000000000002, 5.544]","(2.6430000000000002, 5.969]",*
4.844146012499802,"(2.6430000000000002, 5.544]","(2.6430000000000002, 5.969]",*
4.844336295750858,"(2.6430000000000002, 5.544]","(2.6430000000000002, 5.969]",*
4.846832492650197,"(2.6430000000000002, 5.544]","(2.6430000000000002, 5.969]",*
4.846976513968129,"(2.6430000000000002, 5.544]","(2.6430000000000002, 5.969]",*
4.847002320649787,"(2.6430000000000002, 5.544]","(2.6430000000000002, 5.969]",*
4.847919095229685,"(2.6430000000000002, 5.544]","(2.6430000000000002, 5.969]",*
4.848597962748649,"(2.6430000000000002, 5.544]","(2.6430000000000002, 5.969]",*
4.849506719000537,"(2.6430000000000002, 5.544]","(2.6430000000000002, 5.969]",*
4.850190808725756,"(2.6430000000000002, 5.544]","(2.6430000000000002, 5.969]",*
4.850512519434554,"(2.6430000000000002, 5.544]","(2.6430000000000002, 5.969]",*
4.851854052817959,"(2.6430000000000002, 5.544]","(2.6430000000000002, 5.969]",*
4.853507878337903,"(2.6430000000000002, 5.544]","(2.6430000000000002, 5.969]",*
4.853665890702513,"(2.6430000000000002, 5.544]","(2.6430000000000002, 5.969]",*
4.8540516212193,"(2.6430000000000002, 5.544]","(2.6430000000000002, 5.969]",*
4.855968121105956,"(2.6430000000000002, 5.544]","(2.6430000000000002, 5.969]",*
4.857833420330501,"(2.6430000000000002, 5.544]","(2.6430000000000002, 5.969]",*
4.857913551422628,"(2.6430000000000002, 5.544]","(2.6430000000000002, 5.969]",*
4.858519688537198,"(2.6430000000000002, 5.544]","(2.6430000000000002, 5.969]",*
4.8604529996615895,"(2.6430000000000002, 5.544]","(2.6430000000000002, 5.969]",*
4.861034546052183,"(2.6430000000000002, 5.544]","(2.6430000000000002, 5.969]",*
4.861428750889868,"(2.6430000000000002, 5.544]","(2.6430000000000002, 5.969]",*
4.861475958912132,"(2.6430000000000002, 5.544]","(2.6430000000000002, 5.969]",*
4.861800891660224,"(2.6430000000000002, 5.544]","(2.6430000000000002, 5.969]",*
4.8621550175782895,"(2.6430000000000002, 5.544]","(2.6430000000000002, 5.969]",*
4.863154306054972,"(2.6430000000000002, 5.544]","(2.6430000000000002, 5.969]",*
4.864411173732363,"(2.6430000000000002, 5.544]","(2.6430000000000002, 5.969]",*
4.8652509030801045,"(2.6430000000000002, 5.544]","(2.6430000000000002, 5.969]",*
4.865438377621171,"(2.6430000000000002, 5.544]","(2.6430000000000002, 5.969]",*
4.866818954791402,"(2.6430000000000002, 5.544]","(2.6430000000000002, 5.969]",*
4.868855425996341,"(2.6430000000000002, 5.544]","(2.6430000000000002, 5.969]",*
4.869306181391179,"(2.6430000000000002, 5.544]","(2.6430000000000002, 5.969]",*
4.873193088461671,"(2.6430000000000002, 5.544]","(2.6430000000000002, 5.969]",*
4.873748963538997,"(2.6430000000000002, 5.544]","(2.6430000000000002, 5.969]",*
4.876857037209188,"(2.6430000000000002, 5.544]","(2.6430000000000002, 5.969]",*
4.87692110725671,"(2.6430000000000002, 5.544]","(2.6430000000000002, 5.969]",*
4.87719325874391,"(2.6430000000000002, 5.544]","(2.6430000000000002, 5.969]",*
4.8780960447365285,"(2.6430000000000002, 5.544]","(2.6430000000000002, 5.969]",*
4.878964940323385,"(2.6430000000000002, 5.544]","(2.6430000000000002, 5.969]",*
4.879253961349939,"(2.6430000000000002, 5.544]","(2.6430000000000002, 5.969]",*
4.8851317712611015,"(2.6430000000000002, 5.544]","(2.6430000000000002, 5.969]",*
4.885243249146622,"(2.6430000000000002, 5.544]","(2.6430000000000002, 5.969]",*
4.886380224144808,"(2.6430000000000002, 5.544]","(2.6430000000000002, 5.969]",*
4.886833900971849,"(2.6430000000000002, 5.544]","(2.6430000000000002, 5.969]",*
4.8870273335652135,"(2.6430000000000002, 5.544]","(2.6430000000000002, 5.969]",*
4.888150025783043,"(2.6430000000000002, 5.544]","(2.6430000000000002, 5.969]",*
4.888658789454448,"(2.6430000000000002, 5.544]","(2.6430000000000002, 5.969]",*
4.891102691367529,"(2.6430000000000002, 5.544]","(2.6430000000000002, 5.969]",*
4.8930131246119455,"(2.6430000000000002, 5.544]","(2.6430000000000002, 5.969]",*
4.893833851774606,"(2.6430000000000002, 5.544]","(2.6430000000000002, 5.969]",*
4.8946420533857244,"(2.6430000000000002, 5.544]","(2.6430000000000002, 5.969]",*
4.89494368454019,"(2.6430000000000002, 5.544]","(2.6430000000000002, 5.969]",*
4.895124602058591,"(2.6430000000000002, 5.544]","(2.6430000000000002, 5.969]",*
4.897454983490036,"(2.6430000000000002, 5.544]","(2.6430000000000002, 5.969]",*
4.8978608615802575,"(2.6430000000000002, 5.544]","(2.6430000000000002, 5.969]",*
4.898796695247389,"(2.6430000000000002, 5.544]","(2.6430000000000002, 5.969]",*
4.899213193243979,"(2.6430000000000002, 5.544]","(2.6430000000000002, 5.969]",*
4.899267763761107,"(2.6430000000000002, 5.544]","(2.6430000000000002, 5.969]",*
4.8999656385124535,"(2.6430000000000002, 5.544]","(2.6430000000000002, 5.969]",*
4.90181779874016,"(2.6430000000000002, 5.544]","(2.6430000000000002, 5.969]",*
4.902993748474003,"(2.6430000000000002, 5.544]","(2.6430000000000002, 5.969]",*
4.903229735183892,"(2.6430000000000002, 5.544]","(2.6430000000000002, 5.969]",*
4.9055641131111445,"(2.6430000000000002, 5.544]","(2.6430000000000002, 5.969]",*
4.907284282396442,"(2.6430000000000002, 5.544]","(2.6430000000000002, 5.969]",*
4.907384606359522,"(2.6430000000000002, 5.544]","(2.6430000000000002, 5.969]",*
4.907418180472051,"(2.6430000000000002, 5.544]","(2.6430000000000002, 5.969]",*
4.908329526113353,"(2.6430000000000002, 5.544]","(2.6430000000000002, 5.969]",*
4.910953601413371,"(2.6430000000000002, 5.544]","(2.6430000000000002, 5.969]",*
4.911590616588406,"(2.6430000000000002, 5.544]","(2.6430000000000002, 5.969]",*
4.911607147905656,"(2.6430000000000002, 5.544]","(2.6430000000000002, 5.969]",*
4.912091805225818,"(2.6430000000000002, 5.544]","(2.6430000000000002, 5.969]",*
4.9130818007081976,"(2.6430000000000002, 5.544]","(2.6430000000000002, 5.969]",*
4.914224451952684,"(2.6430000000000002, 5.544]","(2.6430000000000002, 5.969]",*
4.9143960845741,"(2.6430000000000002, 5.544]","(2.6430000000000002, 5.969]",*
4.915484220383751,"(2.6430000000000002, 5.544]","(2.6430000000000002, 5.969]",*
4.915490825936896,"(2.6430000000000002, 5.544]","(2.6430000000000002, 5.969]",*
4.916225148126978,"(2.6430000000000002, 5.544]","(2.6430000000000002, 5.969]",*
4.916935740173652,"(2.6430000000000002, 5.544]","(2.6430000000000002, 5.969]",*
4.917396066409619,"(2.6430000000000002, 5.544]","(2.6430000000000002, 5.969]",*
4.919727097936564,"(2.6430000000000002, 5.544]","(2.6430000000000002, 5.969]",*
4.920192288649619,"(2.6430000000000002, 5.544]","(2.6430000000000002, 5.969]",*
4.920560166296191,"(2.6430000000000002, 5.544]","(2.6430000000000002, 5.969]",*
4.92157867885405,"(2.6430000000000002, 5.544]","(2.6430000000000002, 5.969]",*
4.923842083245773,"(2.6430000000000002, 5.544]","(2.6430000000000002, 5.969]",*
4.924755232988059,"(2.6430000000000002, 5.544]","(2.6430000000000002, 5.969]",*
4.925351456994967,"(2.6430000000000002, 5.544]","(2.6430000000000002, 5.969]",*
4.925757744705552,"(2.6430000000000002, 5.544]","(2.6430000000000002, 5.969]",*
4.926836012413223,"(2.6430000000000002, 5.544]","(2.6430000000000002, 5.969]",*
4.927543160707256,"(2.6430000000000002, 5.544]","(2.6430000000000002, 5.969]",*
4.9282424787712005,"(2.6430000000000002, 5.544]","(2.6430000000000002, 5.969]",*
4.930051000348545,"(2.6430000000000002, 5.544]","(2.6430000000000002, 5.969]",*
4.931569621101401,"(2.6430000000000002, 5.544]","(2.6430000000000002, 5.969]",*
4.9316038737151455,"(2.6430000000000002, 5.544]","(2.6430000000000002, 5.969]",*
4.9316344882249785,"(2.6430000000000002, 5.544]","(2.6430000000000002, 5.969]",*
4.931710651824642,"(2.6430000000000002, 5.544]","(2.6430000000000002, 5.969]",*
4.934697172188282,"(2.6430000000000002, 5.544]","(2.6430000000000002, 5.969]",*
4.935155354375016,"(2.6430000000000002, 5.544]","(2.6430000000000002, 5.969]",*
4.936370911306742,"(2.6430000000000002, 5.544]","(2.6430000000000002, 5.969]",*
4.936845338855049,"(2.6430000000000002, 5.544]","(2.6430000000000002, 5.969]",*
4.9372984756096105,"(2.6430000000000002, 5.544]","(2.6430000000000002, 5.969]",*
4.9374348065883735,"(2.6430000000000002, 5.544]","(2.6430000000000002, 5.969]",*
4.93795332374597,"(2.6430000000000002, 5.544]","(2.6430000000000002, 5.969]",*
4.939216005000769,"(2.6430000000000002, 5.544]","(2.6430000000000002, 5.969]",*
4.9403913137926745,"(2.6430000000000002, 5.544]","(2.6430000000000002, 5.969]",*
4.940396705340588,"(2.6430000000000002, 5.544]","(2.6430000000000002, 5.969]",*
4.942336938792396,"(2.6430000000000002, 5.544]","(2.6430000000000002, 5.969]",*
4.944037821424928,"(2.6430000000000002, 5.544]","(2.6430000000000002, 5.969]",*
4.944535979384868,"(2.6430000000000002, 5.544]","(2.6430000000000002, 5.969]",*
4.9446307058724885,"(2.6430000000000002, 5.544]","(2.6430000000000002, 5.969]",*
4.945615214124414,"(2.6430000000000002, 5.544]","(2.6430000000000002, 5.969]",*
4.9461075180203125,"(2.6430000000000002, 5.544]","(2.6430000000000002, 5.969]",*
4.946442899639272,"(2.6430000000000002, 5.544]","(2.6430000000000002, 5.969]",*
4.946625740557488,"(2.6430000000000002, 5.544]","(2.6430000000000002, 5.969]",*
4.948259701478795,"(2.6430000000000002, 5.544]","(2.6430000000000002, 5.969]",*
4.948624043644119,"(2.6430000000000002, 5.544]","(2.6430000000000002, 5.969]",*
4.9495570055571125,"(2.6430000000000002, 5.544]","(2.6430000000000002, 5.969]",*
4.949845163844291,"(2.6430000000000002, 5.544]","(2.6430000000000002, 5.969]",*
4.949914268285478,"(2.6430000000000002, 5.544]","(2.6430000000000002, 5.969]",*
4.95018139656449,"(2.6430000000000002, 5.544]","(2.6430000000000002, 5.969]",*
4.9502025847637885,"(2.6430000000000002, 5.544]","(2.6430000000000002, 5.969]",*
4.950569547962323,"(2.6430000000000002, 5.544]","(2.6430000000000002, 5.969]",*
4.953919677847541,"(2.6430000000000002, 5.544]","(2.6430000000000002, 5.969]",*
4.954121475349222,"(2.6430000000000002, 5.544]","(2.6430000000000002, 5.969]",*
4.9593957880837545,"(2.6430000000000002, 5.544]","(2.6430000000000002, 5.969]",*
4.96100800767706,"(2.6430000000000002, 5.544]","(2.6430000000000002, 5.969]",*
4.96439103392434,"(2.6430000000000002, 5.544]","(2.6430000000000002, 5.969]",*
4.964759602963376,"(2.6430000000000002, 5.544]","(2.6430000000000002, 5.969]",*
4.966293763512928,"(2.6430000000000002, 5.544]","(2.6430000000000002, 5.969]",*
4.966359940491159,"(2.6430000000000002, 5.544]","(2.6430000000000002, 5.969]",*
4.968478882818489,"(2.6430000000000002, 5.544]","(2.6430000000000002, 5.969]",*
4.969943170026468,"(2.6430000000000002, 5.544]","(2.6430000000000002, 5.969]",*
4.970709348220618,"(2.6430000000000002, 5.544]","(2.6430000000000002, 5.969]",*
4.970859464383207,"(2.6430000000000002, 5.544]","(2.6430000000000002, 5.969]",*
4.971327901900866,"(2.6430000000000002, 5.544]","(2.6430000000000002, 5.969]",*
4.971603712458869,"(2.6430000000000002, 5.544]","(2.6430000000000002, 5.969]",*
4.97230656848968,"(2.6430000000000002, 5.544]","(2.6430000000000002, 5.969]",*
4.9727585658948765,"(2.6430000000000002, 5.544]","(2.6430000000000002, 5.969]",*
4.973274167509702,"(2.6430000000000002, 5.544]","(2.6430000000000002, 5.969]",*
4.974834170560332,"(2.6430000000000002, 5.544]","(2.6430000000000002, 5.969]",*
4.976354640937939,"(2.6430000000000002, 5.544]","(2.6430000000000002, 5.969]",*
4.9763847859654735,"(2.6430000000000002, 5.544]","(2.6430000000000002, 5.969]",*
4.977367374236424,"(2.6430000000000002, 5.544]","(2.6430000000000002, 5.969]",*
4.97764769150305,"(2.6430000000000002, 5.544]","(2.6430000000000002, 5.969]",*
4.977651242491231,"(2.6430000000000002, 5.544]","(2.6430000000000002, 5.969]",*
4.978773009717983,"(2.6430000000000002, 5.544]","(2.6430000000000002, 5.969]",*
4.978978132974499,"(2.6430000000000002, 5.544]","(2.6430000000000002, 5.969]",*
4.979011434282847,"(2.6430000000000002, 5.544]","(2.6430000000000002, 5.969]",*
4.979127980771986,"(2.6430000000000002, 5.544]","(2.6430000000000002, 5.969]",*
4.980779889075697,"(2.6430000000000002, 5.544]","(2.6430000000000002, 5.969]",*
4.982101501151527,"(2.6430000000000002, 5.544]","(2.6430000000000002, 5.969]",*
4.9822730425690445,"(2.6430000000000002, 5.544]","(2.6430000000000002, 5.969]",*
4.982479428608961,"(2.6430000000000002, 5.544]","(2.6430000000000002, 5.969]",*
4.983084628511218,"(2.6430000000000002, 5.544]","(2.6430000000000002, 5.969]",*
4.9863120786684725,"(2.6430000000000002, 5.544]","(2.6430000000000002, 5.969]",*
4.986835829126858,"(2.6430000000000002, 5.544]","(2.6430000000000002, 5.969]",*
4.986857751624036,"(2.6430000000000002, 5.544]","(2.6430000000000002, 5.969]",*
4.988320965001019,"(2.6430000000000002, 5.544]","(2.6430000000000002, 5.969]",*
4.9884077575337145,"(2.6430000000000002, 5.544]","(2.6430000000000002, 5.969]",*
4.990993713997713,"(2.6430000000000002, 5.544]","(2.6430000000000002, 5.969]",*
4.991750280124403,"(2.6430000000000002, 5.544]","(2.6430000000000002, 5.969]",*
4.993286512751451,"(2.6430000000000002, 5.544]","(2.6430000000000002, 5.969]",*
4.99393800015454,"(2.6430000000000002, 5.544]","(2.6430000000000002, 5.969]",*
4.994616743010464,"(2.6430000000000002, 5.544]","(2.6430000000000002, 5.969]",*
4.995845757069455,"(2.6430000000000002, 5.544]","(2.6430000000000002, 5.969]",*
4.996248972598783,"(2.6430000000000002, 5.544]","(2.6430000000000002, 5.969]",*
4.996375474442633,"(2.6430000000000002, 5.544]","(2.6430000000000002, 5.969]",*
4.9968626576098085,"(2.6430000000000002, 5.544]","(2.6430000000000002, 5.969]",*
4.99811939991427,"(2.6430000000000002, 5.544]","(2.6430000000000002, 5.969]",*
4.998556608748372,"(2.6430000000000002, 5.544]","(2.6430000000000002, 5.969]",*
4.999189324008093,"(2.6430000000000002, 5.544]","(2.6430000000000002, 5.969]",*
4.999247837074047,"(2.6430000000000002, 5.544]","(2.6430000000000002, 5.969]",*
4.999277265050422,"(2.6430000000000002, 5.544]","(2.6430000000000002, 5.969]",*
4.9996183685062245,"(2.6430000000000002, 5.544]","(2.6430000000000002, 5.969]",*
4.999816646659323,"(2.6430000000000002, 5.544]","(2.6430000000000002, 5.969]",*
5.0004961420508645,"(2.6430000000000002, 5.544]","(2.6430000000000002, 5.969]",*
5.000504143186785,"(2.6430000000000002, 5.544]","(2.6430000000000002, 5.969]",*
5.001163155217171,"(2.6430000000000002, 5.544]","(2.6430000000000002, 5.969]",*
5.002944880065375,"(2.6430000000000002, 5.544]","(2.6430000000000002, 5.969]",*
5.003089091100429,"(2.6430000000000002, 5.544]","(2.6430000000000002, 5.969]",*
5.003327764385793,"(2.6430000000000002, 5.544]","(2.6430000000000002, 5.969]",*
5.003684187921256,"(2.6430000000000002, 5.544]","(2.6430000000000002, 5.969]",*
5.0054186555073645,"(2.6430000000000002, 5.544]","(2.6430000000000002, 5.969]",*
5.006193089559359,"(2.6430000000000002, 5.544]","(2.6430000000000002, 5.969]",*
5.00641471230492,"(2.6430000000000002, 5.544]","(2.6430000000000002, 5.969]",*
5.007510102029201,"(2.6430000000000002, 5.544]","(2.6430000000000002, 5.969]",*
5.008816736734973,"(2.6430000000000002, 5.544]","(2.6430000000000002, 5.969]",*
5.009825501610253,"(2.6430000000000002, 5.544]","(2.6430000000000002, 5.969]",*
5.011920958469604,"(2.6430000000000002, 5.544]","(2.6430000000000002, 5.969]",*
5.012767241783789,"(2.6430000000000002, 5.544]","(2.6430000000000002, 5.969]",*
5.014684841317041,"(2.6430000000000002, 5.544]","(2.6430000000000002, 5.969]",*
5.016487179869877,"(2.6430000000000002, 5.544]","(2.6430000000000002, 5.969]",*
5.016626685924781,"(2.6430000000000002, 5.544]","(2.6430000000000002, 5.969]",*
5.0176670061865725,"(2.6430000000000002, 5.544]","(2.6430000000000002, 5.969]",*
5.017846598396571,"(2.6430000000000002, 5.544]","(2.6430000000000002, 5.969]",*
5.0180972998842535,"(2.6430000000000002, 5.544]","(2.6430000000000002, 5.969]",*
5.0181145076981855,"(2.6430000000000002, 5.544]","(2.6430000000000002, 5.969]",*
5.0192075390124495,"(2.6430000000000002, 5.544]","(2.6430000000000002, 5.969]",*
5.019270716337647,"(2.6430000000000002, 5.544]","(2.6430000000000002, 5.969]",*
5.0226356089868665,"(2.6430000000000002, 5.544]","(2.6430000000000002, 5.969]",*
5.0234713825287445,"(2.6430000000000002, 5.544]","(2.6430000000000002, 5.969]",*
5.02469487017704,"(2.6430000000000002, 5.544]","(2.6430000000000002, 5.969]",*
5.025865854198316,"(2.6430000000000002, 5.544]","(2.6430000000000002, 5.969]",*
5.029474721801843,"(2.6430000000000002, 5.544]","(2.6430000000000002, 5.969]",*
5.029914595996209,"(2.6430000000000002, 5.544]","(2.6430000000000002, 5.969]",*
5.030342162416486,"(2.6430000000000002, 5.544]","(2.6430000000000002, 5.969]",*
5.030503878328223,"(2.6430000000000002, 5.544]","(2.6430000000000002, 5.969]",*
5.030561702349583,"(2.6430000000000002, 5.544]","(2.6430000000000002, 5.969]",*
5.031460472842892,"(2.6430000000000002, 5.544]","(2.6430000000000002, 5.969]",*
5.033336500266944,"(2.6430000000000002, 5.544]","(2.6430000000000002, 5.969]",*
5.034395310548504,"(2.6430000000000002, 5.544]","(2.6430000000000002, 5.969]",*
5.034661237597433,"(2.6430000000000002, 5.544]","(2.6430000000000002, 5.969]",*
5.035659459547524,"(2.6430000000000002, 5.544]","(2.6430000000000002, 5.969]",*
5.0359773615832175,"(2.6430000000000002, 5.544]","(2.6430000000000002, 5.969]",*
5.037051827609762,"(2.6430000000000002, 5.544]","(2.6430000000000002, 5.969]",*
5.037141655811879,"(2.6430000000000002, 5.544]","(2.6430000000000002, 5.969]",*
5.037562816107826,"(2.6430000000000002, 5.544]","(2.6430000000000002, 5.969]",*
5.038331736875109,"(2.6430000000000002, 5.544]","(2.6430000000000002, 5.969]",*
5.039400288180411,"(2.6430000000000002, 5.544]","(2.6430000000000002, 5.969]",*
5.039487419896576,"(2.6430000000000002, 5.544]","(2.6430000000000002, 5.969]",*
5.0394896205196416,"(2.6430000000000002, 5.544]","(2.6430000000000002, 5.969]",*
5.040554523106283,"(2.6430000000000002, 5.544]","(2.6430000000000002, 5.969]",*
5.040896433091135,"(2.6430000000000002, 5.544]","(2.6430000000000002, 5.969]",*
5.041209203214756,"(2.6430000000000002, 5.544]","(2.6430000000000002, 5.969]",*
5.04287588721026,"(2.6430000000000002, 5.544]","(2.6430000000000002, 5.969]",*
5.043992564363089,"(2.6430000000000002, 5.544]","(2.6430000000000002, 5.969]",*
5.044290161875439,"(2.6430000000000002, 5.544]","(2.6430000000000002, 5.969]",*
5.044783195454199,"(2.6430000000000002, 5.544]","(2.6430000000000002, 5.969]",*
5.045013622826376,"(2.6430000000000002, 5.544]","(2.6430000000000002, 5.969]",*
5.045932441737688,"(2.6430000000000002, 5.544]","(2.6430000000000002, 5.969]",*
5.046605747451025,"(2.6430000000000002, 5.544]","(2.6430000000000002, 5.969]",*
5.046818339989984,"(2.6430000000000002, 5.544]","(2.6430000000000002, 5.969]",*
5.046905794520682,"(2.6430000000000002, 5.544]","(2.6430000000000002, 5.969]",*
5.048811272830077,"(2.6430000000000002, 5.544]","(2.6430000000000002, 5.969]",*
5.049142026443975,"(2.6430000000000002, 5.544]","(2.6430000000000002, 5.969]",*
5.051254333037416,"(2.6430000000000002, 5.544]","(2.6430000000000002, 5.969]",*
5.051671217777207,"(2.6430000000000002, 5.544]","(2.6430000000000002, 5.969]",*
5.052311501306062,"(2.6430000000000002, 5.544]","(2.6430000000000002, 5.969]",*
5.052580012576713,"(2.6430000000000002, 5.544]","(2.6430000000000002, 5.969]",*
5.0534863443103175,"(2.6430000000000002, 5.544]","(2.6430000000000002, 5.969]",*
5.053542723652119,"(2.6430000000000002, 5.544]","(2.6430000000000002, 5.969]",*
5.055819675213783,"(2.6430000000000002, 5.544]","(2.6430000000000002, 5.969]",*
5.056598057874427,"(2.6430000000000002, 5.544]","(2.6430000000000002, 5.969]",*
5.056788805799545,"(2.6430000000000002, 5.544]","(2.6430000000000002, 5.969]",*
5.057510963033738,"(2.6430000000000002, 5.544]","(2.6430000000000002, 5.969]",*
5.057578391909727,"(2.6430000000000002, 5.544]","(2.6430000000000002, 5.969]",*
5.060031492239958,"(2.6430000000000002, 5.544]","(2.6430000000000002, 5.969]",*
5.060302790228005,"(2.6430000000000002, 5.544]","(2.6430000000000002, 5.969]",*
5.060567635266571,"(2.6430000000000002, 5.544]","(2.6430000000000002, 5.969]",*
5.060596059255688,"(2.6430000000000002, 5.544]","(2.6430000000000002, 5.969]",*
5.060886421622504,"(2.6430000000000002, 5.544]","(2.6430000000000002, 5.969]",*
5.061805489274094,"(2.6430000000000002, 5.544]","(2.6430000000000002, 5.969]",*
5.062524905173811,"(2.6430000000000002, 5.544]","(2.6430000000000002, 5.969]",*
5.062571564331409,"(2.6430000000000002, 5.544]","(2.6430000000000002, 5.969]",*
5.064611431282058,"(2.6430000000000002, 5.544]","(2.6430000000000002, 5.969]",*
5.064855374541297,"(2.6430000000000002, 5.544]","(2.6430000000000002, 5.969]",*
5.064975333792598,"(2.6430000000000002, 5.544]","(2.6430000000000002, 5.969]",*
5.0651313238617695,"(2.6430000000000002, 5.544]","(2.6430000000000002, 5.969]",*
5.067134640583691,"(2.6430000000000002, 5.544]","(2.6430000000000002, 5.969]",*
5.067889591058972,"(2.6430000000000002, 5.544]","(2.6430000000000002, 5.969]",*
5.0700057563960135,"(2.6430000000000002, 5.544]","(2.6430000000000002, 5.969]",*
5.0716241250198,"(2.6430000000000002, 5.544]","(2.6430000000000002, 5.969]",*
5.072346318776036,"(2.6430000000000002, 5.544]","(2.6430000000000002, 5.969]",*
5.073181886074263,"(2.6430000000000002, 5.544]","(2.6430000000000002, 5.969]",*
5.0733089759278025,"(2.6430000000000002, 5.544]","(2.6430000000000002, 5.969]",*
5.073320656830768,"(2.6430000000000002, 5.544]","(2.6430000000000002, 5.969]",*
5.073982252068652,"(2.6430000000000002, 5.544]","(2.6430000000000002, 5.969]",*
5.074271516344728,"(2.6430000000000002, 5.544]","(2.6430000000000002, 5.969]",*
5.076125193471063,"(2.6430000000000002, 5.544]","(2.6430000000000002, 5.969]",*
5.0766246695773605,"(2.6430000000000002, 5.544]","(2.6430000000000002, 5.969]",*
5.078042652430381,"(2.6430000000000002, 5.544]","(2.6430000000000002, 5.969]",*
5.078184036104398,"(2.6430000000000002, 5.544]","(2.6430000000000002, 5.969]",*
5.079006174880151,"(2.6430000000000002, 5.544]","(2.6430000000000002, 5.969]",*
5.079228835098932,"(2.6430000000000002, 5.544]","(2.6430000000000002, 5.969]",*
5.079456904348827,"(2.6430000000000002, 5.544]","(2.6430000000000002, 5.969]",*
5.0794850759826415,"(2.6430000000000002, 5.544]","(2.6430000000000002, 5.969]",*
5.082516102189333,"(2.6430000000000002, 5.544]","(2.6430000000000002, 5.969]",*
5.083360729776143,"(2.6430000000000002, 5.544]","(2.6430000000000002, 5.969]",*
5.0837224180646166,"(2.6430000000000002, 5.544]","(2.6430000000000002, 5.969]",*
5.083861035728073,"(2.6430000000000002, 5.544]","(2.6430000000000002, 5.969]",*
5.08471486781009,"(2.6430000000000002, 5.544]","(2.6430000000000002, 5.969]",*
5.085558365800567,"(2.6430000000000002, 5.544]","(2.6430000000000002, 5.969]",*
5.086479490131048,"(2.6430000000000002, 5.544]","(2.6430000000000002, 5.969]",*
5.087438796538176,"(2.6430000000000002, 5.544]","(2.6430000000000002, 5.969]",*
5.087521122089467,"(2.6430000000000002, 5.544]","(2.6430000000000002, 5.969]",*
5.089792276445516,"(2.6430000000000002, 5.544]","(2.6430000000000002, 5.969]",*
5.09206414213944,"(2.6430000000000002, 5.544]","(2.6430000000000002, 5.969]",*
5.092458963174307,"(2.6430000000000002, 5.544]","(2.6430000000000002, 5.969]",*
5.093114004831245,"(2.6430000000000002, 5.544]","(2.6430000000000002, 5.969]",*
5.0937940333560245,"(2.6430000000000002, 5.544]","(2.6430000000000002, 5.969]",*
5.0944763068768815,"(2.6430000000000002, 5.544]","(2.6430000000000002, 5.969]",*
5.094685269253912,"(2.6430000000000002, 5.544]","(2.6430000000000002, 5.969]",*
5.095804700851783,"(2.6430000000000002, 5.544]","(2.6430000000000002, 5.969]",*
5.096643486466147,"(2.6430000000000002, 5.544]","(2.6430000000000002, 5.969]",*
5.0977627007872055,"(2.6430000000000002, 5.544]","(2.6430000000000002, 5.969]",*
5.097871243822797,"(2.6430000000000002, 5.544]","(2.6430000000000002, 5.969]",*
5.098064740909906,"(2.6430000000000002, 5.544]","(2.6430000000000002, 5.969]",*
5.098117276351379,"(2.6430000000000002, 5.544]","(2.6430000000000002, 5.969]",*
5.098458050069111,"(2.6430000000000002, 5.544]","(2.6430000000000002, 5.969]",*
5.099157667914192,"(2.6430000000000002, 5.544]","(2.6430000000000002, 5.969]",*
5.100682905634146,"(2.6430000000000002, 5.544]","(2.6430000000000002, 5.969]",*
5.100690298134438,"(2.6430000000000002, 5.544]","(2.6430000000000002, 5.969]",*
5.101613799652768,"(2.6430000000000002, 5.544]","(2.6430000000000002, 5.969]",*
5.102177022736488,"(2.6430000000000002, 5.544]","(2.6430000000000002, 5.969]",*
5.103683065208996,"(2.6430000000000002, 5.544]","(2.6430000000000002, 5.969]",*
5.105172149147788,"(2.6430000000000002, 5.544]","(2.6430000000000002, 5.969]",*
5.105381084024233,"(2.6430000000000002, 5.544]","(2.6430000000000002, 5.969]",*
5.105885881803072,"(2.6430000000000002, 5.544]","(2.6430000000000002, 5.969]",*
5.106935120148067,"(2.6430000000000002, 5.544]","(2.6430000000000002, 5.969]",*
5.108147651853947,"(2.6430000000000002, 5.544]","(2.6430000000000002, 5.969]",*
5.109617927015004,"(2.6430000000000002, 5.544]","(2.6430000000000002, 5.969]",*
5.109799344315854,"(2.6430000000000002, 5.544]","(2.6430000000000002, 5.969]",*
5.1121689133698105,"(2.6430000000000002, 5.544]","(2.6430000000000002, 5.969]",*
5.112366998778304,"(2.6430000000000002, 5.544]","(2.6430000000000002, 5.969]",*
5.11413309732217,"(2.6430000000000002, 5.544]","(2.6430000000000002, 5.969]",*
5.114685292535207,"(2.6430000000000002, 5.544]","(2.6430000000000002, 5.969]",*
5.115125471593727,"(2.6430000000000002, 5.544]","(2.6430000000000002, 5.969]",*
5.116175662512704,"(2.6430000000000002, 5.544]","(2.6430000000000002, 5.969]",*
5.116522179845983,"(2.6430000000000002, 5.544]","(2.6430000000000002, 5.969]",*
5.11799319985953,"(2.6430000000000002, 5.544]","(2.6430000000000002, 5.969]",*
5.118108904793296,"(2.6430000000000002, 5.544]","(2.6430000000000002, 5.969]",*
5.118864117057248,"(2.6430000000000002, 5.544]","(2.6430000000000002, 5.969]",*
5.119668858051472,"(2.6430000000000002, 5.544]","(2.6430000000000002, 5.969]",*
5.1199410493697455,"(2.6430000000000002, 5.544]","(2.6430000000000002, 5.969]",*
5.121333052454087,"(2.6430000000000002, 5.544]","(2.6430000000000002, 5.969]",*
5.121560596907184,"(2.6430000000000002, 5.544]","(2.6430000000000002, 5.969]",*
5.122002568269256,"(2.6430000000000002, 5.544]","(2.6430000000000002, 5.969]",*
5.122697837714781,"(2.6430000000000002, 5.544]","(2.6430000000000002, 5.969]",*
5.124179448847495,"(2.6430000000000002, 5.544]","(2.6430000000000002, 5.969]",*
5.124393400273684,"(2.6430000000000002, 5.544]","(2.6430000000000002, 5.969]",*
5.125019476620247,"(2.6430000000000002, 5.544]","(2.6430000000000002, 5.969]",*
5.126392437033464,"(2.6430000000000002, 5.544]","(2.6430000000000002, 5.969]",*
5.1274154521818565,"(2.6430000000000002, 5.544]","(2.6430000000000002, 5.969]",*
5.127825655170804,"(2.6430000000000002, 5.544]","(2.6430000000000002, 5.969]",*
5.127972306853527,"(2.6430000000000002, 5.544]","(2.6430000000000002, 5.969]",*
5.128212246120022,"(2.6430000000000002, 5.544]","(2.6430000000000002, 5.969]",*
5.128553727025444,"(2.6430000000000002, 5.544]","(2.6430000000000002, 5.969]",*
5.1308131302170725,"(2.6430000000000002, 5.544]","(2.6430000000000002, 5.969]",*
5.131804628119363,"(2.6430000000000002, 5.544]","(2.6430000000000002, 5.969]",*
5.132972757588995,"(2.6430000000000002, 5.544]","(2.6430000000000002, 5.969]",*
5.133139188233899,"(2.6430000000000002, 5.544]","(2.6430000000000002, 5.969]",*
5.133480581883197,"(2.6430000000000002, 5.544]","(2.6430000000000002, 5.969]",*
5.1344726456699386,"(2.6430000000000002, 5.544]","(2.6430000000000002, 5.969]",*
5.135510991155977,"(2.6430000000000002, 5.544]","(2.6430000000000002, 5.969]",*
5.135883359706698,"(2.6430000000000002, 5.544]","(2.6430000000000002, 5.969]",*
5.1386518154851055,"(2.6430000000000002, 5.544]","(2.6430000000000002, 5.969]",*
5.138796142483155,"(2.6430000000000002, 5.544]","(2.6430000000000002, 5.969]",*
5.139113766068139,"(2.6430000000000002, 5.544]","(2.6430000000000002, 5.969]",*
5.140142495482002,"(2.6430000000000002, 5.544]","(2.6430000000000002, 5.969]",*
5.140235063072231,"(2.6430000000000002, 5.544]","(2.6430000000000002, 5.969]",*
5.1424146851179815,"(2.6430000000000002, 5.544]","(2.6430000000000002, 5.969]",*
5.1425552838739215,"(2.6430000000000002, 5.544]","(2.6430000000000002, 5.969]",*
5.143167064444659,"(2.6430000000000002, 5.544]","(2.6430000000000002, 5.969]",*
5.145432923845432,"(2.6430000000000002, 5.544]","(2.6430000000000002, 5.969]",*
5.146227225440744,"(2.6430000000000002, 5.544]","(2.6430000000000002, 5.969]",*
5.146489984764392,"(2.6430000000000002, 5.544]","(2.6430000000000002, 5.969]",*
5.146607318821966,"(2.6430000000000002, 5.544]","(2.6430000000000002, 5.969]",*
5.14661808549447,"(2.6430000000000002, 5.544]","(2.6430000000000002, 5.969]",*
5.148301395569426,"(2.6430000000000002, 5.544]","(2.6430000000000002, 5.969]",*
5.149776773315948,"(2.6430000000000002, 5.544]","(2.6430000000000002, 5.969]",*
5.1523229891210764,"(2.6430000000000002, 5.544]","(2.6430000000000002, 5.969]",*
5.1524636654982645,"(2.6430000000000002, 5.544]","(2.6430000000000002, 5.969]",*
5.153049571066983,"(2.6430000000000002, 5.544]","(2.6430000000000002, 5.969]",*
5.153745231570432,"(2.6430000000000002, 5.544]","(2.6430000000000002, 5.969]",*
5.1539423449131325,"(2.6430000000000002, 5.544]","(2.6430000000000002, 5.969]",*
5.15415140267583,"(2.6430000000000002, 5.544]","(2.6430000000000002, 5.969]",*
5.1543447834735145,"(2.6430000000000002, 5.544]","(2.6430000000000002, 5.969]",*
5.154517884971904,"(2.6430000000000002, 5.544]","(2.6430000000000002, 5.969]",*
5.1550561601946585,"(2.6430000000000002, 5.544]","(2.6430000000000002, 5.969]",*
5.155812571004518,"(2.6430000000000002, 5.544]","(2.6430000000000002, 5.969]",*
5.156588692903747,"(2.6430000000000002, 5.544]","(2.6430000000000002, 5.969]",*
5.156863738421661,"(2.6430000000000002, 5.544]","(2.6430000000000002, 5.969]",*
5.157715794147923,"(2.6430000000000002, 5.544]","(2.6430000000000002, 5.969]",*
5.1583546680273376,"(2.6430000000000002, 5.544]","(2.6430000000000002, 5.969]",*
5.158749773733193,"(2.6430000000000002, 5.544]","(2.6430000000000002, 5.969]",*
5.15930097752672,"(2.6430000000000002, 5.544]","(2.6430000000000002, 5.969]",*
5.160574116471075,"(2.6430000000000002, 5.544]","(2.6430000000000002, 5.969]",*
5.162645345919622,"(2.6430000000000002, 5.544]","(2.6430000000000002, 5.969]",*
5.162849623833831,"(2.6430000000000002, 5.544]","(2.6430000000000002, 5.969]",*
5.163521342869885,"(2.6430000000000002, 5.544]","(2.6430000000000002, 5.969]",*
5.164251654256018,"(2.6430000000000002, 5.544]","(2.6430000000000002, 5.969]",*
5.1655450171859485,"(2.6430000000000002, 5.544]","(2.6430000000000002, 5.969]",*
5.165921528637428,"(2.6430000000000002, 5.544]","(2.6430000000000002, 5.969]",*
5.166648440467951,"(2.6430000000000002, 5.544]","(2.6430000000000002, 5.969]",*
5.166734554787591,"(2.6430000000000002, 5.544]","(2.6430000000000002, 5.969]",*
5.167994819742471,"(2.6430000000000002, 5.544]","(2.6430000000000002, 5.969]",*
5.1681050796378045,"(2.6430000000000002, 5.544]","(2.6430000000000002, 5.969]",*
5.169125316196941,"(2.6430000000000002, 5.544]","(2.6430000000000002, 5.969]",*
5.170162650129534,"(2.6430000000000002, 5.544]","(2.6430000000000002, 5.969]",*
5.172956405958388,"(2.6430000000000002, 5.544]","(2.6430000000000002, 5.969]",*
5.17434663519786,"(2.6430000000000002, 5.544]","(2.6430000000000002, 5.969]",*
5.174373334830793,"(2.6430000000000002, 5.544]","(2.6430000000000002, 5.969]",*
5.174681090045015,"(2.6430000000000002, 5.544]","(2.6430000000000002, 5.969]",*
5.175115446592223,"(2.6430000000000002, 5.544]","(2.6430000000000002, 5.969]",*
5.176103251548099,"(2.6430000000000002, 5.544]","(2.6430000000000002, 5.969]",*
5.176242479841264,"(2.6430000000000002, 5.544]","(2.6430000000000002, 5.969]",*
5.177088719800649,"(2.6430000000000002, 5.544]","(2.6430000000000002, 5.969]",*
5.179906559892128,"(2.6430000000000002, 5.544]","(2.6430000000000002, 5.969]",*
5.180243570359316,"(2.6430000000000002, 5.544]","(2.6430000000000002, 5.969]",*
5.180664124823801,"(2.6430000000000002, 5.544]","(2.6430000000000002, 5.969]",*
5.180678469726363,"(2.6430000000000002, 5.544]","(2.6430000000000002, 5.969]",*
5.1819757214131466,"(2.6430000000000002, 5.544]","(2.6430000000000002, 5.969]",*
5.182681462563592,"(2.6430000000000002, 5.544]","(2.6430000000000002, 5.969]",*
5.182693359129827,"(2.6430000000000002, 5.544]","(2.6430000000000002, 5.969]",*
5.182872692027861,"(2.6430000000000002, 5.544]","(2.6430000000000002, 5.969]",*
5.18438251290738,"(2.6430000000000002, 5.544]","(2.6430000000000002, 5.969]",*
5.184548388164784,"(2.6430000000000002, 5.544]","(2.6430000000000002, 5.969]",*
5.1847753921955215,"(2.6430000000000002, 5.544]","(2.6430000000000002, 5.969]",*
5.184810712102609,"(2.6430000000000002, 5.544]","(2.6430000000000002, 5.969]",*
5.185297663747387,"(2.6430000000000002, 5.544]","(2.6430000000000002, 5.969]",*
5.1853464158110425,"(2.6430000000000002, 5.544]","(2.6430000000000002, 5.969]",*
5.185436372363943,"(2.6430000000000002, 5.544]","(2.6430000000000002, 5.969]",*
5.1857268454820815,"(2.6430000000000002, 5.544]","(2.6430000000000002, 5.969]",*
5.186637720837059,"(2.6430000000000002, 5.544]","(2.6430000000000002, 5.969]",*
5.186801231971905,"(2.6430000000000002, 5.544]","(2.6430000000000002, 5.969]",*
5.188491937071284,"(2.6430000000000002, 5.544]","(2.6430000000000002, 5.969]",*
5.188699500744293,"(2.6430000000000002, 5.544]","(2.6430000000000002, 5.969]",*
5.189911336240972,"(2.6430000000000002, 5.544]","(2.6430000000000002, 5.969]",*
5.190195988378827,"(2.6430000000000002, 5.544]","(2.6430000000000002, 5.969]",*
5.191222751772796,"(2.6430000000000002, 5.544]","(2.6430000000000002, 5.969]",*
5.191940877548525,"(2.6430000000000002, 5.544]","(2.6430000000000002, 5.969]",*
5.193468668693286,"(2.6430000000000002, 5.544]","(2.6430000000000002, 5.969]",*
5.193719807212143,"(2.6430000000000002, 5.544]","(2.6430000000000002, 5.969]",*
5.1950965320464615,"(2.6430000000000002, 5.544]","(2.6430000000000002, 5.969]",*
5.195406378175373,"(2.6430000000000002, 5.544]","(2.6430000000000002, 5.969]",*
5.195548817998898,"(2.6430000000000002, 5.544]","(2.6430000000000002, 5.969]",*
5.196810644961572,"(2.6430000000000002, 5.544]","(2.6430000000000002, 5.969]",*
5.197156477944127,"(2.6430000000000002, 5.544]","(2.6430000000000002, 5.969]",*
5.1986505736867095,"(2.6430000000000002, 5.544]","(2.6430000000000002, 5.969]",*
5.201388085025993,"(2.6430000000000002, 5.544]","(2.6430000000000002, 5.969]",*
5.201963719662058,"(2.6430000000000002, 5.544]","(2.6430000000000002, 5.969]",*
5.202471496247443,"(2.6430000000000002, 5.544]","(2.6430000000000002, 5.969]",*
5.203791107027273,"(2.6430000000000002, 5.544]","(2.6430000000000002, 5.969]",*
5.205089396936177,"(2.6430000000000002, 5.544]","(2.6430000000000002, 5.969]",*
5.205508259272862,"(2.6430000000000002, 5.544]","(2.6430000000000002, 5.969]",*
5.205708623225459,"(2.6430000000000002, 5.544]","(2.6430000000000002, 5.969]",*
5.205825324982932,"(2.6430000000000002, 5.544]","(2.6430000000000002, 5.969]",*
5.205952385879762,"(2.6430000000000002, 5.544]","(2.6430000000000002, 5.969]",*
5.2060219317292855,"(2.6430000000000002, 5.544]","(2.6430000000000002, 5.969]",*
5.206138943055668,"(2.6430000000000002, 5.544]","(2.6430000000000002, 5.969]",*
5.207370213896065,"(2.6430000000000002, 5.544]","(2.6430000000000002, 5.969]",*
5.207715005041681,"(2.6430000000000002, 5.544]","(2.6430000000000002, 5.969]",*
5.208154039435719,"(2.6430000000000002, 5.544]","(2.6430000000000002, 5.969]",*
5.208296791790793,"(2.6430000000000002, 5.544]","(2.6430000000000002, 5.969]",*
5.2099230928527085,"(2.6430000000000002, 5.544]","(2.6430000000000002, 5.969]",*
5.212406679084984,"(2.6430000000000002, 5.544]","(2.6430000000000002, 5.969]",*
5.21298700162049,"(2.6430000000000002, 5.544]","(2.6430000000000002, 5.969]",*
5.213993837868868,"(2.6430000000000002, 5.544]","(2.6430000000000002, 5.969]",*
5.214913662855174,"(2.6430000000000002, 5.544]","(2.6430000000000002, 5.969]",*
5.2150263303089925,"(2.6430000000000002, 5.544]","(2.6430000000000002, 5.969]",*
5.215220594985809,"(2.6430000000000002, 5.544]","(2.6430000000000002, 5.969]",*
5.216067949832738,"(2.6430000000000002, 5.544]","(2.6430000000000002, 5.969]",*
5.216626583898303,"(2.6430000000000002, 5.544]","(2.6430000000000002, 5.969]",*
5.217987014035018,"(2.6430000000000002, 5.544]","(2.6430000000000002, 5.969]",*
5.218562664045613,"(2.6430000000000002, 5.544]","(2.6430000000000002, 5.969]",*
5.219048628347231,"(2.6430000000000002, 5.544]","(2.6430000000000002, 5.969]",*
5.21991775497558,"(2.6430000000000002, 5.544]","(2.6430000000000002, 5.969]",*
5.220084745502811,"(2.6430000000000002, 5.544]","(2.6430000000000002, 5.969]",*
5.220986982312443,"(2.6430000000000002, 5.544]","(2.6430000000000002, 5.969]",*
5.221308502719149,"(2.6430000000000002, 5.544]","(2.6430000000000002, 5.969]",*
5.221322331863783,"(2.6430000000000002, 5.544]","(2.6430000000000002, 5.969]",*
5.221528415693827,"(2.6430000000000002, 5.544]","(2.6430000000000002, 5.969]",*
5.221901667203227,"(2.6430000000000002, 5.544]","(2.6430000000000002, 5.969]",*
5.222040189615824,"(2.6430000000000002, 5.544]","(2.6430000000000002, 5.969]",*
5.222168521547248,"(2.6430000000000002, 5.544]","(2.6430000000000002, 5.969]",*
5.223108351458841,"(2.6430000000000002, 5.544]","(2.6430000000000002, 5.969]",*
5.223595354767684,"(2.6430000000000002, 5.544]","(2.6430000000000002, 5.969]",*
5.225235338562391,"(2.6430000000000002, 5.544]","(2.6430000000000002, 5.969]",*
5.225487927753718,"(2.6430000000000002, 5.544]","(2.6430000000000002, 5.969]",*
5.225969550274412,"(2.6430000000000002, 5.544]","(2.6430000000000002, 5.969]",*
5.229371954445486,"(2.6430000000000002, 5.544]","(2.6430000000000002, 5.969]",*
5.230819306788449,"(2.6430000000000002, 5.544]","(2.6430000000000002, 5.969]",*
5.231696666386671,"(2.6430000000000002, 5.544]","(2.6430000000000002, 5.969]",*
5.231732411475599,"(2.6430000000000002, 5.544]","(2.6430000000000002, 5.969]",*
5.232203992878085,"(2.6430000000000002, 5.544]","(2.6430000000000002, 5.969]",*
5.2329294276252405,"(2.6430000000000002, 5.544]","(2.6430000000000002, 5.969]",*
5.232976851892711,"(2.6430000000000002, 5.544]","(2.6430000000000002, 5.969]",*
5.23309335711489,"(2.6430000000000002, 5.544]","(2.6430000000000002, 5.969]",*
5.233591889428134,"(2.6430000000000002, 5.544]","(2.6430000000000002, 5.969]",*
5.233785447064077,"(2.6430000000000002, 5.544]","(2.6430000000000002, 5.969]",*
5.233977928478238,"(2.6430000000000002, 5.544]","(2.6430000000000002, 5.969]",*
5.234044767850818,"(2.6430000000000002, 5.544]","(2.6430000000000002, 5.969]",*
5.234700225519597,"(2.6430000000000002, 5.544]","(2.6430000000000002, 5.969]",*
5.234875251692118,"(2.6430000000000002, 5.544]","(2.6430000000000002, 5.969]",*
5.235165560541664,"(2.6430000000000002, 5.544]","(2.6430000000000002, 5.969]",*
5.23519490952312,"(2.6430000000000002, 5.544]","(2.6430000000000002, 5.969]",*
5.235210946591777,"(2.6430000000000002, 5.544]","(2.6430000000000002, 5.969]",*
5.235428787846504,"(2.6430000000000002, 5.544]","(2.6430000000000002, 5.969]",*
5.236222693686441,"(2.6430000000000002, 5.544]","(2.6430000000000002, 5.969]",*
5.237950173644308,"(2.6430000000000002, 5.544]","(2.6430000000000002, 5.969]",*
5.238126268858033,"(2.6430000000000002, 5.544]","(2.6430000000000002, 5.969]",*
5.238705846926753,"(2.6430000000000002, 5.544]","(2.6430000000000002, 5.969]",*
5.239653409902749,"(2.6430000000000002, 5.544]","(2.6430000000000002, 5.969]",*
5.240103040527526,"(2.6430000000000002, 5.544]","(2.6430000000000002, 5.969]",*
5.240208621399853,"(2.6430000000000002, 5.544]","(2.6430000000000002, 5.969]",*
5.241162510241844,"(2.6430000000000002, 5.544]","(2.6430000000000002, 5.969]",*
5.241977550888311,"(2.6430000000000002, 5.544]","(2.6430000000000002, 5.969]",*
5.24214586419213,"(2.6430000000000002, 5.544]","(2.6430000000000002, 5.969]",*
5.243364285080455,"(2.6430000000000002, 5.544]","(2.6430000000000002, 5.969]",*
5.24524245643793,"(2.6430000000000002, 5.544]","(2.6430000000000002, 5.969]",*
5.246625672365044,"(2.6430000000000002, 5.544]","(2.6430000000000002, 5.969]",*
5.247613112576711,"(2.6430000000000002, 5.544]","(2.6430000000000002, 5.969]",*
5.247829646918453,"(2.6430000000000002, 5.544]","(2.6430000000000002, 5.969]",*
5.248054680708584,"(2.6430000000000002, 5.544]","(2.6430000000000002, 5.969]",*
5.250630615761387,"(2.6430000000000002, 5.544]","(2.6430000000000002, 5.969]",*
5.251342071157675,"(2.6430000000000002, 5.544]","(2.6430000000000002, 5.969]",*
5.251400747142777,"(2.6430000000000002, 5.544]","(2.6430000000000002, 5.969]",*
5.251586751132955,"(2.6430000000000002, 5.544]","(2.6430000000000002, 5.969]",*
5.252930122866327,"(2.6430000000000002, 5.544]","(2.6430000000000002, 5.969]",*
5.254398750802534,"(2.6430000000000002, 5.544]","(2.6430000000000002, 5.969]",*
5.254805401559323,"(2.6430000000000002, 5.544]","(2.6430000000000002, 5.969]",*
5.254822469329986,"(2.6430000000000002, 5.544]","(2.6430000000000002, 5.969]",*
5.254916680351975,"(2.6430000000000002, 5.544]","(2.6430000000000002, 5.969]",*
5.255407345087201,"(2.6430000000000002, 5.544]","(2.6430000000000002, 5.969]",*
5.256405314423309,"(2.6430000000000002, 5.544]","(2.6430000000000002, 5.969]",*
5.257100922111902,"(2.6430000000000002, 5.544]","(2.6430000000000002, 5.969]",*
5.257628171596068,"(2.6430000000000002, 5.544]","(2.6430000000000002, 5.969]",*
5.2577837152929074,"(2.6430000000000002, 5.544]","(2.6430000000000002, 5.969]",*
5.258159745138133,"(2.6430000000000002, 5.544]","(2.6430000000000002, 5.969]",*
5.258393115051662,"(2.6430000000000002, 5.544]","(2.6430000000000002, 5.969]",*
5.259292374031332,"(2.6430000000000002, 5.544]","(2.6430000000000002, 5.969]",*
5.25941617078516,"(2.6430000000000002, 5.544]","(2.6430000000000002, 5.969]",*
5.259911724651769,"(2.6430000000000002, 5.544]","(2.6430000000000002, 5.969]",*
5.2609747263944815,"(2.6430000000000002, 5.544]","(2.6430000000000002, 5.969]",*
5.261799607653575,"(2.6430000000000002, 5.544]","(2.6430000000000002, 5.969]",*
5.264487765443885,"(2.6430000000000002, 5.544]","(2.6430000000000002, 5.969]",*
5.264702041347876,"(2.6430000000000002, 5.544]","(2.6430000000000002, 5.969]",*
5.266389132733269,"(2.6430000000000002, 5.544]","(2.6430000000000002, 5.969]",*
5.266863096106828,"(2.6430000000000002, 5.544]","(2.6430000000000002, 5.969]",*
5.26800522404441,"(2.6430000000000002, 5.544]","(2.6430000000000002, 5.969]",*
5.268553096844059,"(2.6430000000000002, 5.544]","(2.6430000000000002, 5.969]",*
5.269657862708466,"(2.6430000000000002, 5.544]","(2.6430000000000002, 5.969]",*
5.270538575057295,"(2.6430000000000002, 5.544]","(2.6430000000000002, 5.969]",*
5.2705730667742285,"(2.6430000000000002, 5.544]","(2.6430000000000002, 5.969]",*
5.270943590289134,"(2.6430000000000002, 5.544]","(2.6430000000000002, 5.969]",*
5.272233697614757,"(2.6430000000000002, 5.544]","(2.6430000000000002, 5.969]",*
5.272441367684554,"(2.6430000000000002, 5.544]","(2.6430000000000002, 5.969]",*
5.272670246613987,"(2.6430000000000002, 5.544]","(2.6430000000000002, 5.969]",*
5.273051063378525,"(2.6430000000000002, 5.544]","(2.6430000000000002, 5.969]",*
5.273336179265809,"(2.6430000000000002, 5.544]","(2.6430000000000002, 5.969]",*
5.273512347581129,"(2.6430000000000002, 5.544]","(2.6430000000000002, 5.969]",*
5.273826049691272,"(2.6430000000000002, 5.544]","(2.6430000000000002, 5.969]",*
5.274005169689625,"(2.6430000000000002, 5.544]","(2.6430000000000002, 5.969]",*
5.2753824983688,"(2.6430000000000002, 5.544]","(2.6430000000000002, 5.969]",*
5.276614897899061,"(2.6430000000000002, 5.544]","(2.6430000000000002, 5.969]",*
5.278065149187797,"(2.6430000000000002, 5.544]","(2.6430000000000002, 5.969]",*
5.278236842046776,"(2.6430000000000002, 5.544]","(2.6430000000000002, 5.969]",*
5.28073889932242,"(2.6430000000000002, 5.544]","(2.6430000000000002, 5.969]",*
5.281560667016422,"(2.6430000000000002, 5.544]","(2.6430000000000002, 5.969]",*
5.282325020456477,"(2.6430000000000002, 5.544]","(2.6430000000000002, 5.969]",*
5.283012432382749,"(2.6430000000000002, 5.544]","(2.6430000000000002, 5.969]",*
5.28317183946442,"(2.6430000000000002, 5.544]","(2.6430000000000002, 5.969]",*
5.283882342970248,"(2.6430000000000002, 5.544]","(2.6430000000000002, 5.969]",*
5.284318165992414,"(2.6430000000000002, 5.544]","(2.6430000000000002, 5.969]",*
5.2844768400480815,"(2.6430000000000002, 5.544]","(2.6430000000000002, 5.969]",*
5.284926497395518,"(2.6430000000000002, 5.544]","(2.6430000000000002, 5.969]",*
5.285608708898943,"(2.6430000000000002, 5.544]","(2.6430000000000002, 5.969]",*
5.285897172962316,"(2.6430000000000002, 5.544]","(2.6430000000000002, 5.969]",*
5.286413074082901,"(2.6430000000000002, 5.544]","(2.6430000000000002, 5.969]",*
5.286433378564504,"(2.6430000000000002, 5.544]","(2.6430000000000002, 5.969]",*
5.287862866953193,"(2.6430000000000002, 5.544]","(2.6430000000000002, 5.969]",*
5.288196337057351,"(2.6430000000000002, 5.544]","(2.6430000000000002, 5.969]",*
5.288328664744683,"(2.6430000000000002, 5.544]","(2.6430000000000002, 5.969]",*
5.289123361554234,"(2.6430000000000002, 5.544]","(2.6430000000000002, 5.969]",*
5.289803666644247,"(2.6430000000000002, 5.544]","(2.6430000000000002, 5.969]",*
5.292058281335512,"(2.6430000000000002, 5.544]","(2.6430000000000002, 5.969]",*
5.292655938507054,"(2.6430000000000002, 5.544]","(2.6430000000000002, 5.969]",*
5.2934984224886295,"(2.6430000000000002, 5.544]","(2.6430000000000002, 5.969]",*
5.293682310622208,"(2.6430000000000002, 5.544]","(2.6430000000000002, 5.969]",*
5.293690102109854,"(2.6430000000000002, 5.544]","(2.6430000000000002, 5.969]",*
5.294021298901984,"(2.6430000000000002, 5.544]","(2.6430000000000002, 5.969]",*
5.294242884926883,"(2.6430000000000002, 5.544]","(2.6430000000000002, 5.969]",*
5.2946275345282166,"(2.6430000000000002, 5.544]","(2.6430000000000002, 5.969]",*
5.295317740457495,"(2.6430000000000002, 5.544]","(2.6430000000000002, 5.969]",*
5.295864201355724,"(2.6430000000000002, 5.544]","(2.6430000000000002, 5.969]",*
5.296992962409983,"(2.6430000000000002, 5.544]","(2.6430000000000002, 5.969]",*
5.297427695642747,"(2.6430000000000002, 5.544]","(2.6430000000000002, 5.969]",*
5.299694000232763,"(2.6430000000000002, 5.544]","(2.6430000000000002, 5.969]",*
5.2998581903650255,"(2.6430000000000002, 5.544]","(2.6430000000000002, 5.969]",*
5.300326049464767,"(2.6430000000000002, 5.544]","(2.6430000000000002, 5.969]",*
5.3005336427649326,"(2.6430000000000002, 5.544]","(2.6430000000000002, 5.969]",*
5.302173419655174,"(2.6430000000000002, 5.544]","(2.6430000000000002, 5.969]",*
5.302244662500075,"(2.6430000000000002, 5.544]","(2.6430000000000002, 5.969]",*
5.302770725586987,"(2.6430000000000002, 5.544]","(2.6430000000000002, 5.969]",*
5.303131069694278,"(2.6430000000000002, 5.544]","(2.6430000000000002, 5.969]",*
5.3036657431252845,"(2.6430000000000002, 5.544]","(2.6430000000000002, 5.969]",*
5.30502351130075,"(2.6430000000000002, 5.544]","(2.6430000000000002, 5.969]",*
5.305041691282976,"(2.6430000000000002, 5.544]","(2.6430000000000002, 5.969]",*
5.305069349849917,"(2.6430000000000002, 5.544]","(2.6430000000000002, 5.969]",*
5.305107847973547,"(2.6430000000000002, 5.544]","(2.6430000000000002, 5.969]",*
5.305891887014843,"(2.6430000000000002, 5.544]","(2.6430000000000002, 5.969]",*
5.306649504992887,"(2.6430000000000002, 5.544]","(2.6430000000000002, 5.969]",*
5.307020052078613,"(2.6430000000000002, 5.544]","(2.6430000000000002, 5.969]",*
5.307330122216242,"(2.6430000000000002, 5.544]","(2.6430000000000002, 5.969]",*
5.3083154381422375,"(2.6430000000000002, 5.544]","(2.6430000000000002, 5.969]",*
5.308936928111409,"(2.6430000000000002, 5.544]","(2.6430000000000002, 5.969]",*
5.309621418882197,"(2.6430000000000002, 5.544]","(2.6430000000000002, 5.969]",*
5.310036747716622,"(2.6430000000000002, 5.544]","(2.6430000000000002, 5.969]",*
5.312148807504737,"(2.6430000000000002, 5.544]","(2.6430000000000002, 5.969]",*
5.312268018529677,"(2.6430000000000002, 5.544]","(2.6430000000000002, 5.969]",*
5.312716434660467,"(2.6430000000000002, 5.544]","(2.6430000000000002, 5.969]",*
5.313060495336642,"(2.6430000000000002, 5.544]","(2.6430000000000002, 5.969]",*
5.31446021480662,"(2.6430000000000002, 5.544]","(2.6430000000000002, 5.969]",*
5.316288784178584,"(2.6430000000000002, 5.544]","(2.6430000000000002, 5.969]",*
5.3167486713369545,"(2.6430000000000002, 5.544]","(2.6430000000000002, 5.969]",*
5.316933287381153,"(2.6430000000000002, 5.544]","(2.6430000000000002, 5.969]",*
5.317710363957793,"(2.6430000000000002, 5.544]","(2.6430000000000002, 5.969]",*
5.318380629874745,"(2.6430000000000002, 5.544]","(2.6430000000000002, 5.969]",*
5.319422980013679,"(2.6430000000000002, 5.544]","(2.6430000000000002, 5.969]",*
5.32024016716908,"(2.6430000000000002, 5.544]","(2.6430000000000002, 5.969]",*
5.320368742329932,"(2.6430000000000002, 5.544]","(2.6430000000000002, 5.969]",*
5.32201862753574,"(2.6430000000000002, 5.544]","(2.6430000000000002, 5.969]",*
5.322269839263871,"(2.6430000000000002, 5.544]","(2.6430000000000002, 5.969]",*
5.322287407981587,"(2.6430000000000002, 5.544]","(2.6430000000000002, 5.969]",*
5.322412062610356,"(2.6430000000000002, 5.544]","(2.6430000000000002, 5.969]",*
5.323563633422084,"(2.6430000000000002, 5.544]","(2.6430000000000002, 5.969]",*
5.326797511765337,"(2.6430000000000002, 5.544]","(2.6430000000000002, 5.969]",*
5.327547311174787,"(2.6430000000000002, 5.544]","(2.6430000000000002, 5.969]",*
5.327629541374908,"(2.6430000000000002, 5.544]","(2.6430000000000002, 5.969]",*
5.327711512081327,"(2.6430000000000002, 5.544]","(2.6430000000000002, 5.969]",*
5.328137977606174,"(2.6430000000000002, 5.544]","(2.6430000000000002, 5.969]",*
5.328192737812558,"(2.6430000000000002, 5.544]","(2.6430000000000002, 5.969]",*
5.329159284092401,"(2.6430000000000002, 5.544]","(2.6430000000000002, 5.969]",*
5.329798508888414,"(2.6430000000000002, 5.544]","(2.6430000000000002, 5.969]",*
5.3299084509772445,"(2.6430000000000002, 5.544]","(2.6430000000000002, 5.969]",*
5.330603819755026,"(2.6430000000000002, 5.544]","(2.6430000000000002, 5.969]",*
5.3313555528833465,"(2.6430000000000002, 5.544]","(2.6430000000000002, 5.969]",*
5.332464490538586,"(2.6430000000000002, 5.544]","(2.6430000000000002, 5.969]",*
5.332689067327657,"(2.6430000000000002, 5.544]","(2.6430000000000002, 5.969]",*
5.332712246147298,"(2.6430000000000002, 5.544]","(2.6430000000000002, 5.969]",*
5.333820711722908,"(2.6430000000000002, 5.544]","(2.6430000000000002, 5.969]",*
5.333909302432557,"(2.6430000000000002, 5.544]","(2.6430000000000002, 5.969]",*
5.3340718496902415,"(2.6430000000000002, 5.544]","(2.6430000000000002, 5.969]",*
5.334503838061995,"(2.6430000000000002, 5.544]","(2.6430000000000002, 5.969]",*
5.335011364659239,"(2.6430000000000002, 5.544]","(2.6430000000000002, 5.969]",*
5.335214507639083,"(2.6430000000000002, 5.544]","(2.6430000000000002, 5.969]",*
5.335397147927793,"(2.6430000000000002, 5.544]","(2.6430000000000002, 5.969]",*
5.337521408012928,"(2.6430000000000002, 5.544]","(2.6430000000000002, 5.969]",*
5.338032190344103,"(2.6430000000000002, 5.544]","(2.6430000000000002, 5.969]",*
5.3393398807459,"(2.6430000000000002, 5.544]","(2.6430000000000002, 5.969]",*
5.339895707381027,"(2.6430000000000002, 5.544]","(2.6430000000000002, 5.969]",*
5.339959305750887,"(2.6430000000000002, 5.544]","(2.6430000000000002, 5.969]",*
5.341157553051619,"(2.6430000000000002, 5.544]","(2.6430000000000002, 5.969]",*
5.34193862220097,"(2.6430000000000002, 5.544]","(2.6430000000000002, 5.969]",*
5.34246815962064,"(2.6430000000000002, 5.544]","(2.6430000000000002, 5.969]",*
5.3437252513009215,"(2.6430000000000002, 5.544]","(2.6430000000000002, 5.969]",*
5.344664036395251,"(2.6430000000000002, 5.544]","(2.6430000000000002, 5.969]",*
5.344776176735725,"(2.6430000000000002, 5.544]","(2.6430000000000002, 5.969]",*
5.34585938969713,"(2.6430000000000002, 5.544]","(2.6430000000000002, 5.969]",*
5.345949188050216,"(2.6430000000000002, 5.544]","(2.6430000000000002, 5.969]",*
5.346338424932905,"(2.6430000000000002, 5.544]","(2.6430000000000002, 5.969]",*
5.346436831645104,"(2.6430000000000002, 5.544]","(2.6430000000000002, 5.969]",*
5.346656266974178,"(2.6430000000000002, 5.544]","(2.6430000000000002, 5.969]",*
5.3474470914238745,"(2.6430000000000002, 5.544]","(2.6430000000000002, 5.969]",*
5.347527265014656,"(2.6430000000000002, 5.544]","(2.6430000000000002, 5.969]",*
5.347700379676623,"(2.6430000000000002, 5.544]","(2.6430000000000002, 5.969]",*
5.347823183585788,"(2.6430000000000002, 5.544]","(2.6430000000000002, 5.969]",*
5.3487292432295686,"(2.6430000000000002, 5.544]","(2.6430000000000002, 5.969]",*
5.34942286941346,"(2.6430000000000002, 5.544]","(2.6430000000000002, 5.969]",*
5.3499315770175615,"(2.6430000000000002, 5.544]","(2.6430000000000002, 5.969]",*
5.350078825706729,"(2.6430000000000002, 5.544]","(2.6430000000000002, 5.969]",*
5.350416527867722,"(2.6430000000000002, 5.544]","(2.6430000000000002, 5.969]",*
5.350465884316834,"(2.6430000000000002, 5.544]","(2.6430000000000002, 5.969]",*
5.351168918727048,"(2.6430000000000002, 5.544]","(2.6430000000000002, 5.969]",*
5.35159560187626,"(2.6430000000000002, 5.544]","(2.6430000000000002, 5.969]",*
5.3528088258521285,"(2.6430000000000002, 5.544]","(2.6430000000000002, 5.969]",*
5.353196392445438,"(2.6430000000000002, 5.544]","(2.6430000000000002, 5.969]",*
5.353215987701848,"(2.6430000000000002, 5.544]","(2.6430000000000002, 5.969]",*
5.3537462998432765,"(2.6430000000000002, 5.544]","(2.6430000000000002, 5.969]",*
5.35422692141355,"(2.6430000000000002, 5.544]","(2.6430000000000002, 5.969]",*
5.354619415580116,"(2.6430000000000002, 5.544]","(2.6430000000000002, 5.969]",*
5.354922556314238,"(2.6430000000000002, 5.544]","(2.6430000000000002, 5.969]",*
5.355724655883045,"(2.6430000000000002, 5.544]","(2.6430000000000002, 5.969]",*
5.356004822644684,"(2.6430000000000002, 5.544]","(2.6430000000000002, 5.969]",*
5.356330104467872,"(2.6430000000000002, 5.544]","(2.6430000000000002, 5.969]",*
5.356907402018237,"(2.6430000000000002, 5.544]","(2.6430000000000002, 5.969]",*
5.357426597703844,"(2.6430000000000002, 5.544]","(2.6430000000000002, 5.969]",*
5.357952396505973,"(2.6430000000000002, 5.544]","(2.6430000000000002, 5.969]",*
5.358809413797996,"(2.6430000000000002, 5.544]","(2.6430000000000002, 5.969]",*
5.359050538137819,"(2.6430000000000002, 5.544]","(2.6430000000000002, 5.969]",*
5.359763921581997,"(2.6430000000000002, 5.544]","(2.6430000000000002, 5.969]",*
5.360253241823519,"(2.6430000000000002, 5.544]","(2.6430000000000002, 5.969]",*
5.360632459652583,"(2.6430000000000002, 5.544]","(2.6430000000000002, 5.969]",*
5.361088157410414,"(2.6430000000000002, 5.544]","(2.6430000000000002, 5.969]",*
5.36197334840113,"(2.6430000000000002, 5.544]","(2.6430000000000002, 5.969]",*
5.36212556960358,"(2.6430000000000002, 5.544]","(2.6430000000000002, 5.969]",*
5.362425462517472,"(2.6430000000000002, 5.544]","(2.6430000000000002, 5.969]",*
5.363187089873702,"(2.6430000000000002, 5.544]","(2.6430000000000002, 5.969]",*
5.363776862114038,"(2.6430000000000002, 5.544]","(2.6430000000000002, 5.969]",*
5.364208037781441,"(2.6430000000000002, 5.544]","(2.6430000000000002, 5.969]",*
5.364399329273002,"(2.6430000000000002, 5.544]","(2.6430000000000002, 5.969]",*
5.364982405823022,"(2.6430000000000002, 5.544]","(2.6430000000000002, 5.969]",*
5.365761244841778,"(2.6430000000000002, 5.544]","(2.6430000000000002, 5.969]",*
5.367354697306506,"(2.6430000000000002, 5.544]","(2.6430000000000002, 5.969]",*
5.367615821098807,"(2.6430000000000002, 5.544]","(2.6430000000000002, 5.969]",*
5.367761194747169,"(2.6430000000000002, 5.544]","(2.6430000000000002, 5.969]",*
5.367789513697339,"(2.6430000000000002, 5.544]","(2.6430000000000002, 5.969]",*
5.368736614710577,"(2.6430000000000002, 5.544]","(2.6430000000000002, 5.969]",*
5.368755237368601,"(2.6430000000000002, 5.544]","(2.6430000000000002, 5.969]",*
5.368865348838417,"(2.6430000000000002, 5.544]","(2.6430000000000002, 5.969]",*
5.369021376385974,"(2.6430000000000002, 5.544]","(2.6430000000000002, 5.969]",*
5.369129033568636,"(2.6430000000000002, 5.544]","(2.6430000000000002, 5.969]",*
5.370173557959287,"(2.6430000000000002, 5.544]","(2.6430000000000002, 5.969]",*
5.37018466080818,"(2.6430000000000002, 5.544]","(2.6430000000000002, 5.969]",*
5.370192751687836,"(2.6430000000000002, 5.544]","(2.6430000000000002, 5.969]",*
5.375149492217626,"(2.6430000000000002, 5.544]","(2.6430000000000002, 5.969]",*
5.3753292055564215,"(2.6430000000000002, 5.544]","(2.6430000000000002, 5.969]",*
5.376432519137135,"(2.6430000000000002, 5.544]","(2.6430000000000002, 5.969]",*
5.377845549813673,"(2.6430000000000002, 5.544]","(2.6430000000000002, 5.969]",*
5.378244757866552,"(2.6430000000000002, 5.544]","(2.6430000000000002, 5.969]",*
5.378584047350422,"(2.6430000000000002, 5.544]","(2.6430000000000002, 5.969]",*
5.379084859580583,"(2.6430000000000002, 5.544]","(2.6430000000000002, 5.969]",*
5.379114401172715,"(2.6430000000000002, 5.544]","(2.6430000000000002, 5.969]",*
5.379463350755733,"(2.6430000000000002, 5.544]","(2.6430000000000002, 5.969]",*
5.379595573745004,"(2.6430000000000002, 5.544]","(2.6430000000000002, 5.969]",*
5.379704851252908,"(2.6430000000000002, 5.544]","(2.6430000000000002, 5.969]",*
5.3797072206057965,"(2.6430000000000002, 5.544]","(2.6430000000000002, 5.969]",*
5.379846131410528,"(2.6430000000000002, 5.544]","(2.6430000000000002, 5.969]",*
5.3801745217293,"(2.6430000000000002, 5.544]","(2.6430000000000002, 5.969]",*
5.380618602650279,"(2.6430000000000002, 5.544]","(2.6430000000000002, 5.969]",*
5.382984045615864,"(2.6430000000000002, 5.544]","(2.6430000000000002, 5.969]",*
5.384035499874667,"(2.6430000000000002, 5.544]","(2.6430000000000002, 5.969]",*
5.384138326874332,"(2.6430000000000002, 5.544]","(2.6430000000000002, 5.969]",*
5.384841407498108,"(2.6430000000000002, 5.544]","(2.6430000000000002, 5.969]",*
5.386386504092151,"(2.6430000000000002, 5.544]","(2.6430000000000002, 5.969]",*
5.386918410901719,"(2.6430000000000002, 5.544]","(2.6430000000000002, 5.969]",*
5.38707860873112,"(2.6430000000000002, 5.544]","(2.6430000000000002, 5.969]",*
5.387352926083598,"(2.6430000000000002, 5.544]","(2.6430000000000002, 5.969]",*
5.387931861606589,"(2.6430000000000002, 5.544]","(2.6430000000000002, 5.969]",*
5.389285536457248,"(2.6430000000000002, 5.544]","(2.6430000000000002, 5.969]",*
5.390035653629261,"(2.6430000000000002, 5.544]","(2.6430000000000002, 5.969]",*
5.391557787902904,"(2.6430000000000002, 5.544]","(2.6430000000000002, 5.969]",*
5.391957403425857,"(2.6430000000000002, 5.544]","(2.6430000000000002, 5.969]",*
5.392023337388177,"(2.6430000000000002, 5.544]","(2.6430000000000002, 5.969]",*
5.392094464520575,"(2.6430000000000002, 5.544]","(2.6430000000000002, 5.969]",*
5.393977714301145,"(2.6430000000000002, 5.544]","(2.6430000000000002, 5.969]",*
5.394285016646036,"(2.6430000000000002, 5.544]","(2.6430000000000002, 5.969]",*
5.39432197958559,"(2.6430000000000002, 5.544]","(2.6430000000000002, 5.969]",*
5.395238141507923,"(2.6430000000000002, 5.544]","(2.6430000000000002, 5.969]",*
5.3963631417985525,"(2.6430000000000002, 5.544]","(2.6430000000000002, 5.969]",*
5.396819180014767,"(2.6430000000000002, 5.544]","(2.6430000000000002, 5.969]",*
5.396988244893719,"(2.6430000000000002, 5.544]","(2.6430000000000002, 5.969]",*
5.3977189820434734,"(2.6430000000000002, 5.544]","(2.6430000000000002, 5.969]",*
5.397964171368026,"(2.6430000000000002, 5.544]","(2.6430000000000002, 5.969]",*
5.399849594465637,"(2.6430000000000002, 5.544]","(2.6430000000000002, 5.969]",*
5.400275393451689,"(2.6430000000000002, 5.544]","(2.6430000000000002, 5.969]",*
5.400627906471686,"(2.6430000000000002, 5.544]","(2.6430000000000002, 5.969]",*
5.400689144736288,"(2.6430000000000002, 5.544]","(2.6430000000000002, 5.969]",*
5.400851894405206,"(2.6430000000000002, 5.544]","(2.6430000000000002, 5.969]",*
5.401913201106727,"(2.6430000000000002, 5.544]","(2.6430000000000002, 5.969]",*
5.402040221372158,"(2.6430000000000002, 5.544]","(2.6430000000000002, 5.969]",*
5.402340616763095,"(2.6430000000000002, 5.544]","(2.6430000000000002, 5.969]",*
5.402463496633216,"(2.6430000000000002, 5.544]","(2.6430000000000002, 5.969]",*
5.403175672900816,"(2.6430000000000002, 5.544]","(2.6430000000000002, 5.969]",*
5.404097947141632,"(2.6430000000000002, 5.544]","(2.6430000000000002, 5.969]",*
5.405141567556468,"(2.6430000000000002, 5.544]","(2.6430000000000002, 5.969]",*
5.405265969173887,"(2.6430000000000002, 5.544]","(2.6430000000000002, 5.969]",*
5.405307086907028,"(2.6430000000000002, 5.544]","(2.6430000000000002, 5.969]",*
5.405444821204956,"(2.6430000000000002, 5.544]","(2.6430000000000002, 5.969]",*
5.406981272378931,"(2.6430000000000002, 5.544]","(2.6430000000000002, 5.969]",*
5.407138622353934,"(2.6430000000000002, 5.544]","(2.6430000000000002, 5.969]",*
5.407478240985596,"(2.6430000000000002, 5.544]","(2.6430000000000002, 5.969]",*
5.407514628593921,"(2.6430000000000002, 5.544]","(2.6430000000000002, 5.969]",*
5.407872111923038,"(2.6430000000000002, 5.544]","(2.6430000000000002, 5.969]",*
5.40810190433742,"(2.6430000000000002, 5.544]","(2.6430000000000002, 5.969]",*
5.408652545352245,"(2.6430000000000002, 5.544]","(2.6430000000000002, 5.969]",*
5.4088999650511065,"(2.6430000000000002, 5.544]","(2.6430000000000002, 5.969]",*
5.409128311105467,"(2.6430000000000002, 5.544]","(2.6430000000000002, 5.969]",*
5.409874134777455,"(2.6430000000000002, 5.544]","(2.6430000000000002, 5.969]",*
5.4099337651688,"(2.6430000000000002, 5.544]","(2.6430000000000002, 5.969]",*
5.410086330448662,"(2.6430000000000002, 5.544]","(2.6430000000000002, 5.969]",*
5.410623946203773,"(2.6430000000000002, 5.544]","(2.6430000000000002, 5.969]",*
5.41187741492985,"(2.6430000000000002, 5.544]","(2.6430000000000002, 5.969]",*
5.412044152879203,"(2.6430000000000002, 5.544]","(2.6430000000000002, 5.969]",*
5.412142905416225,"(2.6430000000000002, 5.544]","(2.6430000000000002, 5.969]",*
5.41226497085513,"(2.6430000000000002, 5.544]","(2.6430000000000002, 5.969]",*
5.414240962698717,"(2.6430000000000002, 5.544]","(2.6430000000000002, 5.969]",*
5.414388206120352,"(2.6430000000000002, 5.544]","(2.6430000000000002, 5.969]",*
5.414565600954802,"(2.6430000000000002, 5.544]","(2.6430000000000002, 5.969]",*
5.415519451386497,"(2.6430000000000002, 5.544]","(2.6430000000000002, 5.969]",*
5.416065414398814,"(2.6430000000000002, 5.544]","(2.6430000000000002, 5.969]",*
5.416746592158999,"(2.6430000000000002, 5.544]","(2.6430000000000002, 5.969]",*
5.416960597262445,"(2.6430000000000002, 5.544]","(2.6430000000000002, 5.969]",*
5.41739394108037,"(2.6430000000000002, 5.544]","(2.6430000000000002, 5.969]",*
5.41791399103995,"(2.6430000000000002, 5.544]","(2.6430000000000002, 5.969]",*
5.418324640776183,"(2.6430000000000002, 5.544]","(2.6430000000000002, 5.969]",*
5.418954685258795,"(2.6430000000000002, 5.544]","(2.6430000000000002, 5.969]",*
5.419012564079195,"(2.6430000000000002, 5.544]","(2.6430000000000002, 5.969]",*
5.419280897668876,"(2.6430000000000002, 5.544]","(2.6430000000000002, 5.969]",*
5.419562910682705,"(2.6430000000000002, 5.544]","(2.6430000000000002, 5.969]",*
5.419607066940527,"(2.6430000000000002, 5.544]","(2.6430000000000002, 5.969]",*
5.421143531350457,"(2.6430000000000002, 5.544]","(2.6430000000000002, 5.969]",*
5.421296392688249,"(2.6430000000000002, 5.544]","(2.6430000000000002, 5.969]",*
5.422936007714291,"(2.6430000000000002, 5.544]","(2.6430000000000002, 5.969]",*
5.423909774837758,"(2.6430000000000002, 5.544]","(2.6430000000000002, 5.969]",*
5.424773687697713,"(2.6430000000000002, 5.544]","(2.6430000000000002, 5.969]",*
5.425680444961299,"(2.6430000000000002, 5.544]","(2.6430000000000002, 5.969]",*
5.425916411662374,"(2.6430000000000002, 5.544]","(2.6430000000000002, 5.969]",*
5.426193918262367,"(2.6430000000000002, 5.544]","(2.6430000000000002, 5.969]",*
5.426837102746391,"(2.6430000000000002, 5.544]","(2.6430000000000002, 5.969]",*
5.426987046640277,"(2.6430000000000002, 5.544]","(2.6430000000000002, 5.969]",*
5.428227059025979,"(2.6430000000000002, 5.544]","(2.6430000000000002, 5.969]",*
5.4284346597401605,"(2.6430000000000002, 5.544]","(2.6430000000000002, 5.969]",*
5.428850306747474,"(2.6430000000000002, 5.544]","(2.6430000000000002, 5.969]",*
5.429629503011461,"(2.6430000000000002, 5.544]","(2.6430000000000002, 5.969]",*
5.429705913104472,"(2.6430000000000002, 5.544]","(2.6430000000000002, 5.969]",*
5.430074691298187,"(2.6430000000000002, 5.544]","(2.6430000000000002, 5.969]",*
5.430195078221762,"(2.6430000000000002, 5.544]","(2.6430000000000002, 5.969]",*
5.430302261747446,"(2.6430000000000002, 5.544]","(2.6430000000000002, 5.969]",*
5.430800354568116,"(2.6430000000000002, 5.544]","(2.6430000000000002, 5.969]",*
5.431862976221986,"(2.6430000000000002, 5.544]","(2.6430000000000002, 5.969]",*
5.4324023967406765,"(2.6430000000000002, 5.544]","(2.6430000000000002, 5.969]",*
5.432982247911968,"(2.6430000000000002, 5.544]","(2.6430000000000002, 5.969]",*
5.433298628341007,"(2.6430000000000002, 5.544]","(2.6430000000000002, 5.969]",*
5.433570131227667,"(2.6430000000000002, 5.544]","(2.6430000000000002, 5.969]",*
5.433654041378869,"(2.6430000000000002, 5.544]","(2.6430000000000002, 5.969]",*
5.433850089469278,"(2.6430000000000002, 5.544]","(2.6430000000000002, 5.969]",*
5.434055757279951,"(2.6430000000000002, 5.544]","(2.6430000000000002, 5.969]",*
5.434087069876792,"(2.6430000000000002, 5.544]","(2.6430000000000002, 5.969]",*
5.435415182555817,"(2.6430000000000002, 5.544]","(2.6430000000000002, 5.969]",*
5.435725733768245,"(2.6430000000000002, 5.544]","(2.6430000000000002, 5.969]",*
5.43630620204688,"(2.6430000000000002, 5.544]","(2.6430000000000002, 5.969]",*
5.436395969816268,"(2.6430000000000002, 5.544]","(2.6430000000000002, 5.969]",*
5.43786162921454,"(2.6430000000000002, 5.544]","(2.6430000000000002, 5.969]",*
5.440212327737196,"(2.6430000000000002, 5.544]","(2.6430000000000002, 5.969]",*
5.440333831000985,"(2.6430000000000002, 5.544]","(2.6430000000000002, 5.969]",*
5.440611042956553,"(2.6430000000000002, 5.544]","(2.6430000000000002, 5.969]",*
5.440725043096192,"(2.6430000000000002, 5.544]","(2.6430000000000002, 5.969]",*
5.440850150028354,"(2.6430000000000002, 5.544]","(2.6430000000000002, 5.969]",*
5.4419915935389245,"(2.6430000000000002, 5.544]","(2.6430000000000002, 5.969]",*
5.443039345845366,"(2.6430000000000002, 5.544]","(2.6430000000000002, 5.969]",*
5.443119456839965,"(2.6430000000000002, 5.544]","(2.6430000000000002, 5.969]",*
5.443156466535474,"(2.6430000000000002, 5.544]","(2.6430000000000002, 5.969]",*
5.443359590192101,"(2.6430000000000002, 5.544]","(2.6430000000000002, 5.969]",*
5.443617288384342,"(2.6430000000000002, 5.544]","(2.6430000000000002, 5.969]",*
5.443868937682847,"(2.6430000000000002, 5.544]","(2.6430000000000002, 5.969]",*
5.443881966120507,"(2.6430000000000002, 5.544]","(2.6430000000000002, 5.969]",*
5.443883946207656,"(2.6430000000000002, 5.544]","(2.6430000000000002, 5.969]",*
5.444737201793215,"(2.6430000000000002, 5.544]","(2.6430000000000002, 5.969]",*
5.4453828503806205,"(2.6430000000000002, 5.544]","(2.6430000000000002, 5.969]",*
5.446190937577986,"(2.6430000000000002, 5.544]","(2.6430000000000002, 5.969]",*
5.446212215373452,"(2.6430000000000002, 5.544]","(2.6430000000000002, 5.969]",*
5.446503903050755,"(2.6430000000000002, 5.544]","(2.6430000000000002, 5.969]",*
5.44689664391476,"(2.6430000000000002, 5.544]","(2.6430000000000002, 5.969]",*
5.447567552976506,"(2.6430000000000002, 5.544]","(2.6430000000000002, 5.969]",*
5.447651332709823,"(2.6430000000000002, 5.544]","(2.6430000000000002, 5.969]",*
5.447704767607705,"(2.6430000000000002, 5.544]","(2.6430000000000002, 5.969]",*
5.447755810360099,"(2.6430000000000002, 5.544]","(2.6430000000000002, 5.969]",*
5.45022145816967,"(2.6430000000000002, 5.544]","(2.6430000000000002, 5.969]",*
5.450699152740259,"(2.6430000000000002, 5.544]","(2.6430000000000002, 5.969]",*
5.452237429779471,"(2.6430000000000002, 5.544]","(2.6430000000000002, 5.969]",*
5.452384484341152,"(2.6430000000000002, 5.544]","(2.6430000000000002, 5.969]",*
5.453652414452944,"(2.6430000000000002, 5.544]","(2.6430000000000002, 5.969]",*
5.453666773596726,"(2.6430000000000002, 5.544]","(2.6430000000000002, 5.969]",*
5.453673165496137,"(2.6430000000000002, 5.544]","(2.6430000000000002, 5.969]",*
5.45377533621183,"(2.6430000000000002, 5.544]","(2.6430000000000002, 5.969]",*
5.45474324969433,"(2.6430000000000002, 5.544]","(2.6430000000000002, 5.969]",*
5.456277933820019,"(2.6430000000000002, 5.544]","(2.6430000000000002, 5.969]",*
5.45703691484912,"(2.6430000000000002, 5.544]","(2.6430000000000002, 5.969]",*
5.4570439173750165,"(2.6430000000000002, 5.544]","(2.6430000000000002, 5.969]",*
5.4580324748342885,"(2.6430000000000002, 5.544]","(2.6430000000000002, 5.969]",*
5.459418735039632,"(2.6430000000000002, 5.544]","(2.6430000000000002, 5.969]",*
5.459845342454068,"(2.6430000000000002, 5.544]","(2.6430000000000002, 5.969]",*
5.460238285059996,"(2.6430000000000002, 5.544]","(2.6430000000000002, 5.969]",*
5.460823005250585,"(2.6430000000000002, 5.544]","(2.6430000000000002, 5.969]",*
5.460826102675087,"(2.6430000000000002, 5.544]","(2.6430000000000002, 5.969]",*
5.4609727510930615,"(2.6430000000000002, 5.544]","(2.6430000000000002, 5.969]",*
5.461126676735522,"(2.6430000000000002, 5.544]","(2.6430000000000002, 5.969]",*
5.462484807869744,"(2.6430000000000002, 5.544]","(2.6430000000000002, 5.969]",*
5.462520446274217,"(2.6430000000000002, 5.544]","(2.6430000000000002, 5.969]",*
5.463119185694131,"(2.6430000000000002, 5.544]","(2.6430000000000002, 5.969]",*
5.463465496740072,"(2.6430000000000002, 5.544]","(2.6430000000000002, 5.969]",*
5.463875478325175,"(2.6430000000000002, 5.544]","(2.6430000000000002, 5.969]",*
5.464991823130545,"(2.6430000000000002, 5.544]","(2.6430000000000002, 5.969]",*
5.465393231160197,"(2.6430000000000002, 5.544]","(2.6430000000000002, 5.969]",*
5.466350329009458,"(2.6430000000000002, 5.544]","(2.6430000000000002, 5.969]",*
5.466741627979064,"(2.6430000000000002, 5.544]","(2.6430000000000002, 5.969]",*
5.468158427157482,"(2.6430000000000002, 5.544]","(2.6430000000000002, 5.969]",*
5.468522725802324,"(2.6430000000000002, 5.544]","(2.6430000000000002, 5.969]",*
5.468557357791449,"(2.6430000000000002, 5.544]","(2.6430000000000002, 5.969]",*
5.468813499662606,"(2.6430000000000002, 5.544]","(2.6430000000000002, 5.969]",*
5.4690105796781765,"(2.6430000000000002, 5.544]","(2.6430000000000002, 5.969]",*
5.4703152983688685,"(2.6430000000000002, 5.544]","(2.6430000000000002, 5.969]",*
5.470652206754396,"(2.6430000000000002, 5.544]","(2.6430000000000002, 5.969]",*
5.470850799085091,"(2.6430000000000002, 5.544]","(2.6430000000000002, 5.969]",*
5.471723697712622,"(2.6430000000000002, 5.544]","(2.6430000000000002, 5.969]",*
5.472331805408117,"(2.6430000000000002, 5.544]","(2.6430000000000002, 5.969]",*
5.472493192302131,"(2.6430000000000002, 5.544]","(2.6430000000000002, 5.969]",*
5.473312141375488,"(2.6430000000000002, 5.544]","(2.6430000000000002, 5.969]",*
5.474098801455816,"(2.6430000000000002, 5.544]","(2.6430000000000002, 5.969]",*
5.474150935513896,"(2.6430000000000002, 5.544]","(2.6430000000000002, 5.969]",*
5.474835964233616,"(2.6430000000000002, 5.544]","(2.6430000000000002, 5.969]",*
5.474910833789131,"(2.6430000000000002, 5.544]","(2.6430000000000002, 5.969]",*
5.475178220408301,"(2.6430000000000002, 5.544]","(2.6430000000000002, 5.969]",*
5.475737319995329,"(2.6430000000000002, 5.544]","(2.6430000000000002, 5.969]",*
5.476039766989327,"(2.6430000000000002, 5.544]","(2.6430000000000002, 5.969]",*
5.4764158989943885,"(2.6430000000000002, 5.544]","(2.6430000000000002, 5.969]",*
5.476513157767185,"(2.6430000000000002, 5.544]","(2.6430000000000002, 5.969]",*
5.4768999841883215,"(2.6430000000000002, 5.544]","(2.6430000000000002, 5.969]",*
5.477064875213483,"(2.6430000000000002, 5.544]","(2.6430000000000002, 5.969]",*
5.477620191832283,"(2.6430000000000002, 5.544]","(2.6430000000000002, 5.969]",*
5.478183594318212,"(2.6430000000000002, 5.544]","(2.6430000000000002, 5.969]",*
5.478390527721304,"(2.6430000000000002, 5.544]","(2.6430000000000002, 5.969]",*
5.478497391760718,"(2.6430000000000002, 5.544]","(2.6430000000000002, 5.969]",*
5.4789065597609135,"(2.6430000000000002, 5.544]","(2.6430000000000002, 5.969]",*
5.479309425722357,"(2.6430000000000002, 5.544]","(2.6430000000000002, 5.969]",*
5.47980182956556,"(2.6430000000000002, 5.544]","(2.6430000000000002, 5.969]",*
5.479987313815736,"(2.6430000000000002, 5.544]","(2.6430000000000002, 5.969]",*
5.480142488915568,"(2.6430000000000002, 5.544]","(2.6430000000000002, 5.969]",*
5.481563240744113,"(2.6430000000000002, 5.544]","(2.6430000000000002, 5.969]",*
5.482266405831638,"(2.6430000000000002, 5.544]","(2.6430000000000002, 5.969]",*
5.482703955566032,"(2.6430000000000002, 5.544]","(2.6430000000000002, 5.969]",*
5.4830829489315365,"(2.6430000000000002, 5.544]","(2.6430000000000002, 5.969]",*
5.483242751638725,"(2.6430000000000002, 5.544]","(2.6430000000000002, 5.969]",*
5.485974581945371,"(2.6430000000000002, 5.544]","(2.6430000000000002, 5.969]",*
5.486063019505209,"(2.6430000000000002, 5.544]","(2.6430000000000002, 5.969]",*
5.486130126349415,"(2.6430000000000002, 5.544]","(2.6430000000000002, 5.969]",*
5.486476593663888,"(2.6430000000000002, 5.544]","(2.6430000000000002, 5.969]",*
5.4877125401203335,"(2.6430000000000002, 5.544]","(2.6430000000000002, 5.969]",*
5.487953135153772,"(2.6430000000000002, 5.544]","(2.6430000000000002, 5.969]",*
5.488057127272996,"(2.6430000000000002, 5.544]","(2.6430000000000002, 5.969]",*
5.4881968791906015,"(2.6430000000000002, 5.544]","(2.6430000000000002, 5.969]",*
5.488401987401417,"(2.6430000000000002, 5.544]","(2.6430000000000002, 5.969]",*
5.488727064920955,"(2.6430000000000002, 5.544]","(2.6430000000000002, 5.969]",*
5.4887371895822765,"(2.6430000000000002, 5.544]","(2.6430000000000002, 5.969]",*
5.489699256615074,"(2.6430000000000002, 5.544]","(2.6430000000000002, 5.969]",*
5.490367990977961,"(2.6430000000000002, 5.544]","(2.6430000000000002, 5.969]",*
5.490824817697541,"(2.6430000000000002, 5.544]","(2.6430000000000002, 5.969]",*
5.49092227304844,"(2.6430000000000002, 5.544]","(2.6430000000000002, 5.969]",*
5.491419387676388,"(2.6430000000000002, 5.544]","(2.6430000000000002, 5.969]",*
5.4923104387145125,"(2.6430000000000002, 5.544]","(2.6430000000000002, 5.969]",*
5.492570783718703,"(2.6430000000000002, 5.544]","(2.6430000000000002, 5.969]",*
5.4929737806763415,"(2.6430000000000002, 5.544]","(2.6430000000000002, 5.969]",*
5.493161996411708,"(2.6430000000000002, 5.544]","(2.6430000000000002, 5.969]",*
5.493365974289604,"(2.6430000000000002, 5.544]","(2.6430000000000002, 5.969]",*
5.494289797707812,"(2.6430000000000002, 5.544]","(2.6430000000000002, 5.969]",*
5.494487520449796,"(2.6430000000000002, 5.544]","(2.6430000000000002, 5.969]",*
5.494535086801504,"(2.6430000000000002, 5.544]","(2.6430000000000002, 5.969]",*
5.494795165927536,"(2.6430000000000002, 5.544]","(2.6430000000000002, 5.969]",*
5.496428165416041,"(2.6430000000000002, 5.544]","(2.6430000000000002, 5.969]",*
5.49666827807112,"(2.6430000000000002, 5.544]","(2.6430000000000002, 5.969]",*
5.497667056488641,"(2.6430000000000002, 5.544]","(2.6430000000000002, 5.969]",*
5.497874148317674,"(2.6430000000000002, 5.544]","(2.6430000000000002, 5.969]",*
5.498112931496408,"(2.6430000000000002, 5.544]","(2.6430000000000002, 5.969]",*
5.499309697116084,"(2.6430000000000002, 5.544]","(2.6430000000000002, 5.969]",*
5.500128572841659,"(2.6430000000000002, 5.544]","(2.6430000000000002, 5.969]",*
5.5002000833489015,"(2.6430000000000002, 5.544]","(2.6430000000000002, 5.969]",*
5.5009045168398165,"(2.6430000000000002, 5.544]","(2.6430000000000002, 5.969]",*
5.501132369572964,"(2.6430000000000002, 5.544]","(2.6430000000000002, 5.969]",*
5.502964942195977,"(2.6430000000000002, 5.544]","(2.6430000000000002, 5.969]",*
5.5030800328768885,"(2.6430000000000002, 5.544]","(2.6430000000000002, 5.969]",*
5.503923196339867,"(2.6430000000000002, 5.544]","(2.6430000000000002, 5.969]",*
5.503955342073036,"(2.6430000000000002, 5.544]","(2.6430000000000002, 5.969]",*
5.5040124926860265,"(2.6430000000000002, 5.544]","(2.6430000000000002, 5.969]",*
5.504283692471437,"(2.6430000000000002, 5.544]","(2.6430000000000002, 5.969]",*
5.5042942094805865,"(2.6430000000000002, 5.544]","(2.6430000000000002, 5.969]",*
5.504488306088796,"(2.6430000000000002, 5.544]","(2.6430000000000002, 5.969]",*
5.505002198547745,"(2.6430000000000002, 5.544]","(2.6430000000000002, 5.969]",*
5.506412845218173,"(2.6430000000000002, 5.544]","(2.6430000000000002, 5.969]",*
5.506473429253344,"(2.6430000000000002, 5.544]","(2.6430000000000002, 5.969]",*
5.506579632934134,"(2.6430000000000002, 5.544]","(2.6430000000000002, 5.969]",*
5.507106333991289,"(2.6430000000000002, 5.544]","(2.6430000000000002, 5.969]",*
5.507289183144327,"(2.6430000000000002, 5.544]","(2.6430000000000002, 5.969]",*
5.507505381572496,"(2.6430000000000002, 5.544]","(2.6430000000000002, 5.969]",*
5.507913479943554,"(2.6430000000000002, 5.544]","(2.6430000000000002, 5.969]",*
5.510010799396732,"(2.6430000000000002, 5.544]","(2.6430000000000002, 5.969]",*
5.510088341280161,"(2.6430000000000002, 5.544]","(2.6430000000000002, 5.969]",*
5.510351615890268,"(2.6430000000000002, 5.544]","(2.6430000000000002, 5.969]",*
5.510917603821728,"(2.6430000000000002, 5.544]","(2.6430000000000002, 5.969]",*
5.511825206277583,"(2.6430000000000002, 5.544]","(2.6430000000000002, 5.969]",*
5.511947844912237,"(2.6430000000000002, 5.544]","(2.6430000000000002, 5.969]",*
5.512044490274488,"(2.6430000000000002, 5.544]","(2.6430000000000002, 5.969]",*
5.51250541779659,"(2.6430000000000002, 5.544]","(2.6430000000000002, 5.969]",*
5.513337857686358,"(2.6430000000000002, 5.544]","(2.6430000000000002, 5.969]",*
5.513687015857947,"(2.6430000000000002, 5.544]","(2.6430000000000002, 5.969]",*
5.515336829009134,"(2.6430000000000002, 5.544]","(2.6430000000000002, 5.969]",*
5.515535532974448,"(2.6430000000000002, 5.544]","(2.6430000000000002, 5.969]",*
5.515547729014164,"(2.6430000000000002, 5.544]","(2.6430000000000002, 5.969]",*
5.516292486588186,"(2.6430000000000002, 5.544]","(2.6430000000000002, 5.969]",*
5.519534662457242,"(2.6430000000000002, 5.544]","(2.6430000000000002, 5.969]",*
5.5208248961622655,"(2.6430000000000002, 5.544]","(2.6430000000000002, 5.969]",*
5.521132722884032,"(2.6430000000000002, 5.544]","(2.6430000000000002, 5.969]",*
5.521501568604574,"(2.6430000000000002, 5.544]","(2.6430000000000002, 5.969]",*
5.521608814198314,"(2.6430000000000002, 5.544]","(2.6430000000000002, 5.969]",*
5.522134704807946,"(2.6430000000000002, 5.544]","(2.6430000000000002, 5.969]",*
5.522402282975747,"(2.6430000000000002, 5.544]","(2.6430000000000002, 5.969]",*
5.522653203817231,"(2.6430000000000002, 5.544]","(2.6430000000000002, 5.969]",*
5.522890844223667,"(2.6430000000000002, 5.544]","(2.6430000000000002, 5.969]",*
5.523318652524406,"(2.6430000000000002, 5.544]","(2.6430000000000002, 5.969]",*
5.52475542937413,"(2.6430000000000002, 5.544]","(2.6430000000000002, 5.969]",*
5.525295191524273,"(2.6430000000000002, 5.544]","(2.6430000000000002, 5.969]",*
5.525518295263293,"(2.6430000000000002, 5.544]","(2.6430000000000002, 5.969]",*
5.526226443624507,"(2.6430000000000002, 5.544]","(2.6430000000000002, 5.969]",*
5.527126902055095,"(2.6430000000000002, 5.544]","(2.6430000000000002, 5.969]",*
5.527459816694027,"(2.6430000000000002, 5.544]","(2.6430000000000002, 5.969]",*
5.527612234308698,"(2.6430000000000002, 5.544]","(2.6430000000000002, 5.969]",*
5.528790248254267,"(2.6430000000000002, 5.544]","(2.6430000000000002, 5.969]",*
5.529209120774715,"(2.6430000000000002, 5.544]","(2.6430000000000002, 5.969]",*
5.529295392122919,"(2.6430000000000002, 5.544]","(2.6430000000000002, 5.969]",*
5.530011008560227,"(2.6430000000000002, 5.544]","(2.6430000000000002, 5.969]",*
5.530044457303527,"(2.6430000000000002, 5.544]","(2.6430000000000002, 5.969]",*
5.531123591209044,"(2.6430000000000002, 5.544]","(2.6430000000000002, 5.969]",*
5.531907671465604,"(2.6430000000000002, 5.544]","(2.6430000000000002, 5.969]",*
5.533015545583083,"(2.6430000000000002, 5.544]","(2.6430000000000002, 5.969]",*
5.533214495648467,"(2.6430000000000002, 5.544]","(2.6430000000000002, 5.969]",*
5.5337591711501135,"(2.6430000000000002, 5.544]","(2.6430000000000002, 5.969]",*
5.534388416220344,"(2.6430000000000002, 5.544]","(2.6430000000000002, 5.969]",*
5.534627543649976,"(2.6430000000000002, 5.544]","(2.6430000000000002, 5.969]",*
5.534934173891852,"(2.6430000000000002, 5.544]","(2.6430000000000002, 5.969]",*
5.53496589474438,"(2.6430000000000002, 5.544]","(2.6430000000000002, 5.969]",*
5.5354605439628495,"(2.6430000000000002, 5.544]","(2.6430000000000002, 5.969]",*
5.535626527899439,"(2.6430000000000002, 5.544]","(2.6430000000000002, 5.969]",*
5.535920946384011,"(2.6430000000000002, 5.544]","(2.6430000000000002, 5.969]",*
5.536337682056817,"(2.6430000000000002, 5.544]","(2.6430000000000002, 5.969]",*
5.5370798196166175,"(2.6430000000000002, 5.544]","(2.6430000000000002, 5.969]",*
5.537926730329317,"(2.6430000000000002, 5.544]","(2.6430000000000002, 5.969]",*
5.538018848259371,"(2.6430000000000002, 5.544]","(2.6430000000000002, 5.969]",*
5.5380428493757465,"(2.6430000000000002, 5.544]","(2.6430000000000002, 5.969]",*
5.538518712914742,"(2.6430000000000002, 5.544]","(2.6430000000000002, 5.969]",*
5.539684195328434,"(2.6430000000000002, 5.544]","(2.6430000000000002, 5.969]",*
5.539685889961555,"(2.6430000000000002, 5.544]","(2.6430000000000002, 5.969]",*
5.539850453777021,"(2.6430000000000002, 5.544]","(2.6430000000000002, 5.969]",*
5.5401705993510575,"(2.6430000000000002, 5.544]","(2.6430000000000002, 5.969]",*
5.540375011605314,"(2.6430000000000002, 5.544]","(2.6430000000000002, 5.969]",*
5.540480219320139,"(2.6430000000000002, 5.544]","(2.6430000000000002, 5.969]",*
5.5423268136512815,"(2.6430000000000002, 5.544]","(2.6430000000000002, 5.969]",*
5.543497850748541,"(2.6430000000000002, 5.544]","(2.6430000000000002, 5.969]",*
5.543674112896106,"(2.6430000000000002, 5.544]","(2.6430000000000002, 5.969]",*
5.543698857720483,"(2.6430000000000002, 5.544]","(2.6430000000000002, 5.969]",*
5.543774149256224,"(2.6430000000000002, 5.544]","(2.6430000000000002, 5.969]",*
5.544083725506495,"(5.544, 6.407]","(2.6430000000000002, 5.969]",*
5.544221046634432,"(5.544, 6.407]","(2.6430000000000002, 5.969]",*
5.546028792943789,"(5.544, 6.407]","(2.6430000000000002, 5.969]",*
5.546065429874253,"(5.544, 6.407]","(2.6430000000000002, 5.969]",*
5.546206589173267,"(5.544, 6.407]","(2.6430000000000002, 5.969]",*
5.548088740897039,"(5.544, 6.407]","(2.6430000000000002, 5.969]",*
5.549062595190642,"(5.544, 6.407]","(2.6430000000000002, 5.969]",*
5.550184070769613,"(5.544, 6.407]","(2.6430000000000002, 5.969]",*
5.550264728638205,"(5.544, 6.407]","(2.6430000000000002, 5.969]",*
5.5505436284628695,"(5.544, 6.407]","(2.6430000000000002, 5.969]",*
5.551221591990328,"(5.544, 6.407]","(2.6430000000000002, 5.969]",*
5.5515917729315385,"(5.544, 6.407]","(2.6430000000000002, 5.969]",*
5.551957131761892,"(5.544, 6.407]","(2.6430000000000002, 5.969]",*
5.552035773779206,"(5.544, 6.407]","(2.6430000000000002, 5.969]",*
5.553655007484561,"(5.544, 6.407]","(2.6430000000000002, 5.969]",*
5.553856475699772,"(5.544, 6.407]","(2.6430000000000002, 5.969]",*
5.554756972261406,"(5.544, 6.407]","(2.6430000000000002, 5.969]",*
5.554973786607309,"(5.544, 6.407]","(2.6430000000000002, 5.969]",*
5.555780845513748,"(5.544, 6.407]","(2.6430000000000002, 5.969]",*
5.556855477243596,"(5.544, 6.407]","(2.6430000000000002, 5.969]",*
5.557317233690862,"(5.544, 6.407]","(2.6430000000000002, 5.969]",*
5.557437326380133,"(5.544, 6.407]","(2.6430000000000002, 5.969]",*
5.557604724747969,"(5.544, 6.407]","(2.6430000000000002, 5.969]",*
5.557734337647626,"(5.544, 6.407]","(2.6430000000000002, 5.969]",*
5.557758131262956,"(5.544, 6.407]","(2.6430000000000002, 5.969]",*
5.5580672498772286,"(5.544, 6.407]","(2.6430000000000002, 5.969]",*
5.559047314109027,"(5.544, 6.407]","(2.6430000000000002, 5.969]",*
5.559223351780439,"(5.544, 6.407]","(2.6430000000000002, 5.969]",*
5.559525611326229,"(5.544, 6.407]","(2.6430000000000002, 5.969]",*
5.56057858170534,"(5.544, 6.407]","(2.6430000000000002, 5.969]",*
5.560582195494466,"(5.544, 6.407]","(2.6430000000000002, 5.969]",*
5.56092910093242,"(5.544, 6.407]","(2.6430000000000002, 5.969]",*
5.560995920999012,"(5.544, 6.407]","(2.6430000000000002, 5.969]",*
5.561052244117533,"(5.544, 6.407]","(2.6430000000000002, 5.969]",*
5.56173964440813,"(5.544, 6.407]","(2.6430000000000002, 5.969]",*
5.561847874955252,"(5.544, 6.407]","(2.6430000000000002, 5.969]",*
5.562565510558384,"(5.544, 6.407]","(2.6430000000000002, 5.969]",*
5.562622946536268,"(5.544, 6.407]","(2.6430000000000002, 5.969]",*
5.5626791780502,"(5.544, 6.407]","(2.6430000000000002, 5.969]",*
5.562938814255565,"(5.544, 6.407]","(2.6430000000000002, 5.969]",*
5.563118014539277,"(5.544, 6.407]","(2.6430000000000002, 5.969]",*
5.5632914828481415,"(5.544, 6.407]","(2.6430000000000002, 5.969]",*
5.564458296880464,"(5.544, 6.407]","(2.6430000000000002, 5.969]",*
5.565689964218949,"(5.544, 6.407]","(2.6430000000000002, 5.969]",*
5.565925802407963,"(5.544, 6.407]","(2.6430000000000002, 5.969]",*
5.566034503162795,"(5.544, 6.407]","(2.6430000000000002, 5.969]",*
5.568082321111231,"(5.544, 6.407]","(2.6430000000000002, 5.969]",*
5.570561937281831,"(5.544, 6.407]","(2.6430000000000002, 5.969]",*
5.571478046083817,"(5.544, 6.407]","(2.6430000000000002, 5.969]",*
5.571481673216161,"(5.544, 6.407]","(2.6430000000000002, 5.969]",*
5.571587865622468,"(5.544, 6.407]","(2.6430000000000002, 5.969]",*
5.571957615695241,"(5.544, 6.407]","(2.6430000000000002, 5.969]",*
5.572560892495426,"(5.544, 6.407]","(2.6430000000000002, 5.969]",*
5.5726719318608255,"(5.544, 6.407]","(2.6430000000000002, 5.969]",*
5.573231808068186,"(5.544, 6.407]","(2.6430000000000002, 5.969]",*
5.573279880662943,"(5.544, 6.407]","(2.6430000000000002, 5.969]",*
5.574115561710677,"(5.544, 6.407]","(2.6430000000000002, 5.969]",*
5.575523166877064,"(5.544, 6.407]","(2.6430000000000002, 5.969]",*
5.575558319020053,"(5.544, 6.407]","(2.6430000000000002, 5.969]",*
5.575612395459098,"(5.544, 6.407]","(2.6430000000000002, 5.969]",*
5.576018451284792,"(5.544, 6.407]","(2.6430000000000002, 5.969]",*
5.576406097857936,"(5.544, 6.407]","(2.6430000000000002, 5.969]",*
5.577267494234432,"(5.544, 6.407]","(2.6430000000000002, 5.969]",*
5.57757004444489,"(5.544, 6.407]","(2.6430000000000002, 5.969]",*
5.57759238301394,"(5.544, 6.407]","(2.6430000000000002, 5.969]",*
5.577625303481151,"(5.544, 6.407]","(2.6430000000000002, 5.969]",*
5.5776617444017935,"(5.544, 6.407]","(2.6430000000000002, 5.969]",*
5.5778603528466695,"(5.544, 6.407]","(2.6430000000000002, 5.969]",*
5.577889490436026,"(5.544, 6.407]","(2.6430000000000002, 5.969]",*
5.578788080207648,"(5.544, 6.407]","(2.6430000000000002, 5.969]",*
5.579520821612365,"(5.544, 6.407]","(2.6430000000000002, 5.969]",*
5.580598536877627,"(5.544, 6.407]","(2.6430000000000002, 5.969]",*
5.580815368438429,"(5.544, 6.407]","(2.6430000000000002, 5.969]",*
5.581042623447098,"(5.544, 6.407]","(2.6430000000000002, 5.969]",*
5.581331967610668,"(5.544, 6.407]","(2.6430000000000002, 5.969]",*
5.581375383287387,"(5.544, 6.407]","(2.6430000000000002, 5.969]",*
5.58257393493258,"(5.544, 6.407]","(2.6430000000000002, 5.969]",*
5.5826563433180585,"(5.544, 6.407]","(2.6430000000000002, 5.969]",*
5.584992599022117,"(5.544, 6.407]","(2.6430000000000002, 5.969]",*
5.586017083259408,"(5.544, 6.407]","(2.6430000000000002, 5.969]",*
5.586270688118825,"(5.544, 6.407]","(2.6430000000000002, 5.969]",*
5.587064648985651,"(5.544, 6.407]","(2.6430000000000002, 5.969]",*
5.588038152923076,"(5.544, 6.407]","(2.6430000000000002, 5.969]",*
5.588080993952803,"(5.544, 6.407]","(2.6430000000000002, 5.969]",*
5.588168388348665,"(5.544, 6.407]","(2.6430000000000002, 5.969]",*
5.5884867137782965,"(5.544, 6.407]","(2.6430000000000002, 5.969]",*
5.589262464532042,"(5.544, 6.407]","(2.6430000000000002, 5.969]",*
5.589395643242276,"(5.544, 6.407]","(2.6430000000000002, 5.969]",*
5.591470873943439,"(5.544, 6.407]","(2.6430000000000002, 5.969]",*
5.591788254229896,"(5.544, 6.407]","(2.6430000000000002, 5.969]",*
5.591912688041532,"(5.544, 6.407]","(2.6430000000000002, 5.969]",*
5.592402264592622,"(5.544, 6.407]","(2.6430000000000002, 5.969]",*
5.592552302773188,"(5.544, 6.407]","(2.6430000000000002, 5.969]",*
5.592888618479991,"(5.544, 6.407]","(2.6430000000000002, 5.969]",*
5.5933849024741455,"(5.544, 6.407]","(2.6430000000000002, 5.969]",*
5.593646347753979,"(5.544, 6.407]","(2.6430000000000002, 5.969]",*
5.59393998558572,"(5.544, 6.407]","(2.6430000000000002, 5.969]",*
5.594183136688462,"(5.544, 6.407]","(2.6430000000000002, 5.969]",*
5.594194543513706,"(5.544, 6.407]","(2.6430000000000002, 5.969]",*
5.594225848584419,"(5.544, 6.407]","(2.6430000000000002, 5.969]",*
5.5942513331034345,"(5.544, 6.407]","(2.6430000000000002, 5.969]",*
5.594270942207965,"(5.544, 6.407]","(2.6430000000000002, 5.969]",*
5.595076666647282,"(5.544, 6.407]","(2.6430000000000002, 5.969]",*
5.598838835007514,"(5.544, 6.407]","(2.6430000000000002, 5.969]",*
5.598933219713175,"(5.544, 6.407]","(2.6430000000000002, 5.969]",*
5.600101650690401,"(5.544, 6.407]","(2.6430000000000002, 5.969]",*
5.600449094739666,"(5.544, 6.407]","(2.6430000000000002, 5.969]",*
5.60092388627257,"(5.544, 6.407]","(2.6430000000000002, 5.969]",*
5.60119311261912,"(5.544, 6.407]","(2.6430000000000002, 5.969]",*
5.60148666755078,"(5.544, 6.407]","(2.6430000000000002, 5.969]",*
5.601503368324334,"(5.544, 6.407]","(2.6430000000000002, 5.969]",*
5.602506112041677,"(5.544, 6.407]","(2.6430000000000002, 5.969]",*
5.604022661109765,"(5.544, 6.407]","(2.6430000000000002, 5.969]",*
5.604261415556809,"(5.544, 6.407]","(2.6430000000000002, 5.969]",*
5.605703320331453,"(5.544, 6.407]","(2.6430000000000002, 5.969]",*
5.6062785824720605,"(5.544, 6.407]","(2.6430000000000002, 5.969]",*
5.606394943911967,"(5.544, 6.407]","(2.6430000000000002, 5.969]",*
5.6068589095405965,"(5.544, 6.407]","(2.6430000000000002, 5.969]",*
5.607320167378537,"(5.544, 6.407]","(2.6430000000000002, 5.969]",*
5.608289645717874,"(5.544, 6.407]","(2.6430000000000002, 5.969]",*
5.6086515326356325,"(5.544, 6.407]","(2.6430000000000002, 5.969]",*
5.608723100574993,"(5.544, 6.407]","(2.6430000000000002, 5.969]",*
5.60902249390984,"(5.544, 6.407]","(2.6430000000000002, 5.969]",*
5.6113101381575285,"(5.544, 6.407]","(2.6430000000000002, 5.969]",*
5.6114548385056455,"(5.544, 6.407]","(2.6430000000000002, 5.969]",*
5.6117720567885,"(5.544, 6.407]","(2.6430000000000002, 5.969]",*
5.612677070884992,"(5.544, 6.407]","(2.6430000000000002, 5.969]",*
5.612801653096393,"(5.544, 6.407]","(2.6430000000000002, 5.969]",*
5.613641022714066,"(5.544, 6.407]","(2.6430000000000002, 5.969]",*
5.613664581732948,"(5.544, 6.407]","(2.6430000000000002, 5.969]",*
5.613920924161405,"(5.544, 6.407]","(2.6430000000000002, 5.969]",*
5.6146664026882735,"(5.544, 6.407]","(2.6430000000000002, 5.969]",*
5.6148538267499495,"(5.544, 6.407]","(2.6430000000000002, 5.969]",*
5.6154599761726125,"(5.544, 6.407]","(2.6430000000000002, 5.969]",*
5.615809540307732,"(5.544, 6.407]","(2.6430000000000002, 5.969]",*
5.61623702714343,"(5.544, 6.407]","(2.6430000000000002, 5.969]",*
5.618340135843186,"(5.544, 6.407]","(2.6430000000000002, 5.969]",*
5.618870549288744,"(5.544, 6.407]","(2.6430000000000002, 5.969]",*
5.619504749105627,"(5.544, 6.407]","(2.6430000000000002, 5.969]",*
5.622596910529842,"(5.544, 6.407]","(2.6430000000000002, 5.969]",*
5.623071764960886,"(5.544, 6.407]","(2.6430000000000002, 5.969]",*
5.623087015761985,"(5.544, 6.407]","(2.6430000000000002, 5.969]",*
5.623938648089322,"(5.544, 6.407]","(2.6430000000000002, 5.969]",*
5.62436062645842,"(5.544, 6.407]","(2.6430000000000002, 5.969]",*
5.624500143734938,"(5.544, 6.407]","(2.6430000000000002, 5.969]",*
5.624841037609882,"(5.544, 6.407]","(2.6430000000000002, 5.969]",*
5.625005407732759,"(5.544, 6.407]","(2.6430000000000002, 5.969]",*
5.625055396185533,"(5.544, 6.407]","(2.6430000000000002, 5.969]",*
5.625066678004575,"(5.544, 6.407]","(2.6430000000000002, 5.969]",*
5.6252986036848815,"(5.544, 6.407]","(2.6430000000000002, 5.969]",*
5.625513374901294,"(5.544, 6.407]","(2.6430000000000002, 5.969]",*
5.625761810604439,"(5.544, 6.407]","(2.6430000000000002, 5.969]",*
5.626372534563623,"(5.544, 6.407]","(2.6430000000000002, 5.969]",*
5.62645684811985,"(5.544, 6.407]","(2.6430000000000002, 5.969]",*
5.627573770835682,"(5.544, 6.407]","(2.6430000000000002, 5.969]",*
5.6288806217685465,"(5.544, 6.407]","(2.6430000000000002, 5.969]",*
5.631317374795804,"(5.544, 6.407]","(2.6430000000000002, 5.969]",*
5.6315656585171485,"(5.544, 6.407]","(2.6430000000000002, 5.969]",*
5.632793365792375,"(5.544, 6.407]","(2.6430000000000002, 5.969]",*
5.632818849868281,"(5.544, 6.407]","(2.6430000000000002, 5.969]",*
5.634388053623124,"(5.544, 6.407]","(2.6430000000000002, 5.969]",*
5.634659015502961,"(5.544, 6.407]","(2.6430000000000002, 5.969]",*
5.635341192083005,"(5.544, 6.407]","(2.6430000000000002, 5.969]",*
5.63539022351401,"(5.544, 6.407]","(2.6430000000000002, 5.969]",*
5.635466737613911,"(5.544, 6.407]","(2.6430000000000002, 5.969]",*
5.635768403727792,"(5.544, 6.407]","(2.6430000000000002, 5.969]",*
5.635858986691072,"(5.544, 6.407]","(2.6430000000000002, 5.969]",*
5.636097585790707,"(5.544, 6.407]","(2.6430000000000002, 5.969]",*
5.636892090562989,"(5.544, 6.407]","(2.6430000000000002, 5.969]",*
5.636971894529947,"(5.544, 6.407]","(2.6430000000000002, 5.969]",*
5.63731209790885,"(5.544, 6.407]","(2.6430000000000002, 5.969]",*
5.63795568541139,"(5.544, 6.407]","(2.6430000000000002, 5.969]",*
5.638185034050458,"(5.544, 6.407]","(2.6430000000000002, 5.969]",*
5.638387737243332,"(5.544, 6.407]","(2.6430000000000002, 5.969]",*
5.6392665079241775,"(5.544, 6.407]","(2.6430000000000002, 5.969]",*
5.639293226445153,"(5.544, 6.407]","(2.6430000000000002, 5.969]",*
5.639329457737263,"(5.544, 6.407]","(2.6430000000000002, 5.969]",*
5.639891799291428,"(5.544, 6.407]","(2.6430000000000002, 5.969]",*
5.640162343656251,"(5.544, 6.407]","(2.6430000000000002, 5.969]",*
5.640386033581861,"(5.544, 6.407]","(2.6430000000000002, 5.969]",*
5.640918859475776,"(5.544, 6.407]","(2.6430000000000002, 5.969]",*
5.6410076856992495,"(5.544, 6.407]","(2.6430000000000002, 5.969]",*
5.641714052246409,"(5.544, 6.407]","(2.6430000000000002, 5.969]",*
5.641761882673551,"(5.544, 6.407]","(2.6430000000000002, 5.969]",*
5.642006715436626,"(5.544, 6.407]","(2.6430000000000002, 5.969]",*
5.642095564836312,"(5.544, 6.407]","(2.6430000000000002, 5.969]",*
5.6422262058791,"(5.544, 6.407]","(2.6430000000000002, 5.969]",*
5.642354238848895,"(5.544, 6.407]","(2.6430000000000002, 5.969]",*
5.642628712901997,"(5.544, 6.407]","(2.6430000000000002, 5.969]",*
5.643085828357742,"(5.544, 6.407]","(2.6430000000000002, 5.969]",*
5.643639139108534,"(5.544, 6.407]","(2.6430000000000002, 5.969]",*
5.643910689959399,"(5.544, 6.407]","(2.6430000000000002, 5.969]",*
5.644446610534506,"(5.544, 6.407]","(2.6430000000000002, 5.969]",*
5.64464106339406,"(5.544, 6.407]","(2.6430000000000002, 5.969]",*
5.644951797634579,"(5.544, 6.407]","(2.6430000000000002, 5.969]",*
5.6454798461610665,"(5.544, 6.407]","(2.6430000000000002, 5.969]",*
5.645572559121118,"(5.544, 6.407]","(2.6430000000000002, 5.969]",*
5.646393371098696,"(5.544, 6.407]","(2.6430000000000002, 5.969]",*
5.646510161957468,"(5.544, 6.407]","(2.6430000000000002, 5.969]",*
5.646557664312893,"(5.544, 6.407]","(2.6430000000000002, 5.969]",*
5.647698011754192,"(5.544, 6.407]","(2.6430000000000002, 5.969]",*
5.6487001805339645,"(5.544, 6.407]","(2.6430000000000002, 5.969]",*
5.64882212430589,"(5.544, 6.407]","(2.6430000000000002, 5.969]",*
5.649168398543769,"(5.544, 6.407]","(2.6430000000000002, 5.969]",*
5.64945333925421,"(5.544, 6.407]","(2.6430000000000002, 5.969]",*
5.649874971268113,"(5.544, 6.407]","(2.6430000000000002, 5.969]",*
5.649911053535849,"(5.544, 6.407]","(2.6430000000000002, 5.969]",*
5.6510927610406085,"(5.544, 6.407]","(2.6430000000000002, 5.969]",*
5.651893513665709,"(5.544, 6.407]","(2.6430000000000002, 5.969]",*
5.6527836365363004,"(5.544, 6.407]","(2.6430000000000002, 5.969]",*
5.652888565249815,"(5.544, 6.407]","(2.6430000000000002, 5.969]",*
5.653120315532116,"(5.544, 6.407]","(2.6430000000000002, 5.969]",*
5.653511251940649,"(5.544, 6.407]","(2.6430000000000002, 5.969]",*
5.655710429301871,"(5.544, 6.407]","(2.6430000000000002, 5.969]",*
5.655725555838855,"(5.544, 6.407]","(2.6430000000000002, 5.969]",*
5.655902969359668,"(5.544, 6.407]","(2.6430000000000002, 5.969]",*
5.6561139611114735,"(5.544, 6.407]","(2.6430000000000002, 5.969]",*
5.656329033601965,"(5.544, 6.407]","(2.6430000000000002, 5.969]",*
5.656343486063923,"(5.544, 6.407]","(2.6430000000000002, 5.969]",*
5.657841005858683,"(5.544, 6.407]","(2.6430000000000002, 5.969]",*
5.658585902710287,"(5.544, 6.407]","(2.6430000000000002, 5.969]",*
5.659088296677284,"(5.544, 6.407]","(2.6430000000000002, 5.969]",*
5.6591231678174685,"(5.544, 6.407]","(2.6430000000000002, 5.969]",*
5.659574663808581,"(5.544, 6.407]","(2.6430000000000002, 5.969]",*
5.660218312162338,"(5.544, 6.407]","(2.6430000000000002, 5.969]",*
5.660339804445549,"(5.544, 6.407]","(2.6430000000000002, 5.969]",*
5.661224648976687,"(5.544, 6.407]","(2.6430000000000002, 5.969]",*
5.661890051582931,"(5.544, 6.407]","(2.6430000000000002, 5.969]",*
5.662115139667482,"(5.544, 6.407]","(2.6430000000000002, 5.969]",*
5.662286845173958,"(5.544, 6.407]","(2.6430000000000002, 5.969]",*
5.662525532638033,"(5.544, 6.407]","(2.6430000000000002, 5.969]",*
5.662564675414643,"(5.544, 6.407]","(2.6430000000000002, 5.969]",*
5.662570992212684,"(5.544, 6.407]","(2.6430000000000002, 5.969]",*
5.662619316333176,"(5.544, 6.407]","(2.6430000000000002, 5.969]",*
5.6631641124420256,"(5.544, 6.407]","(2.6430000000000002, 5.969]",*
5.663860359296706,"(5.544, 6.407]","(2.6430000000000002, 5.969]",*
5.664970500648301,"(5.544, 6.407]","(2.6430000000000002, 5.969]",*
5.665185384549687,"(5.544, 6.407]","(2.6430000000000002, 5.969]",*
5.665250632247303,"(5.544, 6.407]","(2.6430000000000002, 5.969]",*
5.6661585556577565,"(5.544, 6.407]","(2.6430000000000002, 5.969]",*
5.666214458431293,"(5.544, 6.407]","(2.6430000000000002, 5.969]",*
5.666298295334588,"(5.544, 6.407]","(2.6430000000000002, 5.969]",*
5.666710987776705,"(5.544, 6.407]","(2.6430000000000002, 5.969]",*
5.667070098226706,"(5.544, 6.407]","(2.6430000000000002, 5.969]",*
5.667660493934783,"(5.544, 6.407]","(2.6430000000000002, 5.969]",*
5.667783744706613,"(5.544, 6.407]","(2.6430000000000002, 5.969]",*
5.668081746956892,"(5.544, 6.407]","(2.6430000000000002, 5.969]",*
5.6691814943724,"(5.544, 6.407]","(2.6430000000000002, 5.969]",*
5.6696682596142125,"(5.544, 6.407]","(2.6430000000000002, 5.969]",*
5.670682598219191,"(5.544, 6.407]","(2.6430000000000002, 5.969]",*
5.671466483710291,"(5.544, 6.407]","(2.6430000000000002, 5.969]",*
5.672336690398967,"(5.544, 6.407]","(2.6430000000000002, 5.969]",*
5.672980894725015,"(5.544, 6.407]","(2.6430000000000002, 5.969]",*
5.674288801814319,"(5.544, 6.407]","(2.6430000000000002, 5.969]",*
5.674787892202986,"(5.544, 6.407]","(2.6430000000000002, 5.969]",*
5.67487133982533,"(5.544, 6.407]","(2.6430000000000002, 5.969]",*
5.675103553602575,"(5.544, 6.407]","(2.6430000000000002, 5.969]",*
5.675667394377125,"(5.544, 6.407]","(2.6430000000000002, 5.969]",*
5.675773582014327,"(5.544, 6.407]","(2.6430000000000002, 5.969]",*
5.676345574571303,"(5.544, 6.407]","(2.6430000000000002, 5.969]",*
5.676386932391528,"(5.544, 6.407]","(2.6430000000000002, 5.969]",*
5.676505885980867,"(5.544, 6.407]","(2.6430000000000002, 5.969]",*
5.67760880970629,"(5.544, 6.407]","(2.6430000000000002, 5.969]",*
5.677637526773959,"(5.544, 6.407]","(2.6430000000000002, 5.969]",*
5.677748504111719,"(5.544, 6.407]","(2.6430000000000002, 5.969]",*
5.677800694889776,"(5.544, 6.407]","(2.6430000000000002, 5.969]",*
5.677914140881955,"(5.544, 6.407]","(2.6430000000000002, 5.969]",*
5.678351890710053,"(5.544, 6.407]","(2.6430000000000002, 5.969]",*
5.678509325806679,"(5.544, 6.407]","(2.6430000000000002, 5.969]",*
5.678625644729864,"(5.544, 6.407]","(2.6430000000000002, 5.969]",*
5.6796892810025845,"(5.544, 6.407]","(2.6430000000000002, 5.969]",*
5.679880456129098,"(5.544, 6.407]","(2.6430000000000002, 5.969]",*
5.6824767271921015,"(5.544, 6.407]","(2.6430000000000002, 5.969]",*
5.682861321615587,"(5.544, 6.407]","(2.6430000000000002, 5.969]",*
5.684122076488648,"(5.544, 6.407]","(2.6430000000000002, 5.969]",*
5.684473257854128,"(5.544, 6.407]","(2.6430000000000002, 5.969]",*
5.685544439327612,"(5.544, 6.407]","(2.6430000000000002, 5.969]",*
5.685707174954432,"(5.544, 6.407]","(2.6430000000000002, 5.969]",*
5.685730961746616,"(5.544, 6.407]","(2.6430000000000002, 5.969]",*
5.686293111730293,"(5.544, 6.407]","(2.6430000000000002, 5.969]",*
5.686392608327028,"(5.544, 6.407]","(2.6430000000000002, 5.969]",*
5.686845562057233,"(5.544, 6.407]","(2.6430000000000002, 5.969]",*
5.688242983254818,"(5.544, 6.407]","(2.6430000000000002, 5.969]",*
5.688943049287567,"(5.544, 6.407]","(2.6430000000000002, 5.969]",*
5.68895650454444,"(5.544, 6.407]","(2.6430000000000002, 5.969]",*
5.689341577023879,"(5.544, 6.407]","(2.6430000000000002, 5.969]",*
5.689564063454525,"(5.544, 6.407]","(2.6430000000000002, 5.969]",*
5.689867244394351,"(5.544, 6.407]","(2.6430000000000002, 5.969]",*
5.689943503772699,"(5.544, 6.407]","(2.6430000000000002, 5.969]",*
5.6902244104830375,"(5.544, 6.407]","(2.6430000000000002, 5.969]",*
5.690518257427738,"(5.544, 6.407]","(2.6430000000000002, 5.969]",*
5.6911217458951615,"(5.544, 6.407]","(2.6430000000000002, 5.969]",*
5.691129212559008,"(5.544, 6.407]","(2.6430000000000002, 5.969]",*
5.691650411637049,"(5.544, 6.407]","(2.6430000000000002, 5.969]",*
5.691659801125207,"(5.544, 6.407]","(2.6430000000000002, 5.969]",*
5.691798357899348,"(5.544, 6.407]","(2.6430000000000002, 5.969]",*
5.692877721428318,"(5.544, 6.407]","(2.6430000000000002, 5.969]",*
5.693896342111059,"(5.544, 6.407]","(2.6430000000000002, 5.969]",*
5.694610807792681,"(5.544, 6.407]","(2.6430000000000002, 5.969]",*
5.69463794053941,"(5.544, 6.407]","(2.6430000000000002, 5.969]",*
5.69477911193525,"(5.544, 6.407]","(2.6430000000000002, 5.969]",*
5.695144683740957,"(5.544, 6.407]","(2.6430000000000002, 5.969]",*
5.695521989980192,"(5.544, 6.407]","(2.6430000000000002, 5.969]",*
5.695537774513646,"(5.544, 6.407]","(2.6430000000000002, 5.969]",*
5.695897214692995,"(5.544, 6.407]","(2.6430000000000002, 5.969]",*
5.696016624527851,"(5.544, 6.407]","(2.6430000000000002, 5.969]",*
5.696277886428125,"(5.544, 6.407]","(2.6430000000000002, 5.969]",*
5.6964102585562575,"(5.544, 6.407]","(2.6430000000000002, 5.969]",*
5.696900627538728,"(5.544, 6.407]","(2.6430000000000002, 5.969]",*
5.698054349960632,"(5.544, 6.407]","(2.6430000000000002, 5.969]",*
5.698344354222736,"(5.544, 6.407]","(2.6430000000000002, 5.969]",*
5.699427298103014,"(5.544, 6.407]","(2.6430000000000002, 5.969]",*
5.699428201192715,"(5.544, 6.407]","(2.6430000000000002, 5.969]",*
5.700168635712887,"(5.544, 6.407]","(2.6430000000000002, 5.969]",*
5.700556896301531,"(5.544, 6.407]","(2.6430000000000002, 5.969]",*
5.70088477584135,"(5.544, 6.407]","(2.6430000000000002, 5.969]",*
5.7012710618381695,"(5.544, 6.407]","(2.6430000000000002, 5.969]",*
5.701434831415639,"(5.544, 6.407]","(2.6430000000000002, 5.969]",*
5.702047486919294,"(5.544, 6.407]","(2.6430000000000002, 5.969]",*
5.702618665263175,"(5.544, 6.407]","(2.6430000000000002, 5.969]",*
5.702762607683664,"(5.544, 6.407]","(2.6430000000000002, 5.969]",*
5.703093085689907,"(5.544, 6.407]","(2.6430000000000002, 5.969]",*
5.7044883673862055,"(5.544, 6.407]","(2.6430000000000002, 5.969]",*
5.705720293995774,"(5.544, 6.407]","(2.6430000000000002, 5.969]",*
5.705860872252035,"(5.544, 6.407]","(2.6430000000000002, 5.969]",*
5.706260589311099,"(5.544, 6.407]","(2.6430000000000002, 5.969]",*
5.706389290533293,"(5.544, 6.407]","(2.6430000000000002, 5.969]",*
5.7064169759195975,"(5.544, 6.407]","(2.6430000000000002, 5.969]",*
5.706568379156038,"(5.544, 6.407]","(2.6430000000000002, 5.969]",*
5.7068698861121945,"(5.544, 6.407]","(2.6430000000000002, 5.969]",*
5.707247242254162,"(5.544, 6.407]","(2.6430000000000002, 5.969]",*
5.7075996134167255,"(5.544, 6.407]","(2.6430000000000002, 5.969]",*
5.707650030009747,"(5.544, 6.407]","(2.6430000000000002, 5.969]",*
5.707903109151974,"(5.544, 6.407]","(2.6430000000000002, 5.969]",*
5.707985080160053,"(5.544, 6.407]","(2.6430000000000002, 5.969]",*
5.708825279094413,"(5.544, 6.407]","(2.6430000000000002, 5.969]",*
5.7092329675455336,"(5.544, 6.407]","(2.6430000000000002, 5.969]",*
5.709271309970075,"(5.544, 6.407]","(2.6430000000000002, 5.969]",*
5.7097716955539015,"(5.544, 6.407]","(2.6430000000000002, 5.969]",*
5.710321906251707,"(5.544, 6.407]","(2.6430000000000002, 5.969]",*
5.711384514505963,"(5.544, 6.407]","(2.6430000000000002, 5.969]",*
5.711785722333522,"(5.544, 6.407]","(2.6430000000000002, 5.969]",*
5.712045812641642,"(5.544, 6.407]","(2.6430000000000002, 5.969]",*
5.712998824279348,"(5.544, 6.407]","(2.6430000000000002, 5.969]",*
5.714293119722144,"(5.544, 6.407]","(2.6430000000000002, 5.969]",*
5.714878537856567,"(5.544, 6.407]","(2.6430000000000002, 5.969]",*
5.7155460284437405,"(5.544, 6.407]","(2.6430000000000002, 5.969]",*
5.716327985467098,"(5.544, 6.407]","(2.6430000000000002, 5.969]",*
5.716789480271897,"(5.544, 6.407]","(2.6430000000000002, 5.969]",*
5.717143201084843,"(5.544, 6.407]","(2.6430000000000002, 5.969]",*
5.717784480096482,"(5.544, 6.407]","(2.6430000000000002, 5.969]",*
5.718540433687803,"(5.544, 6.407]","(2.6430000000000002, 5.969]",*
5.718838986628194,"(5.544, 6.407]","(2.6430000000000002, 5.969]",*
5.719610134336443,"(5.544, 6.407]","(2.6430000000000002, 5.969]",*
5.72021267431206,"(5.544, 6.407]","(2.6430000000000002, 5.969]",*
5.720481800526936,"(5.544, 6.407]","(2.6430000000000002, 5.969]",*
5.72143669406418,"(5.544, 6.407]","(2.6430000000000002, 5.969]",*
5.722509282828621,"(5.544, 6.407]","(2.6430000000000002, 5.969]",*
5.722843373212222,"(5.544, 6.407]","(2.6430000000000002, 5.969]",*
5.723889030922532,"(5.544, 6.407]","(2.6430000000000002, 5.969]",*
5.724372815689571,"(5.544, 6.407]","(2.6430000000000002, 5.969]",*
5.724654547497192,"(5.544, 6.407]","(2.6430000000000002, 5.969]",*
5.725050745514069,"(5.544, 6.407]","(2.6430000000000002, 5.969]",*
5.72558547706468,"(5.544, 6.407]","(2.6430000000000002, 5.969]",*
5.726314644781794,"(5.544, 6.407]","(2.6430000000000002, 5.969]",*
5.727120467736001,"(5.544, 6.407]","(2.6430000000000002, 5.969]",*
5.728201696551619,"(5.544, 6.407]","(2.6430000000000002, 5.969]",*
5.728294163155542,"(5.544, 6.407]","(2.6430000000000002, 5.969]",*
5.728827797167464,"(5.544, 6.407]","(2.6430000000000002, 5.969]",*
5.729198183447824,"(5.544, 6.407]","(2.6430000000000002, 5.969]",*
5.730149637044332,"(5.544, 6.407]","(2.6430000000000002, 5.969]",*
5.731377655328469,"(5.544, 6.407]","(2.6430000000000002, 5.969]",*
5.732425465603288,"(5.544, 6.407]","(2.6430000000000002, 5.969]",*
5.733518858016981,"(5.544, 6.407]","(2.6430000000000002, 5.969]",*
5.733547355879343,"(5.544, 6.407]","(2.6430000000000002, 5.969]",*
5.735399274615156,"(5.544, 6.407]","(2.6430000000000002, 5.969]",*
5.735499521536169,"(5.544, 6.407]","(2.6430000000000002, 5.969]",*
5.735932506186648,"(5.544, 6.407]","(2.6430000000000002, 5.969]",*
5.736045338602785,"(5.544, 6.407]","(2.6430000000000002, 5.969]",*
5.736088453898335,"(5.544, 6.407]","(2.6430000000000002, 5.969]",*
5.736539505617801,"(5.544, 6.407]","(2.6430000000000002, 5.969]",*
5.736988858765253,"(5.544, 6.407]","(2.6430000000000002, 5.969]",*
5.737170691840202,"(5.544, 6.407]","(2.6430000000000002, 5.969]",*
5.737394207879615,"(5.544, 6.407]","(2.6430000000000002, 5.969]",*
5.737583090598623,"(5.544, 6.407]","(2.6430000000000002, 5.969]",*
5.73781048900099,"(5.544, 6.407]","(2.6430000000000002, 5.969]",*
5.737895717996549,"(5.544, 6.407]","(2.6430000000000002, 5.969]",*
5.7386380341215135,"(5.544, 6.407]","(2.6430000000000002, 5.969]",*
5.739410843630574,"(5.544, 6.407]","(2.6430000000000002, 5.969]",*
5.739521832646616,"(5.544, 6.407]","(2.6430000000000002, 5.969]",*
5.739552511557527,"(5.544, 6.407]","(2.6430000000000002, 5.969]",*
5.740076079629321,"(5.544, 6.407]","(2.6430000000000002, 5.969]",*
5.741840454136522,"(5.544, 6.407]","(2.6430000000000002, 5.969]",*
5.742902931349878,"(5.544, 6.407]","(2.6430000000000002, 5.969]",*
5.743186901036234,"(5.544, 6.407]","(2.6430000000000002, 5.969]",*
5.743654190002916,"(5.544, 6.407]","(2.6430000000000002, 5.969]",*
5.744152361328021,"(5.544, 6.407]","(2.6430000000000002, 5.969]",*
5.744456335685418,"(5.544, 6.407]","(2.6430000000000002, 5.969]",*
5.744597578115799,"(5.544, 6.407]","(2.6430000000000002, 5.969]",*
5.744808417270086,"(5.544, 6.407]","(2.6430000000000002, 5.969]",*
5.744994493740616,"(5.544, 6.407]","(2.6430000000000002, 5.969]",*
5.745297006750464,"(5.544, 6.407]","(2.6430000000000002, 5.969]",*
5.745518039299988,"(5.544, 6.407]","(2.6430000000000002, 5.969]",*
5.745559668859071,"(5.544, 6.407]","(2.6430000000000002, 5.969]",*
5.7456881415825976,"(5.544, 6.407]","(2.6430000000000002, 5.969]",*
5.745854006959248,"(5.544, 6.407]","(2.6430000000000002, 5.969]",*
5.746509589566678,"(5.544, 6.407]","(2.6430000000000002, 5.969]",*
5.746925013501276,"(5.544, 6.407]","(2.6430000000000002, 5.969]",*
5.74825477645236,"(5.544, 6.407]","(2.6430000000000002, 5.969]",*
5.748358134766309,"(5.544, 6.407]","(2.6430000000000002, 5.969]",*
5.749936131379527,"(5.544, 6.407]","(2.6430000000000002, 5.969]",*
5.750618205183074,"(5.544, 6.407]","(2.6430000000000002, 5.969]",*
5.752139663071332,"(5.544, 6.407]","(2.6430000000000002, 5.969]",*
5.753066570433881,"(5.544, 6.407]","(2.6430000000000002, 5.969]",*
5.753466992735318,"(5.544, 6.407]","(2.6430000000000002, 5.969]",*
5.754108521886543,"(5.544, 6.407]","(2.6430000000000002, 5.969]",*
5.7541716333103725,"(5.544, 6.407]","(2.6430000000000002, 5.969]",*
5.755609226659856,"(5.544, 6.407]","(2.6430000000000002, 5.969]",*
5.756825879799858,"(5.544, 6.407]","(2.6430000000000002, 5.969]",*
5.756912711637456,"(5.544, 6.407]","(2.6430000000000002, 5.969]",*
5.756920803869088,"(5.544, 6.407]","(2.6430000000000002, 5.969]",*
5.758677140272447,"(5.544, 6.407]","(2.6430000000000002, 5.969]",*
5.7588706142310535,"(5.544, 6.407]","(2.6430000000000002, 5.969]",*
5.758922428231928,"(5.544, 6.407]","(2.6430000000000002, 5.969]",*
5.759335350179622,"(5.544, 6.407]","(2.6430000000000002, 5.969]",*
5.75933996342971,"(5.544, 6.407]","(2.6430000000000002, 5.969]",*
5.759500814659246,"(5.544, 6.407]","(2.6430000000000002, 5.969]",*
5.76035856644902,"(5.544, 6.407]","(2.6430000000000002, 5.969]",*
5.760579986214888,"(5.544, 6.407]","(2.6430000000000002, 5.969]",*
5.761755984603777,"(5.544, 6.407]","(2.6430000000000002, 5.969]",*
5.762634689336332,"(5.544, 6.407]","(2.6430000000000002, 5.969]",*
5.7631175735029005,"(5.544, 6.407]","(2.6430000000000002, 5.969]",*
5.76336711767864,"(5.544, 6.407]","(2.6430000000000002, 5.969]",*
5.7638616636050575,"(5.544, 6.407]","(2.6430000000000002, 5.969]",*
5.763953676455856,"(5.544, 6.407]","(2.6430000000000002, 5.969]",*
5.7644345183330605,"(5.544, 6.407]","(2.6430000000000002, 5.969]",*
5.764884005650079,"(5.544, 6.407]","(2.6430000000000002, 5.969]",*
5.7651375222536645,"(5.544, 6.407]","(2.6430000000000002, 5.969]",*
5.765599755768712,"(5.544, 6.407]","(2.6430000000000002, 5.969]",*
5.766112351850243,"(5.544, 6.407]","(2.6430000000000002, 5.969]",*
5.767121990734855,"(5.544, 6.407]","(2.6430000000000002, 5.969]",*
5.767367199809023,"(5.544, 6.407]","(2.6430000000000002, 5.969]",*
5.767539240797513,"(5.544, 6.407]","(2.6430000000000002, 5.969]",*
5.767574709656838,"(5.544, 6.407]","(2.6430000000000002, 5.969]",*
5.767622925447551,"(5.544, 6.407]","(2.6430000000000002, 5.969]",*
5.7676726531093,"(5.544, 6.407]","(2.6430000000000002, 5.969]",*
5.768077003636543,"(5.544, 6.407]","(2.6430000000000002, 5.969]",*
5.768478785192856,"(5.544, 6.407]","(2.6430000000000002, 5.969]",*
5.770586569594604,"(5.544, 6.407]","(2.6430000000000002, 5.969]",*
5.77095833752555,"(5.544, 6.407]","(2.6430000000000002, 5.969]",*
5.771015011938347,"(5.544, 6.407]","(2.6430000000000002, 5.969]",*
5.771704391327693,"(5.544, 6.407]","(2.6430000000000002, 5.969]",*
5.772011878368561,"(5.544, 6.407]","(2.6430000000000002, 5.969]",*
5.772571884794637,"(5.544, 6.407]","(2.6430000000000002, 5.969]",*
5.773717162531532,"(5.544, 6.407]","(2.6430000000000002, 5.969]",*
5.773928785645246,"(5.544, 6.407]","(2.6430000000000002, 5.969]",*
5.775151934131099,"(5.544, 6.407]","(2.6430000000000002, 5.969]",*
5.775467040583668,"(5.544, 6.407]","(2.6430000000000002, 5.969]",*
5.775992038388374,"(5.544, 6.407]","(2.6430000000000002, 5.969]",*
5.776610972359403,"(5.544, 6.407]","(2.6430000000000002, 5.969]",*
5.776912412344142,"(5.544, 6.407]","(2.6430000000000002, 5.969]",*
5.77710614834081,"(5.544, 6.407]","(2.6430000000000002, 5.969]",*
5.777764619294278,"(5.544, 6.407]","(2.6430000000000002, 5.969]",*
5.777936269787498,"(5.544, 6.407]","(2.6430000000000002, 5.969]",*
5.778489499420856,"(5.544, 6.407]","(2.6430000000000002, 5.969]",*
5.778524695376402,"(5.544, 6.407]","(2.6430000000000002, 5.969]",*
5.7795833199481175,"(5.544, 6.407]","(2.6430000000000002, 5.969]",*
5.779976245903892,"(5.544, 6.407]","(2.6430000000000002, 5.969]",*
5.7804192725611285,"(5.544, 6.407]","(2.6430000000000002, 5.969]",*
5.780894589742018,"(5.544, 6.407]","(2.6430000000000002, 5.969]",*
5.780968800120313,"(5.544, 6.407]","(2.6430000000000002, 5.969]",*
5.781019804748013,"(5.544, 6.407]","(2.6430000000000002, 5.969]",*
5.781936693292447,"(5.544, 6.407]","(2.6430000000000002, 5.969]",*
5.782009284307437,"(5.544, 6.407]","(2.6430000000000002, 5.969]",*
5.783592751382859,"(5.544, 6.407]","(2.6430000000000002, 5.969]",*
5.784430241176247,"(5.544, 6.407]","(2.6430000000000002, 5.969]",*
5.7846373069064985,"(5.544, 6.407]","(2.6430000000000002, 5.969]",*
5.784711657315041,"(5.544, 6.407]","(2.6430000000000002, 5.969]",*
5.784734099069063,"(5.544, 6.407]","(2.6430000000000002, 5.969]",*
5.7850983136462615,"(5.544, 6.407]","(2.6430000000000002, 5.969]",*
5.785354476827218,"(5.544, 6.407]","(2.6430000000000002, 5.969]",*
5.785465917910602,"(5.544, 6.407]","(2.6430000000000002, 5.969]",*
5.7855058901604055,"(5.544, 6.407]","(2.6430000000000002, 5.969]",*
5.786071498403162,"(5.544, 6.407]","(2.6430000000000002, 5.969]",*
5.786780023806823,"(5.544, 6.407]","(2.6430000000000002, 5.969]",*
5.787124105770914,"(5.544, 6.407]","(2.6430000000000002, 5.969]",*
5.7873065915517765,"(5.544, 6.407]","(2.6430000000000002, 5.969]",*
5.787890691614519,"(5.544, 6.407]","(2.6430000000000002, 5.969]",*
5.789113537189749,"(5.544, 6.407]","(2.6430000000000002, 5.969]",*
5.78920256837389,"(5.544, 6.407]","(2.6430000000000002, 5.969]",*
5.78974406481987,"(5.544, 6.407]","(2.6430000000000002, 5.969]",*
5.790273451415628,"(5.544, 6.407]","(2.6430000000000002, 5.969]",*
5.790963731791762,"(5.544, 6.407]","(2.6430000000000002, 5.969]",*
5.791471015181331,"(5.544, 6.407]","(2.6430000000000002, 5.969]",*
5.791574194839933,"(5.544, 6.407]","(2.6430000000000002, 5.969]",*
5.791634957726082,"(5.544, 6.407]","(2.6430000000000002, 5.969]",*
5.793124434858629,"(5.544, 6.407]","(2.6430000000000002, 5.969]",*
5.793192349091724,"(5.544, 6.407]","(2.6430000000000002, 5.969]",*
5.793523641828227,"(5.544, 6.407]","(2.6430000000000002, 5.969]",*
5.795685418138197,"(5.544, 6.407]","(2.6430000000000002, 5.969]",*
5.7958754545290665,"(5.544, 6.407]","(2.6430000000000002, 5.969]",*
5.796217841617472,"(5.544, 6.407]","(2.6430000000000002, 5.969]",*
5.796357678426253,"(5.544, 6.407]","(2.6430000000000002, 5.969]",*
5.796985082795695,"(5.544, 6.407]","(2.6430000000000002, 5.969]",*
5.797958847658569,"(5.544, 6.407]","(2.6430000000000002, 5.969]",*
5.7990681876355366,"(5.544, 6.407]","(2.6430000000000002, 5.969]",*
5.799168209264613,"(5.544, 6.407]","(2.6430000000000002, 5.969]",*
5.799631806417251,"(5.544, 6.407]","(2.6430000000000002, 5.969]",*
5.799667344889767,"(5.544, 6.407]","(2.6430000000000002, 5.969]",*
5.800030781901296,"(5.544, 6.407]","(2.6430000000000002, 5.969]",*
5.800414354507412,"(5.544, 6.407]","(2.6430000000000002, 5.969]",*
5.801765106555197,"(5.544, 6.407]","(2.6430000000000002, 5.969]",*
5.801878613595678,"(5.544, 6.407]","(2.6430000000000002, 5.969]",*
5.801903070929487,"(5.544, 6.407]","(2.6430000000000002, 5.969]",*
5.802162210919442,"(5.544, 6.407]","(2.6430000000000002, 5.969]",*
5.802554121239652,"(5.544, 6.407]","(2.6430000000000002, 5.969]",*
5.803943529715875,"(5.544, 6.407]","(2.6430000000000002, 5.969]",*
5.80431561124982,"(5.544, 6.407]","(2.6430000000000002, 5.969]",*
5.804627225708003,"(5.544, 6.407]","(2.6430000000000002, 5.969]",*
5.804686752456644,"(5.544, 6.407]","(2.6430000000000002, 5.969]",*
5.8047545043209805,"(5.544, 6.407]","(2.6430000000000002, 5.969]",*
5.805220326458615,"(5.544, 6.407]","(2.6430000000000002, 5.969]",*
5.8053887912776645,"(5.544, 6.407]","(2.6430000000000002, 5.969]",*
5.805462291423585,"(5.544, 6.407]","(2.6430000000000002, 5.969]",*
5.805475824446063,"(5.544, 6.407]","(2.6430000000000002, 5.969]",*
5.805508468850943,"(5.544, 6.407]","(2.6430000000000002, 5.969]",*
5.805732788016711,"(5.544, 6.407]","(2.6430000000000002, 5.969]",*
5.806349903945228,"(5.544, 6.407]","(2.6430000000000002, 5.969]",*
5.8065190139011165,"(5.544, 6.407]","(2.6430000000000002, 5.969]",*
5.806661014582944,"(5.544, 6.407]","(2.6430000000000002, 5.969]",*
5.807346310730511,"(5.544, 6.407]","(2.6430000000000002, 5.969]",*
5.807494543211638,"(5.544, 6.407]","(2.6430000000000002, 5.969]",*
5.80787740641841,"(5.544, 6.407]","(2.6430000000000002, 5.969]",*
5.8084003588737225,"(5.544, 6.407]","(2.6430000000000002, 5.969]",*
5.8095917515684645,"(5.544, 6.407]","(2.6430000000000002, 5.969]",*
5.809960591180836,"(5.544, 6.407]","(2.6430000000000002, 5.969]",*
5.810724840719796,"(5.544, 6.407]","(2.6430000000000002, 5.969]",*
5.8126147313571055,"(5.544, 6.407]","(2.6430000000000002, 5.969]",*
5.812992996859465,"(5.544, 6.407]","(2.6430000000000002, 5.969]",*
5.813927734760928,"(5.544, 6.407]","(2.6430000000000002, 5.969]",*
5.814261734524429,"(5.544, 6.407]","(2.6430000000000002, 5.969]",*
5.814456126372808,"(5.544, 6.407]","(2.6430000000000002, 5.969]",*
5.81593445999404,"(5.544, 6.407]","(2.6430000000000002, 5.969]",*
5.816000007779096,"(5.544, 6.407]","(2.6430000000000002, 5.969]",*
5.8165324357600365,"(5.544, 6.407]","(2.6430000000000002, 5.969]",*
5.817512122057438,"(5.544, 6.407]","(2.6430000000000002, 5.969]",*
5.817615374698052,"(5.544, 6.407]","(2.6430000000000002, 5.969]",*
5.819284259641873,"(5.544, 6.407]","(2.6430000000000002, 5.969]",*
5.819522120551374,"(5.544, 6.407]","(2.6430000000000002, 5.969]",*
5.821221323038496,"(5.544, 6.407]","(2.6430000000000002, 5.969]",*
5.821447362600324,"(5.544, 6.407]","(2.6430000000000002, 5.969]",*
5.821678082784064,"(5.544, 6.407]","(2.6430000000000002, 5.969]",*
5.821696303527889,"(5.544, 6.407]","(2.6430000000000002, 5.969]",*
5.822324358447761,"(5.544, 6.407]","(2.6430000000000002, 5.969]",*
5.822977304267117,"(5.544, 6.407]","(2.6430000000000002, 5.969]",*
5.823225672857298,"(5.544, 6.407]","(2.6430000000000002, 5.969]",*
5.824410874205736,"(5.544, 6.407]","(2.6430000000000002, 5.969]",*
5.825433140584512,"(5.544, 6.407]","(2.6430000000000002, 5.969]",*
5.825465355916794,"(5.544, 6.407]","(2.6430000000000002, 5.969]",*
5.825920475606762,"(5.544, 6.407]","(2.6430000000000002, 5.969]",*
5.8261929006454745,"(5.544, 6.407]","(2.6430000000000002, 5.969]",*
5.826323983809195,"(5.544, 6.407]","(2.6430000000000002, 5.969]",*
5.826870235956906,"(5.544, 6.407]","(2.6430000000000002, 5.969]",*
5.8277226443767205,"(5.544, 6.407]","(2.6430000000000002, 5.969]",*
5.827764498494735,"(5.544, 6.407]","(2.6430000000000002, 5.969]",*
5.828142870672924,"(5.544, 6.407]","(2.6430000000000002, 5.969]",*
5.829200134490403,"(5.544, 6.407]","(2.6430000000000002, 5.969]",*
5.830240195142442,"(5.544, 6.407]","(2.6430000000000002, 5.969]",*
5.830789448812896,"(5.544, 6.407]","(2.6430000000000002, 5.969]",*
5.830974842766687,"(5.544, 6.407]","(2.6430000000000002, 5.969]",*
5.831390666576383,"(5.544, 6.407]","(2.6430000000000002, 5.969]",*
5.831662100290568,"(5.544, 6.407]","(2.6430000000000002, 5.969]",*
5.831725357777697,"(5.544, 6.407]","(2.6430000000000002, 5.969]",*
5.831731672705174,"(5.544, 6.407]","(2.6430000000000002, 5.969]",*
5.832026529744599,"(5.544, 6.407]","(2.6430000000000002, 5.969]",*
5.832827571239211,"(5.544, 6.407]","(2.6430000000000002, 5.969]",*
5.833289340118526,"(5.544, 6.407]","(2.6430000000000002, 5.969]",*
5.834477296473472,"(5.544, 6.407]","(2.6430000000000002, 5.969]",*
5.835000551548986,"(5.544, 6.407]","(2.6430000000000002, 5.969]",*
5.835554803831937,"(5.544, 6.407]","(2.6430000000000002, 5.969]",*
5.836562620543015,"(5.544, 6.407]","(2.6430000000000002, 5.969]",*
5.836866404616032,"(5.544, 6.407]","(2.6430000000000002, 5.969]",*
5.83785487948808,"(5.544, 6.407]","(2.6430000000000002, 5.969]",*
5.838063827719644,"(5.544, 6.407]","(2.6430000000000002, 5.969]",*
5.838350120498512,"(5.544, 6.407]","(2.6430000000000002, 5.969]",*
5.8384233246248565,"(5.544, 6.407]","(2.6430000000000002, 5.969]",*
5.8393683771249485,"(5.544, 6.407]","(2.6430000000000002, 5.969]",*
5.841467063094997,"(5.544, 6.407]","(2.6430000000000002, 5.969]",*
5.842970740471362,"(5.544, 6.407]","(2.6430000000000002, 5.969]",*
5.843476170139022,"(5.544, 6.407]","(2.6430000000000002, 5.969]",*
5.844480890073763,"(5.544, 6.407]","(2.6430000000000002, 5.969]",*
5.844598703000245,"(5.544, 6.407]","(2.6430000000000002, 5.969]",*
5.844846444731847,"(5.544, 6.407]","(2.6430000000000002, 5.969]",*
5.845099210842544,"(5.544, 6.407]","(2.6430000000000002, 5.969]",*
5.846095299515025,"(5.544, 6.407]","(2.6430000000000002, 5.969]",*
5.846446261471567,"(5.544, 6.407]","(2.6430000000000002, 5.969]",*
5.846643279930268,"(5.544, 6.407]","(2.6430000000000002, 5.969]",*
5.846974962707968,"(5.544, 6.407]","(2.6430000000000002, 5.969]",*
5.847392816841371,"(5.544, 6.407]","(2.6430000000000002, 5.969]",*
5.847588383241451,"(5.544, 6.407]","(2.6430000000000002, 5.969]",*
5.847765848391441,"(5.544, 6.407]","(2.6430000000000002, 5.969]",*
5.849590798385939,"(5.544, 6.407]","(2.6430000000000002, 5.969]",*
5.850681910537936,"(5.544, 6.407]","(2.6430000000000002, 5.969]",*
5.851196079359907,"(5.544, 6.407]","(2.6430000000000002, 5.969]",*
5.852522501422536,"(5.544, 6.407]","(2.6430000000000002, 5.969]",*
5.8531498976806136,"(5.544, 6.407]","(2.6430000000000002, 5.969]",*
5.8534939675728,"(5.544, 6.407]","(2.6430000000000002, 5.969]",*
5.853516745751448,"(5.544, 6.407]","(2.6430000000000002, 5.969]",*
5.85431806920591,"(5.544, 6.407]","(2.6430000000000002, 5.969]",*
5.854378133851231,"(5.544, 6.407]","(2.6430000000000002, 5.969]",*
5.854885928300709,"(5.544, 6.407]","(2.6430000000000002, 5.969]",*
5.854990171885048,"(5.544, 6.407]","(2.6430000000000002, 5.969]",*
5.855132309456985,"(5.544, 6.407]","(2.6430000000000002, 5.969]",*
5.85515783092366,"(5.544, 6.407]","(2.6430000000000002, 5.969]",*
5.855395957506085,"(5.544, 6.407]","(2.6430000000000002, 5.969]",*
5.855530705549543,"(5.544, 6.407]","(2.6430000000000002, 5.969]",*
5.856327432483941,"(5.544, 6.407]","(2.6430000000000002, 5.969]",*
5.857266081732996,"(5.544, 6.407]","(2.6430000000000002, 5.969]",*
5.857893813880152,"(5.544, 6.407]","(2.6430000000000002, 5.969]",*
5.857966088144881,"(5.544, 6.407]","(2.6430000000000002, 5.969]",*
5.858157003761293,"(5.544, 6.407]","(2.6430000000000002, 5.969]",*
5.858178750526459,"(5.544, 6.407]","(2.6430000000000002, 5.969]",*
5.8597302350433775,"(5.544, 6.407]","(2.6430000000000002, 5.969]",*
5.862742649452279,"(5.544, 6.407]","(2.6430000000000002, 5.969]",*
5.862843292319776,"(5.544, 6.407]","(2.6430000000000002, 5.969]",*
5.86360706673985,"(5.544, 6.407]","(2.6430000000000002, 5.969]",*
5.864465922498034,"(5.544, 6.407]","(2.6430000000000002, 5.969]",*
5.864956335933441,"(5.544, 6.407]","(2.6430000000000002, 5.969]",*
5.865246385559316,"(5.544, 6.407]","(2.6430000000000002, 5.969]",*
5.865889840310001,"(5.544, 6.407]","(2.6430000000000002, 5.969]",*
5.866066337615828,"(5.544, 6.407]","(2.6430000000000002, 5.969]",*
5.866996452616668,"(5.544, 6.407]","(2.6430000000000002, 5.969]",*
5.867269778244334,"(5.544, 6.407]","(2.6430000000000002, 5.969]",*
5.869168985629821,"(5.544, 6.407]","(2.6430000000000002, 5.969]",*
5.869171401316486,"(5.544, 6.407]","(2.6430000000000002, 5.969]",*
5.869562737545521,"(5.544, 6.407]","(2.6430000000000002, 5.969]",*
5.8697864438655625,"(5.544, 6.407]","(2.6430000000000002, 5.969]",*
5.870183983238543,"(5.544, 6.407]","(2.6430000000000002, 5.969]",*
5.8703298334712,"(5.544, 6.407]","(2.6430000000000002, 5.969]",*
5.870557966335325,"(5.544, 6.407]","(2.6430000000000002, 5.969]",*
5.870726280034827,"(5.544, 6.407]","(2.6430000000000002, 5.969]",*
5.870774806243666,"(5.544, 6.407]","(2.6430000000000002, 5.969]",*
5.871168062191678,"(5.544, 6.407]","(2.6430000000000002, 5.969]",*
5.871462161467012,"(5.544, 6.407]","(2.6430000000000002, 5.969]",*
5.87264791465479,"(5.544, 6.407]","(2.6430000000000002, 5.969]",*
5.872677772603822,"(5.544, 6.407]","(2.6430000000000002, 5.969]",*
5.873083771153293,"(5.544, 6.407]","(2.6430000000000002, 5.969]",*
5.873184774574551,"(5.544, 6.407]","(2.6430000000000002, 5.969]",*
5.873869785402678,"(5.544, 6.407]","(2.6430000000000002, 5.969]",*
5.874953196141077,"(5.544, 6.407]","(2.6430000000000002, 5.969]",*
5.875820407976882,"(5.544, 6.407]","(2.6430000000000002, 5.969]",*
5.875971756821648,"(5.544, 6.407]","(2.6430000000000002, 5.969]",*
5.876269761848423,"(5.544, 6.407]","(2.6430000000000002, 5.969]",*
5.876525482962268,"(5.544, 6.407]","(2.6430000000000002, 5.969]",*
5.876893587905999,"(5.544, 6.407]","(2.6430000000000002, 5.969]",*
5.877126915255134,"(5.544, 6.407]","(2.6430000000000002, 5.969]",*
5.877781760237903,"(5.544, 6.407]","(2.6430000000000002, 5.969]",*
5.877790573158362,"(5.544, 6.407]","(2.6430000000000002, 5.969]",*
5.87821817343468,"(5.544, 6.407]","(2.6430000000000002, 5.969]",*
5.878229480466628,"(5.544, 6.407]","(2.6430000000000002, 5.969]",*
5.878369480250273,"(5.544, 6.407]","(2.6430000000000002, 5.969]",*
5.879915504429444,"(5.544, 6.407]","(2.6430000000000002, 5.969]",*
5.880044809100633,"(5.544, 6.407]","(2.6430000000000002, 5.969]",*
5.880081117699866,"(5.544, 6.407]","(2.6430000000000002, 5.969]",*
5.881587711382253,"(5.544, 6.407]","(2.6430000000000002, 5.969]",*
5.88200239424974,"(5.544, 6.407]","(2.6430000000000002, 5.969]",*
5.885577419064753,"(5.544, 6.407]","(2.6430000000000002, 5.969]",*
5.8863098798868565,"(5.544, 6.407]","(2.6430000000000002, 5.969]",*
5.886479915808683,"(5.544, 6.407]","(2.6430000000000002, 5.969]",*
5.887072341283051,"(5.544, 6.407]","(2.6430000000000002, 5.969]",*
5.887433136023001,"(5.544, 6.407]","(2.6430000000000002, 5.969]",*
5.88770429106871,"(5.544, 6.407]","(2.6430000000000002, 5.969]",*
5.888005158175965,"(5.544, 6.407]","(2.6430000000000002, 5.969]",*
5.888374575219824,"(5.544, 6.407]","(2.6430000000000002, 5.969]",*
5.8889270002630365,"(5.544, 6.407]","(2.6430000000000002, 5.969]",*
5.890156539249272,"(5.544, 6.407]","(2.6430000000000002, 5.969]",*
5.8902693529696615,"(5.544, 6.407]","(2.6430000000000002, 5.969]",*
5.890872363860956,"(5.544, 6.407]","(2.6430000000000002, 5.969]",*
5.891402458568993,"(5.544, 6.407]","(2.6430000000000002, 5.969]",*
5.891506580025919,"(5.544, 6.407]","(2.6430000000000002, 5.969]",*
5.891946407315112,"(5.544, 6.407]","(2.6430000000000002, 5.969]",*
5.892131279766726,"(5.544, 6.407]","(2.6430000000000002, 5.969]",*
5.892386367442385,"(5.544, 6.407]","(2.6430000000000002, 5.969]",*
5.892496999063001,"(5.544, 6.407]","(2.6430000000000002, 5.969]",*
5.8927024261237495,"(5.544, 6.407]","(2.6430000000000002, 5.969]",*
5.89296187539643,"(5.544, 6.407]","(2.6430000000000002, 5.969]",*
5.893075466385922,"(5.544, 6.407]","(2.6430000000000002, 5.969]",*
5.893367315116999,"(5.544, 6.407]","(2.6430000000000002, 5.969]",*
5.893964625265179,"(5.544, 6.407]","(2.6430000000000002, 5.969]",*
5.894596789980924,"(5.544, 6.407]","(2.6430000000000002, 5.969]",*
5.895360319559464,"(5.544, 6.407]","(2.6430000000000002, 5.969]",*
5.895957276812463,"(5.544, 6.407]","(2.6430000000000002, 5.969]",*
5.896128880543501,"(5.544, 6.407]","(2.6430000000000002, 5.969]",*
5.896315848210487,"(5.544, 6.407]","(2.6430000000000002, 5.969]",*
5.897648506333318,"(5.544, 6.407]","(2.6430000000000002, 5.969]",*
5.897954336335152,"(5.544, 6.407]","(2.6430000000000002, 5.969]",*
5.898870690571611,"(5.544, 6.407]","(2.6430000000000002, 5.969]",*
5.899946658742032,"(5.544, 6.407]","(2.6430000000000002, 5.969]",*
5.900200397788717,"(5.544, 6.407]","(2.6430000000000002, 5.969]",*
5.900247576145968,"(5.544, 6.407]","(2.6430000000000002, 5.969]",*
5.900963185147144,"(5.544, 6.407]","(2.6430000000000002, 5.969]",*
5.90132462756088,"(5.544, 6.407]","(2.6430000000000002, 5.969]",*
5.9014516557308205,"(5.544, 6.407]","(2.6430000000000002, 5.969]",*
5.901931551926474,"(5.544, 6.407]","(2.6430000000000002, 5.969]",*
5.901981112194794,"(5.544, 6.407]","(2.6430000000000002, 5.969]",*
5.902141851898423,"(5.544, 6.407]","(2.6430000000000002, 5.969]",*
5.902295849039711,"(5.544, 6.407]","(2.6430000000000002, 5.969]",*
5.9036738190545055,"(5.544, 6.407]","(2.6430000000000002, 5.969]",*
5.904146626550643,"(5.544, 6.407]","(2.6430000000000002, 5.969]",*
5.904536932043272,"(5.544, 6.407]","(2.6430000000000002, 5.969]",*
5.904630857383364,"(5.544, 6.407]","(2.6430000000000002, 5.969]",*
5.905267229921128,"(5.544, 6.407]","(2.6430000000000002, 5.969]",*
5.905347969545696,"(5.544, 6.407]","(2.6430000000000002, 5.969]",*
5.907234419342901,"(5.544, 6.407]","(2.6430000000000002, 5.969]",*
5.907266842868529,"(5.544, 6.407]","(2.6430000000000002, 5.969]",*
5.907275393978808,"(5.544, 6.407]","(2.6430000000000002, 5.969]",*
5.907565592174377,"(5.544, 6.407]","(2.6430000000000002, 5.969]",*
5.908764789337825,"(5.544, 6.407]","(2.6430000000000002, 5.969]",*
5.909380137436352,"(5.544, 6.407]","(2.6430000000000002, 5.969]",*
5.909817863194555,"(5.544, 6.407]","(2.6430000000000002, 5.969]",*
5.911488488675629,"(5.544, 6.407]","(2.6430000000000002, 5.969]",*
5.91249007848092,"(5.544, 6.407]","(2.6430000000000002, 5.969]",*
5.913556736656338,"(5.544, 6.407]","(2.6430000000000002, 5.969]",*
5.91355748949476,"(5.544, 6.407]","(2.6430000000000002, 5.969]",*
5.913662974269463,"(5.544, 6.407]","(2.6430000000000002, 5.969]",*
5.914077511096911,"(5.544, 6.407]","(2.6430000000000002, 5.969]",*
5.9147246589775095,"(5.544, 6.407]","(2.6430000000000002, 5.969]",*
5.915183933713094,"(5.544, 6.407]","(2.6430000000000002, 5.969]",*
5.915846068007856,"(5.544, 6.407]","(2.6430000000000002, 5.969]",*
5.9161993923364005,"(5.544, 6.407]","(2.6430000000000002, 5.969]",*
5.916766685838081,"(5.544, 6.407]","(2.6430000000000002, 5.969]",*
5.916946405905649,"(5.544, 6.407]","(2.6430000000000002, 5.969]",*
5.917227069547737,"(5.544, 6.407]","(2.6430000000000002, 5.969]",*
5.917457589349429,"(5.544, 6.407]","(2.6430000000000002, 5.969]",*
5.917745334426079,"(5.544, 6.407]","(2.6430000000000002, 5.969]",*
5.9181710900220885,"(5.544, 6.407]","(2.6430000000000002, 5.969]",*
5.9182107829578205,"(5.544, 6.407]","(2.6430000000000002, 5.969]",*
5.9189982887434605,"(5.544, 6.407]","(2.6430000000000002, 5.969]",*
5.919090478688957,"(5.544, 6.407]","(2.6430000000000002, 5.969]",*
5.919583738917315,"(5.544, 6.407]","(2.6430000000000002, 5.969]",*
5.921279707119613,"(5.544, 6.407]","(2.6430000000000002, 5.969]",*
5.921329615442273,"(5.544, 6.407]","(2.6430000000000002, 5.969]",*
5.9213614466479685,"(5.544, 6.407]","(2.6430000000000002, 5.969]",*
5.921443805430968,"(5.544, 6.407]","(2.6430000000000002, 5.969]",*
5.9221707824127465,"(5.544, 6.407]","(2.6430000000000002, 5.969]",*
5.922774742157161,"(5.544, 6.407]","(2.6430000000000002, 5.969]",*
5.922854638366421,"(5.544, 6.407]","(2.6430000000000002, 5.969]",*
5.923312449054067,"(5.544, 6.407]","(2.6430000000000002, 5.969]",*
5.923666480790079,"(5.544, 6.407]","(2.6430000000000002, 5.969]",*
5.923906389599877,"(5.544, 6.407]","(2.6430000000000002, 5.969]",*
5.9239082938549545,"(5.544, 6.407]","(2.6430000000000002, 5.969]",*
5.924127417118782,"(5.544, 6.407]","(2.6430000000000002, 5.969]",*
5.924392328968718,"(5.544, 6.407]","(2.6430000000000002, 5.969]",*
5.925172880708947,"(5.544, 6.407]","(2.6430000000000002, 5.969]",*
5.926383868017276,"(5.544, 6.407]","(2.6430000000000002, 5.969]",*
5.927086579523593,"(5.544, 6.407]","(2.6430000000000002, 5.969]",*
5.927821455667613,"(5.544, 6.407]","(2.6430000000000002, 5.969]",*
5.928483442537703,"(5.544, 6.407]","(2.6430000000000002, 5.969]",*
5.928585443236757,"(5.544, 6.407]","(2.6430000000000002, 5.969]",*
5.929289023352451,"(5.544, 6.407]","(2.6430000000000002, 5.969]",*
5.930005937719362,"(5.544, 6.407]","(2.6430000000000002, 5.969]",*
5.930012206819085,"(5.544, 6.407]","(2.6430000000000002, 5.969]",*
5.930501632802542,"(5.544, 6.407]","(2.6430000000000002, 5.969]",*
5.930549621373853,"(5.544, 6.407]","(2.6430000000000002, 5.969]",*
5.931749143361302,"(5.544, 6.407]","(2.6430000000000002, 5.969]",*
5.932774520114133,"(5.544, 6.407]","(2.6430000000000002, 5.969]",*
5.9334985362010135,"(5.544, 6.407]","(2.6430000000000002, 5.969]",*
5.933625868501072,"(5.544, 6.407]","(2.6430000000000002, 5.969]",*
5.935238640138216,"(5.544, 6.407]","(2.6430000000000002, 5.969]",*
5.935261391452768,"(5.544, 6.407]","(2.6430000000000002, 5.969]",*
5.935643938870952,"(5.544, 6.407]","(2.6430000000000002, 5.969]",*
5.935679694076412,"(5.544, 6.407]","(2.6430000000000002, 5.969]",*
5.9377594054294525,"(5.544, 6.407]","(2.6430000000000002, 5.969]",*
5.93842786245185,"(5.544, 6.407]","(2.6430000000000002, 5.969]",*
5.939007320553375,"(5.544, 6.407]","(2.6430000000000002, 5.969]",*
5.939367842924508,"(5.544, 6.407]","(2.6430000000000002, 5.969]",*
5.9393696892616585,"(5.544, 6.407]","(2.6430000000000002, 5.969]",*
5.939669344944591,"(5.544, 6.407]","(2.6430000000000002, 5.969]",*
5.94032527607211,"(5.544, 6.407]","(2.6430000000000002, 5.969]",*
5.942552133444941,"(5.544, 6.407]","(2.6430000000000002, 5.969]",*
5.9444921084877,"(5.544, 6.407]","(2.6430000000000002, 5.969]",*
5.945138988341718,"(5.544, 6.407]","(2.6430000000000002, 5.969]",*
5.945193547491548,"(5.544, 6.407]","(2.6430000000000002, 5.969]",*
5.94696051775346,"(5.544, 6.407]","(2.6430000000000002, 5.969]",*
5.947064301865009,"(5.544, 6.407]","(2.6430000000000002, 5.969]",*
5.947165139552473,"(5.544, 6.407]","(2.6430000000000002, 5.969]",*
5.947639943209583,"(5.544, 6.407]","(2.6430000000000002, 5.969]",*
5.947990165224782,"(5.544, 6.407]","(2.6430000000000002, 5.969]",*
5.948015640868429,"(5.544, 6.407]","(2.6430000000000002, 5.969]",*
5.949311844255388,"(5.544, 6.407]","(2.6430000000000002, 5.969]",*
5.949550209109889,"(5.544, 6.407]","(2.6430000000000002, 5.969]",*
5.9497630325315765,"(5.544, 6.407]","(2.6430000000000002, 5.969]",*
5.949839470643138,"(5.544, 6.407]","(2.6430000000000002, 5.969]",*
5.951022991968614,"(5.544, 6.407]","(2.6430000000000002, 5.969]",*
5.9522152179316326,"(5.544, 6.407]","(2.6430000000000002, 5.969]",*
5.952556523375713,"(5.544, 6.407]","(2.6430000000000002, 5.969]",*
5.952779000509447,"(5.544, 6.407]","(2.6430000000000002, 5.969]",*
5.952826665857044,"(5.544, 6.407]","(2.6430000000000002, 5.969]",*
5.953310167371561,"(5.544, 6.407]","(2.6430000000000002, 5.969]",*
5.953714976133362,"(5.544, 6.407]","(2.6430000000000002, 5.969]",*
5.953993575634353,"(5.544, 6.407]","(2.6430000000000002, 5.969]",*
5.954419415206615,"(5.544, 6.407]","(2.6430000000000002, 5.969]",*
5.954461825209352,"(5.544, 6.407]","(2.6430000000000002, 5.969]",*
5.954475953929018,"(5.544, 6.407]","(2.6430000000000002, 5.969]",*
5.954803265719843,"(5.544, 6.407]","(2.6430000000000002, 5.969]",*
5.954845798805685,"(5.544, 6.407]","(2.6430000000000002, 5.969]",*
5.955041901235184,"(5.544, 6.407]","(2.6430000000000002, 5.969]",*
5.955303619825393,"(5.544, 6.407]","(2.6430000000000002, 5.969]",*
5.956133355971304,"(5.544, 6.407]","(2.6430000000000002, 5.969]",*
5.956718132728279,"(5.544, 6.407]","(2.6430000000000002, 5.969]",*
5.958735586989858,"(5.544, 6.407]","(2.6430000000000002, 5.969]",*
5.959288963614952,"(5.544, 6.407]","(2.6430000000000002, 5.969]",*
5.959379250218886,"(5.544, 6.407]","(2.6430000000000002, 5.969]",*
5.95968179854084,"(5.544, 6.407]","(2.6430000000000002, 5.969]",*
5.959944594187603,"(5.544, 6.407]","(2.6430000000000002, 5.969]",*
5.960139166913753,"(5.544, 6.407]","(2.6430000000000002, 5.969]",*
5.960819538088468,"(5.544, 6.407]","(2.6430000000000002, 5.969]",*
5.960923958812689,"(5.544, 6.407]","(2.6430000000000002, 5.969]",*
5.962876975521151,"(5.544, 6.407]","(2.6430000000000002, 5.969]",*
5.964358336134943,"(5.544, 6.407]","(2.6430000000000002, 5.969]",*
5.96491821119475,"(5.544, 6.407]","(2.6430000000000002, 5.969]",*
5.965785164758211,"(5.544, 6.407]","(2.6430000000000002, 5.969]",*
5.966407438264673,"(5.544, 6.407]","(2.6430000000000002, 5.969]",*
5.966762686813952,"(5.544, 6.407]","(2.6430000000000002, 5.969]",*
5.967035894731446,"(5.544, 6.407]","(2.6430000000000002, 5.969]",*
5.967157156792219,"(5.544, 6.407]","(2.6430000000000002, 5.969]",*
5.96818541050648,"(5.544, 6.407]","(2.6430000000000002, 5.969]",*
5.969126805284066,"(5.544, 6.407]","(2.6430000000000002, 5.969]",*
5.969800580150023,"(5.544, 6.407]","(5.969, 9.519]",*
5.969854495066259,"(5.544, 6.407]","(5.969, 9.519]",*
5.969905376273397,"(5.544, 6.407]","(5.969, 9.519]",*
5.970952517976206,"(5.544, 6.407]","(5.969, 9.519]",*
5.972172600986304,"(5.544, 6.407]","(5.969, 9.519]",*
5.973219004488523,"(5.544, 6.407]","(5.969, 9.519]",*
5.973472602815421,"(5.544, 6.407]","(5.969, 9.519]",*
5.974145955877822,"(5.544, 6.407]","(5.969, 9.519]",*
5.975373485631425,"(5.544, 6.407]","(5.969, 9.519]",*
5.975926801583881,"(5.544, 6.407]","(5.969, 9.519]",*
5.976152430521124,"(5.544, 6.407]","(5.969, 9.519]",*
5.9762699163549104,"(5.544, 6.407]","(5.969, 9.519]",*
5.976464799433399,"(5.544, 6.407]","(5.969, 9.519]",*
5.9765065930952925,"(5.544, 6.407]","(5.969, 9.519]",*
5.977250420121613,"(5.544, 6.407]","(5.969, 9.519]",*
5.97738250315527,"(5.544, 6.407]","(5.969, 9.519]",*
5.978157617468517,"(5.544, 6.407]","(5.969, 9.519]",*
5.978276738330294,"(5.544, 6.407]","(5.969, 9.519]",*
5.978817557353072,"(5.544, 6.407]","(5.969, 9.519]",*
5.979565703947419,"(5.544, 6.407]","(5.969, 9.519]",*
5.9800476794584005,"(5.544, 6.407]","(5.969, 9.519]",*
5.980419347663782,"(5.544, 6.407]","(5.969, 9.519]",*
5.980521387607929,"(5.544, 6.407]","(5.969, 9.519]",*
5.981192807680342,"(5.544, 6.407]","(5.969, 9.519]",*
5.981267362521763,"(5.544, 6.407]","(5.969, 9.519]",*
5.981717243992407,"(5.544, 6.407]","(5.969, 9.519]",*
5.981856486829157,"(5.544, 6.407]","(5.969, 9.519]",*
5.982990281246673,"(5.544, 6.407]","(5.969, 9.519]",*
5.983204491021803,"(5.544, 6.407]","(5.969, 9.519]",*
5.985678672938942,"(5.544, 6.407]","(5.969, 9.519]",*
5.9856971510838894,"(5.544, 6.407]","(5.969, 9.519]",*
5.9857097259770855,"(5.544, 6.407]","(5.969, 9.519]",*
5.9861028816202095,"(5.544, 6.407]","(5.969, 9.519]",*
5.9866033793025135,"(5.544, 6.407]","(5.969, 9.519]",*
5.988531572912719,"(5.544, 6.407]","(5.969, 9.519]",*
5.988783205278199,"(5.544, 6.407]","(5.969, 9.519]",*
5.989045632298646,"(5.544, 6.407]","(5.969, 9.519]",*
5.989460465593778,"(5.544, 6.407]","(5.969, 9.519]",*
5.990390365819527,"(5.544, 6.407]","(5.969, 9.519]",*
5.990447952098853,"(5.544, 6.407]","(5.969, 9.519]",*
5.990648916183043,"(5.544, 6.407]","(5.969, 9.519]",*
5.991428599802803,"(5.544, 6.407]","(5.969, 9.519]",*
5.992305307333977,"(5.544, 6.407]","(5.969, 9.519]",*
5.992907039801716,"(5.544, 6.407]","(5.969, 9.519]",*
5.993336048140633,"(5.544, 6.407]","(5.969, 9.519]",*
5.994030336374387,"(5.544, 6.407]","(5.969, 9.519]",*
5.994062799456889,"(5.544, 6.407]","(5.969, 9.519]",*
5.994441910445009,"(5.544, 6.407]","(5.969, 9.519]",*
5.994479120926082,"(5.544, 6.407]","(5.969, 9.519]",*
5.994728233100116,"(5.544, 6.407]","(5.969, 9.519]",*
5.99593448511773,"(5.544, 6.407]","(5.969, 9.519]",*
5.996661953989849,"(5.544, 6.407]","(5.969, 9.519]",*
5.997008830755168,"(5.544, 6.407]","(5.969, 9.519]",*
5.99703335778761,"(5.544, 6.407]","(5.969, 9.519]",*
5.997595565893557,"(5.544, 6.407]","(5.969, 9.519]",*
5.997742589499708,"(5.544, 6.407]","(5.969, 9.519]",*
5.997765218027937,"(5.544, 6.407]","(5.969, 9.519]",*
5.998331335314608,"(5.544, 6.407]","(5.969, 9.519]",*
5.999791525525807,"(5.544, 6.407]","(5.969, 9.519]",*
6.000235846102121,"(5.544, 6.407]","(5.969, 9.519]",*
6.001140258600242,"(5.544, 6.407]","(5.969, 9.519]",*
6.001228893198166,"(5.544, 6.407]","(5.969, 9.519]",*
6.001426337247162,"(5.544, 6.407]","(5.969, 9.519]",*
6.001641690907001,"(5.544, 6.407]","(5.969, 9.519]",*
6.002053939783047,"(5.544, 6.407]","(5.969, 9.519]",*
6.002190878961099,"(5.544, 6.407]","(5.969, 9.519]",*
6.0026180207636255,"(5.544, 6.407]","(5.969, 9.519]",*
6.0028998082752425,"(5.544, 6.407]","(5.969, 9.519]",*
6.004825721355648,"(5.544, 6.407]","(5.969, 9.519]",*
6.004892786072429,"(5.544, 6.407]","(5.969, 9.519]",*
6.006171337394465,"(5.544, 6.407]","(5.969, 9.519]",*
6.0070889503888525,"(5.544, 6.407]","(5.969, 9.519]",*
6.009215324591676,"(5.544, 6.407]","(5.969, 9.519]",*
6.010153597579659,"(5.544, 6.407]","(5.969, 9.519]",*
6.010367683122686,"(5.544, 6.407]","(5.969, 9.519]",*
6.011529119332021,"(5.544, 6.407]","(5.969, 9.519]",*
6.011564179197067,"(5.544, 6.407]","(5.969, 9.519]",*
6.012357693080048,"(5.544, 6.407]","(5.969, 9.519]",*
6.013383633205062,"(5.544, 6.407]","(5.969, 9.519]",*
6.013689620849798,"(5.544, 6.407]","(5.969, 9.519]",*
6.0144088145890215,"(5.544, 6.407]","(5.969, 9.519]",*
6.014814126704311,"(5.544, 6.407]","(5.969, 9.519]",*
6.016967885006183,"(5.544, 6.407]","(5.969, 9.519]",*
6.017827234886004,"(5.544, 6.407]","(5.969, 9.519]",*
6.0178310005194735,"(5.544, 6.407]","(5.969, 9.519]",*
6.017848009636503,"(5.544, 6.407]","(5.969, 9.519]",*
6.017914883591896,"(5.544, 6.407]","(5.969, 9.519]",*
6.017936041046914,"(5.544, 6.407]","(5.969, 9.519]",*
6.018590243347785,"(5.544, 6.407]","(5.969, 9.519]",*
6.019474863803463,"(5.544, 6.407]","(5.969, 9.519]",*
6.019581363015393,"(5.544, 6.407]","(5.969, 9.519]",*
6.019769172828948,"(5.544, 6.407]","(5.969, 9.519]",*
6.0200391277276335,"(5.544, 6.407]","(5.969, 9.519]",*
6.02077931965994,"(5.544, 6.407]","(5.969, 9.519]",*
6.0211057084731925,"(5.544, 6.407]","(5.969, 9.519]",*
6.02117941323118,"(5.544, 6.407]","(5.969, 9.519]",*
6.021239385476591,"(5.544, 6.407]","(5.969, 9.519]",*
6.021458005937649,"(5.544, 6.407]","(5.969, 9.519]",*
6.021541531076558,"(5.544, 6.407]","(5.969, 9.519]",*
6.022050134443494,"(5.544, 6.407]","(5.969, 9.519]",*
6.022331787226193,"(5.544, 6.407]","(5.969, 9.519]",*
6.022455574100407,"(5.544, 6.407]","(5.969, 9.519]",*
6.0225092425226165,"(5.544, 6.407]","(5.969, 9.519]",*
6.023280912117404,"(5.544, 6.407]","(5.969, 9.519]",*
6.0240131649385615,"(5.544, 6.407]","(5.969, 9.519]",*
6.0242098486208775,"(5.544, 6.407]","(5.969, 9.519]",*
6.024763926033676,"(5.544, 6.407]","(5.969, 9.519]",*
6.025335906887153,"(5.544, 6.407]","(5.969, 9.519]",*
6.02545186097017,"(5.544, 6.407]","(5.969, 9.519]",*
6.0260054704546215,"(5.544, 6.407]","(5.969, 9.519]",*
6.026513361805032,"(5.544, 6.407]","(5.969, 9.519]",*
6.027099437209332,"(5.544, 6.407]","(5.969, 9.519]",*
6.027445797301363,"(5.544, 6.407]","(5.969, 9.519]",*
6.027467990841835,"(5.544, 6.407]","(5.969, 9.519]",*
6.0291079964615975,"(5.544, 6.407]","(5.969, 9.519]",*
6.0295904057542575,"(5.544, 6.407]","(5.969, 9.519]",*
6.030294656064103,"(5.544, 6.407]","(5.969, 9.519]",*
6.030995050631456,"(5.544, 6.407]","(5.969, 9.519]",*
6.032226963831838,"(5.544, 6.407]","(5.969, 9.519]",*
6.03224454710353,"(5.544, 6.407]","(5.969, 9.519]",*
6.0324046489516885,"(5.544, 6.407]","(5.969, 9.519]",*
6.032714830153781,"(5.544, 6.407]","(5.969, 9.519]",*
6.033123439097028,"(5.544, 6.407]","(5.969, 9.519]",*
6.033157792417207,"(5.544, 6.407]","(5.969, 9.519]",*
6.033750500630611,"(5.544, 6.407]","(5.969, 9.519]",*
6.033779427742928,"(5.544, 6.407]","(5.969, 9.519]",*
6.0344107569352445,"(5.544, 6.407]","(5.969, 9.519]",*
6.034564070929951,"(5.544, 6.407]","(5.969, 9.519]",*
6.035255424373855,"(5.544, 6.407]","(5.969, 9.519]",*
6.035878341001839,"(5.544, 6.407]","(5.969, 9.519]",*
6.035992575231477,"(5.544, 6.407]","(5.969, 9.519]",*
6.036130224181767,"(5.544, 6.407]","(5.969, 9.519]",*
6.0362748619545625,"(5.544, 6.407]","(5.969, 9.519]",*
6.036895610124854,"(5.544, 6.407]","(5.969, 9.519]",*
6.037268901062765,"(5.544, 6.407]","(5.969, 9.519]",*
6.038075113924007,"(5.544, 6.407]","(5.969, 9.519]",*
6.038763091828219,"(5.544, 6.407]","(5.969, 9.519]",*
6.039003283921599,"(5.544, 6.407]","(5.969, 9.519]",*
6.039065852438637,"(5.544, 6.407]","(5.969, 9.519]",*
6.039968339319676,"(5.544, 6.407]","(5.969, 9.519]",*
6.040724795050858,"(5.544, 6.407]","(5.969, 9.519]",*
6.041493752955182,"(5.544, 6.407]","(5.969, 9.519]",*
6.042080098723272,"(5.544, 6.407]","(5.969, 9.519]",*
6.042906909280298,"(5.544, 6.407]","(5.969, 9.519]",*
6.043554705600625,"(5.544, 6.407]","(5.969, 9.519]",*
6.0436931614305625,"(5.544, 6.407]","(5.969, 9.519]",*
6.043842699330278,"(5.544, 6.407]","(5.969, 9.519]",*
6.043995780386482,"(5.544, 6.407]","(5.969, 9.519]",*
6.044501786755909,"(5.544, 6.407]","(5.969, 9.519]",*
6.044843459810176,"(5.544, 6.407]","(5.969, 9.519]",*
6.0450003312606695,"(5.544, 6.407]","(5.969, 9.519]",*
6.045377971906452,"(5.544, 6.407]","(5.969, 9.519]",*
6.045551552233355,"(5.544, 6.407]","(5.969, 9.519]",*
6.045718886573639,"(5.544, 6.407]","(5.969, 9.519]",*
6.046181640589178,"(5.544, 6.407]","(5.969, 9.519]",*
6.047006369078906,"(5.544, 6.407]","(5.969, 9.519]",*
6.0479217440119015,"(5.544, 6.407]","(5.969, 9.519]",*
6.048516624336933,"(5.544, 6.407]","(5.969, 9.519]",*
6.050239645961744,"(5.544, 6.407]","(5.969, 9.519]",*
6.050385263612763,"(5.544, 6.407]","(5.969, 9.519]",*
6.050938097423121,"(5.544, 6.407]","(5.969, 9.519]",*
6.051114758575733,"(5.544, 6.407]","(5.969, 9.519]",*
6.052128806590113,"(5.544, 6.407]","(5.969, 9.519]",*
6.0524083972752365,"(5.544, 6.407]","(5.969, 9.519]",*
6.052909859429388,"(5.544, 6.407]","(5.969, 9.519]",*
6.053873156841148,"(5.544, 6.407]","(5.969, 9.519]",*
6.057649472410956,"(5.544, 6.407]","(5.969, 9.519]",*
6.058062232731517,"(5.544, 6.407]","(5.969, 9.519]",*
6.058146031856466,"(5.544, 6.407]","(5.969, 9.519]",*
6.059462236220307,"(5.544, 6.407]","(5.969, 9.519]",*
6.060625717853144,"(5.544, 6.407]","(5.969, 9.519]",*
6.060944853160108,"(5.544, 6.407]","(5.969, 9.519]",*
6.061124983946811,"(5.544, 6.407]","(5.969, 9.519]",*
6.06121224055646,"(5.544, 6.407]","(5.969, 9.519]",*
6.061531793351421,"(5.544, 6.407]","(5.969, 9.519]",*
6.062056239242308,"(5.544, 6.407]","(5.969, 9.519]",*
6.062755514722338,"(5.544, 6.407]","(5.969, 9.519]",*
6.062808647757397,"(5.544, 6.407]","(5.969, 9.519]",*
6.063803210285203,"(5.544, 6.407]","(5.969, 9.519]",*
6.06422840715352,"(5.544, 6.407]","(5.969, 9.519]",*
6.06437425752149,"(5.544, 6.407]","(5.969, 9.519]",*
6.0643848052565,"(5.544, 6.407]","(5.969, 9.519]",*
6.065183671190328,"(5.544, 6.407]","(5.969, 9.519]",*
6.0653524111826576,"(5.544, 6.407]","(5.969, 9.519]",*
6.066999487096951,"(5.544, 6.407]","(5.969, 9.519]",*
6.067195467437115,"(5.544, 6.407]","(5.969, 9.519]",*
6.06742324561667,"(5.544, 6.407]","(5.969, 9.519]",*
6.067487348148941,"(5.544, 6.407]","(5.969, 9.519]",*
6.068556845916536,"(5.544, 6.407]","(5.969, 9.519]",*
6.068642380668557,"(5.544, 6.407]","(5.969, 9.519]",*
6.068787668687644,"(5.544, 6.407]","(5.969, 9.519]",*
6.069486986920962,"(5.544, 6.407]","(5.969, 9.519]",*
6.06962596229847,"(5.544, 6.407]","(5.969, 9.519]",*
6.069941832637102,"(5.544, 6.407]","(5.969, 9.519]",*
6.070087673044548,"(5.544, 6.407]","(5.969, 9.519]",*
6.070115922340354,"(5.544, 6.407]","(5.969, 9.519]",*
6.072995728819622,"(5.544, 6.407]","(5.969, 9.519]",*
6.073122167749339,"(5.544, 6.407]","(5.969, 9.519]",*
6.0731683463659465,"(5.544, 6.407]","(5.969, 9.519]",*
6.073571969943877,"(5.544, 6.407]","(5.969, 9.519]",*
6.074097540784156,"(5.544, 6.407]","(5.969, 9.519]",*
6.074465722191544,"(5.544, 6.407]","(5.969, 9.519]",*
6.075001534057722,"(5.544, 6.407]","(5.969, 9.519]",*
6.075426018025608,"(5.544, 6.407]","(5.969, 9.519]",*
6.076352847198009,"(5.544, 6.407]","(5.969, 9.519]",*
6.07793513403589,"(5.544, 6.407]","(5.969, 9.519]",*
6.07810855709872,"(5.544, 6.407]","(5.969, 9.519]",*
6.0785912564250895,"(5.544, 6.407]","(5.969, 9.519]",*
6.080595229682459,"(5.544, 6.407]","(5.969, 9.519]",*
6.08135553264593,"(5.544, 6.407]","(5.969, 9.519]",*
6.081558141498461,"(5.544, 6.407]","(5.969, 9.519]",*
6.081828535371008,"(5.544, 6.407]","(5.969, 9.519]",*
6.082064753819594,"(5.544, 6.407]","(5.969, 9.519]",*
6.082523081615063,"(5.544, 6.407]","(5.969, 9.519]",*
6.0826949542208775,"(5.544, 6.407]","(5.969, 9.519]",*
6.082899197851523,"(5.544, 6.407]","(5.969, 9.519]",*
6.083099558626434,"(5.544, 6.407]","(5.969, 9.519]",*
6.083347824650576,"(5.544, 6.407]","(5.969, 9.519]",*
6.083634063325581,"(5.544, 6.407]","(5.969, 9.519]",*
6.08477805645205,"(5.544, 6.407]","(5.969, 9.519]",*
6.0847928313534165,"(5.544, 6.407]","(5.969, 9.519]",*
6.085314777743415,"(5.544, 6.407]","(5.969, 9.519]",*
6.086754299256453,"(5.544, 6.407]","(5.969, 9.519]",*
6.087360168695928,"(5.544, 6.407]","(5.969, 9.519]",*
6.089201694995617,"(5.544, 6.407]","(5.969, 9.519]",*
6.090554632483907,"(5.544, 6.407]","(5.969, 9.519]",*
6.091136829678772,"(5.544, 6.407]","(5.969, 9.519]",*
6.091147526524432,"(5.544, 6.407]","(5.969, 9.519]",*
6.091467944437305,"(5.544, 6.407]","(5.969, 9.519]",*
6.09436305482182,"(5.544, 6.407]","(5.969, 9.519]",*
6.094814232503142,"(5.544, 6.407]","(5.969, 9.519]",*
6.095807993405215,"(5.544, 6.407]","(5.969, 9.519]",*
6.0959919978177695,"(5.544, 6.407]","(5.969, 9.519]",*
6.096277806181416,"(5.544, 6.407]","(5.969, 9.519]",*
6.096813146306933,"(5.544, 6.407]","(5.969, 9.519]",*
6.097975812207395,"(5.544, 6.407]","(5.969, 9.519]",*
6.098600879747362,"(5.544, 6.407]","(5.969, 9.519]",*
6.099286714164916,"(5.544, 6.407]","(5.969, 9.519]",*
6.099322337620451,"(5.544, 6.407]","(5.969, 9.519]",*
6.0995065709565575,"(5.544, 6.407]","(5.969, 9.519]",*
6.099611426455684,"(5.544, 6.407]","(5.969, 9.519]",*
6.099712045962097,"(5.544, 6.407]","(5.969, 9.519]",*
6.099760912355622,"(5.544, 6.407]","(5.969, 9.519]",*
6.099807764170457,"(5.544, 6.407]","(5.969, 9.519]",*
6.102287442728735,"(5.544, 6.407]","(5.969, 9.519]",*
6.102947457595143,"(5.544, 6.407]","(5.969, 9.519]",*
6.103406958328785,"(5.544, 6.407]","(5.969, 9.519]",*
6.105220971954662,"(5.544, 6.407]","(5.969, 9.519]",*
6.105278889035906,"(5.544, 6.407]","(5.969, 9.519]",*
6.1055659606436015,"(5.544, 6.407]","(5.969, 9.519]",*
6.105744489236503,"(5.544, 6.407]","(5.969, 9.519]",*
6.1061640380571465,"(5.544, 6.407]","(5.969, 9.519]",*
6.106186378418586,"(5.544, 6.407]","(5.969, 9.519]",*
6.1066210622580375,"(5.544, 6.407]","(5.969, 9.519]",*
6.107370869957324,"(5.544, 6.407]","(5.969, 9.519]",*
6.107498549112044,"(5.544, 6.407]","(5.969, 9.519]",*
6.10770305023875,"(5.544, 6.407]","(5.969, 9.519]",*
6.107907982328986,"(5.544, 6.407]","(5.969, 9.519]",*
6.108449991281682,"(5.544, 6.407]","(5.969, 9.519]",*
6.108941425977986,"(5.544, 6.407]","(5.969, 9.519]",*
6.108953680780282,"(5.544, 6.407]","(5.969, 9.519]",*
6.108984095055642,"(5.544, 6.407]","(5.969, 9.519]",*
6.109440990679572,"(5.544, 6.407]","(5.969, 9.519]",*
6.112444385683588,"(5.544, 6.407]","(5.969, 9.519]",*
6.11305499014738,"(5.544, 6.407]","(5.969, 9.519]",*
6.11342940601403,"(5.544, 6.407]","(5.969, 9.519]",*
6.1138486204131866,"(5.544, 6.407]","(5.969, 9.519]",*
6.1140435168789935,"(5.544, 6.407]","(5.969, 9.519]",*
6.114218506617057,"(5.544, 6.407]","(5.969, 9.519]",*
6.1149281887810885,"(5.544, 6.407]","(5.969, 9.519]",*
6.115160123930695,"(5.544, 6.407]","(5.969, 9.519]",*
6.116111748260705,"(5.544, 6.407]","(5.969, 9.519]",*
6.116369896452838,"(5.544, 6.407]","(5.969, 9.519]",*
6.116684099550923,"(5.544, 6.407]","(5.969, 9.519]",*
6.118306400376794,"(5.544, 6.407]","(5.969, 9.519]",*
6.118452016087588,"(5.544, 6.407]","(5.969, 9.519]",*
6.118808130610341,"(5.544, 6.407]","(5.969, 9.519]",*
6.119019069930041,"(5.544, 6.407]","(5.969, 9.519]",*
6.1195302571869385,"(5.544, 6.407]","(5.969, 9.519]",*
6.119687511645707,"(5.544, 6.407]","(5.969, 9.519]",*
6.120737115775242,"(5.544, 6.407]","(5.969, 9.519]",*
6.121209663450959,"(5.544, 6.407]","(5.969, 9.519]",*
6.121600251708737,"(5.544, 6.407]","(5.969, 9.519]",*
6.122816200344722,"(5.544, 6.407]","(5.969, 9.519]",*
6.124342100310332,"(5.544, 6.407]","(5.969, 9.519]",*
6.124785472181455,"(5.544, 6.407]","(5.969, 9.519]",*
6.125857493824822,"(5.544, 6.407]","(5.969, 9.519]",*
6.1277721472786135,"(5.544, 6.407]","(5.969, 9.519]",*
6.129920101815356,"(5.544, 6.407]","(5.969, 9.519]",*
6.13026250806621,"(5.544, 6.407]","(5.969, 9.519]",*
6.131326167454443,"(5.544, 6.407]","(5.969, 9.519]",*
6.131732513956584,"(5.544, 6.407]","(5.969, 9.519]",*
6.132493497697936,"(5.544, 6.407]","(5.969, 9.519]",*
6.1338147983375935,"(5.544, 6.407]","(5.969, 9.519]",*
6.134211464453687,"(5.544, 6.407]","(5.969, 9.519]",*
6.134660957572191,"(5.544, 6.407]","(5.969, 9.519]",*
6.135694010191398,"(5.544, 6.407]","(5.969, 9.519]",*
6.135726750325242,"(5.544, 6.407]","(5.969, 9.519]",*
6.1360607997625936,"(5.544, 6.407]","(5.969, 9.519]",*
6.136224657759102,"(5.544, 6.407]","(5.969, 9.519]",*
6.138062920206424,"(5.544, 6.407]","(5.969, 9.519]",*
6.138120631446188,"(5.544, 6.407]","(5.969, 9.519]",*
6.138794330249149,"(5.544, 6.407]","(5.969, 9.519]",*
6.139115451621262,"(5.544, 6.407]","(5.969, 9.519]",*
6.140522639189498,"(5.544, 6.407]","(5.969, 9.519]",*
6.140989609794848,"(5.544, 6.407]","(5.969, 9.519]",*
6.1415942852837855,"(5.544, 6.407]","(5.969, 9.519]",*
6.141957959672962,"(5.544, 6.407]","(5.969, 9.519]",*
6.142591681366374,"(5.544, 6.407]","(5.969, 9.519]",*
6.142770987978815,"(5.544, 6.407]","(5.969, 9.519]",*
6.143843488953069,"(5.544, 6.407]","(5.969, 9.519]",*
6.145429743240848,"(5.544, 6.407]","(5.969, 9.519]",*
6.145816708090838,"(5.544, 6.407]","(5.969, 9.519]",*
6.1478455791657725,"(5.544, 6.407]","(5.969, 9.519]",*
6.148563983158972,"(5.544, 6.407]","(5.969, 9.519]",*
6.148758825736682,"(5.544, 6.407]","(5.969, 9.519]",*
6.149033107470287,"(5.544, 6.407]","(5.969, 9.519]",*
6.150061464299357,"(5.544, 6.407]","(5.969, 9.519]",*
6.150067074060426,"(5.544, 6.407]","(5.969, 9.519]",*
6.150745152945532,"(5.544, 6.407]","(5.969, 9.519]",*
6.150796319182242,"(5.544, 6.407]","(5.969, 9.519]",*
6.151659517447028,"(5.544, 6.407]","(5.969, 9.519]",*
6.1521099752376935,"(5.544, 6.407]","(5.969, 9.519]",*
6.152436518370258,"(5.544, 6.407]","(5.969, 9.519]",*
6.152455871210084,"(5.544, 6.407]","(5.969, 9.519]",*
6.152713585913875,"(5.544, 6.407]","(5.969, 9.519]",*
6.152829207414161,"(5.544, 6.407]","(5.969, 9.519]",*
6.154820118761503,"(5.544, 6.407]","(5.969, 9.519]",*
6.155259763653063,"(5.544, 6.407]","(5.969, 9.519]",*
6.155338176822831,"(5.544, 6.407]","(5.969, 9.519]",*
6.155402786240567,"(5.544, 6.407]","(5.969, 9.519]",*
6.156145636995584,"(5.544, 6.407]","(5.969, 9.519]",*
6.156221636865845,"(5.544, 6.407]","(5.969, 9.519]",*
6.1569907358968265,"(5.544, 6.407]","(5.969, 9.519]",*
6.157261016953299,"(5.544, 6.407]","(5.969, 9.519]",*
6.157447528281478,"(5.544, 6.407]","(5.969, 9.519]",*
6.157624922432977,"(5.544, 6.407]","(5.969, 9.519]",*
6.158043452805399,"(5.544, 6.407]","(5.969, 9.519]",*
6.158568848939144,"(5.544, 6.407]","(5.969, 9.519]",*
6.15910141255275,"(5.544, 6.407]","(5.969, 9.519]",*
6.159166007993441,"(5.544, 6.407]","(5.969, 9.519]",*
6.15981360684501,"(5.544, 6.407]","(5.969, 9.519]",*
6.1601504242551135,"(5.544, 6.407]","(5.969, 9.519]",*
6.160450826862749,"(5.544, 6.407]","(5.969, 9.519]",*
6.160821993099239,"(5.544, 6.407]","(5.969, 9.519]",*
6.161150591229996,"(5.544, 6.407]","(5.969, 9.519]",*
6.161583148382218,"(5.544, 6.407]","(5.969, 9.519]",*
6.161610466534107,"(5.544, 6.407]","(5.969, 9.519]",*
6.162173320859362,"(5.544, 6.407]","(5.969, 9.519]",*
6.162244128021196,"(5.544, 6.407]","(5.969, 9.519]",*
6.162329740766117,"(5.544, 6.407]","(5.969, 9.519]",*
6.162734040007303,"(5.544, 6.407]","(5.969, 9.519]",*
6.162767487268367,"(5.544, 6.407]","(5.969, 9.519]",*
6.16325659933413,"(5.544, 6.407]","(5.969, 9.519]",*
6.165032768911723,"(5.544, 6.407]","(5.969, 9.519]",*
6.165940949058845,"(5.544, 6.407]","(5.969, 9.519]",*
6.1660264433542045,"(5.544, 6.407]","(5.969, 9.519]",*
6.16623409415245,"(5.544, 6.407]","(5.969, 9.519]",*
6.167697155552772,"(5.544, 6.407]","(5.969, 9.519]",*
6.167840180435637,"(5.544, 6.407]","(5.969, 9.519]",*
6.1680724620226375,"(5.544, 6.407]","(5.969, 9.519]",*
6.168255827405512,"(5.544, 6.407]","(5.969, 9.519]",*
6.169046082811702,"(5.544, 6.407]","(5.969, 9.519]",*
6.169797899979844,"(5.544, 6.407]","(5.969, 9.519]",*
6.170045659787897,"(5.544, 6.407]","(5.969, 9.519]",*
6.1702391538252845,"(5.544, 6.407]","(5.969, 9.519]",*
6.1704840908385,"(5.544, 6.407]","(5.969, 9.519]",*
6.171113263032803,"(5.544, 6.407]","(5.969, 9.519]",*
6.171501482398584,"(5.544, 6.407]","(5.969, 9.519]",*
6.171802298857669,"(5.544, 6.407]","(5.969, 9.519]",*
6.172321363589076,"(5.544, 6.407]","(5.969, 9.519]",*
6.17253664302728,"(5.544, 6.407]","(5.969, 9.519]",*
6.172785820361128,"(5.544, 6.407]","(5.969, 9.519]",*
6.172905753640435,"(5.544, 6.407]","(5.969, 9.519]",*
6.173290661038383,"(5.544, 6.407]","(5.969, 9.519]",*
6.174733572063174,"(5.544, 6.407]","(5.969, 9.519]",*
6.175657448340899,"(5.544, 6.407]","(5.969, 9.519]",*
6.175769773161286,"(5.544, 6.407]","(5.969, 9.519]",*
6.178851434951207,"(5.544, 6.407]","(5.969, 9.519]",*
6.1792053252705,"(5.544, 6.407]","(5.969, 9.519]",*
6.180522398654933,"(5.544, 6.407]","(5.969, 9.519]",*
6.180693957432935,"(5.544, 6.407]","(5.969, 9.519]",*
6.181027601863335,"(5.544, 6.407]","(5.969, 9.519]",*
6.18116344425007,"(5.544, 6.407]","(5.969, 9.519]",*
6.181948205530071,"(5.544, 6.407]","(5.969, 9.519]",*
6.182091797227737,"(5.544, 6.407]","(5.969, 9.519]",*
6.182167977374256,"(5.544, 6.407]","(5.969, 9.519]",*
6.182493964931173,"(5.544, 6.407]","(5.969, 9.519]",*
6.18250700276184,"(5.544, 6.407]","(5.969, 9.519]",*
6.182807099215402,"(5.544, 6.407]","(5.969, 9.519]",*
6.183058043767343,"(5.544, 6.407]","(5.969, 9.519]",*
6.183385746617567,"(5.544, 6.407]","(5.969, 9.519]",*
6.184965338620103,"(5.544, 6.407]","(5.969, 9.519]",*
6.1855059419739336,"(5.544, 6.407]","(5.969, 9.519]",*
6.186291071935285,"(5.544, 6.407]","(5.969, 9.519]",*
6.1862991094590685,"(5.544, 6.407]","(5.969, 9.519]",*
6.186440468365171,"(5.544, 6.407]","(5.969, 9.519]",*
6.187704152953503,"(5.544, 6.407]","(5.969, 9.519]",*
6.187822917864303,"(5.544, 6.407]","(5.969, 9.519]",*
6.188441122395745,"(5.544, 6.407]","(5.969, 9.519]",*
6.188575726156947,"(5.544, 6.407]","(5.969, 9.519]",*
6.189819348037322,"(5.544, 6.407]","(5.969, 9.519]",*
6.189855326620772,"(5.544, 6.407]","(5.969, 9.519]",*
6.190475601219981,"(5.544, 6.407]","(5.969, 9.519]",*
6.1919893416672505,"(5.544, 6.407]","(5.969, 9.519]",*
6.1927463148736095,"(5.544, 6.407]","(5.969, 9.519]",*
6.19344113917006,"(5.544, 6.407]","(5.969, 9.519]",*
6.194182284487791,"(5.544, 6.407]","(5.969, 9.519]",*
6.194391630247678,"(5.544, 6.407]","(5.969, 9.519]",*
6.194584198814387,"(5.544, 6.407]","(5.969, 9.519]",*
6.194842465276452,"(5.544, 6.407]","(5.969, 9.519]",*
6.195023012500672,"(5.544, 6.407]","(5.969, 9.519]",*
6.195458467820616,"(5.544, 6.407]","(5.969, 9.519]",*
6.195614401707648,"(5.544, 6.407]","(5.969, 9.519]",*
6.198157645783813,"(5.544, 6.407]","(5.969, 9.519]",*
6.199784214946063,"(5.544, 6.407]","(5.969, 9.519]",*
6.200075738675403,"(5.544, 6.407]","(5.969, 9.519]",*
6.200391541378923,"(5.544, 6.407]","(5.969, 9.519]",*
6.200602930130862,"(5.544, 6.407]","(5.969, 9.519]",*
6.20063514264816,"(5.544, 6.407]","(5.969, 9.519]",*
6.20109860681206,"(5.544, 6.407]","(5.969, 9.519]",*
6.2019211715419535,"(5.544, 6.407]","(5.969, 9.519]",*
6.202043174110683,"(5.544, 6.407]","(5.969, 9.519]",*
6.202397053893392,"(5.544, 6.407]","(5.969, 9.519]",*
6.202613172462777,"(5.544, 6.407]","(5.969, 9.519]",*
6.2027116483735885,"(5.544, 6.407]","(5.969, 9.519]",*
6.202875144913652,"(5.544, 6.407]","(5.969, 9.519]",*
6.204022607822544,"(5.544, 6.407]","(5.969, 9.519]",*
6.2047892378054526,"(5.544, 6.407]","(5.969, 9.519]",*
6.20495418167144,"(5.544, 6.407]","(5.969, 9.519]",*
6.205939172001496,"(5.544, 6.407]","(5.969, 9.519]",*
6.205941992078737,"(5.544, 6.407]","(5.969, 9.519]",*
6.206707264725826,"(5.544, 6.407]","(5.969, 9.519]",*
6.206884060905353,"(5.544, 6.407]","(5.969, 9.519]",*
6.207662803840418,"(5.544, 6.407]","(5.969, 9.519]",*
6.20774105221012,"(5.544, 6.407]","(5.969, 9.519]",*
6.208898546881211,"(5.544, 6.407]","(5.969, 9.519]",*
6.209654960593983,"(5.544, 6.407]","(5.969, 9.519]",*
6.2098030366220645,"(5.544, 6.407]","(5.969, 9.519]",*
6.2100445568900735,"(5.544, 6.407]","(5.969, 9.519]",*
6.210086641573813,"(5.544, 6.407]","(5.969, 9.519]",*
6.210270739704405,"(5.544, 6.407]","(5.969, 9.519]",*
6.210505624202055,"(5.544, 6.407]","(5.969, 9.519]",*
6.210744514911152,"(5.544, 6.407]","(5.969, 9.519]",*
6.2109003396474245,"(5.544, 6.407]","(5.969, 9.519]",*
6.212565023412397,"(5.544, 6.407]","(5.969, 9.519]",*
6.212784993417044,"(5.544, 6.407]","(5.969, 9.519]",*
6.213168555670526,"(5.544, 6.407]","(5.969, 9.519]",*
6.213365520602951,"(5.544, 6.407]","(5.969, 9.519]",*
6.213762125668018,"(5.544, 6.407]","(5.969, 9.519]",*
6.214134474458753,"(5.544, 6.407]","(5.969, 9.519]",*
6.214842629886668,"(5.544, 6.407]","(5.969, 9.519]",*
6.21493246717844,"(5.544, 6.407]","(5.969, 9.519]",*
6.215488288214617,"(5.544, 6.407]","(5.969, 9.519]",*
6.215553683517608,"(5.544, 6.407]","(5.969, 9.519]",*
6.217532941702403,"(5.544, 6.407]","(5.969, 9.519]",*
6.218486676247367,"(5.544, 6.407]","(5.969, 9.519]",*
6.218852677275094,"(5.544, 6.407]","(5.969, 9.519]",*
6.221356581308233,"(5.544, 6.407]","(5.969, 9.519]",*
6.221479752470397,"(5.544, 6.407]","(5.969, 9.519]",*
6.222731003932779,"(5.544, 6.407]","(5.969, 9.519]",*
6.223011942386863,"(5.544, 6.407]","(5.969, 9.519]",*
6.223545453780186,"(5.544, 6.407]","(5.969, 9.519]",*
6.223626135894506,"(5.544, 6.407]","(5.969, 9.519]",*
6.223896597469925,"(5.544, 6.407]","(5.969, 9.519]",*
6.224970591441523,"(5.544, 6.407]","(5.969, 9.519]",*
6.22527927747815,"(5.544, 6.407]","(5.969, 9.519]",*
6.225719362561438,"(5.544, 6.407]","(5.969, 9.519]",*
6.227944968247403,"(5.544, 6.407]","(5.969, 9.519]",*
6.228342555064717,"(5.544, 6.407]","(5.969, 9.519]",*
6.228799161961389,"(5.544, 6.407]","(5.969, 9.519]",*
6.229226567729604,"(5.544, 6.407]","(5.969, 9.519]",*
6.231100333822612,"(5.544, 6.407]","(5.969, 9.519]",*
6.231375374285178,"(5.544, 6.407]","(5.969, 9.519]",*
6.232125980640834,"(5.544, 6.407]","(5.969, 9.519]",*
6.232470844501632,"(5.544, 6.407]","(5.969, 9.519]",*
6.232564644449598,"(5.544, 6.407]","(5.969, 9.519]",*
6.232585150667613,"(5.544, 6.407]","(5.969, 9.519]",*
6.232921556544747,"(5.544, 6.407]","(5.969, 9.519]",*
6.233812725635282,"(5.544, 6.407]","(5.969, 9.519]",*
6.234492402285932,"(5.544, 6.407]","(5.969, 9.519]",*
6.234743604562945,"(5.544, 6.407]","(5.969, 9.519]",*
6.235777365983025,"(5.544, 6.407]","(5.969, 9.519]",*
6.2359836792694825,"(5.544, 6.407]","(5.969, 9.519]",*
6.236576038465625,"(5.544, 6.407]","(5.969, 9.519]",*
6.236986666759157,"(5.544, 6.407]","(5.969, 9.519]",*
6.237786635153152,"(5.544, 6.407]","(5.969, 9.519]",*
6.238891014754013,"(5.544, 6.407]","(5.969, 9.519]",*
6.239196856965617,"(5.544, 6.407]","(5.969, 9.519]",*
6.239277203455028,"(5.544, 6.407]","(5.969, 9.519]",*
6.239460761291896,"(5.544, 6.407]","(5.969, 9.519]",*
6.239752520780447,"(5.544, 6.407]","(5.969, 9.519]",*
6.240501135357749,"(5.544, 6.407]","(5.969, 9.519]",*
6.2406940964219215,"(5.544, 6.407]","(5.969, 9.519]",*
6.24071555252051,"(5.544, 6.407]","(5.969, 9.519]",*
6.2413286461874735,"(5.544, 6.407]","(5.969, 9.519]",*
6.241898806341755,"(5.544, 6.407]","(5.969, 9.519]",*
6.242850811185758,"(5.544, 6.407]","(5.969, 9.519]",*
6.242885497652881,"(5.544, 6.407]","(5.969, 9.519]",*
6.243065203370705,"(5.544, 6.407]","(5.969, 9.519]",*
6.244759466493902,"(5.544, 6.407]","(5.969, 9.519]",*
6.244859498091675,"(5.544, 6.407]","(5.969, 9.519]",*
6.246293932010398,"(5.544, 6.407]","(5.969, 9.519]",*
6.247342401461347,"(5.544, 6.407]","(5.969, 9.519]",*
6.2474305516693605,"(5.544, 6.407]","(5.969, 9.519]",*
6.248382613471702,"(5.544, 6.407]","(5.969, 9.519]",*
6.249339484812152,"(5.544, 6.407]","(5.969, 9.519]",*
6.249503548445095,"(5.544, 6.407]","(5.969, 9.519]",*
6.249813526836309,"(5.544, 6.407]","(5.969, 9.519]",*
6.249999521314131,"(5.544, 6.407]","(5.969, 9.519]",*
6.250398043787492,"(5.544, 6.407]","(5.969, 9.519]",*
6.251245415883303,"(5.544, 6.407]","(5.969, 9.519]",*
6.251368329347027,"(5.544, 6.407]","(5.969, 9.519]",*
6.251425050461035,"(5.544, 6.407]","(5.969, 9.519]",*
6.252128677556176,"(5.544, 6.407]","(5.969, 9.519]",*
6.253208410395995,"(5.544, 6.407]","(5.969, 9.519]",*
6.2540022373113295,"(5.544, 6.407]","(5.969, 9.519]",*
6.255893937931318,"(5.544, 6.407]","(5.969, 9.519]",*
6.2568901832601895,"(5.544, 6.407]","(5.969, 9.519]",*
6.257028600548349,"(5.544, 6.407]","(5.969, 9.519]",*
6.257201541734626,"(5.544, 6.407]","(5.969, 9.519]",*
6.258472410525433,"(5.544, 6.407]","(5.969, 9.519]",*
6.258640531674303,"(5.544, 6.407]","(5.969, 9.519]",*
6.258816319585471,"(5.544, 6.407]","(5.969, 9.519]",*
6.2597818761291455,"(5.544, 6.407]","(5.969, 9.519]",*
6.259884035038036,"(5.544, 6.407]","(5.969, 9.519]",*
6.259900933722554,"(5.544, 6.407]","(5.969, 9.519]",*
6.259956549596873,"(5.544, 6.407]","(5.969, 9.519]",*
6.260993427142451,"(5.544, 6.407]","(5.969, 9.519]",*
6.261758248643439,"(5.544, 6.407]","(5.969, 9.519]",*
6.261965687741754,"(5.544, 6.407]","(5.969, 9.519]",*
6.262176486240543,"(5.544, 6.407]","(5.969, 9.519]",*
6.262355266598608,"(5.544, 6.407]","(5.969, 9.519]",*
6.262822619927764,"(5.544, 6.407]","(5.969, 9.519]",*
6.262916946149982,"(5.544, 6.407]","(5.969, 9.519]",*
6.263137756742095,"(5.544, 6.407]","(5.969, 9.519]",*
6.263150571364312,"(5.544, 6.407]","(5.969, 9.519]",*
6.26332055446205,"(5.544, 6.407]","(5.969, 9.519]",*
6.263488797517833,"(5.544, 6.407]","(5.969, 9.519]",*
6.263865774201987,"(5.544, 6.407]","(5.969, 9.519]",*
6.264613212088167,"(5.544, 6.407]","(5.969, 9.519]",*
6.2646893775679775,"(5.544, 6.407]","(5.969, 9.519]",*
6.26521807935307,"(5.544, 6.407]","(5.969, 9.519]",*
6.26575050285842,"(5.544, 6.407]","(5.969, 9.519]",*
6.266666891127383,"(5.544, 6.407]","(5.969, 9.519]",*
6.266859797012064,"(5.544, 6.407]","(5.969, 9.519]",*
6.267654519689076,"(5.544, 6.407]","(5.969, 9.519]",*
6.268010006874869,"(5.544, 6.407]","(5.969, 9.519]",*
6.26872124947221,"(5.544, 6.407]","(5.969, 9.519]",*
6.269076340178336,"(5.544, 6.407]","(5.969, 9.519]",*
6.2691663009074725,"(5.544, 6.407]","(5.969, 9.519]",*
6.269371897145731,"(5.544, 6.407]","(5.969, 9.519]",*
6.269637254435481,"(5.544, 6.407]","(5.969, 9.519]",*
6.269795191077139,"(5.544, 6.407]","(5.969, 9.519]",*
6.269963499456699,"(5.544, 6.407]","(5.969, 9.519]",*
6.270470462110168,"(5.544, 6.407]","(5.969, 9.519]",*
6.270889732832139,"(5.544, 6.407]","(5.969, 9.519]",*
6.270914492380962,"(5.544, 6.407]","(5.969, 9.519]",*
6.2709986608762005,"(5.544, 6.407]","(5.969, 9.519]",*
6.271330822753542,"(5.544, 6.407]","(5.969, 9.519]",*
6.271704719589737,"(5.544, 6.407]","(5.969, 9.519]",*
6.271926425649867,"(5.544, 6.407]","(5.969, 9.519]",*
6.27197437932454,"(5.544, 6.407]","(5.969, 9.519]",*
6.272527603245836,"(5.544, 6.407]","(5.969, 9.519]",*
6.274359672824383,"(5.544, 6.407]","(5.969, 9.519]",*
6.275508702438973,"(5.544, 6.407]","(5.969, 9.519]",*
6.27672354306245,"(5.544, 6.407]","(5.969, 9.519]",*
6.278111189816944,"(5.544, 6.407]","(5.969, 9.519]",*
6.27953689058963,"(5.544, 6.407]","(5.969, 9.519]",*
6.279753853557661,"(5.544, 6.407]","(5.969, 9.519]",*
6.28129199541849,"(5.544, 6.407]","(5.969, 9.519]",*
6.281779968155928,"(5.544, 6.407]","(5.969, 9.519]",*
6.2821414940389335,"(5.544, 6.407]","(5.969, 9.519]",*
6.282693302983519,"(5.544, 6.407]","(5.969, 9.519]",*
6.283106164612975,"(5.544, 6.407]","(5.969, 9.519]",*
6.283122836391756,"(5.544, 6.407]","(5.969, 9.519]",*
6.283559889744335,"(5.544, 6.407]","(5.969, 9.519]",*
6.284749965840177,"(5.544, 6.407]","(5.969, 9.519]",*
6.285249311758717,"(5.544, 6.407]","(5.969, 9.519]",*
6.286086725293366,"(5.544, 6.407]","(5.969, 9.519]",*
6.286364384350496,"(5.544, 6.407]","(5.969, 9.519]",*
6.2873403527226,"(5.544, 6.407]","(5.969, 9.519]",*
6.287356150961855,"(5.544, 6.407]","(5.969, 9.519]",*
6.287836930790459,"(5.544, 6.407]","(5.969, 9.519]",*
6.2879132863058365,"(5.544, 6.407]","(5.969, 9.519]",*
6.289169337314829,"(5.544, 6.407]","(5.969, 9.519]",*
6.289222852035643,"(5.544, 6.407]","(5.969, 9.519]",*
6.28999319414062,"(5.544, 6.407]","(5.969, 9.519]",*
6.2900712142367015,"(5.544, 6.407]","(5.969, 9.519]",*
6.290968539826848,"(5.544, 6.407]","(5.969, 9.519]",*
6.291080411736068,"(5.544, 6.407]","(5.969, 9.519]",*
6.291113540231799,"(5.544, 6.407]","(5.969, 9.519]",*
6.2911921864369225,"(5.544, 6.407]","(5.969, 9.519]",*
6.291501387884197,"(5.544, 6.407]","(5.969, 9.519]",*
6.2921891088451,"(5.544, 6.407]","(5.969, 9.519]",*
6.292294205540612,"(5.544, 6.407]","(5.969, 9.519]",*
6.292794099580653,"(5.544, 6.407]","(5.969, 9.519]",*
6.292878824382223,"(5.544, 6.407]","(5.969, 9.519]",*
6.293585381888211,"(5.544, 6.407]","(5.969, 9.519]",*
6.2941608788820576,"(5.544, 6.407]","(5.969, 9.519]",*
6.294500494706148,"(5.544, 6.407]","(5.969, 9.519]",*
6.295071681635598,"(5.544, 6.407]","(5.969, 9.519]",*
6.295120484433175,"(5.544, 6.407]","(5.969, 9.519]",*
6.295260657621228,"(5.544, 6.407]","(5.969, 9.519]",*
6.295500995185928,"(5.544, 6.407]","(5.969, 9.519]",*
6.295516139252013,"(5.544, 6.407]","(5.969, 9.519]",*
6.295678750832572,"(5.544, 6.407]","(5.969, 9.519]",*
6.296564913523656,"(5.544, 6.407]","(5.969, 9.519]",*
6.2975688991686924,"(5.544, 6.407]","(5.969, 9.519]",*
6.297773988668454,"(5.544, 6.407]","(5.969, 9.519]",*
6.298703745686929,"(5.544, 6.407]","(5.969, 9.519]",*
6.29926866657253,"(5.544, 6.407]","(5.969, 9.519]",*
6.299951770929344,"(5.544, 6.407]","(5.969, 9.519]",*
6.300154238663832,"(5.544, 6.407]","(5.969, 9.519]",*
6.300408887929093,"(5.544, 6.407]","(5.969, 9.519]",*
6.300600085463341,"(5.544, 6.407]","(5.969, 9.519]",*
6.301155926190098,"(5.544, 6.407]","(5.969, 9.519]",*
6.301814026679135,"(5.544, 6.407]","(5.969, 9.519]",*
6.303685917443952,"(5.544, 6.407]","(5.969, 9.519]",*
6.304035221788332,"(5.544, 6.407]","(5.969, 9.519]",*
6.304319057885244,"(5.544, 6.407]","(5.969, 9.519]",*
6.304322279741903,"(5.544, 6.407]","(5.969, 9.519]",*
6.304585289573843,"(5.544, 6.407]","(5.969, 9.519]",*
6.305095542681763,"(5.544, 6.407]","(5.969, 9.519]",*
6.305504898577823,"(5.544, 6.407]","(5.969, 9.519]",*
6.30565128427578,"(5.544, 6.407]","(5.969, 9.519]",*
6.30568192862029,"(5.544, 6.407]","(5.969, 9.519]",*
6.305722898881768,"(5.544, 6.407]","(5.969, 9.519]",*
6.306286762046898,"(5.544, 6.407]","(5.969, 9.519]",*
6.3063689199788735,"(5.544, 6.407]","(5.969, 9.519]",*
6.306611020624912,"(5.544, 6.407]","(5.969, 9.519]",*
6.307488643598795,"(5.544, 6.407]","(5.969, 9.519]",*
6.3076818325711415,"(5.544, 6.407]","(5.969, 9.519]",*
6.307915968586234,"(5.544, 6.407]","(5.969, 9.519]",*
6.30829519237231,"(5.544, 6.407]","(5.969, 9.519]",*
6.3083959952583895,"(5.544, 6.407]","(5.969, 9.519]",*
6.3090693346945175,"(5.544, 6.407]","(5.969, 9.519]",*
6.309271353146576,"(5.544, 6.407]","(5.969, 9.519]",*
6.310493215349036,"(5.544, 6.407]","(5.969, 9.519]",*
6.310979069788361,"(5.544, 6.407]","(5.969, 9.519]",*
6.311020028101924,"(5.544, 6.407]","(5.969, 9.519]",*
6.311198444363103,"(5.544, 6.407]","(5.969, 9.519]",*
6.311996291090011,"(5.544, 6.407]","(5.969, 9.519]",*
6.31245242163732,"(5.544, 6.407]","(5.969, 9.519]",*
6.31255834428141,"(5.544, 6.407]","(5.969, 9.519]",*
6.313147371102308,"(5.544, 6.407]","(5.969, 9.519]",*
6.3138913614044245,"(5.544, 6.407]","(5.969, 9.519]",*
6.313971755960216,"(5.544, 6.407]","(5.969, 9.519]",*
6.314355156914044,"(5.544, 6.407]","(5.969, 9.519]",*
6.315632963749987,"(5.544, 6.407]","(5.969, 9.519]",*
6.316032181038115,"(5.544, 6.407]","(5.969, 9.519]",*
6.316381846904959,"(5.544, 6.407]","(5.969, 9.519]",*
6.316474481926568,"(5.544, 6.407]","(5.969, 9.519]",*
6.317285888076701,"(5.544, 6.407]","(5.969, 9.519]",*
6.318402338418008,"(5.544, 6.407]","(5.969, 9.519]",*
6.319456523066482,"(5.544, 6.407]","(5.969, 9.519]",*
6.319831311715894,"(5.544, 6.407]","(5.969, 9.519]",*
6.3205570297650135,"(5.544, 6.407]","(5.969, 9.519]",*
6.320753254964687,"(5.544, 6.407]","(5.969, 9.519]",*
6.321321946003938,"(5.544, 6.407]","(5.969, 9.519]",*
6.321891117278107,"(5.544, 6.407]","(5.969, 9.519]",*
6.322338023741593,"(5.544, 6.407]","(5.969, 9.519]",*
6.323865593296564,"(5.544, 6.407]","(5.969, 9.519]",*
6.3240680405558045,"(5.544, 6.407]","(5.969, 9.519]",*
6.324094873945211,"(5.544, 6.407]","(5.969, 9.519]",*
6.3258218346655575,"(5.544, 6.407]","(5.969, 9.519]",*
6.326332926823016,"(5.544, 6.407]","(5.969, 9.519]",*
6.326602837602026,"(5.544, 6.407]","(5.969, 9.519]",*
6.326840293385028,"(5.544, 6.407]","(5.969, 9.519]",*
6.327089455579013,"(5.544, 6.407]","(5.969, 9.519]",*
6.327696005054718,"(5.544, 6.407]","(5.969, 9.519]",*
6.3277734025867565,"(5.544, 6.407]","(5.969, 9.519]",*
6.3310048885459365,"(5.544, 6.407]","(5.969, 9.519]",*
6.331567258271915,"(5.544, 6.407]","(5.969, 9.519]",*
6.331878075478995,"(5.544, 6.407]","(5.969, 9.519]",*
6.331896100542412,"(5.544, 6.407]","(5.969, 9.519]",*
6.33241301352278,"(5.544, 6.407]","(5.969, 9.519]",*
6.333260676370884,"(5.544, 6.407]","(5.969, 9.519]",*
6.333788792555762,"(5.544, 6.407]","(5.969, 9.519]",*
6.333973361397611,"(5.544, 6.407]","(5.969, 9.519]",*
6.334101642964287,"(5.544, 6.407]","(5.969, 9.519]",*
6.3341287467267575,"(5.544, 6.407]","(5.969, 9.519]",*
6.334180260785713,"(5.544, 6.407]","(5.969, 9.519]",*
6.334282672769919,"(5.544, 6.407]","(5.969, 9.519]",*
6.334545747765312,"(5.544, 6.407]","(5.969, 9.519]",*
6.334568109630776,"(5.544, 6.407]","(5.969, 9.519]",*
6.334673344514552,"(5.544, 6.407]","(5.969, 9.519]",*
6.335217719435784,"(5.544, 6.407]","(5.969, 9.519]",*
6.335995235991057,"(5.544, 6.407]","(5.969, 9.519]",*
6.336056314566116,"(5.544, 6.407]","(5.969, 9.519]",*
6.3361089421009655,"(5.544, 6.407]","(5.969, 9.519]",*
6.3362286811055615,"(5.544, 6.407]","(5.969, 9.519]",*
6.336434462116767,"(5.544, 6.407]","(5.969, 9.519]",*
6.336769915272652,"(5.544, 6.407]","(5.969, 9.519]",*
6.336786947895272,"(5.544, 6.407]","(5.969, 9.519]",*
6.33700461358221,"(5.544, 6.407]","(5.969, 9.519]",*
6.33863423122151,"(5.544, 6.407]","(5.969, 9.519]",*
6.338760747978943,"(5.544, 6.407]","(5.969, 9.519]",*
6.340636859652194,"(5.544, 6.407]","(5.969, 9.519]",*
6.341340987541606,"(5.544, 6.407]","(5.969, 9.519]",*
6.341691523324322,"(5.544, 6.407]","(5.969, 9.519]",*
6.3420554183968125,"(5.544, 6.407]","(5.969, 9.519]",*
6.343953016204763,"(5.544, 6.407]","(5.969, 9.519]",*
6.345097993599144,"(5.544, 6.407]","(5.969, 9.519]",*
6.345546843490231,"(5.544, 6.407]","(5.969, 9.519]",*
6.346079744161392,"(5.544, 6.407]","(5.969, 9.519]",*
6.3470083728653455,"(5.544, 6.407]","(5.969, 9.519]",*
6.347296491970853,"(5.544, 6.407]","(5.969, 9.519]",*
6.348594854010623,"(5.544, 6.407]","(5.969, 9.519]",*
6.350233498066994,"(5.544, 6.407]","(5.969, 9.519]",*
6.350672041927902,"(5.544, 6.407]","(5.969, 9.519]",*
6.350845135247632,"(5.544, 6.407]","(5.969, 9.519]",*
6.352098251388759,"(5.544, 6.407]","(5.969, 9.519]",*
6.352332250562594,"(5.544, 6.407]","(5.969, 9.519]",*
6.353116423156822,"(5.544, 6.407]","(5.969, 9.519]",*
6.353166703767866,"(5.544, 6.407]","(5.969, 9.519]",*
6.353593572018843,"(5.544, 6.407]","(5.969, 9.519]",*
6.3537347567434885,"(5.544, 6.407]","(5.969, 9.519]",*
6.354552331566301,"(5.544, 6.407]","(5.969, 9.519]",*
6.354988920594004,"(5.544, 6.407]","(5.969, 9.519]",*
6.355133906672768,"(5.544, 6.407]","(5.969, 9.519]",*
6.355333720138657,"(5.544, 6.407]","(5.969, 9.519]",*
6.35725099295472,"(5.544, 6.407]","(5.969, 9.519]",*
6.3572745438412,"(5.544, 6.407]","(5.969, 9.519]",*
6.357539657616703,"(5.544, 6.407]","(5.969, 9.519]",*
6.357683900536431,"(5.544, 6.407]","(5.969, 9.519]",*
6.358266692721981,"(5.544, 6.407]","(5.969, 9.519]",*
6.35836710335071,"(5.544, 6.407]","(5.969, 9.519]",*
6.358746642871367,"(5.544, 6.407]","(5.969, 9.519]",*
6.358747139489213,"(5.544, 6.407]","(5.969, 9.519]",*
6.359015224899549,"(5.544, 6.407]","(5.969, 9.519]",*
6.359688875961113,"(5.544, 6.407]","(5.969, 9.519]",*
6.360502188105771,"(5.544, 6.407]","(5.969, 9.519]",*
6.362565274696503,"(5.544, 6.407]","(5.969, 9.519]",*
6.364692292700231,"(5.544, 6.407]","(5.969, 9.519]",*
6.364718801740597,"(5.544, 6.407]","(5.969, 9.519]",*
6.36500474360896,"(5.544, 6.407]","(5.969, 9.519]",*
6.3671125352804925,"(5.544, 6.407]","(5.969, 9.519]",*
6.367973326313857,"(5.544, 6.407]","(5.969, 9.519]",*
6.368083311016872,"(5.544, 6.407]","(5.969, 9.519]",*
6.369107047456508,"(5.544, 6.407]","(5.969, 9.519]",*
6.369259280752663,"(5.544, 6.407]","(5.969, 9.519]",*
6.369461420854055,"(5.544, 6.407]","(5.969, 9.519]",*
6.370638426233274,"(5.544, 6.407]","(5.969, 9.519]",*
6.37086709507172,"(5.544, 6.407]","(5.969, 9.519]",*
6.3711792563992535,"(5.544, 6.407]","(5.969, 9.519]",*
6.371568822809171,"(5.544, 6.407]","(5.969, 9.519]",*
6.3716272483840815,"(5.544, 6.407]","(5.969, 9.519]",*
6.372610689110144,"(5.544, 6.407]","(5.969, 9.519]",*
6.3727309322299455,"(5.544, 6.407]","(5.969, 9.519]",*
6.373225334244894,"(5.544, 6.407]","(5.969, 9.519]",*
6.373443777405861,"(5.544, 6.407]","(5.969, 9.519]",*
6.3735742158778015,"(5.544, 6.407]","(5.969, 9.519]",*
6.374120812087837,"(5.544, 6.407]","(5.969, 9.519]",*
6.374354978995023,"(5.544, 6.407]","(5.969, 9.519]",*
6.374930066018735,"(5.544, 6.407]","(5.969, 9.519]",*
6.3750358247767736,"(5.544, 6.407]","(5.969, 9.519]",*
6.37507642928153,"(5.544, 6.407]","(5.969, 9.519]",*
6.375139714296299,"(5.544, 6.407]","(5.969, 9.519]",*
6.375401943188317,"(5.544, 6.407]","(5.969, 9.519]",*
6.375424294401232,"(5.544, 6.407]","(5.969, 9.519]",*
6.376043795033218,"(5.544, 6.407]","(5.969, 9.519]",*
6.376389684682559,"(5.544, 6.407]","(5.969, 9.519]",*
6.376583394154059,"(5.544, 6.407]","(5.969, 9.519]",*
6.376728984400259,"(5.544, 6.407]","(5.969, 9.519]",*
6.377042816523149,"(5.544, 6.407]","(5.969, 9.519]",*
6.377277228844317,"(5.544, 6.407]","(5.969, 9.519]",*
6.377932266752447,"(5.544, 6.407]","(5.969, 9.519]",*
6.377936931302479,"(5.544, 6.407]","(5.969, 9.519]",*
6.378066049877947,"(5.544, 6.407]","(5.969, 9.519]",*
6.378851616958006,"(5.544, 6.407]","(5.969, 9.519]",*
6.3789017794160365,"(5.544, 6.407]","(5.969, 9.519]",*
6.380243916965334,"(5.544, 6.407]","(5.969, 9.519]",*
6.381029537516147,"(5.544, 6.407]","(5.969, 9.519]",*
6.381165621462486,"(5.544, 6.407]","(5.969, 9.519]",*
6.382452912235433,"(5.544, 6.407]","(5.969, 9.519]",*
6.383383417433889,"(5.544, 6.407]","(5.969, 9.519]",*
6.3843589207152025,"(5.544, 6.407]","(5.969, 9.519]",*
6.384603896600474,"(5.544, 6.407]","(5.969, 9.519]",*
6.384670071791461,"(5.544, 6.407]","(5.969, 9.519]",*
6.3850360591346895,"(5.544, 6.407]","(5.969, 9.519]",*
6.385373646848527,"(5.544, 6.407]","(5.969, 9.519]",*
6.385530181163657,"(5.544, 6.407]","(5.969, 9.519]",*
6.386325180280238,"(5.544, 6.407]","(5.969, 9.519]",*
6.386347995576972,"(5.544, 6.407]","(5.969, 9.519]",*
6.386835016999288,"(5.544, 6.407]","(5.969, 9.519]",*
6.387486244093244,"(5.544, 6.407]","(5.969, 9.519]",*
6.388845620844637,"(5.544, 6.407]","(5.969, 9.519]",*
6.389014149991227,"(5.544, 6.407]","(5.969, 9.519]",*
6.389363528618119,"(5.544, 6.407]","(5.969, 9.519]",*
6.389427716511816,"(5.544, 6.407]","(5.969, 9.519]",*
6.389930497136997,"(5.544, 6.407]","(5.969, 9.519]",*
6.392390951578983,"(5.544, 6.407]","(5.969, 9.519]",*
6.39244379007958,"(5.544, 6.407]","(5.969, 9.519]",*
6.392834115438602,"(5.544, 6.407]","(5.969, 9.519]",*
6.39410766659858,"(5.544, 6.407]","(5.969, 9.519]",*
6.394229960168919,"(5.544, 6.407]","(5.969, 9.519]",*
6.394246585656201,"(5.544, 6.407]","(5.969, 9.519]",*
6.394601410268876,"(5.544, 6.407]","(5.969, 9.519]",*
6.395475416750344,"(5.544, 6.407]","(5.969, 9.519]",*
6.396024278861545,"(5.544, 6.407]","(5.969, 9.519]",*
6.396437855294906,"(5.544, 6.407]","(5.969, 9.519]",*
6.396503503603644,"(5.544, 6.407]","(5.969, 9.519]",*
6.397171887390756,"(5.544, 6.407]","(5.969, 9.519]",*
6.397210229179063,"(5.544, 6.407]","(5.969, 9.519]",*
6.397770389007441,"(5.544, 6.407]","(5.969, 9.519]",*
6.398037241945182,"(5.544, 6.407]","(5.969, 9.519]",*
6.398625990192602,"(5.544, 6.407]","(5.969, 9.519]",*
6.399003719595008,"(5.544, 6.407]","(5.969, 9.519]",*
6.399625013919178,"(5.544, 6.407]","(5.969, 9.519]",*
6.400970782589336,"(5.544, 6.407]","(5.969, 9.519]",*
6.401203921452985,"(5.544, 6.407]","(5.969, 9.519]",*
6.401391354926232,"(5.544, 6.407]","(5.969, 9.519]",*
6.401757145076985,"(5.544, 6.407]","(5.969, 9.519]",*
6.401788641461549,"(5.544, 6.407]","(5.969, 9.519]",*
6.4021334133521375,"(5.544, 6.407]","(5.969, 9.519]",*
6.402339097115496,"(5.544, 6.407]","(5.969, 9.519]",*
6.402507331241676,"(5.544, 6.407]","(5.969, 9.519]",*
6.4028643768244455,"(5.544, 6.407]","(5.969, 9.519]",*
6.403359196387128,"(5.544, 6.407]","(5.969, 9.519]",*
6.403472865690027,"(5.544, 6.407]","(5.969, 9.519]",*
6.404151537643116,"(5.544, 6.407]","(5.969, 9.519]",*
6.404356787904563,"(5.544, 6.407]","(5.969, 9.519]",*
6.405674717330547,"(5.544, 6.407]","(5.969, 9.519]",*
6.405792700029809,"(5.544, 6.407]","(5.969, 9.519]",*
6.40619169066046,"(5.544, 6.407]","(5.969, 9.519]",*
6.406734259485497,"(5.544, 6.407]","(5.969, 9.519]",*
6.407946258168519,"(6.407, 9.519]","(5.969, 9.519]",*
6.407963302464202,"(6.407, 9.519]","(5.969, 9.519]",*
6.408500651453943,"(6.407, 9.519]","(5.969, 9.519]",*
6.410976784102863,"(6.407, 9.519]","(5.969, 9.519]",*
6.411061894952402,"(6.407, 9.519]","(5.969, 9.519]",*
6.411172313578229,"(6.407, 9.519]","(5.969, 9.519]",*
6.4112217810521255,"(6.407, 9.519]","(5.969, 9.519]",*
6.411801087043974,"(6.407, 9.519]","(5.969, 9.519]",*
6.41185756404209,"(6.407, 9.519]","(5.969, 9.519]",*
6.412007715930754,"(6.407, 9.519]","(5.969, 9.519]",*
6.41249839102628,"(6.407, 9.519]","(5.969, 9.519]",*
6.412612335145978,"(6.407, 9.519]","(5.969, 9.519]",*
6.413690325490746,"(6.407, 9.519]","(5.969, 9.519]",*
6.413978321006567,"(6.407, 9.519]","(5.969, 9.519]",*
6.4147232356051775,"(6.407, 9.519]","(5.969, 9.519]",*
6.415066656300567,"(6.407, 9.519]","(5.969, 9.519]",*
6.415791941089053,"(6.407, 9.519]","(5.969, 9.519]",*
6.416791877216498,"(6.407, 9.519]","(5.969, 9.519]",*
6.41739742823404,"(6.407, 9.519]","(5.969, 9.519]",*
6.417465138389497,"(6.407, 9.519]","(5.969, 9.519]",*
6.417495592988509,"(6.407, 9.519]","(5.969, 9.519]",*
6.418471533162402,"(6.407, 9.519]","(5.969, 9.519]",*
6.418572453266427,"(6.407, 9.519]","(5.969, 9.519]",*
6.419142779980639,"(6.407, 9.519]","(5.969, 9.519]",*
6.4192987561687,"(6.407, 9.519]","(5.969, 9.519]",*
6.419843029605572,"(6.407, 9.519]","(5.969, 9.519]",*
6.420174476892928,"(6.407, 9.519]","(5.969, 9.519]",*
6.420380543874412,"(6.407, 9.519]","(5.969, 9.519]",*
6.4204314893394825,"(6.407, 9.519]","(5.969, 9.519]",*
6.421407031946484,"(6.407, 9.519]","(5.969, 9.519]",*
6.421532074726385,"(6.407, 9.519]","(5.969, 9.519]",*
6.421544513189862,"(6.407, 9.519]","(5.969, 9.519]",*
6.422957742669321,"(6.407, 9.519]","(5.969, 9.519]",*
6.423029679146833,"(6.407, 9.519]","(5.969, 9.519]",*
6.423304039721439,"(6.407, 9.519]","(5.969, 9.519]",*
6.425341425562936,"(6.407, 9.519]","(5.969, 9.519]",*
6.425892565451447,"(6.407, 9.519]","(5.969, 9.519]",*
6.425912799834473,"(6.407, 9.519]","(5.969, 9.519]",*
6.425960932135338,"(6.407, 9.519]","(5.969, 9.519]",*
6.426441855098504,"(6.407, 9.519]","(5.969, 9.519]",*
6.427781228899584,"(6.407, 9.519]","(5.969, 9.519]",*
6.428533839712093,"(6.407, 9.519]","(5.969, 9.519]",*
6.43064835989358,"(6.407, 9.519]","(5.969, 9.519]",*
6.430938403822804,"(6.407, 9.519]","(5.969, 9.519]",*
6.430984273262968,"(6.407, 9.519]","(5.969, 9.519]",*
6.43111928749401,"(6.407, 9.519]","(5.969, 9.519]",*
6.432299767147366,"(6.407, 9.519]","(5.969, 9.519]",*
6.433224496288368,"(6.407, 9.519]","(5.969, 9.519]",*
6.433339398635338,"(6.407, 9.519]","(5.969, 9.519]",*
6.433839889475035,"(6.407, 9.519]","(5.969, 9.519]",*
6.434539658499642,"(6.407, 9.519]","(5.969, 9.519]",*
6.435396063024777,"(6.407, 9.519]","(5.969, 9.519]",*
6.435739431234123,"(6.407, 9.519]","(5.969, 9.519]",*
6.43674057868924,"(6.407, 9.519]","(5.969, 9.519]",*
6.436974867251103,"(6.407, 9.519]","(5.969, 9.519]",*
6.437157061821816,"(6.407, 9.519]","(5.969, 9.519]",*
6.437928611027546,"(6.407, 9.519]","(5.969, 9.519]",*
6.438586774388701,"(6.407, 9.519]","(5.969, 9.519]",*
6.4392025537417865,"(6.407, 9.519]","(5.969, 9.519]",*
6.440252469923299,"(6.407, 9.519]","(5.969, 9.519]",*
6.440641901697571,"(6.407, 9.519]","(5.969, 9.519]",*
6.440796383099272,"(6.407, 9.519]","(5.969, 9.519]",*
6.440954152680219,"(6.407, 9.519]","(5.969, 9.519]",*
6.441788608772876,"(6.407, 9.519]","(5.969, 9.519]",*
6.442123908146727,"(6.407, 9.519]","(5.969, 9.519]",*
6.442184277644845,"(6.407, 9.519]","(5.969, 9.519]",*
6.442420802761777,"(6.407, 9.519]","(5.969, 9.519]",*
6.443632205188568,"(6.407, 9.519]","(5.969, 9.519]",*
6.443855516982207,"(6.407, 9.519]","(5.969, 9.519]",*
6.444044968280169,"(6.407, 9.519]","(5.969, 9.519]",*
6.444268504710308,"(6.407, 9.519]","(5.969, 9.519]",*
6.444283308624375,"(6.407, 9.519]","(5.969, 9.519]",*
6.444728490931581,"(6.407, 9.519]","(5.969, 9.519]",*
6.4457428983166905,"(6.407, 9.519]","(5.969, 9.519]",*
6.445807261583363,"(6.407, 9.519]","(5.969, 9.519]",*
6.445851907019399,"(6.407, 9.519]","(5.969, 9.519]",*
6.446181952298759,"(6.407, 9.519]","(5.969, 9.519]",*
6.446352758635983,"(6.407, 9.519]","(5.969, 9.519]",*
6.446437667521813,"(6.407, 9.519]","(5.969, 9.519]",*
6.446537103048887,"(6.407, 9.519]","(5.969, 9.519]",*
6.447052039088486,"(6.407, 9.519]","(5.969, 9.519]",*
6.44718483079932,"(6.407, 9.519]","(5.969, 9.519]",*
6.447874344557188,"(6.407, 9.519]","(5.969, 9.519]",*
6.447963566557065,"(6.407, 9.519]","(5.969, 9.519]",*
6.448438038778365,"(6.407, 9.519]","(5.969, 9.519]",*
6.448675360518964,"(6.407, 9.519]","(5.969, 9.519]",*
6.448721280829692,"(6.407, 9.519]","(5.969, 9.519]",*
6.449554739752776,"(6.407, 9.519]","(5.969, 9.519]",*
6.449623480819287,"(6.407, 9.519]","(5.969, 9.519]",*
6.449894320418547,"(6.407, 9.519]","(5.969, 9.519]",*
6.451254749336921,"(6.407, 9.519]","(5.969, 9.519]",*
6.451642066920627,"(6.407, 9.519]","(5.969, 9.519]",*
6.452881100136423,"(6.407, 9.519]","(5.969, 9.519]",*
6.453073406098016,"(6.407, 9.519]","(5.969, 9.519]",*
6.4531483271959065,"(6.407, 9.519]","(5.969, 9.519]",*
6.453832511698718,"(6.407, 9.519]","(5.969, 9.519]",*
6.4539316775765085,"(6.407, 9.519]","(5.969, 9.519]",*
6.455212025066298,"(6.407, 9.519]","(5.969, 9.519]",*
6.455804506750157,"(6.407, 9.519]","(5.969, 9.519]",*
6.455825140657075,"(6.407, 9.519]","(5.969, 9.519]",*
6.458334702906133,"(6.407, 9.519]","(5.969, 9.519]",*
6.458639941094593,"(6.407, 9.519]","(5.969, 9.519]",*
6.459257932037215,"(6.407, 9.519]","(5.969, 9.519]",*
6.459729940424477,"(6.407, 9.519]","(5.969, 9.519]",*
6.459764363016263,"(6.407, 9.519]","(5.969, 9.519]",*
6.460577300451473,"(6.407, 9.519]","(5.969, 9.519]",*
6.461092939395846,"(6.407, 9.519]","(5.969, 9.519]",*
6.46126065096604,"(6.407, 9.519]","(5.969, 9.519]",*
6.46148889502609,"(6.407, 9.519]","(5.969, 9.519]",*
6.461995709142999,"(6.407, 9.519]","(5.969, 9.519]",*
6.4627020326734295,"(6.407, 9.519]","(5.969, 9.519]",*
6.462708246438108,"(6.407, 9.519]","(5.969, 9.519]",*
6.4633622712017615,"(6.407, 9.519]","(5.969, 9.519]",*
6.464476537200124,"(6.407, 9.519]","(5.969, 9.519]",*
6.464507574288969,"(6.407, 9.519]","(5.969, 9.519]",*
6.4651229977169296,"(6.407, 9.519]","(5.969, 9.519]",*
6.465306099980472,"(6.407, 9.519]","(5.969, 9.519]",*
6.46712689284725,"(6.407, 9.519]","(5.969, 9.519]",*
6.467532143785639,"(6.407, 9.519]","(5.969, 9.519]",*
6.4676668491664095,"(6.407, 9.519]","(5.969, 9.519]",*
6.46888743993569,"(6.407, 9.519]","(5.969, 9.519]",*
6.469121765879773,"(6.407, 9.519]","(5.969, 9.519]",*
6.469294551564735,"(6.407, 9.519]","(5.969, 9.519]",*
6.4696941299034645,"(6.407, 9.519]","(5.969, 9.519]",*
6.471248670617616,"(6.407, 9.519]","(5.969, 9.519]",*
6.471256486419513,"(6.407, 9.519]","(5.969, 9.519]",*
6.471431653260504,"(6.407, 9.519]","(5.969, 9.519]",*
6.471570204902796,"(6.407, 9.519]","(5.969, 9.519]",*
6.471662026100487,"(6.407, 9.519]","(5.969, 9.519]",*
6.471673726586273,"(6.407, 9.519]","(5.969, 9.519]",*
6.472118818377403,"(6.407, 9.519]","(5.969, 9.519]",*
6.472277303078455,"(6.407, 9.519]","(5.969, 9.519]",*
6.4742460001434745,"(6.407, 9.519]","(5.969, 9.519]",*
6.475495935148042,"(6.407, 9.519]","(5.969, 9.519]",*
6.477168820667615,"(6.407, 9.519]","(5.969, 9.519]",*
6.478004245169887,"(6.407, 9.519]","(5.969, 9.519]",*
6.478153600849488,"(6.407, 9.519]","(5.969, 9.519]",*
6.478394831932957,"(6.407, 9.519]","(5.969, 9.519]",*
6.479053951552031,"(6.407, 9.519]","(5.969, 9.519]",*
6.480392099977356,"(6.407, 9.519]","(5.969, 9.519]",*
6.4805322745841325,"(6.407, 9.519]","(5.969, 9.519]",*
6.48081912214334,"(6.407, 9.519]","(5.969, 9.519]",*
6.480979870708167,"(6.407, 9.519]","(5.969, 9.519]",*
6.483153394079041,"(6.407, 9.519]","(5.969, 9.519]",*
6.483290626859978,"(6.407, 9.519]","(5.969, 9.519]",*
6.483332048045317,"(6.407, 9.519]","(5.969, 9.519]",*
6.4843871680759415,"(6.407, 9.519]","(5.969, 9.519]",*
6.484438121021903,"(6.407, 9.519]","(5.969, 9.519]",*
6.484729860981539,"(6.407, 9.519]","(5.969, 9.519]",*
6.48515051672506,"(6.407, 9.519]","(5.969, 9.519]",*
6.485333231348778,"(6.407, 9.519]","(5.969, 9.519]",*
6.486062242319468,"(6.407, 9.519]","(5.969, 9.519]",*
6.486568179113938,"(6.407, 9.519]","(5.969, 9.519]",*
6.486915564079308,"(6.407, 9.519]","(5.969, 9.519]",*
6.487102993940568,"(6.407, 9.519]","(5.969, 9.519]",*
6.487943166707262,"(6.407, 9.519]","(5.969, 9.519]",*
6.4881493992021495,"(6.407, 9.519]","(5.969, 9.519]",*
6.4885033888636565,"(6.407, 9.519]","(5.969, 9.519]",*
6.488609409437792,"(6.407, 9.519]","(5.969, 9.519]",*
6.488907284926845,"(6.407, 9.519]","(5.969, 9.519]",*
6.489971718207165,"(6.407, 9.519]","(5.969, 9.519]",*
6.490186036356107,"(6.407, 9.519]","(5.969, 9.519]",*
6.490523816939845,"(6.407, 9.519]","(5.969, 9.519]",*
6.4907693315462245,"(6.407, 9.519]","(5.969, 9.519]",*
6.492408961887826,"(6.407, 9.519]","(5.969, 9.519]",*
6.49247322044208,"(6.407, 9.519]","(5.969, 9.519]",*
6.493916521425493,"(6.407, 9.519]","(5.969, 9.519]",*
6.494455421694993,"(6.407, 9.519]","(5.969, 9.519]",*
6.4953090814183545,"(6.407, 9.519]","(5.969, 9.519]",*
6.495344395873143,"(6.407, 9.519]","(5.969, 9.519]",*
6.495543869150477,"(6.407, 9.519]","(5.969, 9.519]",*
6.495664078824839,"(6.407, 9.519]","(5.969, 9.519]",*
6.496651466369282,"(6.407, 9.519]","(5.969, 9.519]",*
6.496899759280693,"(6.407, 9.519]","(5.969, 9.519]",*
6.4972224102737695,"(6.407, 9.519]","(5.969, 9.519]",*
6.497515770438057,"(6.407, 9.519]","(5.969, 9.519]",*
6.498608508233652,"(6.407, 9.519]","(5.969, 9.519]",*
6.498700716760746,"(6.407, 9.519]","(5.969, 9.519]",*
6.498984898019613,"(6.407, 9.519]","(5.969, 9.519]",*
6.499624651533103,"(6.407, 9.519]","(5.969, 9.519]",*
6.500023932752358,"(6.407, 9.519]","(5.969, 9.519]",*
6.500094305857644,"(6.407, 9.519]","(5.969, 9.519]",*
6.500168689343378,"(6.407, 9.519]","(5.969, 9.519]",*
6.500751339481928,"(6.407, 9.519]","(5.969, 9.519]",*
6.501045967495803,"(6.407, 9.519]","(5.969, 9.519]",*
6.501138741240891,"(6.407, 9.519]","(5.969, 9.519]",*
6.501686214817977,"(6.407, 9.519]","(5.969, 9.519]",*
6.503221469897982,"(6.407, 9.519]","(5.969, 9.519]",*
6.503287315091742,"(6.407, 9.519]","(5.969, 9.519]",*
6.503451263213947,"(6.407, 9.519]","(5.969, 9.519]",*
6.5040534001194,"(6.407, 9.519]","(5.969, 9.519]",*
6.505040047240598,"(6.407, 9.519]","(5.969, 9.519]",*
6.505108814267796,"(6.407, 9.519]","(5.969, 9.519]",*
6.5060833032519625,"(6.407, 9.519]","(5.969, 9.519]",*
6.506753669004806,"(6.407, 9.519]","(5.969, 9.519]",*
6.5078467065849175,"(6.407, 9.519]","(5.969, 9.519]",*
6.507971363314463,"(6.407, 9.519]","(5.969, 9.519]",*
6.509369786939848,"(6.407, 9.519]","(5.969, 9.519]",*
6.51024204857278,"(6.407, 9.519]","(5.969, 9.519]",*
6.511274454886652,"(6.407, 9.519]","(5.969, 9.519]",*
6.512186978482938,"(6.407, 9.519]","(5.969, 9.519]",*
6.512270085009224,"(6.407, 9.519]","(5.969, 9.519]",*
6.512306616274137,"(6.407, 9.519]","(5.969, 9.519]",*
6.512462078113668,"(6.407, 9.519]","(5.969, 9.519]",*
6.513866250061321,"(6.407, 9.519]","(5.969, 9.519]",*
6.514382102484992,"(6.407, 9.519]","(5.969, 9.519]",*
6.514494841079491,"(6.407, 9.519]","(5.969, 9.519]",*
6.514715093630356,"(6.407, 9.519]","(5.969, 9.519]",*
6.515076986679532,"(6.407, 9.519]","(5.969, 9.519]",*
6.515149857824727,"(6.407, 9.519]","(5.969, 9.519]",*
6.5159659753074415,"(6.407, 9.519]","(5.969, 9.519]",*
6.51709667109956,"(6.407, 9.519]","(5.969, 9.519]",*
6.519463053465843,"(6.407, 9.519]","(5.969, 9.519]",*
6.520076377906567,"(6.407, 9.519]","(5.969, 9.519]",*
6.520454686593436,"(6.407, 9.519]","(5.969, 9.519]",*
6.520774408439117,"(6.407, 9.519]","(5.969, 9.519]",*
6.520859828757372,"(6.407, 9.519]","(5.969, 9.519]",*
6.520997522000692,"(6.407, 9.519]","(5.969, 9.519]",*
6.5218210373448136,"(6.407, 9.519]","(5.969, 9.519]",*
6.523187584825826,"(6.407, 9.519]","(5.969, 9.519]",*
6.524721338478432,"(6.407, 9.519]","(5.969, 9.519]",*
6.524727389381048,"(6.407, 9.519]","(5.969, 9.519]",*
6.525598482211456,"(6.407, 9.519]","(5.969, 9.519]",*
6.525801559680648,"(6.407, 9.519]","(5.969, 9.519]",*
6.527109334714174,"(6.407, 9.519]","(5.969, 9.519]",*
6.528543308944544,"(6.407, 9.519]","(5.969, 9.519]",*
6.528647477143442,"(6.407, 9.519]","(5.969, 9.519]",*
6.52908270006668,"(6.407, 9.519]","(5.969, 9.519]",*
6.529491270524013,"(6.407, 9.519]","(5.969, 9.519]",*
6.529605446379938,"(6.407, 9.519]","(5.969, 9.519]",*
6.52982785790139,"(6.407, 9.519]","(5.969, 9.519]",*
6.530193290345818,"(6.407, 9.519]","(5.969, 9.519]",*
6.530217218418514,"(6.407, 9.519]","(5.969, 9.519]",*
6.530735285780041,"(6.407, 9.519]","(5.969, 9.519]",*
6.531029839653647,"(6.407, 9.519]","(5.969, 9.519]",*
6.531948056526973,"(6.407, 9.519]","(5.969, 9.519]",*
6.532362732149188,"(6.407, 9.519]","(5.969, 9.519]",*
6.532590684638509,"(6.407, 9.519]","(5.969, 9.519]",*
6.533470230536809,"(6.407, 9.519]","(5.969, 9.519]",*
6.533916121710521,"(6.407, 9.519]","(5.969, 9.519]",*
6.534200190472909,"(6.407, 9.519]","(5.969, 9.519]",*
6.534634686597856,"(6.407, 9.519]","(5.969, 9.519]",*
6.535113381675884,"(6.407, 9.519]","(5.969, 9.519]",*
6.535285879712204,"(6.407, 9.519]","(5.969, 9.519]",*
6.5370435667173465,"(6.407, 9.519]","(5.969, 9.519]",*
6.537364464258109,"(6.407, 9.519]","(5.969, 9.519]",*
6.537477885910118,"(6.407, 9.519]","(5.969, 9.519]",*
6.537962073134199,"(6.407, 9.519]","(5.969, 9.519]",*
6.538092759386928,"(6.407, 9.519]","(5.969, 9.519]",*
6.538228900253367,"(6.407, 9.519]","(5.969, 9.519]",*
6.539361589794573,"(6.407, 9.519]","(5.969, 9.519]",*
6.539850164714498,"(6.407, 9.519]","(5.969, 9.519]",*
6.540967950191393,"(6.407, 9.519]","(5.969, 9.519]",*
6.541420585386673,"(6.407, 9.519]","(5.969, 9.519]",*
6.5415303348415925,"(6.407, 9.519]","(5.969, 9.519]",*
6.542331604932199,"(6.407, 9.519]","(5.969, 9.519]",*
6.543374013746285,"(6.407, 9.519]","(5.969, 9.519]",*
6.543617443344137,"(6.407, 9.519]","(5.969, 9.519]",*
6.543977609861067,"(6.407, 9.519]","(5.969, 9.519]",*
6.543983828241968,"(6.407, 9.519]","(5.969, 9.519]",*
6.544491926970288,"(6.407, 9.519]","(5.969, 9.519]",*
6.544845530768934,"(6.407, 9.519]","(5.969, 9.519]",*
6.545699268453517,"(6.407, 9.519]","(5.969, 9.519]",*
6.546235493780133,"(6.407, 9.519]","(5.969, 9.519]",*
6.5464953298302015,"(6.407, 9.519]","(5.969, 9.519]",*
6.547168410727473,"(6.407, 9.519]","(5.969, 9.519]",*
6.547295774393571,"(6.407, 9.519]","(5.969, 9.519]",*
6.547893325316207,"(6.407, 9.519]","(5.969, 9.519]",*
6.5482742866236565,"(6.407, 9.519]","(5.969, 9.519]",*
6.548375433395528,"(6.407, 9.519]","(5.969, 9.519]",*
6.548519670975463,"(6.407, 9.519]","(5.969, 9.519]",*
6.550682932542817,"(6.407, 9.519]","(5.969, 9.519]",*
6.550911358952037,"(6.407, 9.519]","(5.969, 9.519]",*
6.552490760932411,"(6.407, 9.519]","(5.969, 9.519]",*
6.5528892351668855,"(6.407, 9.519]","(5.969, 9.519]",*
6.553828793816973,"(6.407, 9.519]","(5.969, 9.519]",*
6.5539220908886575,"(6.407, 9.519]","(5.969, 9.519]",*
6.553940573287852,"(6.407, 9.519]","(5.969, 9.519]",*
6.554022364366648,"(6.407, 9.519]","(5.969, 9.519]",*
6.555055386720978,"(6.407, 9.519]","(5.969, 9.519]",*
6.555873429306434,"(6.407, 9.519]","(5.969, 9.519]",*
6.555905513234653,"(6.407, 9.519]","(5.969, 9.519]",*
6.556265640555052,"(6.407, 9.519]","(5.969, 9.519]",*
6.5570290104721645,"(6.407, 9.519]","(5.969, 9.519]",*
6.557164041759387,"(6.407, 9.519]","(5.969, 9.519]",*
6.558666036242633,"(6.407, 9.519]","(5.969, 9.519]",*
6.559882631541044,"(6.407, 9.519]","(5.969, 9.519]",*
6.56228909523974,"(6.407, 9.519]","(5.969, 9.519]",*
6.562379590475677,"(6.407, 9.519]","(5.969, 9.519]",*
6.5626331007950345,"(6.407, 9.519]","(5.969, 9.519]",*
6.564119267888451,"(6.407, 9.519]","(5.969, 9.519]",*
6.564573694980301,"(6.407, 9.519]","(5.969, 9.519]",*
6.565006381455809,"(6.407, 9.519]","(5.969, 9.519]",*
6.5652759005356005,"(6.407, 9.519]","(5.969, 9.519]",*
6.565511756994627,"(6.407, 9.519]","(5.969, 9.519]",*
6.566351099518024,"(6.407, 9.519]","(5.969, 9.519]",*
6.566819022132857,"(6.407, 9.519]","(5.969, 9.519]",*
6.5668473026350425,"(6.407, 9.519]","(5.969, 9.519]",*
6.56744067647224,"(6.407, 9.519]","(5.969, 9.519]",*
6.568437795920562,"(6.407, 9.519]","(5.969, 9.519]",*
6.568708836484546,"(6.407, 9.519]","(5.969, 9.519]",*
6.5690356401622125,"(6.407, 9.519]","(5.969, 9.519]",*
6.56912443566737,"(6.407, 9.519]","(5.969, 9.519]",*
6.5691580002317975,"(6.407, 9.519]","(5.969, 9.519]",*
6.569959581360933,"(6.407, 9.519]","(5.969, 9.519]",*
6.570193583077422,"(6.407, 9.519]","(5.969, 9.519]",*
6.570369194042656,"(6.407, 9.519]","(5.969, 9.519]",*
6.570698705321593,"(6.407, 9.519]","(5.969, 9.519]",*
6.571495852577754,"(6.407, 9.519]","(5.969, 9.519]",*
6.572965620477812,"(6.407, 9.519]","(5.969, 9.519]",*
6.573053200212032,"(6.407, 9.519]","(5.969, 9.519]",*
6.575305941215055,"(6.407, 9.519]","(5.969, 9.519]",*
6.5757764832061465,"(6.407, 9.519]","(5.969, 9.519]",*
6.5767329872177225,"(6.407, 9.519]","(5.969, 9.519]",*
6.577468443361758,"(6.407, 9.519]","(5.969, 9.519]",*
6.577966455494432,"(6.407, 9.519]","(5.969, 9.519]",*
6.5783306746872725,"(6.407, 9.519]","(5.969, 9.519]",*
6.578546623571778,"(6.407, 9.519]","(5.969, 9.519]",*
6.578553646077382,"(6.407, 9.519]","(5.969, 9.519]",*
6.57947707526529,"(6.407, 9.519]","(5.969, 9.519]",*
6.579630928755169,"(6.407, 9.519]","(5.969, 9.519]",*
6.5796914528777375,"(6.407, 9.519]","(5.969, 9.519]",*
6.581627437158346,"(6.407, 9.519]","(5.969, 9.519]",*
6.58181011642453,"(6.407, 9.519]","(5.969, 9.519]",*
6.583104680837251,"(6.407, 9.519]","(5.969, 9.519]",*
6.58344735065696,"(6.407, 9.519]","(5.969, 9.519]",*
6.583566247134919,"(6.407, 9.519]","(5.969, 9.519]",*
6.583685180947742,"(6.407, 9.519]","(5.969, 9.519]",*
6.5838917720184345,"(6.407, 9.519]","(5.969, 9.519]",*
6.584041415025671,"(6.407, 9.519]","(5.969, 9.519]",*
6.58681592126627,"(6.407, 9.519]","(5.969, 9.519]",*
6.5884240720747895,"(6.407, 9.519]","(5.969, 9.519]",*
6.588613479545711,"(6.407, 9.519]","(5.969, 9.519]",*
6.5888242830365495,"(6.407, 9.519]","(5.969, 9.519]",*
6.58972627312642,"(6.407, 9.519]","(5.969, 9.519]",*
6.590092350697902,"(6.407, 9.519]","(5.969, 9.519]",*
6.5907288558151365,"(6.407, 9.519]","(5.969, 9.519]",*
6.591287918421072,"(6.407, 9.519]","(5.969, 9.519]",*
6.591952428008975,"(6.407, 9.519]","(5.969, 9.519]",*
6.592507213868519,"(6.407, 9.519]","(5.969, 9.519]",*
6.593962539007936,"(6.407, 9.519]","(5.969, 9.519]",*
6.594022950713358,"(6.407, 9.519]","(5.969, 9.519]",*
6.5942655422478325,"(6.407, 9.519]","(5.969, 9.519]",*
6.595060684781336,"(6.407, 9.519]","(5.969, 9.519]",*
6.595790348048527,"(6.407, 9.519]","(5.969, 9.519]",*
6.596081195490327,"(6.407, 9.519]","(5.969, 9.519]",*
6.597538707599455,"(6.407, 9.519]","(5.969, 9.519]",*
6.598323295257315,"(6.407, 9.519]","(5.969, 9.519]",*
6.598676142802331,"(6.407, 9.519]","(5.969, 9.519]",*
6.598903525681477,"(6.407, 9.519]","(5.969, 9.519]",*
6.599434696688808,"(6.407, 9.519]","(5.969, 9.519]",*
6.599763939729455,"(6.407, 9.519]","(5.969, 9.519]",*
6.60037261036052,"(6.407, 9.519]","(5.969, 9.519]",*
6.60039782023812,"(6.407, 9.519]","(5.969, 9.519]",*
6.601665974301008,"(6.407, 9.519]","(5.969, 9.519]",*
6.602187412968607,"(6.407, 9.519]","(5.969, 9.519]",*
6.602366427017897,"(6.407, 9.519]","(5.969, 9.519]",*
6.603548758982482,"(6.407, 9.519]","(5.969, 9.519]",*
6.604135986057242,"(6.407, 9.519]","(5.969, 9.519]",*
6.604278391025372,"(6.407, 9.519]","(5.969, 9.519]",*
6.604439818568124,"(6.407, 9.519]","(5.969, 9.519]",*
6.605518321677406,"(6.407, 9.519]","(5.969, 9.519]",*
6.606066670350781,"(6.407, 9.519]","(5.969, 9.519]",*
6.606775101604723,"(6.407, 9.519]","(5.969, 9.519]",*
6.609092096041572,"(6.407, 9.519]","(5.969, 9.519]",*
6.609326162330817,"(6.407, 9.519]","(5.969, 9.519]",*
6.611320093927843,"(6.407, 9.519]","(5.969, 9.519]",*
6.612989198363018,"(6.407, 9.519]","(5.969, 9.519]",*
6.613521402849128,"(6.407, 9.519]","(5.969, 9.519]",*
6.614014679854,"(6.407, 9.519]","(5.969, 9.519]",*
6.614755416935358,"(6.407, 9.519]","(5.969, 9.519]",*
6.614955943879558,"(6.407, 9.519]","(5.969, 9.519]",*
6.6152820972409865,"(6.407, 9.519]","(5.969, 9.519]",*
6.615403773612631,"(6.407, 9.519]","(5.969, 9.519]",*
6.615897640558245,"(6.407, 9.519]","(5.969, 9.519]",*
6.616144282512209,"(6.407, 9.519]","(5.969, 9.519]",*
6.616682425936656,"(6.407, 9.519]","(5.969, 9.519]",*
6.617874633575302,"(6.407, 9.519]","(5.969, 9.519]",*
6.618516283469102,"(6.407, 9.519]","(5.969, 9.519]",*
6.6190058438081385,"(6.407, 9.519]","(5.969, 9.519]",*
6.619711692644255,"(6.407, 9.519]","(5.969, 9.519]",*
6.620932760362464,"(6.407, 9.519]","(5.969, 9.519]",*
6.621485856935878,"(6.407, 9.519]","(5.969, 9.519]",*
6.621665739810696,"(6.407, 9.519]","(5.969, 9.519]",*
6.62290864192692,"(6.407, 9.519]","(5.969, 9.519]",*
6.623332829320711,"(6.407, 9.519]","(5.969, 9.519]",*
6.6235282933178175,"(6.407, 9.519]","(5.969, 9.519]",*
6.623682253670157,"(6.407, 9.519]","(5.969, 9.519]",*
6.627456939781737,"(6.407, 9.519]","(5.969, 9.519]",*
6.628298040028857,"(6.407, 9.519]","(5.969, 9.519]",*
6.628833581751579,"(6.407, 9.519]","(5.969, 9.519]",*
6.630034547508775,"(6.407, 9.519]","(5.969, 9.519]",*
6.631533818202045,"(6.407, 9.519]","(5.969, 9.519]",*
6.634130355653733,"(6.407, 9.519]","(5.969, 9.519]",*
6.63422787462755,"(6.407, 9.519]","(5.969, 9.519]",*
6.635288857466726,"(6.407, 9.519]","(5.969, 9.519]",*
6.635414119992106,"(6.407, 9.519]","(5.969, 9.519]",*
6.635899749087418,"(6.407, 9.519]","(5.969, 9.519]",*
6.636131350230861,"(6.407, 9.519]","(5.969, 9.519]",*
6.636284909897075,"(6.407, 9.519]","(5.969, 9.519]",*
6.6367423007539,"(6.407, 9.519]","(5.969, 9.519]",*
6.637633898062718,"(6.407, 9.519]","(5.969, 9.519]",*
6.638328490218363,"(6.407, 9.519]","(5.969, 9.519]",*
6.6399483415711344,"(6.407, 9.519]","(5.969, 9.519]",*
6.640915863053527,"(6.407, 9.519]","(5.969, 9.519]",*
6.641146119692254,"(6.407, 9.519]","(5.969, 9.519]",*
6.641591971800426,"(6.407, 9.519]","(5.969, 9.519]",*
6.642536177412533,"(6.407, 9.519]","(5.969, 9.519]",*
6.642756994162473,"(6.407, 9.519]","(5.969, 9.519]",*
6.643225713208812,"(6.407, 9.519]","(5.969, 9.519]",*
6.644227477046249,"(6.407, 9.519]","(5.969, 9.519]",*
6.645207266968553,"(6.407, 9.519]","(5.969, 9.519]",*
6.6460669176361975,"(6.407, 9.519]","(5.969, 9.519]",*
6.646559610945941,"(6.407, 9.519]","(5.969, 9.519]",*
6.646958009180907,"(6.407, 9.519]","(5.969, 9.519]",*
6.647405764481262,"(6.407, 9.519]","(5.969, 9.519]",*
6.648406794489484,"(6.407, 9.519]","(5.969, 9.519]",*
6.648548092054467,"(6.407, 9.519]","(5.969, 9.519]",*
6.648659913169597,"(6.407, 9.519]","(5.969, 9.519]",*
6.649260981842297,"(6.407, 9.519]","(5.969, 9.519]",*
6.650251812556896,"(6.407, 9.519]","(5.969, 9.519]",*
6.650746733224263,"(6.407, 9.519]","(5.969, 9.519]",*
6.650993717991443,"(6.407, 9.519]","(5.969, 9.519]",*
6.6517554408561255,"(6.407, 9.519]","(5.969, 9.519]",*
6.652483886200275,"(6.407, 9.519]","(5.969, 9.519]",*
6.652657092300137,"(6.407, 9.519]","(5.969, 9.519]",*
6.654227602295674,"(6.407, 9.519]","(5.969, 9.519]",*
6.654755323291138,"(6.407, 9.519]","(5.969, 9.519]",*
6.6563897333810536,"(6.407, 9.519]","(5.969, 9.519]",*
6.657110323306898,"(6.407, 9.519]","(5.969, 9.519]",*
6.657548834080738,"(6.407, 9.519]","(5.969, 9.519]",*
6.658345610226789,"(6.407, 9.519]","(5.969, 9.519]",*
6.658434977851647,"(6.407, 9.519]","(5.969, 9.519]",*
6.659561749956957,"(6.407, 9.519]","(5.969, 9.519]",*
6.660558254350872,"(6.407, 9.519]","(5.969, 9.519]",*
6.661875320865416,"(6.407, 9.519]","(5.969, 9.519]",*
6.663034956757264,"(6.407, 9.519]","(5.969, 9.519]",*
6.663784944493593,"(6.407, 9.519]","(5.969, 9.519]",*
6.664388302033405,"(6.407, 9.519]","(5.969, 9.519]",*
6.664544240509359,"(6.407, 9.519]","(5.969, 9.519]",*
6.66678316060979,"(6.407, 9.519]","(5.969, 9.519]",*
6.666808866050952,"(6.407, 9.519]","(5.969, 9.519]",*
6.666915348623401,"(6.407, 9.519]","(5.969, 9.519]",*
6.6677657152263,"(6.407, 9.519]","(5.969, 9.519]",*
6.668440341326747,"(6.407, 9.519]","(5.969, 9.519]",*
6.6692155981667165,"(6.407, 9.519]","(5.969, 9.519]",*
6.669852608240112,"(6.407, 9.519]","(5.969, 9.519]",*
6.670060466269256,"(6.407, 9.519]","(5.969, 9.519]",*
6.670542906918214,"(6.407, 9.519]","(5.969, 9.519]",*
6.670701548642996,"(6.407, 9.519]","(5.969, 9.519]",*
6.671579547990643,"(6.407, 9.519]","(5.969, 9.519]",*
6.671741423249201,"(6.407, 9.519]","(5.969, 9.519]",*
6.672340059594459,"(6.407, 9.519]","(5.969, 9.519]",*
6.673099833359459,"(6.407, 9.519]","(5.969, 9.519]",*
6.674070664973987,"(6.407, 9.519]","(5.969, 9.519]",*
6.674203658475842,"(6.407, 9.519]","(5.969, 9.519]",*
6.675697067423444,"(6.407, 9.519]","(5.969, 9.519]",*
6.6762364090881166,"(6.407, 9.519]","(5.969, 9.519]",*
6.6764474916797525,"(6.407, 9.519]","(5.969, 9.519]",*
6.676942454295851,"(6.407, 9.519]","(5.969, 9.519]",*
6.67710293684657,"(6.407, 9.519]","(5.969, 9.519]",*
6.677460283241353,"(6.407, 9.519]","(5.969, 9.519]",*
6.679186515703328,"(6.407, 9.519]","(5.969, 9.519]",*
6.679353130059197,"(6.407, 9.519]","(5.969, 9.519]",*
6.679428104827678,"(6.407, 9.519]","(5.969, 9.519]",*
6.679506176429633,"(6.407, 9.519]","(5.969, 9.519]",*
6.68045131688644,"(6.407, 9.519]","(5.969, 9.519]",*
6.680591865687991,"(6.407, 9.519]","(5.969, 9.519]",*
6.680687591108249,"(6.407, 9.519]","(5.969, 9.519]",*
6.681648951109579,"(6.407, 9.519]","(5.969, 9.519]",*
6.682023790210995,"(6.407, 9.519]","(5.969, 9.519]",*
6.6824629703642096,"(6.407, 9.519]","(5.969, 9.519]",*
6.682596211813,"(6.407, 9.519]","(5.969, 9.519]",*
6.6842233133617865,"(6.407, 9.519]","(5.969, 9.519]",*
6.684347863744117,"(6.407, 9.519]","(5.969, 9.519]",*
6.684657866776334,"(6.407, 9.519]","(5.969, 9.519]",*
6.685810937211534,"(6.407, 9.519]","(5.969, 9.519]",*
6.686300741347607,"(6.407, 9.519]","(5.969, 9.519]",*
6.686490401922956,"(6.407, 9.519]","(5.969, 9.519]",*
6.687162539658023,"(6.407, 9.519]","(5.969, 9.519]",*
6.687367955430018,"(6.407, 9.519]","(5.969, 9.519]",*
6.687493061919294,"(6.407, 9.519]","(5.969, 9.519]",*
6.6891212549517896,"(6.407, 9.519]","(5.969, 9.519]",*
6.689880078123692,"(6.407, 9.519]","(5.969, 9.519]",*
6.690551404507723,"(6.407, 9.519]","(5.969, 9.519]",*
6.690621626636601,"(6.407, 9.519]","(5.969, 9.519]",*
6.691542064828584,"(6.407, 9.519]","(5.969, 9.519]",*
6.692077852895771,"(6.407, 9.519]","(5.969, 9.519]",*
6.6926643166357245,"(6.407, 9.519]","(5.969, 9.519]",*
6.69294715000113,"(6.407, 9.519]","(5.969, 9.519]",*
6.6929747022625445,"(6.407, 9.519]","(5.969, 9.519]",*
6.694530357960868,"(6.407, 9.519]","(5.969, 9.519]",*
6.695838781025548,"(6.407, 9.519]","(5.969, 9.519]",*
6.696610668050416,"(6.407, 9.519]","(5.969, 9.519]",*
6.697178011871665,"(6.407, 9.519]","(5.969, 9.519]",*
6.697263671523937,"(6.407, 9.519]","(5.969, 9.519]",*
6.697936534503447,"(6.407, 9.519]","(5.969, 9.519]",*
6.698441641713012,"(6.407, 9.519]","(5.969, 9.519]",*
6.699803504346763,"(6.407, 9.519]","(5.969, 9.519]",*
6.701008532793209,"(6.407, 9.519]","(5.969, 9.519]",*
6.701112225584962,"(6.407, 9.519]","(5.969, 9.519]",*
6.70141837759888,"(6.407, 9.519]","(5.969, 9.519]",*
6.70156381873328,"(6.407, 9.519]","(5.969, 9.519]",*
6.702517795310159,"(6.407, 9.519]","(5.969, 9.519]",*
6.703612477150145,"(6.407, 9.519]","(5.969, 9.519]",*
6.7042221963411865,"(6.407, 9.519]","(5.969, 9.519]",*
6.7045117017077525,"(6.407, 9.519]","(5.969, 9.519]",*
6.705514007161844,"(6.407, 9.519]","(5.969, 9.519]",*
6.7058435177308615,"(6.407, 9.519]","(5.969, 9.519]",*
6.705920252885715,"(6.407, 9.519]","(5.969, 9.519]",*
6.706187276149963,"(6.407, 9.519]","(5.969, 9.519]",*
6.7064428442840205,"(6.407, 9.519]","(5.969, 9.519]",*
6.706485255567832,"(6.407, 9.519]","(5.969, 9.519]",*
6.707807644028773,"(6.407, 9.519]","(5.969, 9.519]",*
6.7078182656866,"(6.407, 9.519]","(5.969, 9.519]",*
6.708692006879116,"(6.407, 9.519]","(5.969, 9.519]",*
6.709721048970086,"(6.407, 9.519]","(5.969, 9.519]",*
6.709910289490964,"(6.407, 9.519]","(5.969, 9.519]",*
6.710570614024474,"(6.407, 9.519]","(5.969, 9.519]",*
6.710699575938633,"(6.407, 9.519]","(5.969, 9.519]",*
6.711817273505063,"(6.407, 9.519]","(5.969, 9.519]",*
6.712027206255377,"(6.407, 9.519]","(5.969, 9.519]",*
6.712376564946892,"(6.407, 9.519]","(5.969, 9.519]",*
6.714172410166233,"(6.407, 9.519]","(5.969, 9.519]",*
6.714872039671876,"(6.407, 9.519]","(5.969, 9.519]",*
6.714882022844464,"(6.407, 9.519]","(5.969, 9.519]",*
6.715244940857465,"(6.407, 9.519]","(5.969, 9.519]",*
6.716375584215433,"(6.407, 9.519]","(5.969, 9.519]",*
6.716497122190147,"(6.407, 9.519]","(5.969, 9.519]",*
6.7183281812769495,"(6.407, 9.519]","(5.969, 9.519]",*
6.7190869448387485,"(6.407, 9.519]","(5.969, 9.519]",*
6.719223963549408,"(6.407, 9.519]","(5.969, 9.519]",*
6.720492786024312,"(6.407, 9.519]","(5.969, 9.519]",*
6.720502135037929,"(6.407, 9.519]","(5.969, 9.519]",*
6.720799206928318,"(6.407, 9.519]","(5.969, 9.519]",*
6.720829753786669,"(6.407, 9.519]","(5.969, 9.519]",*
6.720985598911188,"(6.407, 9.519]","(5.969, 9.519]",*
6.721001605900511,"(6.407, 9.519]","(5.969, 9.519]",*
6.721373833995835,"(6.407, 9.519]","(5.969, 9.519]",*
6.7216043204858735,"(6.407, 9.519]","(5.969, 9.519]",*
6.722479509340947,"(6.407, 9.519]","(5.969, 9.519]",*
6.72335021813266,"(6.407, 9.519]","(5.969, 9.519]",*
6.723852342859143,"(6.407, 9.519]","(5.969, 9.519]",*
6.7241233868922325,"(6.407, 9.519]","(5.969, 9.519]",*
6.724576165342084,"(6.407, 9.519]","(5.969, 9.519]",*
6.724739782981378,"(6.407, 9.519]","(5.969, 9.519]",*
6.7252713573526925,"(6.407, 9.519]","(5.969, 9.519]",*
6.725721311036272,"(6.407, 9.519]","(5.969, 9.519]",*
6.726672923107156,"(6.407, 9.519]","(5.969, 9.519]",*
6.727455877374463,"(6.407, 9.519]","(5.969, 9.519]",*
6.7277004480245886,"(6.407, 9.519]","(5.969, 9.519]",*
6.728471835002991,"(6.407, 9.519]","(5.969, 9.519]",*
6.7288475750793175,"(6.407, 9.519]","(5.969, 9.519]",*
6.7291046183154775,"(6.407, 9.519]","(5.969, 9.519]",*
6.729520552223568,"(6.407, 9.519]","(5.969, 9.519]",*
6.730870184505791,"(6.407, 9.519]","(5.969, 9.519]",*
6.731999391505327,"(6.407, 9.519]","(5.969, 9.519]",*
6.732118939867167,"(6.407, 9.519]","(5.969, 9.519]",*
6.7333415966133705,"(6.407, 9.519]","(5.969, 9.519]",*
6.733798591012123,"(6.407, 9.519]","(5.969, 9.519]",*
6.7338662150343005,"(6.407, 9.519]","(5.969, 9.519]",*
6.735563720856223,"(6.407, 9.519]","(5.969, 9.519]",*
6.735728991065113,"(6.407, 9.519]","(5.969, 9.519]",*
6.736575336062044,"(6.407, 9.519]","(5.969, 9.519]",*
6.738013799042588,"(6.407, 9.519]","(5.969, 9.519]",*
6.738855397601991,"(6.407, 9.519]","(5.969, 9.519]",*
6.739305373436482,"(6.407, 9.519]","(5.969, 9.519]",*
6.739317782298024,"(6.407, 9.519]","(5.969, 9.519]",*
6.740115935154886,"(6.407, 9.519]","(5.969, 9.519]",*
6.740467868250144,"(6.407, 9.519]","(5.969, 9.519]",*
6.74055412122741,"(6.407, 9.519]","(5.969, 9.519]",*
6.740676312444728,"(6.407, 9.519]","(5.969, 9.519]",*
6.741729037018496,"(6.407, 9.519]","(5.969, 9.519]",*
6.742828083888072,"(6.407, 9.519]","(5.969, 9.519]",*
6.743652960918068,"(6.407, 9.519]","(5.969, 9.519]",*
6.7437172225298765,"(6.407, 9.519]","(5.969, 9.519]",*
6.743745453707238,"(6.407, 9.519]","(5.969, 9.519]",*
6.744098524039463,"(6.407, 9.519]","(5.969, 9.519]",*
6.744319215815338,"(6.407, 9.519]","(5.969, 9.519]",*
6.744905835279296,"(6.407, 9.519]","(5.969, 9.519]",*
6.745053761849909,"(6.407, 9.519]","(5.969, 9.519]",*
6.745795742261242,"(6.407, 9.519]","(5.969, 9.519]",*
6.746467065692596,"(6.407, 9.519]","(5.969, 9.519]",*
6.746738868764648,"(6.407, 9.519]","(5.969, 9.519]",*
6.746762461940911,"(6.407, 9.519]","(5.969, 9.519]",*
6.7484094776743015,"(6.407, 9.519]","(5.969, 9.519]",*
6.748781491941929,"(6.407, 9.519]","(5.969, 9.519]",*
6.749167399310847,"(6.407, 9.519]","(5.969, 9.519]",*
6.752351399014898,"(6.407, 9.519]","(5.969, 9.519]",*
6.754285791388389,"(6.407, 9.519]","(5.969, 9.519]",*
6.754571069825051,"(6.407, 9.519]","(5.969, 9.519]",*
6.755066604029044,"(6.407, 9.519]","(5.969, 9.519]",*
6.7563722134233215,"(6.407, 9.519]","(5.969, 9.519]",*
6.7567035030783655,"(6.407, 9.519]","(5.969, 9.519]",*
6.75734532091237,"(6.407, 9.519]","(5.969, 9.519]",*
6.757390576094763,"(6.407, 9.519]","(5.969, 9.519]",*
6.757647964167501,"(6.407, 9.519]","(5.969, 9.519]",*
6.758248333200879,"(6.407, 9.519]","(5.969, 9.519]",*
6.758702030153398,"(6.407, 9.519]","(5.969, 9.519]",*
6.758728423884152,"(6.407, 9.519]","(5.969, 9.519]",*
6.75932479047576,"(6.407, 9.519]","(5.969, 9.519]",*
6.759943983584753,"(6.407, 9.519]","(5.969, 9.519]",*
6.761202557368367,"(6.407, 9.519]","(5.969, 9.519]",*
6.761962560120143,"(6.407, 9.519]","(5.969, 9.519]",*
6.762606526904872,"(6.407, 9.519]","(5.969, 9.519]",*
6.762954078967496,"(6.407, 9.519]","(5.969, 9.519]",*
6.76295436100137,"(6.407, 9.519]","(5.969, 9.519]",*
6.763792250186177,"(6.407, 9.519]","(5.969, 9.519]",*
6.7650763656784765,"(6.407, 9.519]","(5.969, 9.519]",*
6.765221600349139,"(6.407, 9.519]","(5.969, 9.519]",*
6.765351422210724,"(6.407, 9.519]","(5.969, 9.519]",*
6.765543807371169,"(6.407, 9.519]","(5.969, 9.519]",*
6.766015619020755,"(6.407, 9.519]","(5.969, 9.519]",*
6.766777857281807,"(6.407, 9.519]","(5.969, 9.519]",*
6.7668531850573865,"(6.407, 9.519]","(5.969, 9.519]",*
6.766877154030711,"(6.407, 9.519]","(5.969, 9.519]",*
6.767363237303743,"(6.407, 9.519]","(5.969, 9.519]",*
6.76767053168059,"(6.407, 9.519]","(5.969, 9.519]",*
6.767889198977561,"(6.407, 9.519]","(5.969, 9.519]",*
6.76852369608704,"(6.407, 9.519]","(5.969, 9.519]",*
6.769699197486175,"(6.407, 9.519]","(5.969, 9.519]",*
6.772021510139395,"(6.407, 9.519]","(5.969, 9.519]",*
6.772239092711525,"(6.407, 9.519]","(5.969, 9.519]",*
6.772336390411065,"(6.407, 9.519]","(5.969, 9.519]",*
6.7724874730941735,"(6.407, 9.519]","(5.969, 9.519]",*
6.7730091892944415,"(6.407, 9.519]","(5.969, 9.519]",*
6.774317360393876,"(6.407, 9.519]","(5.969, 9.519]",*
6.774710808664321,"(6.407, 9.519]","(5.969, 9.519]",*
6.775334135211033,"(6.407, 9.519]","(5.969, 9.519]",*
6.775568399118368,"(6.407, 9.519]","(5.969, 9.519]",*
6.776381473197901,"(6.407, 9.519]","(5.969, 9.519]",*
6.776730281108931,"(6.407, 9.519]","(5.969, 9.519]",*
6.777375018833532,"(6.407, 9.519]","(5.969, 9.519]",*
6.777764028731912,"(6.407, 9.519]","(5.969, 9.519]",*
6.778112479165587,"(6.407, 9.519]","(5.969, 9.519]",*
6.778403879641037,"(6.407, 9.519]","(5.969, 9.519]",*
6.778507365717172,"(6.407, 9.519]","(5.969, 9.519]",*
6.778756690755278,"(6.407, 9.519]","(5.969, 9.519]",*
6.778777872047646,"(6.407, 9.519]","(5.969, 9.519]",*
6.77948723853953,"(6.407, 9.519]","(5.969, 9.519]",*
6.782556861148943,"(6.407, 9.519]","(5.969, 9.519]",*
6.783950659321978,"(6.407, 9.519]","(5.969, 9.519]",*
6.784282448029809,"(6.407, 9.519]","(5.969, 9.519]",*
6.784351387659628,"(6.407, 9.519]","(5.969, 9.519]",*
6.785460273387589,"(6.407, 9.519]","(5.969, 9.519]",*
6.7876485292640485,"(6.407, 9.519]","(5.969, 9.519]",*
6.788986819411202,"(6.407, 9.519]","(5.969, 9.519]",*
6.789870886338685,"(6.407, 9.519]","(5.969, 9.519]",*
6.790821807564773,"(6.407, 9.519]","(5.969, 9.519]",*
6.790966648930309,"(6.407, 9.519]","(5.969, 9.519]",*
6.7911392105329655,"(6.407, 9.519]","(5.969, 9.519]",*
6.791301917242089,"(6.407, 9.519]","(5.969, 9.519]",*
6.791319685174062,"(6.407, 9.519]","(5.969, 9.519]",*
6.7917010230989,"(6.407, 9.519]","(5.969, 9.519]",*
6.791912796680335,"(6.407, 9.519]","(5.969, 9.519]",*
6.7922555028850224,"(6.407, 9.519]","(5.969, 9.519]",*
6.793799380632888,"(6.407, 9.519]","(5.969, 9.519]",*
6.796332428978412,"(6.407, 9.519]","(5.969, 9.519]",*
6.7986906278384005,"(6.407, 9.519]","(5.969, 9.519]",*
6.798993827609197,"(6.407, 9.519]","(5.969, 9.519]",*
6.799144502419027,"(6.407, 9.519]","(5.969, 9.519]",*
6.8012456335455695,"(6.407, 9.519]","(5.969, 9.519]",*
6.801526301707604,"(6.407, 9.519]","(5.969, 9.519]",*
6.802133795727594,"(6.407, 9.519]","(5.969, 9.519]",*
6.802426876195822,"(6.407, 9.519]","(5.969, 9.519]",*
6.804016970945084,"(6.407, 9.519]","(5.969, 9.519]",*
6.804165946521213,"(6.407, 9.519]","(5.969, 9.519]",*
6.805948234194566,"(6.407, 9.519]","(5.969, 9.519]",*
6.807573256887587,"(6.407, 9.519]","(5.969, 9.519]",*
6.80827346779874,"(6.407, 9.519]","(5.969, 9.519]",*
6.8095829777196055,"(6.407, 9.519]","(5.969, 9.519]",*
6.8096274201754685,"(6.407, 9.519]","(5.969, 9.519]",*
6.81064657935768,"(6.407, 9.519]","(5.969, 9.519]",*
6.812010801640817,"(6.407, 9.519]","(5.969, 9.519]",*
6.812229726022236,"(6.407, 9.519]","(5.969, 9.519]",*
6.812372827063515,"(6.407, 9.519]","(5.969, 9.519]",*
6.812452067930515,"(6.407, 9.519]","(5.969, 9.519]",*
6.812864984106708,"(6.407, 9.519]","(5.969, 9.519]",*
6.8130648947200125,"(6.407, 9.519]","(5.969, 9.519]",*
6.816515650690591,"(6.407, 9.519]","(5.969, 9.519]",*
6.817154256245309,"(6.407, 9.519]","(5.969, 9.519]",*
6.817606266066487,"(6.407, 9.519]","(5.969, 9.519]",*
6.818452889749088,"(6.407, 9.519]","(5.969, 9.519]",*
6.818759161009513,"(6.407, 9.519]","(5.969, 9.519]",*
6.8193960839669625,"(6.407, 9.519]","(5.969, 9.519]",*
6.819804606951088,"(6.407, 9.519]","(5.969, 9.519]",*
6.821861406225255,"(6.407, 9.519]","(5.969, 9.519]",*
6.821881251342168,"(6.407, 9.519]","(5.969, 9.519]",*
6.822377459826581,"(6.407, 9.519]","(5.969, 9.519]",*
6.822667495080567,"(6.407, 9.519]","(5.969, 9.519]",*
6.823123992691588,"(6.407, 9.519]","(5.969, 9.519]",*
6.823274164632192,"(6.407, 9.519]","(5.969, 9.519]",*
6.826684183580432,"(6.407, 9.519]","(5.969, 9.519]",*
6.826790751086636,"(6.407, 9.519]","(5.969, 9.519]",*
6.827612965725929,"(6.407, 9.519]","(5.969, 9.519]",*
6.827713920812025,"(6.407, 9.519]","(5.969, 9.519]",*
6.827844193239857,"(6.407, 9.519]","(5.969, 9.519]",*
6.8291707973585165,"(6.407, 9.519]","(5.969, 9.519]",*
6.830319021679255,"(6.407, 9.519]","(5.969, 9.519]",*
6.831285141514022,"(6.407, 9.519]","(5.969, 9.519]",*
6.831473301922772,"(6.407, 9.519]","(5.969, 9.519]",*
6.832192294922779,"(6.407, 9.519]","(5.969, 9.519]",*
6.832939698754405,"(6.407, 9.519]","(5.969, 9.519]",*
6.833040608845022,"(6.407, 9.519]","(5.969, 9.519]",*
6.833278659386085,"(6.407, 9.519]","(5.969, 9.519]",*
6.834478651015102,"(6.407, 9.519]","(5.969, 9.519]",*
6.835841167733826,"(6.407, 9.519]","(5.969, 9.519]",*
6.8371930590168,"(6.407, 9.519]","(5.969, 9.519]",*
6.839681373281734,"(6.407, 9.519]","(5.969, 9.519]",*
6.839891175790763,"(6.407, 9.519]","(5.969, 9.519]",*
6.840974541540824,"(6.407, 9.519]","(5.969, 9.519]",*
6.841166118033718,"(6.407, 9.519]","(5.969, 9.519]",*
6.8417833988682375,"(6.407, 9.519]","(5.969, 9.519]",*
6.842596033219186,"(6.407, 9.519]","(5.969, 9.519]",*
6.8428346327613285,"(6.407, 9.519]","(5.969, 9.519]",*
6.844164136347112,"(6.407, 9.519]","(5.969, 9.519]",*
6.8446887384818265,"(6.407, 9.519]","(5.969, 9.519]",*
6.84559297076714,"(6.407, 9.519]","(5.969, 9.519]",*
6.846644528900349,"(6.407, 9.519]","(5.969, 9.519]",*
6.847231166497468,"(6.407, 9.519]","(5.969, 9.519]",*
6.847531953830629,"(6.407, 9.519]","(5.969, 9.519]",*
6.847724976116604,"(6.407, 9.519]","(5.969, 9.519]",*
6.848072423612548,"(6.407, 9.519]","(5.969, 9.519]",*
6.848472132840251,"(6.407, 9.519]","(5.969, 9.519]",*
6.848939033277419,"(6.407, 9.519]","(5.969, 9.519]",*
6.849179008979259,"(6.407, 9.519]","(5.969, 9.519]",*
6.849401148937429,"(6.407, 9.519]","(5.969, 9.519]",*
6.849769936594268,"(6.407, 9.519]","(5.969, 9.519]",*
6.850208139742321,"(6.407, 9.519]","(5.969, 9.519]",*
6.850527928207579,"(6.407, 9.519]","(5.969, 9.519]",*
6.850824463839666,"(6.407, 9.519]","(5.969, 9.519]",*
6.850884750519693,"(6.407, 9.519]","(5.969, 9.519]",*
6.851265730827006,"(6.407, 9.519]","(5.969, 9.519]",*
6.851508430289072,"(6.407, 9.519]","(5.969, 9.519]",*
6.853310227417637,"(6.407, 9.519]","(5.969, 9.519]",*
6.853578268554952,"(6.407, 9.519]","(5.969, 9.519]",*
6.854163168412157,"(6.407, 9.519]","(5.969, 9.519]",*
6.854522408571468,"(6.407, 9.519]","(5.969, 9.519]",*
6.854701347154991,"(6.407, 9.519]","(5.969, 9.519]",*
6.854714731679651,"(6.407, 9.519]","(5.969, 9.519]",*
6.855065812905997,"(6.407, 9.519]","(5.969, 9.519]",*
6.855447633737296,"(6.407, 9.519]","(5.969, 9.519]",*
6.855622576491202,"(6.407, 9.519]","(5.969, 9.519]",*
6.855708363901107,"(6.407, 9.519]","(5.969, 9.519]",*
6.855932512036791,"(6.407, 9.519]","(5.969, 9.519]",*
6.8561038716419045,"(6.407, 9.519]","(5.969, 9.519]",*
6.856135081478024,"(6.407, 9.519]","(5.969, 9.519]",*
6.856726326141932,"(6.407, 9.519]","(5.969, 9.519]",*
6.859245121745089,"(6.407, 9.519]","(5.969, 9.519]",*
6.860059982417704,"(6.407, 9.519]","(5.969, 9.519]",*
6.860067598150331,"(6.407, 9.519]","(5.969, 9.519]",*
6.860098787396315,"(6.407, 9.519]","(5.969, 9.519]",*
6.861548027571184,"(6.407, 9.519]","(5.969, 9.519]",*
6.863184038794897,"(6.407, 9.519]","(5.969, 9.519]",*
6.863400475478067,"(6.407, 9.519]","(5.969, 9.519]",*
6.86473049753724,"(6.407, 9.519]","(5.969, 9.519]",*
6.865264907436048,"(6.407, 9.519]","(5.969, 9.519]",*
6.8653134332423695,"(6.407, 9.519]","(5.969, 9.519]",*
6.865788207220538,"(6.407, 9.519]","(5.969, 9.519]",*
6.866750202821629,"(6.407, 9.519]","(5.969, 9.519]",*
6.87097179330314,"(6.407, 9.519]","(5.969, 9.519]",*
6.870976759370007,"(6.407, 9.519]","(5.969, 9.519]",*
6.87208919406132,"(6.407, 9.519]","(5.969, 9.519]",*
6.873130198484817,"(6.407, 9.519]","(5.969, 9.519]",*
6.873592404434676,"(6.407, 9.519]","(5.969, 9.519]",*
6.874374399524193,"(6.407, 9.519]","(5.969, 9.519]",*
6.876501363863891,"(6.407, 9.519]","(5.969, 9.519]",*
6.877123173691898,"(6.407, 9.519]","(5.969, 9.519]",*
6.877542800699724,"(6.407, 9.519]","(5.969, 9.519]",*
6.879262946023033,"(6.407, 9.519]","(5.969, 9.519]",*
6.880992593861025,"(6.407, 9.519]","(5.969, 9.519]",*
6.881778622861368,"(6.407, 9.519]","(5.969, 9.519]",*
6.882572562720844,"(6.407, 9.519]","(5.969, 9.519]",*
6.882954326433157,"(6.407, 9.519]","(5.969, 9.519]",*
6.884826406994362,"(6.407, 9.519]","(5.969, 9.519]",*
6.88629831576204,"(6.407, 9.519]","(5.969, 9.519]",*
6.888438527789724,"(6.407, 9.519]","(5.969, 9.519]",*
6.888762610967638,"(6.407, 9.519]","(5.969, 9.519]",*
6.888923007242028,"(6.407, 9.519]","(5.969, 9.519]",*
6.889045996792379,"(6.407, 9.519]","(5.969, 9.519]",*
6.889373103526469,"(6.407, 9.519]","(5.969, 9.519]",*
6.889634602534554,"(6.407, 9.519]","(5.969, 9.519]",*
6.890508224210208,"(6.407, 9.519]","(5.969, 9.519]",*
6.891731041167128,"(6.407, 9.519]","(5.969, 9.519]",*
6.8923069348799455,"(6.407, 9.519]","(5.969, 9.519]",*
6.893043577514874,"(6.407, 9.519]","(5.969, 9.519]",*
6.893260095195835,"(6.407, 9.519]","(5.969, 9.519]",*
6.8932601570417855,"(6.407, 9.519]","(5.969, 9.519]",*
6.893316743844287,"(6.407, 9.519]","(5.969, 9.519]",*
6.8957742100324735,"(6.407, 9.519]","(5.969, 9.519]",*
6.895849329607652,"(6.407, 9.519]","(5.969, 9.519]",*
6.897184737258185,"(6.407, 9.519]","(5.969, 9.519]",*
6.897481352378121,"(6.407, 9.519]","(5.969, 9.519]",*
6.898307363390027,"(6.407, 9.519]","(5.969, 9.519]",*
6.898359643801958,"(6.407, 9.519]","(5.969, 9.519]",*
6.900765329890814,"(6.407, 9.519]","(5.969, 9.519]",*
6.901876796163764,"(6.407, 9.519]","(5.969, 9.519]",*
6.902592581717451,"(6.407, 9.519]","(5.969, 9.519]",*
6.902937654543663,"(6.407, 9.519]","(5.969, 9.519]",*
6.903036390173786,"(6.407, 9.519]","(5.969, 9.519]",*
6.903536849911591,"(6.407, 9.519]","(5.969, 9.519]",*
6.905366780145843,"(6.407, 9.519]","(5.969, 9.519]",*
6.905817830560863,"(6.407, 9.519]","(5.969, 9.519]",*
6.9070829699853125,"(6.407, 9.519]","(5.969, 9.519]",*
6.907220596711931,"(6.407, 9.519]","(5.969, 9.519]",*
6.9073939591716575,"(6.407, 9.519]","(5.969, 9.519]",*
6.909678699801559,"(6.407, 9.519]","(5.969, 9.519]",*
6.910414951104577,"(6.407, 9.519]","(5.969, 9.519]",*
6.9107342479069365,"(6.407, 9.519]","(5.969, 9.519]",*
6.913898735811865,"(6.407, 9.519]","(5.969, 9.519]",*
6.914086745566868,"(6.407, 9.519]","(5.969, 9.519]",*
6.917028979747015,"(6.407, 9.519]","(5.969, 9.519]",*
6.9175635572152485,"(6.407, 9.519]","(5.969, 9.519]",*
6.9179159915884645,"(6.407, 9.519]","(5.969, 9.519]",*
6.91894534505661,"(6.407, 9.519]","(5.969, 9.519]",*
6.919534825456555,"(6.407, 9.519]","(5.969, 9.519]",*
6.919662892293178,"(6.407, 9.519]","(5.969, 9.519]",*
6.920841768988127,"(6.407, 9.519]","(5.969, 9.519]",*
6.924423084683876,"(6.407, 9.519]","(5.969, 9.519]",*
6.924538814010974,"(6.407, 9.519]","(5.969, 9.519]",*
6.925275682318972,"(6.407, 9.519]","(5.969, 9.519]",*
6.925375603074308,"(6.407, 9.519]","(5.969, 9.519]",*
6.925892347209803,"(6.407, 9.519]","(5.969, 9.519]",*
6.926219766857189,"(6.407, 9.519]","(5.969, 9.519]",*
6.926414488715918,"(6.407, 9.519]","(5.969, 9.519]",*
6.9277940052690745,"(6.407, 9.519]","(5.969, 9.519]",*
6.928767557369041,"(6.407, 9.519]","(5.969, 9.519]",*
6.929277262060357,"(6.407, 9.519]","(5.969, 9.519]",*
6.929480579432488,"(6.407, 9.519]","(5.969, 9.519]",*
6.9300884300794685,"(6.407, 9.519]","(5.969, 9.519]",*
6.930752508374809,"(6.407, 9.519]","(5.969, 9.519]",*
6.931829954021994,"(6.407, 9.519]","(5.969, 9.519]",*
6.932926063100402,"(6.407, 9.519]","(5.969, 9.519]",*
6.933352467549662,"(6.407, 9.519]","(5.969, 9.519]",*
6.935358621786242,"(6.407, 9.519]","(5.969, 9.519]",*
6.935838865796822,"(6.407, 9.519]","(5.969, 9.519]",*
6.936071296536063,"(6.407, 9.519]","(5.969, 9.519]",*
6.9401204052266525,"(6.407, 9.519]","(5.969, 9.519]",*
6.942797866602705,"(6.407, 9.519]","(5.969, 9.519]",*
6.943529139879057,"(6.407, 9.519]","(5.969, 9.519]",*
6.944747470260031,"(6.407, 9.519]","(5.969, 9.519]",*
6.945390542997023,"(6.407, 9.519]","(5.969, 9.519]",*
6.947015823010732,"(6.407, 9.519]","(5.969, 9.519]",*
6.9493911118741964,"(6.407, 9.519]","(5.969, 9.519]",*
6.950313963017255,"(6.407, 9.519]","(5.969, 9.519]",*
6.951789882380793,"(6.407, 9.519]","(5.969, 9.519]",*
6.952034052216952,"(6.407, 9.519]","(5.969, 9.519]",*
6.954422125564921,"(6.407, 9.519]","(5.969, 9.519]",*
6.95452082924197,"(6.407, 9.519]","(5.969, 9.519]",*
6.955354409743501,"(6.407, 9.519]","(5.969, 9.519]",*
6.955535846830755,"(6.407, 9.519]","(5.969, 9.519]",*
6.957262275000857,"(6.407, 9.519]","(5.969, 9.519]",*
6.958044864311233,"(6.407, 9.519]","(5.969, 9.519]",*
6.9588325324374525,"(6.407, 9.519]","(5.969, 9.519]",*
6.959106463720447,"(6.407, 9.519]","(5.969, 9.519]",*
6.961354848822657,"(6.407, 9.519]","(5.969, 9.519]",*
6.96139690551279,"(6.407, 9.519]","(5.969, 9.519]",*
6.962206715963229,"(6.407, 9.519]","(5.969, 9.519]",*
6.965103517312344,"(6.407, 9.519]","(5.969, 9.519]",*
6.966125283034241,"(6.407, 9.519]","(5.969, 9.519]",*
6.970854745872441,"(6.407, 9.519]","(5.969, 9.519]",*
6.971445067580836,"(6.407, 9.519]","(5.969, 9.519]",*
6.9736747761955264,"(6.407, 9.519]","(5.969, 9.519]",*
6.975435549898004,"(6.407, 9.519]","(5.969, 9.519]",*
6.9764523459579495,"(6.407, 9.519]","(5.969, 9.519]",*
6.977645788014628,"(6.407, 9.519]","(5.969, 9.519]",*
6.9778279401788375,"(6.407, 9.519]","(5.969, 9.519]",*
6.978220999000531,"(6.407, 9.519]","(5.969, 9.519]",*
6.978762746163138,"(6.407, 9.519]","(5.969, 9.519]",*
6.9796096639219085,"(6.407, 9.519]","(5.969, 9.519]",*
6.980594587256196,"(6.407, 9.519]","(5.969, 9.519]",*
6.9812354400533305,"(6.407, 9.519]","(5.969, 9.519]",*
6.981741642727567,"(6.407, 9.519]","(5.969, 9.519]",*
6.981767390026499,"(6.407, 9.519]","(5.969, 9.519]",*
6.982151725125714,"(6.407, 9.519]","(5.969, 9.519]",*
6.9846840016568725,"(6.407, 9.519]","(5.969, 9.519]",*
6.985000857273875,"(6.407, 9.519]","(5.969, 9.519]",*
6.9860285666534825,"(6.407, 9.519]","(5.969, 9.519]",*
6.986763275413567,"(6.407, 9.519]","(5.969, 9.519]",*
6.986938460638098,"(6.407, 9.519]","(5.969, 9.519]",*
6.987280238384045,"(6.407, 9.519]","(5.969, 9.519]",*
6.9884141038812775,"(6.407, 9.519]","(5.969, 9.519]",*
6.989711898470051,"(6.407, 9.519]","(5.969, 9.519]",*
6.9897797477182815,"(6.407, 9.519]","(5.969, 9.519]",*
6.990676759510152,"(6.407, 9.519]","(5.969, 9.519]",*
6.991199969849174,"(6.407, 9.519]","(5.969, 9.519]",*
6.993306798769258,"(6.407, 9.519]","(5.969, 9.519]",*
6.993607043844508,"(6.407, 9.519]","(5.969, 9.519]",*
6.994091107090339,"(6.407, 9.519]","(5.969, 9.519]",*
6.994378692239187,"(6.407, 9.519]","(5.969, 9.519]",*
6.995183898194004,"(6.407, 9.519]","(5.969, 9.519]",*
6.996436453156055,"(6.407, 9.519]","(5.969, 9.519]",*
6.998928282257402,"(6.407, 9.519]","(5.969, 9.519]",*
6.999134987291412,"(6.407, 9.519]","(5.969, 9.519]",*
6.999755804385363,"(6.407, 9.519]","(5.969, 9.519]",*
7.002128568034268,"(6.407, 9.519]","(5.969, 9.519]",*
7.002562784868673,"(6.407, 9.519]","(5.969, 9.519]",*
7.002809147002535,"(6.407, 9.519]","(5.969, 9.519]",*
7.003591865588216,"(6.407, 9.519]","(5.969, 9.519]",*
7.004415751225624,"(6.407, 9.519]","(5.969, 9.519]",*
7.004974009083942,"(6.407, 9.519]","(5.969, 9.519]",*
7.005152217602904,"(6.407, 9.519]","(5.969, 9.519]",*
7.005353143517842,"(6.407, 9.519]","(5.969, 9.519]",*
7.005505784838957,"(6.407, 9.519]","(5.969, 9.519]",*
7.005533539437323,"(6.407, 9.519]","(5.969, 9.519]",*
7.005697263074637,"(6.407, 9.519]","(5.969, 9.519]",*
7.006155745699362,"(6.407, 9.519]","(5.969, 9.519]",*
7.0061573654499005,"(6.407, 9.519]","(5.969, 9.519]",*
7.00620019635548,"(6.407, 9.519]","(5.969, 9.519]",*
7.0070932417306135,"(6.407, 9.519]","(5.969, 9.519]",*
7.007744694230706,"(6.407, 9.519]","(5.969, 9.519]",*
7.00785962764122,"(6.407, 9.519]","(5.969, 9.519]",*
7.009045647695262,"(6.407, 9.519]","(5.969, 9.519]",*
7.009630788153499,"(6.407, 9.519]","(5.969, 9.519]",*
7.010583459838792,"(6.407, 9.519]","(5.969, 9.519]",*
7.011621747819647,"(6.407, 9.519]","(5.969, 9.519]",*
7.01235787893359,"(6.407, 9.519]","(5.969, 9.519]",*
7.012515945513943,"(6.407, 9.519]","(5.969, 9.519]",*
7.013459120034781,"(6.407, 9.519]","(5.969, 9.519]",*
7.0135903586714425,"(6.407, 9.519]","(5.969, 9.519]",*
7.014509861024517,"(6.407, 9.519]","(5.969, 9.519]",*
7.017837824742983,"(6.407, 9.519]","(5.969, 9.519]",*
7.019584802546795,"(6.407, 9.519]","(5.969, 9.519]",*
7.019666732815714,"(6.407, 9.519]","(5.969, 9.519]",*
7.020022836490995,"(6.407, 9.519]","(5.969, 9.519]",*
7.0238943635650655,"(6.407, 9.519]","(5.969, 9.519]",*
7.025035017135471,"(6.407, 9.519]","(5.969, 9.519]",*
7.026087470809535,"(6.407, 9.519]","(5.969, 9.519]",*
7.027469895693812,"(6.407, 9.519]","(5.969, 9.519]",*
7.027551683152013,"(6.407, 9.519]","(5.969, 9.519]",*
7.027982522238559,"(6.407, 9.519]","(5.969, 9.519]",*
7.028231822783661,"(6.407, 9.519]","(5.969, 9.519]",*
7.030043245819607,"(6.407, 9.519]","(5.969, 9.519]",*
7.030593802751595,"(6.407, 9.519]","(5.969, 9.519]",*
7.030649618021034,"(6.407, 9.519]","(5.969, 9.519]",*
7.03076057427941,"(6.407, 9.519]","(5.969, 9.519]",*
7.030844864310821,"(6.407, 9.519]","(5.969, 9.519]",*
7.0312762902582895,"(6.407, 9.519]","(5.969, 9.519]",*
7.031501319820674,"(6.407, 9.519]","(5.969, 9.519]",*
7.031773828753806,"(6.407, 9.519]","(5.969, 9.519]",*
7.032317225810648,"(6.407, 9.519]","(5.969, 9.519]",*
7.033461786032243,"(6.407, 9.519]","(5.969, 9.519]",*
7.0336256975450935,"(6.407, 9.519]","(5.969, 9.519]",*
7.034052002344514,"(6.407, 9.519]","(5.969, 9.519]",*
7.034320282450119,"(6.407, 9.519]","(5.969, 9.519]",*
7.036043261553892,"(6.407, 9.519]","(5.969, 9.519]",*
7.036174700554176,"(6.407, 9.519]","(5.969, 9.519]",*
7.0366720026631935,"(6.407, 9.519]","(5.969, 9.519]",*
7.036753629611755,"(6.407, 9.519]","(5.969, 9.519]",*
7.03677819173655,"(6.407, 9.519]","(5.969, 9.519]",*
7.037251616988086,"(6.407, 9.519]","(5.969, 9.519]",*
7.037477339895345,"(6.407, 9.519]","(5.969, 9.519]",*
7.039620140578903,"(6.407, 9.519]","(5.969, 9.519]",*
7.040707990752269,"(6.407, 9.519]","(5.969, 9.519]",*
7.04202651597944,"(6.407, 9.519]","(5.969, 9.519]",*
7.042354994979091,"(6.407, 9.519]","(5.969, 9.519]",*
7.042713319478956,"(6.407, 9.519]","(5.969, 9.519]",*
7.0434349124115245,"(6.407, 9.519]","(5.969, 9.519]",*
7.0445196722848085,"(6.407, 9.519]","(5.969, 9.519]",*
7.0482784213522365,"(6.407, 9.519]","(5.969, 9.519]",*
7.050921403254473,"(6.407, 9.519]","(5.969, 9.519]",*
7.05215831333809,"(6.407, 9.519]","(5.969, 9.519]",*
7.052767832576008,"(6.407, 9.519]","(5.969, 9.519]",*
7.0531111081786575,"(6.407, 9.519]","(5.969, 9.519]",*
7.053473430361151,"(6.407, 9.519]","(5.969, 9.519]",*
7.054468388838643,"(6.407, 9.519]","(5.969, 9.519]",*
7.055011858391651,"(6.407, 9.519]","(5.969, 9.519]",*
7.055711218375922,"(6.407, 9.519]","(5.969, 9.519]",*
7.056146485317732,"(6.407, 9.519]","(5.969, 9.519]",*
7.056672949514692,"(6.407, 9.519]","(5.969, 9.519]",*
7.058045773434651,"(6.407, 9.519]","(5.969, 9.519]",*
7.058241203738332,"(6.407, 9.519]","(5.969, 9.519]",*
7.0592859045068765,"(6.407, 9.519]","(5.969, 9.519]",*
7.060172147369047,"(6.407, 9.519]","(5.969, 9.519]",*
7.060887681950572,"(6.407, 9.519]","(5.969, 9.519]",*
7.061757188010174,"(6.407, 9.519]","(5.969, 9.519]",*
7.065143943839586,"(6.407, 9.519]","(5.969, 9.519]",*
7.066791632009168,"(6.407, 9.519]","(5.969, 9.519]",*
7.068466765685594,"(6.407, 9.519]","(5.969, 9.519]",*
7.069512153837191,"(6.407, 9.519]","(5.969, 9.519]",*
7.070276511771755,"(6.407, 9.519]","(5.969, 9.519]",*
7.070930483370158,"(6.407, 9.519]","(5.969, 9.519]",*
7.071294500466199,"(6.407, 9.519]","(5.969, 9.519]",*
7.072145660120058,"(6.407, 9.519]","(5.969, 9.519]",*
7.072261243761655,"(6.407, 9.519]","(5.969, 9.519]",*
7.073681922713671,"(6.407, 9.519]","(5.969, 9.519]",*
7.077045819714266,"(6.407, 9.519]","(5.969, 9.519]",*
7.077079395096088,"(6.407, 9.519]","(5.969, 9.519]",*
7.077680826112612,"(6.407, 9.519]","(5.969, 9.519]",*
7.078048190756872,"(6.407, 9.519]","(5.969, 9.519]",*
7.078539030015018,"(6.407, 9.519]","(5.969, 9.519]",*
7.079593805373567,"(6.407, 9.519]","(5.969, 9.519]",*
7.080128054097204,"(6.407, 9.519]","(5.969, 9.519]",*
7.080219325540688,"(6.407, 9.519]","(5.969, 9.519]",*
7.080239915115538,"(6.407, 9.519]","(5.969, 9.519]",*
7.080939775343747,"(6.407, 9.519]","(5.969, 9.519]",*
7.082647408238658,"(6.407, 9.519]","(5.969, 9.519]",*
7.082681187386688,"(6.407, 9.519]","(5.969, 9.519]",*
7.084664123854015,"(6.407, 9.519]","(5.969, 9.519]",*
7.085074719150343,"(6.407, 9.519]","(5.969, 9.519]",*
7.0860035985315015,"(6.407, 9.519]","(5.969, 9.519]",*
7.08656427622656,"(6.407, 9.519]","(5.969, 9.519]",*
7.087086717480132,"(6.407, 9.519]","(5.969, 9.519]",*
7.087719083355802,"(6.407, 9.519]","(5.969, 9.519]",*
7.089076786027638,"(6.407, 9.519]","(5.969, 9.519]",*
7.0891957347610886,"(6.407, 9.519]","(5.969, 9.519]",*
7.089530056621901,"(6.407, 9.519]","(5.969, 9.519]",*
7.09047472809525,"(6.407, 9.519]","(5.969, 9.519]",*
7.0912124564728405,"(6.407, 9.519]","(5.969, 9.519]",*
7.093157499959268,"(6.407, 9.519]","(5.969, 9.519]",*
7.0951532739494105,"(6.407, 9.519]","(5.969, 9.519]",*
7.095849854032331,"(6.407, 9.519]","(5.969, 9.519]",*
7.097176548031246,"(6.407, 9.519]","(5.969, 9.519]",*
7.097220192436339,"(6.407, 9.519]","(5.969, 9.519]",*
7.0972458307264805,"(6.407, 9.519]","(5.969, 9.519]",*
7.097452090805351,"(6.407, 9.519]","(5.969, 9.519]",*
7.097956384317008,"(6.407, 9.519]","(5.969, 9.519]",*
7.0986419283793785,"(6.407, 9.519]","(5.969, 9.519]",*
7.099048883744336,"(6.407, 9.519]","(5.969, 9.519]",*
7.100436984875798,"(6.407, 9.519]","(5.969, 9.519]",*
7.1010539297386845,"(6.407, 9.519]","(5.969, 9.519]",*
7.1012700175400205,"(6.407, 9.519]","(5.969, 9.519]",*
7.1017699214508285,"(6.407, 9.519]","(5.969, 9.519]",*
7.1020308447622025,"(6.407, 9.519]","(5.969, 9.519]",*
7.103036736264848,"(6.407, 9.519]","(5.969, 9.519]",*
7.10398753436101,"(6.407, 9.519]","(5.969, 9.519]",*
7.105245344460872,"(6.407, 9.519]","(5.969, 9.519]",*
7.105812964174553,"(6.407, 9.519]","(5.969, 9.519]",*
7.107767687213711,"(6.407, 9.519]","(5.969, 9.519]",*
7.107788623808037,"(6.407, 9.519]","(5.969, 9.519]",*
7.10787581854985,"(6.407, 9.519]","(5.969, 9.519]",*
7.107951500145791,"(6.407, 9.519]","(5.969, 9.519]",*
7.109089774674555,"(6.407, 9.519]","(5.969, 9.519]",*
7.1100527096009785,"(6.407, 9.519]","(5.969, 9.519]",*
7.114160836146091,"(6.407, 9.519]","(5.969, 9.519]",*
7.116028518148483,"(6.407, 9.519]","(5.969, 9.519]",*
7.116363923992761,"(6.407, 9.519]","(5.969, 9.519]",*
7.116575230906914,"(6.407, 9.519]","(5.969, 9.519]",*
7.118266012582478,"(6.407, 9.519]","(5.969, 9.519]",*
7.1192647312265365,"(6.407, 9.519]","(5.969, 9.519]",*
7.119590276152715,"(6.407, 9.519]","(5.969, 9.519]",*
7.120135331654605,"(6.407, 9.519]","(5.969, 9.519]",*
7.120304395051915,"(6.407, 9.519]","(5.969, 9.519]",*
7.120342378826937,"(6.407, 9.519]","(5.969, 9.519]",*
7.122071850326434,"(6.407, 9.519]","(5.969, 9.519]",*
7.123411231061286,"(6.407, 9.519]","(5.969, 9.519]",*
7.1238663488265885,"(6.407, 9.519]","(5.969, 9.519]",*
7.1239670240201285,"(6.407, 9.519]","(5.969, 9.519]",*
7.124845299874012,"(6.407, 9.519]","(5.969, 9.519]",*
7.125630491753683,"(6.407, 9.519]","(5.969, 9.519]",*
7.126074828781404,"(6.407, 9.519]","(5.969, 9.519]",*
7.126819681852742,"(6.407, 9.519]","(5.969, 9.519]",*
7.127128552732308,"(6.407, 9.519]","(5.969, 9.519]",*
7.127209145768052,"(6.407, 9.519]","(5.969, 9.519]",*
7.127762528731449,"(6.407, 9.519]","(5.969, 9.519]",*
7.128717544303098,"(6.407, 9.519]","(5.969, 9.519]",*
7.129286454527737,"(6.407, 9.519]","(5.969, 9.519]",*
7.131827184986283,"(6.407, 9.519]","(5.969, 9.519]",*
7.133155302701354,"(6.407, 9.519]","(5.969, 9.519]",*
7.13371941713148,"(6.407, 9.519]","(5.969, 9.519]",*
7.135406223429652,"(6.407, 9.519]","(5.969, 9.519]",*
7.143144086894139,"(6.407, 9.519]","(5.969, 9.519]",*
7.143491858420779,"(6.407, 9.519]","(5.969, 9.519]",*
7.143558507159831,"(6.407, 9.519]","(5.969, 9.519]",*
7.1439565426728615,"(6.407, 9.519]","(5.969, 9.519]",*
7.1440781662446495,"(6.407, 9.519]","(5.969, 9.519]",*
7.1456139771516645,"(6.407, 9.519]","(5.969, 9.519]",*
7.1457952269591765,"(6.407, 9.519]","(5.969, 9.519]",*
7.146273285740117,"(6.407, 9.519]","(5.969, 9.519]",*
7.147581006553054,"(6.407, 9.519]","(5.969, 9.519]",*
7.147855953793632,"(6.407, 9.519]","(5.969, 9.519]",*
7.148240240453155,"(6.407, 9.519]","(5.969, 9.519]",*
7.148713116273874,"(6.407, 9.519]","(5.969, 9.519]",*
7.149076222266714,"(6.407, 9.519]","(5.969, 9.519]",*
7.14951155844815,"(6.407, 9.519]","(5.969, 9.519]",*
7.149667268316168,"(6.407, 9.519]","(5.969, 9.519]",*
7.149797415539105,"(6.407, 9.519]","(5.969, 9.519]",*
7.151591185042884,"(6.407, 9.519]","(5.969, 9.519]",*
7.152424503114773,"(6.407, 9.519]","(5.969, 9.519]",*
7.154483623704027,"(6.407, 9.519]","(5.969, 9.519]",*
7.154695334307713,"(6.407, 9.519]","(5.969, 9.519]",*
7.155652804893547,"(6.407, 9.519]","(5.969, 9.519]",*
7.1562944333471945,"(6.407, 9.519]","(5.969, 9.519]",*
7.156438049442564,"(6.407, 9.519]","(5.969, 9.519]",*
7.156477167928923,"(6.407, 9.519]","(5.969, 9.519]",*
7.15749896837489,"(6.407, 9.519]","(5.969, 9.519]",*
7.158516797256374,"(6.407, 9.519]","(5.969, 9.519]",*
7.1613972249757865,"(6.407, 9.519]","(5.969, 9.519]",*
7.161865646199329,"(6.407, 9.519]","(5.969, 9.519]",*
7.161978239268374,"(6.407, 9.519]","(5.969, 9.519]",*
7.163024214214406,"(6.407, 9.519]","(5.969, 9.519]",*
7.163640935330664,"(6.407, 9.519]","(5.969, 9.519]",*
7.163657224561366,"(6.407, 9.519]","(5.969, 9.519]",*
7.1646314671882685,"(6.407, 9.519]","(5.969, 9.519]",*
7.166337988646481,"(6.407, 9.519]","(5.969, 9.519]",*
7.16654824983782,"(6.407, 9.519]","(5.969, 9.519]",*
7.167703013009107,"(6.407, 9.519]","(5.969, 9.519]",*
7.170128530473722,"(6.407, 9.519]","(5.969, 9.519]",*
7.171105600566463,"(6.407, 9.519]","(5.969, 9.519]",*
7.171996410152211,"(6.407, 9.519]","(5.969, 9.519]",*
7.172735059943353,"(6.407, 9.519]","(5.969, 9.519]",*
7.174569182972826,"(6.407, 9.519]","(5.969, 9.519]",*
7.176349293914143,"(6.407, 9.519]","(5.969, 9.519]",*
7.1814723037382855,"(6.407, 9.519]","(5.969, 9.519]",*
7.1816310727323645,"(6.407, 9.519]","(5.969, 9.519]",*
7.181743678086948,"(6.407, 9.519]","(5.969, 9.519]",*
7.186098597977441,"(6.407, 9.519]","(5.969, 9.519]",*
7.186120666999299,"(6.407, 9.519]","(5.969, 9.519]",*
7.186340287111901,"(6.407, 9.519]","(5.969, 9.519]",*
7.187558598597566,"(6.407, 9.519]","(5.969, 9.519]",*
7.187575281631801,"(6.407, 9.519]","(5.969, 9.519]",*
7.1882081346869215,"(6.407, 9.519]","(5.969, 9.519]",*
7.1882360945186425,"(6.407, 9.519]","(5.969, 9.519]",*
7.188637589050816,"(6.407, 9.519]","(5.969, 9.519]",*
7.188786555967512,"(6.407, 9.519]","(5.969, 9.519]",*
7.190023018930058,"(6.407, 9.519]","(5.969, 9.519]",*
7.19097556771264,"(6.407, 9.519]","(5.969, 9.519]",*
7.191396842264504,"(6.407, 9.519]","(5.969, 9.519]",*
7.19379298887946,"(6.407, 9.519]","(5.969, 9.519]",*
7.196313570688357,"(6.407, 9.519]","(5.969, 9.519]",*
7.197138760962654,"(6.407, 9.519]","(5.969, 9.519]",*
7.198090969638971,"(6.407, 9.519]","(5.969, 9.519]",*
7.199375690590251,"(6.407, 9.519]","(5.969, 9.519]",*
7.200016000013258,"(6.407, 9.519]","(5.969, 9.519]",*
7.201161031056298,"(6.407, 9.519]","(5.969, 9.519]",*
7.201998599014335,"(6.407, 9.519]","(5.969, 9.519]",*
7.202716558428942,"(6.407, 9.519]","(5.969, 9.519]",*
7.203329691626205,"(6.407, 9.519]","(5.969, 9.519]",*
7.2039316676671685,"(6.407, 9.519]","(5.969, 9.519]",*
7.20424786101735,"(6.407, 9.519]","(5.969, 9.519]",*
7.205099661423231,"(6.407, 9.519]","(5.969, 9.519]",*
7.205817167628418,"(6.407, 9.519]","(5.969, 9.519]",*
7.205959100690504,"(6.407, 9.519]","(5.969, 9.519]",*
7.206743705595572,"(6.407, 9.519]","(5.969, 9.519]",*
7.206856383628737,"(6.407, 9.519]","(5.969, 9.519]",*
7.207803988150554,"(6.407, 9.519]","(5.969, 9.519]",*
7.208464266188816,"(6.407, 9.519]","(5.969, 9.519]",*
7.209443630490473,"(6.407, 9.519]","(5.969, 9.519]",*
7.210324997933219,"(6.407, 9.519]","(5.969, 9.519]",*
7.210572199943138,"(6.407, 9.519]","(5.969, 9.519]",*
7.211169204032128,"(6.407, 9.519]","(5.969, 9.519]",*
7.212557777202207,"(6.407, 9.519]","(5.969, 9.519]",*
7.21635583094049,"(6.407, 9.519]","(5.969, 9.519]",*
7.218309145223245,"(6.407, 9.519]","(5.969, 9.519]",*
7.218330987033392,"(6.407, 9.519]","(5.969, 9.519]",*
7.221284712627074,"(6.407, 9.519]","(5.969, 9.519]",*
7.224280910928964,"(6.407, 9.519]","(5.969, 9.519]",*
7.224465968862852,"(6.407, 9.519]","(5.969, 9.519]",*
7.224586620503661,"(6.407, 9.519]","(5.969, 9.519]",*
7.225162104889757,"(6.407, 9.519]","(5.969, 9.519]",*
7.22901769076151,"(6.407, 9.519]","(5.969, 9.519]",*
7.2302016623130685,"(6.407, 9.519]","(5.969, 9.519]",*
7.230364893023652,"(6.407, 9.519]","(5.969, 9.519]",*
7.231266171482629,"(6.407, 9.519]","(5.969, 9.519]",*
7.231468225896415,"(6.407, 9.519]","(5.969, 9.519]",*
7.2339736697024435,"(6.407, 9.519]","(5.969, 9.519]",*
7.236786458500763,"(6.407, 9.519]","(5.969, 9.519]",*
7.23711596311471,"(6.407, 9.519]","(5.969, 9.519]",*
7.2390881881316735,"(6.407, 9.519]","(5.969, 9.519]",*
7.2398733316212915,"(6.407, 9.519]","(5.969, 9.519]",*
7.240433776052018,"(6.407, 9.519]","(5.969, 9.519]",*
7.24060785051492,"(6.407, 9.519]","(5.969, 9.519]",*
7.241230672447085,"(6.407, 9.519]","(5.969, 9.519]",*
7.242393804032399,"(6.407, 9.519]","(5.969, 9.519]",*
7.243606997176236,"(6.407, 9.519]","(5.969, 9.519]",*
7.243933002071683,"(6.407, 9.519]","(5.969, 9.519]",*
7.2443866430481245,"(6.407, 9.519]","(5.969, 9.519]",*
7.244880302005588,"(6.407, 9.519]","(5.969, 9.519]",*
7.24729851664728,"(6.407, 9.519]","(5.969, 9.519]",*
7.248108065608657,"(6.407, 9.519]","(5.969, 9.519]",*
7.248678347625858,"(6.407, 9.519]","(5.969, 9.519]",*
7.250403732531406,"(6.407, 9.519]","(5.969, 9.519]",*
7.250590614779546,"(6.407, 9.519]","(5.969, 9.519]",*
7.250793798785416,"(6.407, 9.519]","(5.969, 9.519]",*
7.251429680005996,"(6.407, 9.519]","(5.969, 9.519]",*
7.253377051426288,"(6.407, 9.519]","(5.969, 9.519]",*
7.254435957735652,"(6.407, 9.519]","(5.969, 9.519]",*
7.255851197959198,"(6.407, 9.519]","(5.969, 9.519]",*
7.256106790441287,"(6.407, 9.519]","(5.969, 9.519]",*
7.256820703591044,"(6.407, 9.519]","(5.969, 9.519]",*
7.256935687825699,"(6.407, 9.519]","(5.969, 9.519]",*
7.2574300120839395,"(6.407, 9.519]","(5.969, 9.519]",*
7.2590684323185934,"(6.407, 9.519]","(5.969, 9.519]",*
7.264613697965455,"(6.407, 9.519]","(5.969, 9.519]",*
7.264638861338952,"(6.407, 9.519]","(5.969, 9.519]",*
7.264980639354325,"(6.407, 9.519]","(5.969, 9.519]",*
7.266680744619577,"(6.407, 9.519]","(5.969, 9.519]",*
7.2683464288328095,"(6.407, 9.519]","(5.969, 9.519]",*
7.271422214755093,"(6.407, 9.519]","(5.969, 9.519]",*
7.275340935094192,"(6.407, 9.519]","(5.969, 9.519]",*
7.275676679587202,"(6.407, 9.519]","(5.969, 9.519]",*
7.276200996321209,"(6.407, 9.519]","(5.969, 9.519]",*
7.2771628365939645,"(6.407, 9.519]","(5.969, 9.519]",*
7.277487017003688,"(6.407, 9.519]","(5.969, 9.519]",*
7.278803440967028,"(6.407, 9.519]","(5.969, 9.519]",*
7.281558212890798,"(6.407, 9.519]","(5.969, 9.519]",*
7.281978902739457,"(6.407, 9.519]","(5.969, 9.519]",*
7.281983302864265,"(6.407, 9.519]","(5.969, 9.519]",*
7.283622112921183,"(6.407, 9.519]","(5.969, 9.519]",*
7.286030920635087,"(6.407, 9.519]","(5.969, 9.519]",*
7.286100980362577,"(6.407, 9.519]","(5.969, 9.519]",*
7.292058585896112,"(6.407, 9.519]","(5.969, 9.519]",*
7.2927361650262865,"(6.407, 9.519]","(5.969, 9.519]",*
7.2940853025706,"(6.407, 9.519]","(5.969, 9.519]",*
7.296169240266867,"(6.407, 9.519]","(5.969, 9.519]",*
7.296224496862651,"(6.407, 9.519]","(5.969, 9.519]",*
7.296428802420253,"(6.407, 9.519]","(5.969, 9.519]",*
7.297532823289815,"(6.407, 9.519]","(5.969, 9.519]",*
7.298337307155216,"(6.407, 9.519]","(5.969, 9.519]",*
7.299214838599561,"(6.407, 9.519]","(5.969, 9.519]",*
7.303749825854231,"(6.407, 9.519]","(5.969, 9.519]",*
7.305381359002596,"(6.407, 9.519]","(5.969, 9.519]",*
7.306306206642447,"(6.407, 9.519]","(5.969, 9.519]",*
7.306675204589929,"(6.407, 9.519]","(5.969, 9.519]",*
7.306785123888265,"(6.407, 9.519]","(5.969, 9.519]",*
7.307595975813652,"(6.407, 9.519]","(5.969, 9.519]",*
7.309191879474009,"(6.407, 9.519]","(5.969, 9.519]",*
7.309462287475728,"(6.407, 9.519]","(5.969, 9.519]",*
7.311620652047325,"(6.407, 9.519]","(5.969, 9.519]",*
7.311920547986264,"(6.407, 9.519]","(5.969, 9.519]",*
7.313803630044608,"(6.407, 9.519]","(5.969, 9.519]",*
7.314557462427998,"(6.407, 9.519]","(5.969, 9.519]",*
7.314992002110414,"(6.407, 9.519]","(5.969, 9.519]",*
7.315088749114808,"(6.407, 9.519]","(5.969, 9.519]",*
7.315957927203858,"(6.407, 9.519]","(5.969, 9.519]",*
7.3189072604429475,"(6.407, 9.519]","(5.969, 9.519]",*
7.319808759606406,"(6.407, 9.519]","(5.969, 9.519]",*
7.320676246291585,"(6.407, 9.519]","(5.969, 9.519]",*
7.321305027314987,"(6.407, 9.519]","(5.969, 9.519]",*
7.32195133046068,"(6.407, 9.519]","(5.969, 9.519]",*
7.3232127880835165,"(6.407, 9.519]","(5.969, 9.519]",*
7.325844476096661,"(6.407, 9.519]","(5.969, 9.519]",*
7.325975622049493,"(6.407, 9.519]","(5.969, 9.519]",*
7.326976844300407,"(6.407, 9.519]","(5.969, 9.519]",*
7.328201438630205,"(6.407, 9.519]","(5.969, 9.519]",*
7.32827543895157,"(6.407, 9.519]","(5.969, 9.519]",*
7.328456526578772,"(6.407, 9.519]","(5.969, 9.519]",*
7.328943583122292,"(6.407, 9.519]","(5.969, 9.519]",*
7.32976505937624,"(6.407, 9.519]","(5.969, 9.519]",*
7.330481279728954,"(6.407, 9.519]","(5.969, 9.519]",*
7.336016030674903,"(6.407, 9.519]","(5.969, 9.519]",*
7.33637510375455,"(6.407, 9.519]","(5.969, 9.519]",*
7.338548742679381,"(6.407, 9.519]","(5.969, 9.519]",*
7.340763348122834,"(6.407, 9.519]","(5.969, 9.519]",*
7.341254060644437,"(6.407, 9.519]","(5.969, 9.519]",*
7.343876310315823,"(6.407, 9.519]","(5.969, 9.519]",*
7.346083967120744,"(6.407, 9.519]","(5.969, 9.519]",*
7.349184292293457,"(6.407, 9.519]","(5.969, 9.519]",*
7.350601424118968,"(6.407, 9.519]","(5.969, 9.519]",*
7.3526790891946066,"(6.407, 9.519]","(5.969, 9.519]",*
7.353131745014656,"(6.407, 9.519]","(5.969, 9.519]",*
7.354457915508674,"(6.407, 9.519]","(5.969, 9.519]",*
7.356870637379062,"(6.407, 9.519]","(5.969, 9.519]",*
7.357510670626756,"(6.407, 9.519]","(5.969, 9.519]",*
7.358643506547844,"(6.407, 9.519]","(5.969, 9.519]",*
7.364521954900029,"(6.407, 9.519]","(5.969, 9.519]",*
7.369297224786716,"(6.407, 9.519]","(5.969, 9.519]",*
7.369808665658696,"(6.407, 9.519]","(5.969, 9.519]",*
7.370165243613262,"(6.407, 9.519]","(5.969, 9.519]",*
7.371844252375974,"(6.407, 9.519]","(5.969, 9.519]",*
7.374075502358719,"(6.407, 9.519]","(5.969, 9.519]",*
7.37445793806288,"(6.407, 9.519]","(5.969, 9.519]",*
7.374954969081682,"(6.407, 9.519]","(5.969, 9.519]",*
7.378244344607166,"(6.407, 9.519]","(5.969, 9.519]",*
7.3792594801699485,"(6.407, 9.519]","(5.969, 9.519]",*
7.380384183833213,"(6.407, 9.519]","(5.969, 9.519]",*
7.381580819109563,"(6.407, 9.519]","(5.969, 9.519]",*
7.382656310120988,"(6.407, 9.519]","(5.969, 9.519]",*
7.385098056456324,"(6.407, 9.519]","(5.969, 9.519]",*
7.385134534015018,"(6.407, 9.519]","(5.969, 9.519]",*
7.3866913775055325,"(6.407, 9.519]","(5.969, 9.519]",*
7.393603182922691,"(6.407, 9.519]","(5.969, 9.519]",*
7.394768107599377,"(6.407, 9.519]","(5.969, 9.519]",*
7.395256894741106,"(6.407, 9.519]","(5.969, 9.519]",*
7.39601592829061,"(6.407, 9.519]","(5.969, 9.519]",*
7.397609154433652,"(6.407, 9.519]","(5.969, 9.519]",*
7.397698539271579,"(6.407, 9.519]","(5.969, 9.519]",*
7.398109965543437,"(6.407, 9.519]","(5.969, 9.519]",*
7.398134291140285,"(6.407, 9.519]","(5.969, 9.519]",*
7.402303152589003,"(6.407, 9.519]","(5.969, 9.519]",*
7.40305227862962,"(6.407, 9.519]","(5.969, 9.519]",*
7.405166506232585,"(6.407, 9.519]","(5.969, 9.519]",*
7.406003649466362,"(6.407, 9.519]","(5.969, 9.519]",*
7.407850298498963,"(6.407, 9.519]","(5.969, 9.519]",*
7.409373374122126,"(6.407, 9.519]","(5.969, 9.519]",*
7.409833866549476,"(6.407, 9.519]","(5.969, 9.519]",*
7.410910121460893,"(6.407, 9.519]","(5.969, 9.519]",*
7.411486570673661,"(6.407, 9.519]","(5.969, 9.519]",*
7.412988547997673,"(6.407, 9.519]","(5.969, 9.519]",*
7.414875230659792,"(6.407, 9.519]","(5.969, 9.519]",*
7.416907662572958,"(6.407, 9.519]","(5.969, 9.519]",*
7.4185534228662435,"(6.407, 9.519]","(5.969, 9.519]",*
7.419982031939299,"(6.407, 9.519]","(5.969, 9.519]",*
7.421738946306998,"(6.407, 9.519]","(5.969, 9.519]",*
7.422466607347741,"(6.407, 9.519]","(5.969, 9.519]",*
7.424253138721267,"(6.407, 9.519]","(5.969, 9.519]",*
7.425291725369825,"(6.407, 9.519]","(5.969, 9.519]",*
7.425390997093108,"(6.407, 9.519]","(5.969, 9.519]",*
7.4262969888725054,"(6.407, 9.519]","(5.969, 9.519]",*
7.42864557560922,"(6.407, 9.519]","(5.969, 9.519]",*
7.429961382420688,"(6.407, 9.519]","(5.969, 9.519]",*
7.431180527558028,"(6.407, 9.519]","(5.969, 9.519]",*
7.432324254620799,"(6.407, 9.519]","(5.969, 9.519]",*
7.433065418646686,"(6.407, 9.519]","(5.969, 9.519]",*
7.437555944679527,"(6.407, 9.519]","(5.969, 9.519]",*
7.440520776533347,"(6.407, 9.519]","(5.969, 9.519]",*
7.44251310746546,"(6.407, 9.519]","(5.969, 9.519]",*
7.443973585877933,"(6.407, 9.519]","(5.969, 9.519]",*
7.445436394034433,"(6.407, 9.519]","(5.969, 9.519]",*
7.449827821346452,"(6.407, 9.519]","(5.969, 9.519]",*
7.451312942754408,"(6.407, 9.519]","(5.969, 9.519]",*
7.453375217878477,"(6.407, 9.519]","(5.969, 9.519]",*
7.456011557793097,"(6.407, 9.519]","(5.969, 9.519]",*
7.456390108521544,"(6.407, 9.519]","(5.969, 9.519]",*
7.460307853572973,"(6.407, 9.519]","(5.969, 9.519]",*
7.461460905496698,"(6.407, 9.519]","(5.969, 9.519]",*
7.465322753874244,"(6.407, 9.519]","(5.969, 9.519]",*
7.4654961058230365,"(6.407, 9.519]","(5.969, 9.519]",*
7.4690868630114835,"(6.407, 9.519]","(5.969, 9.519]",*
7.470063235304551,"(6.407, 9.519]","(5.969, 9.519]",*
7.470217817895233,"(6.407, 9.519]","(5.969, 9.519]",*
7.470777840511558,"(6.407, 9.519]","(5.969, 9.519]",*
7.475217031733846,"(6.407, 9.519]","(5.969, 9.519]",*
7.47746190783741,"(6.407, 9.519]","(5.969, 9.519]",*
7.478104450268657,"(6.407, 9.519]","(5.969, 9.519]",*
7.480941329531944,"(6.407, 9.519]","(5.969, 9.519]",*
7.481984602932326,"(6.407, 9.519]","(5.969, 9.519]",*
7.48263024156822,"(6.407, 9.519]","(5.969, 9.519]",*
7.48373882847803,"(6.407, 9.519]","(5.969, 9.519]",*
7.484255954439765,"(6.407, 9.519]","(5.969, 9.519]",*
7.484641868518191,"(6.407, 9.519]","(5.969, 9.519]",*
7.486595699584571,"(6.407, 9.519]","(5.969, 9.519]",*
7.488368606466308,"(6.407, 9.519]","(5.969, 9.519]",*
7.489032360819976,"(6.407, 9.519]","(5.969, 9.519]",*
7.489075380755159,"(6.407, 9.519]","(5.969, 9.519]",*
7.492803316640665,"(6.407, 9.519]","(5.969, 9.519]",*
7.4978373184710225,"(6.407, 9.519]","(5.969, 9.519]",*
7.499317991721282,"(6.407, 9.519]","(5.969, 9.519]",*
7.499371291156148,"(6.407, 9.519]","(5.969, 9.519]",*
7.500352433238832,"(6.407, 9.519]","(5.969, 9.519]",*
7.505427762336729,"(6.407, 9.519]","(5.969, 9.519]",*
7.507481635988307,"(6.407, 9.519]","(5.969, 9.519]",*
7.509043842127077,"(6.407, 9.519]","(5.969, 9.519]",*
7.510400040281897,"(6.407, 9.519]","(5.969, 9.519]",*
7.51064204531574,"(6.407, 9.519]","(5.969, 9.519]",*
7.511730349836863,"(6.407, 9.519]","(5.969, 9.519]",*
7.512526778745121,"(6.407, 9.519]","(5.969, 9.519]",*
7.513298007125827,"(6.407, 9.519]","(5.969, 9.519]",*
7.513542037114643,"(6.407, 9.519]","(5.969, 9.519]",*
7.513611343805959,"(6.407, 9.519]","(5.969, 9.519]",*
7.515130582744597,"(6.407, 9.519]","(5.969, 9.519]",*
7.515487093090218,"(6.407, 9.519]","(5.969, 9.519]",*
7.516445642842612,"(6.407, 9.519]","(5.969, 9.519]",*
7.519087435931537,"(6.407, 9.519]","(5.969, 9.519]",*
7.52014151947451,"(6.407, 9.519]","(5.969, 9.519]",*
7.520286358033356,"(6.407, 9.519]","(5.969, 9.519]",*
7.523330720003432,"(6.407, 9.519]","(5.969, 9.519]",*
7.525690556683009,"(6.407, 9.519]","(5.969, 9.519]",*
7.5257396546127,"(6.407, 9.519]","(5.969, 9.519]",*
7.529197953847072,"(6.407, 9.519]","(5.969, 9.519]",*
7.531877906762699,"(6.407, 9.519]","(5.969, 9.519]",*
7.533097336111758,"(6.407, 9.519]","(5.969, 9.519]",*
7.533380986145507,"(6.407, 9.519]","(5.969, 9.519]",*
7.533655940982848,"(6.407, 9.519]","(5.969, 9.519]",*
7.534723194293817,"(6.407, 9.519]","(5.969, 9.519]",*
7.535710562492012,"(6.407, 9.519]","(5.969, 9.519]",*
7.537023749448498,"(6.407, 9.519]","(5.969, 9.519]",*
7.543491993836158,"(6.407, 9.519]","(5.969, 9.519]",*
7.545608876296856,"(6.407, 9.519]","(5.969, 9.519]",*
7.551820539538548,"(6.407, 9.519]","(5.969, 9.519]",*
7.552890546778082,"(6.407, 9.519]","(5.969, 9.519]",*
7.553568914450822,"(6.407, 9.519]","(5.969, 9.519]",*
7.553762646844822,"(6.407, 9.519]","(5.969, 9.519]",*
7.554540734552747,"(6.407, 9.519]","(5.969, 9.519]",*
7.55764267308367,"(6.407, 9.519]","(5.969, 9.519]",*
7.559816059202312,"(6.407, 9.519]","(5.969, 9.519]",*
7.560599415951032,"(6.407, 9.519]","(5.969, 9.519]",*
7.561878816335533,"(6.407, 9.519]","(5.969, 9.519]",*
7.561983037072788,"(6.407, 9.519]","(5.969, 9.519]",*
7.563724463305101,"(6.407, 9.519]","(5.969, 9.519]",*
7.56413962357826,"(6.407, 9.519]","(5.969, 9.519]",*
7.565375443787002,"(6.407, 9.519]","(5.969, 9.519]",*
7.567152938351411,"(6.407, 9.519]","(5.969, 9.519]",*
7.569247063978782,"(6.407, 9.519]","(5.969, 9.519]",*
7.570045663116697,"(6.407, 9.519]","(5.969, 9.519]",*
7.572350215321666,"(6.407, 9.519]","(5.969, 9.519]",*
7.575082016151503,"(6.407, 9.519]","(5.969, 9.519]",*
7.5772547527467164,"(6.407, 9.519]","(5.969, 9.519]",*
7.578770293658353,"(6.407, 9.519]","(5.969, 9.519]",*
7.5788550908694114,"(6.407, 9.519]","(5.969, 9.519]",*
7.579366476545003,"(6.407, 9.519]","(5.969, 9.519]",*
7.579897089136144,"(6.407, 9.519]","(5.969, 9.519]",*
7.580729704324969,"(6.407, 9.519]","(5.969, 9.519]",*
7.581828099790803,"(6.407, 9.519]","(5.969, 9.519]",*
7.583106079326026,"(6.407, 9.519]","(5.969, 9.519]",*
7.585253423943633,"(6.407, 9.519]","(5.969, 9.519]",*
7.588558819611766,"(6.407, 9.519]","(5.969, 9.519]",*
7.588633659584562,"(6.407, 9.519]","(5.969, 9.519]",*
7.590796627951142,"(6.407, 9.519]","(5.969, 9.519]",*
7.590878455931669,"(6.407, 9.519]","(5.969, 9.519]",*
7.593559141490211,"(6.407, 9.519]","(5.969, 9.519]",*
7.594954312381022,"(6.407, 9.519]","(5.969, 9.519]",*
7.596007700363826,"(6.407, 9.519]","(5.969, 9.519]",*
7.597533220442818,"(6.407, 9.519]","(5.969, 9.519]",*
7.598694555588024,"(6.407, 9.519]","(5.969, 9.519]",*
7.6000714707951555,"(6.407, 9.519]","(5.969, 9.519]",*
7.603999923452179,"(6.407, 9.519]","(5.969, 9.519]",*
7.6042535010058865,"(6.407, 9.519]","(5.969, 9.519]",*
7.605511953651169,"(6.407, 9.519]","(5.969, 9.519]",*
7.606682442390909,"(6.407, 9.519]","(5.969, 9.519]",*
7.608168693471375,"(6.407, 9.519]","(5.969, 9.519]",*
7.609566757949164,"(6.407, 9.519]","(5.969, 9.519]",*
7.609818795846901,"(6.407, 9.519]","(5.969, 9.519]",*
7.609905322552537,"(6.407, 9.519]","(5.969, 9.519]",*
7.610990915306426,"(6.407, 9.519]","(5.969, 9.519]",*
7.612180355619327,"(6.407, 9.519]","(5.969, 9.519]",*
7.616643685775798,"(6.407, 9.519]","(5.969, 9.519]",*
7.616703734014982,"(6.407, 9.519]","(5.969, 9.519]",*
7.617993928820501,"(6.407, 9.519]","(5.969, 9.519]",*
7.618948932093713,"(6.407, 9.519]","(5.969, 9.519]",*
7.6197764394650225,"(6.407, 9.519]","(5.969, 9.519]",*
7.624906927047332,"(6.407, 9.519]","(5.969, 9.519]",*
7.624968633231707,"(6.407, 9.519]","(5.969, 9.519]",*
7.626918437745748,"(6.407, 9.519]","(5.969, 9.519]",*
7.6269343454305085,"(6.407, 9.519]","(5.969, 9.519]",*
7.628411185046268,"(6.407, 9.519]","(5.969, 9.519]",*
7.63477571659249,"(6.407, 9.519]","(5.969, 9.519]",*
7.639741009735813,"(6.407, 9.519]","(5.969, 9.519]",*
7.6404789846840195,"(6.407, 9.519]","(5.969, 9.519]",*
7.641965159547379,"(6.407, 9.519]","(5.969, 9.519]",*
7.6424743034526195,"(6.407, 9.519]","(5.969, 9.519]",*
7.64350743874928,"(6.407, 9.519]","(5.969, 9.519]",*
7.644778598059883,"(6.407, 9.519]","(5.969, 9.519]",*
7.647150881972758,"(6.407, 9.519]","(5.969, 9.519]",*
7.648392611760725,"(6.407, 9.519]","(5.969, 9.519]",*
7.648432414710834,"(6.407, 9.519]","(5.969, 9.519]",*
7.652591048672674,"(6.407, 9.519]","(5.969, 9.519]",*
7.657627826154196,"(6.407, 9.519]","(5.969, 9.519]",*
7.671755372854428,"(6.407, 9.519]","(5.969, 9.519]",*
7.674739410066334,"(6.407, 9.519]","(5.969, 9.519]",*
7.6752150228007485,"(6.407, 9.519]","(5.969, 9.519]",*
7.6758360008005315,"(6.407, 9.519]","(5.969, 9.519]",*
7.678891204672543,"(6.407, 9.519]","(5.969, 9.519]",*
7.679468811739912,"(6.407, 9.519]","(5.969, 9.519]",*
7.680416376908753,"(6.407, 9.519]","(5.969, 9.519]",*
7.689476180030332,"(6.407, 9.519]","(5.969, 9.519]",*
7.690493450939387,"(6.407, 9.519]","(5.969, 9.519]",*
7.691464822014905,"(6.407, 9.519]","(5.969, 9.519]",*
7.6940687224767315,"(6.407, 9.519]","(5.969, 9.519]",*
7.697110375236307,"(6.407, 9.519]","(5.969, 9.519]",*
7.7000401400842415,"(6.407, 9.519]","(5.969, 9.519]",*
7.700172406943978,"(6.407, 9.519]","(5.969, 9.519]",*
7.700859387978928,"(6.407, 9.519]","(5.969, 9.519]",*
7.70114505267806,"(6.407, 9.519]","(5.969, 9.519]",*
7.701205701564512,"(6.407, 9.519]","(5.969, 9.519]",*
7.703566148451473,"(6.407, 9.519]","(5.969, 9.519]",*
7.7125753374539965,"(6.407, 9.519]","(5.969, 9.519]",*
7.7188618691715165,"(6.407, 9.519]","(5.969, 9.519]",*
7.721099651182366,"(6.407, 9.519]","(5.969, 9.519]",*
7.721908810545508,"(6.407, 9.519]","(5.969, 9.519]",*
7.722145948842168,"(6.407, 9.519]","(5.969, 9.519]",*
7.723274916235044,"(6.407, 9.519]","(5.969, 9.519]",*
7.7252656330924,"(6.407, 9.519]","(5.969, 9.519]",*
7.726796261866107,"(6.407, 9.519]","(5.969, 9.519]",*
7.727702169301275,"(6.407, 9.519]","(5.969, 9.519]",*
7.729031496516364,"(6.407, 9.519]","(5.969, 9.519]",*
7.729789733310628,"(6.407, 9.519]","(5.969, 9.519]",*
7.730949555637336,"(6.407, 9.519]","(5.969, 9.519]",*
7.73357186632496,"(6.407, 9.519]","(5.969, 9.519]",*
7.733834889840588,"(6.407, 9.519]","(5.969, 9.519]",*
7.738422513772288,"(6.407, 9.519]","(5.969, 9.519]",*
7.740112578784688,"(6.407, 9.519]","(5.969, 9.519]",*
7.740133867718077,"(6.407, 9.519]","(5.969, 9.519]",*
7.741091333917388,"(6.407, 9.519]","(5.969, 9.519]",*
7.741143613827051,"(6.407, 9.519]","(5.969, 9.519]",*
7.746032248755581,"(6.407, 9.519]","(5.969, 9.519]",*
7.749402407972012,"(6.407, 9.519]","(5.969, 9.519]",*
7.750851660618924,"(6.407, 9.519]","(5.969, 9.519]",*
7.751794757089147,"(6.407, 9.519]","(5.969, 9.519]",*
7.754160967321633,"(6.407, 9.519]","(5.969, 9.519]",*
7.757390330145929,"(6.407, 9.519]","(5.969, 9.519]",*
7.759013435331411,"(6.407, 9.519]","(5.969, 9.519]",*
7.76205926304979,"(6.407, 9.519]","(5.969, 9.519]",*
7.776563643877942,"(6.407, 9.519]","(5.969, 9.519]",*
7.777005685218786,"(6.407, 9.519]","(5.969, 9.519]",*
7.782461200355238,"(6.407, 9.519]","(5.969, 9.519]",*
7.792001709789392,"(6.407, 9.519]","(5.969, 9.519]",*
7.796604330813142,"(6.407, 9.519]","(5.969, 9.519]",*
7.797744345027636,"(6.407, 9.519]","(5.969, 9.519]",*
7.79875936303165,"(6.407, 9.519]","(5.969, 9.519]",*
7.7989460986253425,"(6.407, 9.519]","(5.969, 9.519]",*
7.803594947886586,"(6.407, 9.519]","(5.969, 9.519]",*
7.8070557978864095,"(6.407, 9.519]","(5.969, 9.519]",*
7.80940506527941,"(6.407, 9.519]","(5.969, 9.519]",*
7.810073189654607,"(6.407, 9.519]","(5.969, 9.519]",*
7.811442265448174,"(6.407, 9.519]","(5.969, 9.519]",*
7.814354698804238,"(6.407, 9.519]","(5.969, 9.519]",*
7.814769565186722,"(6.407, 9.519]","(5.969, 9.519]",*
7.814889842653391,"(6.407, 9.519]","(5.969, 9.519]",*
7.817418541977456,"(6.407, 9.519]","(5.969, 9.519]",*
7.820094644479664,"(6.407, 9.519]","(5.969, 9.519]",*
7.821571971184149,"(6.407, 9.519]","(5.969, 9.519]",*
7.826435951789139,"(6.407, 9.519]","(5.969, 9.519]",*
7.827258507697397,"(6.407, 9.519]","(5.969, 9.519]",*
7.827579914992478,"(6.407, 9.519]","(5.969, 9.519]",*
7.827794857356475,"(6.407, 9.519]","(5.969, 9.519]",*
7.830362443635721,"(6.407, 9.519]","(5.969, 9.519]",*
7.835039542673672,"(6.407, 9.519]","(5.969, 9.519]",*
7.838577316900973,"(6.407, 9.519]","(5.969, 9.519]",*
7.840108148713331,"(6.407, 9.519]","(5.969, 9.519]",*
7.841080501837604,"(6.407, 9.519]","(5.969, 9.519]",*
7.844341416594458,"(6.407, 9.519]","(5.969, 9.519]",*
7.8452159144441715,"(6.407, 9.519]","(5.969, 9.519]",*
7.85725643024142,"(6.407, 9.519]","(5.969, 9.519]",*
7.861372122865242,"(6.407, 9.519]","(5.969, 9.519]",*
7.863844807094267,"(6.407, 9.519]","(5.969, 9.519]",*
7.866885829470282,"(6.407, 9.519]","(5.969, 9.519]",*
7.872006373019423,"(6.407, 9.519]","(5.969, 9.519]",*
7.874124274994672,"(6.407, 9.519]","(5.969, 9.519]",*
7.876932591019857,"(6.407, 9.519]","(5.969, 9.519]",*
7.879751800787583,"(6.407, 9.519]","(5.969, 9.519]",*
7.882474747781456,"(6.407, 9.519]","(5.969, 9.519]",*
7.892039098781526,"(6.407, 9.519]","(5.969, 9.519]",*
7.893778339569222,"(6.407, 9.519]","(5.969, 9.519]",*
7.893834161357629,"(6.407, 9.519]","(5.969, 9.519]",*
7.898190690591654,"(6.407, 9.519]","(5.969, 9.519]",*
7.9049859668295746,"(6.407, 9.519]","(5.969, 9.519]",*
7.90559502007213,"(6.407, 9.519]","(5.969, 9.519]",*
7.91203560594718,"(6.407, 9.519]","(5.969, 9.519]",*
7.912276046909691,"(6.407, 9.519]","(5.969, 9.519]",*
7.92028169278314,"(6.407, 9.519]","(5.969, 9.519]",*
7.932389745133929,"(6.407, 9.519]","(5.969, 9.519]",*
7.933583556861409,"(6.407, 9.519]","(5.969, 9.519]",*
7.937686823203915,"(6.407, 9.519]","(5.969, 9.519]",*
7.939003734912112,"(6.407, 9.519]","(5.969, 9.519]",*
7.949614162651618,"(6.407, 9.519]","(5.969, 9.519]",*
7.951003194335827,"(6.407, 9.519]","(5.969, 9.519]",*
7.951045847268237,"(6.407, 9.519]","(5.969, 9.519]",*
7.951206604849397,"(6.407, 9.519]","(5.969, 9.519]",*
7.955766597400693,"(6.407, 9.519]","(5.969, 9.519]",*
7.964115418886794,"(6.407, 9.519]","(5.969, 9.519]",*
7.9732203901334495,"(6.407, 9.519]","(5.969, 9.519]",*
7.973923041545506,"(6.407, 9.519]","(5.969, 9.519]",*
7.974704487769928,"(6.407, 9.519]","(5.969, 9.519]",*
7.981053999605892,"(6.407, 9.519]","(5.969, 9.519]",*
7.983741985493159,"(6.407, 9.519]","(5.969, 9.519]",*
7.985437862061371,"(6.407, 9.519]","(5.969, 9.519]",*
7.989983674674405,"(6.407, 9.519]","(5.969, 9.519]",*
7.991439670188487,"(6.407, 9.519]","(5.969, 9.519]",*
8.005412645339597,"(6.407, 9.519]","(5.969, 9.519]",*
8.00820950199639,"(6.407, 9.519]","(5.969, 9.519]",*
8.012087695936144,"(6.407, 9.519]","(5.969, 9.519]",*
8.016627453044602,"(6.407, 9.519]","(5.969, 9.519]",*
8.019634995071899,"(6.407, 9.519]","(5.969, 9.519]",*
8.023801491347276,"(6.407, 9.519]","(5.969, 9.519]",*
8.036715738844402,"(6.407, 9.519]","(5.969, 9.519]",*
8.042661057130404,"(6.407, 9.519]","(5.969, 9.519]",*
8.048052771462316,"(6.407, 9.519]","(5.969, 9.519]",*
8.057346517850192,"(6.407, 9.519]","(5.969, 9.519]",*
8.06397551675639,"(6.407, 9.519]","(5.969, 9.519]",*
8.064452551336549,"(6.407, 9.519]","(5.969, 9.519]",*
8.069721867473751,"(6.407, 9.519]","(5.969, 9.519]",*
8.074693667681723,"(6.407, 9.519]","(5.969, 9.519]",*
8.075447920117234,"(6.407, 9.519]","(5.969, 9.519]",*
8.07870347081786,"(6.407, 9.519]","(5.969, 9.519]",*
8.082879393187545,"(6.407, 9.519]","(5.969, 9.519]",*
8.092440179538283,"(6.407, 9.519]","(5.969, 9.519]",*
8.09351268063935,"(6.407, 9.519]","(5.969, 9.519]",*
8.094228329724691,"(6.407, 9.519]","(5.969, 9.519]",*
8.096904375585071,"(6.407, 9.519]","(5.969, 9.519]",*
8.100651599703141,"(6.407, 9.519]","(5.969, 9.519]",*
8.104891037283927,"(6.407, 9.519]","(5.969, 9.519]",*
8.105157806883028,"(6.407, 9.519]","(5.969, 9.519]",*
8.107490863551021,"(6.407, 9.519]","(5.969, 9.519]",*
8.109898927942105,"(6.407, 9.519]","(5.969, 9.519]",*
8.11233618887564,"(6.407, 9.519]","(5.969, 9.519]",*
8.118399939304386,"(6.407, 9.519]","(5.969, 9.519]",*
8.125141793920852,"(6.407, 9.519]","(5.969, 9.519]",*
8.132807349718504,"(6.407, 9.519]","(5.969, 9.519]",*
8.13721447105525,"(6.407, 9.519]","(5.969, 9.519]",*
8.139623645202262,"(6.407, 9.519]","(5.969, 9.519]",*
8.14751756014964,"(6.407, 9.519]","(5.969, 9.519]",*
8.151365563918835,"(6.407, 9.519]","(5.969, 9.519]",*
8.156846515190841,"(6.407, 9.519]","(5.969, 9.519]",*
8.15780621466702,"(6.407, 9.519]","(5.969, 9.519]",*
8.167820350087936,"(6.407, 9.519]","(5.969, 9.519]",*
8.172130123603448,"(6.407, 9.519]","(5.969, 9.519]",*
8.174270416876897,"(6.407, 9.519]","(5.969, 9.519]",*
8.176696666772001,"(6.407, 9.519]","(5.969, 9.519]",*
8.181252909677312,"(6.407, 9.519]","(5.969, 9.519]",*
8.182597765421484,"(6.407, 9.519]","(5.969, 9.519]",*
8.187045841588748,"(6.407, 9.519]","(5.969, 9.519]",*
8.190106861728152,"(6.407, 9.519]","(5.969, 9.519]",*
8.190784777556487,"(6.407, 9.519]","(5.969, 9.519]",*
8.190792591385971,"(6.407, 9.519]","(5.969, 9.519]",*
8.195316829277276,"(6.407, 9.519]","(5.969, 9.519]",*
8.203878796641957,"(6.407, 9.519]","(5.969, 9.519]",*
8.207386060033253,"(6.407, 9.519]","(5.969, 9.519]",*
8.211941138879821,"(6.407, 9.519]","(5.969, 9.519]",*
8.22391248976807,"(6.407, 9.519]","(5.969, 9.519]",*
8.22447023943173,"(6.407, 9.519]","(5.969, 9.519]",*
8.236623013656942,"(6.407, 9.519]","(5.969, 9.519]",*
8.24392667917841,"(6.407, 9.519]","(5.969, 9.519]",*
8.254232785786499,"(6.407, 9.519]","(5.969, 9.519]",*
8.264725649905776,"(6.407, 9.519]","(5.969, 9.519]",*
8.274147489845573,"(6.407, 9.519]","(5.969, 9.519]",*
8.287562193759008,"(6.407, 9.519]","(5.969, 9.519]",*
8.287674930799158,"(6.407, 9.519]","(5.969, 9.519]",*
8.300241409128995,"(6.407, 9.519]","(5.969, 9.519]",*
8.301924703003042,"(6.407, 9.519]","(5.969, 9.519]",*
8.312847295126744,"(6.407, 9.519]","(5.969, 9.519]",*
8.313405155599451,"(6.407, 9.519]","(5.969, 9.519]",*
8.314761978982546,"(6.407, 9.519]","(5.969, 9.519]",*
8.318991990846223,"(6.407, 9.519]","(5.969, 9.519]",*
8.333101975109903,"(6.407, 9.519]","(5.969, 9.519]",*
8.334376722948441,"(6.407, 9.519]","(5.969, 9.519]",*
8.335360241027198,"(6.407, 9.519]","(5.969, 9.519]",*
8.339253759776716,"(6.407, 9.519]","(5.969, 9.519]",*
8.346782327035504,"(6.407, 9.519]","(5.969, 9.519]",*
8.366244567995926,"(6.407, 9.519]","(5.969, 9.519]",*
8.369497314350069,"(6.407, 9.519]","(5.969, 9.519]",*
8.38109586335899,"(6.407, 9.519]","(5.969, 9.519]",*
8.38999228707171,"(6.407, 9.519]","(5.969, 9.519]",*
8.390376003870298,"(6.407, 9.519]","(5.969, 9.519]",*
8.398930736365076,"(6.407, 9.519]","(5.969, 9.519]",*
8.408924917611351,"(6.407, 9.519]","(5.969, 9.519]",*
8.415327856435116,"(6.407, 9.519]","(5.969, 9.519]",*
8.428712338384791,"(6.407, 9.519]","(5.969, 9.519]",*
8.44946816297835,"(6.407, 9.519]","(5.969, 9.519]",*
8.465513953092108,"(6.407, 9.519]","(5.969, 9.519]",*
8.47176544466696,"(6.407, 9.519]","(5.969, 9.519]",*
8.472279817795176,"(6.407, 9.519]","(5.969, 9.519]",*
8.485443766134294,"(6.407, 9.519]","(5.969, 9.519]",*
8.513233389195518,"(6.407, 9.519]","(5.969, 9.519]",*
8.515333596834315,"(6.407, 9.519]","(5.969, 9.519]",*
8.536346170435625,"(6.407, 9.519]","(5.969, 9.519]",*
8.540364463932763,"(6.407, 9.519]","(5.969, 9.519]",*
8.543764348417685,"(6.407, 9.519]","(5.969, 9.519]",*
8.553939374084525,"(6.407, 9.519]","(5.969, 9.519]",*
8.554883547885876,"(6.407, 9.519]","(5.969, 9.519]",*
8.561761656558057,"(6.407, 9.519]","(5.969, 9.519]",*
8.562610576392464,"(6.407, 9.519]","(5.969, 9.519]",*
8.581134743909647,"(6.407, 9.519]","(5.969, 9.519]",*
8.598382722169953,"(6.407, 9.519]","(5.969, 9.519]",*
8.641820766251389,"(6.407, 9.519]","(5.969, 9.519]",*
8.68843407427393,"(6.407, 9.519]","(5.969, 9.519]",*
8.702959652056817,"(6.407, 9.519]","(5.969, 9.519]",*
8.764785540314001,"(6.407, 9.519]","(5.969, 9.519]",*
8.899713346862931,"(6.407, 9.519]","(5.969, 9.519]",*
8.91609294469722,"(6.407, 9.519]","(5.969, 9.519]",*
8.973440775154549,"(6.407, 9.519]","(5.969, 9.519]",*
8.991399330611651,"(6.407, 9.519]","(5.969, 9.519]",*
9.008900092194578,"(6.407, 9.519]","(5.969, 9.519]",*
9.125282872631168,"(6.407, 9.519]","(5.969, 9.519]",*
9.51908806613594,"(6.407, 9.519]","(5.969, 9.519]",*
