17796.631189543397,"(17796.63, 58327.197]","(17796.63, 59764.7]","(17796.63, 61480.562]","(17796.63, 63877.267]","(17796.63, 68804.286]",*
35454.714659475445,"(17796.63, 58327.197]","(17796.63, 59764.7]","(17796.63, 61480.562]","(17796.63, 63877.267]","(17796.63, 68804.286]",*
35608.986237077515,"(17796.63, 58327.197]","(17796.63, 59764.7]","(17796.63, 61480.562]","(17796.63, 63877.267]","(17796.63, 68804.286]",*
35797.323121548245,"(17796.63, 58327.197]","(17796.63, 59764.7]","(17796.63, 61480.562]","(17796.63, 63877.267]","(17796.63, 68804.286]",*
35963.330809062856,"(17796.63, 58327.197]","(17796.63, 59764.7]","(17796.63, 61480.562]","(17796.63, 63877.267]","(17796.63, 68804.286]",*
36100.444226680745,"(17796.63, 58327.197]","(17796.63, 59764.7]","(17796.63, 61480.562]","(17796.63, 63877.267]","(17796.63, 68804.286]",*
37908.67586272925,"(17796.63, 58327.197]","(17796.63, 59764.7]","(17796.63, 61480.562]","(17796.63, 63877.267]","(17796.63, 68804.286]",*
37971.20756623529,"(17796.63, 58327.197]","(17796.63, 59764.7]","(17796.63, 61480.562]","(17796.63, 63877.267]","(17796.63, 68804.286]",*
38122.524488262905,"(17796.63, 58327.197]","(17796.63, 59764.7]","(17796.63, 61480.562]","(17796.63, 63877.267]","(17796.63, 68804.286]",*
38139.919044520015,"(17796.63, 58327.197]","(17796.63, 59764.7]","(17796.63, 61480.562]","(17796.63, 63877.267]","(17796.63, 68804.286]",*
38530.12447825256,"(17796.63, 58327.197]","(17796.63, 59764.7]","(17796.63, 61480.562]","(17796.63, 63877.267]","(17796.63, 68804.286]",*
38571.963669753466,"(17796.63, 58327.197]","(17796.63, 59764.7]","(17796.63, 61480.562]","(17796.63, 63877.267]","(17796.63, 68804.286]",*
38734.005216471945,"(17796.63, 58327.197]","(17796.63, 59764.7]","(17796.63, 61480.562]","(17796.63, 63877.267]","(17796.63, 68804.286]",*
38868.25031141422,"(17796.63, 58327.197]","(17796.63, 59764.7]","(17796.63, 61480.562]","(17796.63, 63877.267]","(17796.63, 68804.286]",*
39033.809236982364,"(17796.63, 58327.197]","(17796.63, 59764.7]","(17796.63, 61480.562]","(17796.63, 63877.267]","(17796.63, 68804.286]",*
39294.036523316114,"(17796.63, 58327.197]","(17796.63, 59764.7]","(17796.63, 61480.562]","(17796.63, 63877.267]","(17796.63, 68804.286]",*
39411.652787814426,"(17796.63, 58327.197]","(17796.63, 59764.7]","(17796.63, 61480.562]","(17796.63, 63877.267]","(17796.63, 68804.286]",*
39653.77003073781,"(17796.63, 58327.197]","(17796.63, 59764.7]","(17796.63, 61480.562]","(17796.63, 63877.267]","(17796.63, 68804.286]",*
39777.606906208486,"(17796.63, 58327.197]","(17796.63, 59764.7]","(17796.63, 61480.562]","(17796.63, 63877.267]","(17796.63, 68804.286]",*
40141.566476517415,"(17796.63, 58327.197]","(17796.63, 59764.7]","(17796.63, 61480.562]","(17796.63, 63877.267]","(17796.63, 68804.286]",*
40185.73389147777,"(17796.63, 58327.197]","(17796.63, 59764.7]","(17796.63, 61480.562]","(17796.63, 63877.267]","(17796.63, 68804.286]",*
40366.61629125728,"(17796.63, 58327.197]","(17796.63, 59764.7]","(17796.63, 61480.562]","(17796.63, 63877.267]","(17796.63, 68804.286]",*
40394.03912857152,"(17796.63, 58327.197]","(17796.63, 59764.7]","(17796.63, 61480.562]","(17796.63, 63877.267]","(17796.63, 68804.286]",*
40503.54133219899,"(17796.63, 58327.197]","(17796.63, 59764.7]","(17796.63, 61480.562]","(17796.63, 63877.267]","(17796.63, 68804.286]",*
40581.778087153,"(17796.63, 58327.197]","(17796.63, 59764.7]","(17796.63, 61480.562]","(17796.63, 63877.267]","(17796.63, 68804.286]",*
40748.65308727152,"(17796.63, 58327.197]","(17796.63, 59764.7]","(17796.63, 61480.562]","(17796.63, 63877.267]","(17796.63, 68804.286]",*
40752.71424332094,"(17796.63, 58327.197]","(17796.63, 59764.7]","(17796.63, 61480.562]","(17796.63, 63877.267]","(17796.63, 68804.286]",*
41007.45867327451,"(17796.63, 58327.197]","(17796.63, 59764.7]","(17796.63, 61480.562]","(17796.63, 63877.267]","(17796.63, 68804.286]",*
41064.87217120569,"(17796.63, 58327.197]","(17796.63, 59764.7]","(17796.63, 61480.562]","(17796.63, 63877.267]","(17796.63, 68804.286]",*
41240.05727656731,"(17796.63, 58327.197]","(17796.63, 59764.7]","(17796.63, 61480.562]","(17796.63, 63877.267]","(17796.63, 68804.286]",*
41518.77938562354,"(17796.63, 58327.197]","(17796.63, 59764.7]","(17796.63, 61480.562]","(17796.63, 63877.267]","(17796.63, 68804.286]",*
41533.01295974442,"(17796.63, 58327.197]","(17796.63, 59764.7]","(17796.63, 61480.562]","(17796.63, 63877.267]","(17796.63, 68804.286]",*
41732.930691089416,"(17796.63, 58327.197]","(17796.63, 59764.7]","(17796.63, 61480.562]","(17796.63, 63877.267]","(17796.63, 68804.286]",*
42245.80077990703,"(17796.63, 58327.197]","(17796.63, 59764.7]","(17796.63, 61480.562]","(17796.63, 63877.267]","(17796.63, 68804.286]",*
42258.774541048464,"(17796.63, 58327.197]","(17796.63, 59764.7]","(17796.63, 61480.562]","(17796.63, 63877.267]","(17796.63, 68804.286]",*
42348.16245991485,"(17796.63, 58327.197]","(17796.63, 59764.7]","(17796.63, 61480.562]","(17796.63, 63877.267]","(17796.63, 68804.286]",*
42462.099587312565,"(17796.63, 58327.197]","(17796.63, 59764.7]","(17796.63, 61480.562]","(17796.63, 63877.267]","(17796.63, 68804.286]",*
42463.11634366712,"(17796.63, 58327.197]","(17796.63, 59764.7]","(17796.63, 61480.562]","(17796.63, 63877.267]","(17796.63, 68804.286]",*
42814.993038002445,"(17796.63, 58327.197]","(17796.63, 59764.7]","(17796.63, 61480.562]","(17796.63, 63877.267]","(17796.63, 68804.286]",*
42816.30588550866,"(17796.63, 58327.197]","(17796.63, 59764.7]","(17796.63, 61480.562]","(17796.63, 63877.267]","(17796.63, 68804.286]",*
42822.31109616791,"(17796.63, 58327.197]","(17796.63, 59764.7]","(17796.63, 61480.562]","(17796.63, 63877.267]","(17796.63, 68804.286]",*
42940.13893924214,"(17796.63, 58327.197]","(17796.63, 59764.7]","(17796.63, 61480.562]","(17796.63, 63877.267]","(17796.63, 68804.286]",*
42943.936008646095,"(17796.63, 58327.197]","(17796.63, 59764.7]","(17796.63, 61480.562]","(17796.63, 63877.267]","(17796.63, 68804.286]",*
42969.65939269119,"(17796.63, 58327.197]","(17796.63, 59764.7]","(17796.63, 61480.562]","(17796.63, 63877.267]","(17796.63, 68804.286]",*
43192.11440924884,"(17796.63, 58327.197]","(17796.63, 59764.7]","(17796.63, 61480.562]","(17796.63, 63877.267]","(17796.63, 68804.286]",*
43241.982422500565,"(17796.63, 58327.197]","(17796.63, 59764.7]","(17796.63, 61480.562]","(17796.63, 63877.267]","(17796.63, 68804.286]",*
43401.441634812894,"(17796.63, 58327.197]","(17796.63, 59764.7]","(17796.63, 61480.562]","(17796.63, 63877.267]","(17796.63, 68804.286]",*
43496.72566492688,"(17796.63, 58327.197]","(17796.63, 59764.7]","(17796.63, 61480.562]","(17796.63, 63877.267]","(17796.63, 68804.286]",*
43526.81458764205,"(17796.63, 58327.197]","(17796.63, 59764.7]","(17796.63, 61480.562]","(17796.63, 63877.267]","(17796.63, 68804.286]",*
43531.856588705785,"(17796.63, 58327.197]","(17796.63, 59764.7]","(17796.63, 61480.562]","(17796.63, 63877.267]","(17796.63, 68804.286]",*
43795.30753382496,"(17796.63, 58327.197]","(17796.63, 59764.7]","(17796.63, 61480.562]","(17796.63, 63877.267]","(17796.63, 68804.286]",*
43800.29196776501,"(17796.63, 58327.197]","(17796.63, 59764.7]","(17796.63, 61480.562]","(17796.63, 63877.267]","(17796.63, 68804.286]",*
43921.99998719334,"(17796.63, 58327.197]","(17796.63, 59764.7]","(17796.63, 61480.562]","(17796.63, 63877.267]","(17796.63, 68804.286]",*
43940.87136364731,"(17796.63, 58327.197]","(17796.63, 59764.7]","(17796.63, 61480.562]","(17796.63, 63877.267]","(17796.63, 68804.286]",*
43952.336213929215,"(17796.63, 58327.197]","(17796.63, 59764.7]","(17796.63, 61480.562]","(17796.63, 63877.267]","(17796.63, 68804.286]",*
44048.45668792348,"(17796.63, 58327.197]","(17796.63, 59764.7]","(17796.63, 61480.562]","(17796.63, 63877.267]","(17796.63, 68804.286]",*
44088.27418283417,"(17796.63, 58327.197]","(17796.63, 59764.7]","(17796.63, 61480.562]","(17796.63, 63877.267]","(17796.63, 68804.286]",*
44180.46084430325,"(17796.63, 58327.197]","(17796.63, 59764.7]","(17796.63, 61480.562]","(17796.63, 63877.267]","(17796.63, 68804.286]",*
44206.21021226335,"(17796.63, 58327.197]","(17796.63, 59764.7]","(17796.63, 61480.562]","(17796.63, 63877.267]","(17796.63, 68804.286]",*
44214.60123487136,"(17796.63, 58327.197]","(17796.63, 59764.7]","(17796.63, 61480.562]","(17796.63, 63877.267]","(17796.63, 68804.286]",*
44218.54111046821,"(17796.63, 58327.197]","(17796.63, 59764.7]","(17796.63, 61480.562]","(17796.63, 63877.267]","(17796.63, 68804.286]",*
44247.149037389056,"(17796.63, 58327.197]","(17796.63, 59764.7]","(17796.63, 61480.562]","(17796.63, 63877.267]","(17796.63, 68804.286]",*
44328.25629667423,"(17796.63, 58327.197]","(17796.63, 59764.7]","(17796.63, 61480.562]","(17796.63, 63877.267]","(17796.63, 68804.286]",*
44426.26298237767,"(17796.63, 58327.197]","(17796.63, 59764.7]","(17796.63, 61480.562]","(17796.63, 63877.267]","(17796.63, 68804.286]",*
44439.87401438514,"(17796.63, 58327.197]","(17796.63, 59764.7]","(17796.63, 61480.562]","(17796.63, 63877.267]","(17796.63, 68804.286]",*
44566.939582224266,"(17796.63, 58327.197]","(17796.63, 59764.7]","(17796.63, 61480.562]","(17796.63, 63877.267]","(17796.63, 68804.286]",*
44577.15262778448,"(17796.63, 58327.197]","(17796.63, 59764.7]","(17796.63, 61480.562]","(17796.63, 63877.267]","(17796.63, 68804.286]",*
44688.56381644318,"(17796.63, 58327.197]","(17796.63, 59764.7]","(17796.63, 61480.562]","(17796.63, 63877.267]","(17796.63, 68804.286]",*
44710.18346370042,"(17796.63, 58327.197]","(17796.63, 59764.7]","(17796.63, 61480.562]","(17796.63, 63877.267]","(17796.63, 68804.286]",*
44731.10979996538,"(17796.63, 58327.197]","(17796.63, 59764.7]","(17796.63, 61480.562]","(17796.63, 63877.267]","(17796.63, 68804.286]",*
44806.00516405547,"(17796.63, 58327.197]","(17796.63, 59764.7]","(17796.63, 61480.562]","(17796.63, 63877.267]","(17796.63, 68804.286]",*
44834.02158160536,"(17796.63, 58327.197]","(17796.63, 59764.7]","(17796.63, 61480.562]","(17796.63, 63877.267]","(17796.63, 68804.286]",*
44868.504582372014,"(17796.63, 58327.197]","(17796.63, 59764.7]","(17796.63, 61480.562]","(17796.63, 63877.267]","(17796.63, 68804.286]",*
44998.64017761064,"(17796.63, 58327.197]","(17796.63, 59764.7]","(17796.63, 61480.562]","(17796.63, 63877.267]","(17796.63, 68804.286]",*
45073.89517578935,"(17796.63, 58327.197]","(17796.63, 59764.7]","(17796.63, 61480.562]","(17796.63, 63877.267]","(17796.63, 68804.286]",*
45103.81573243059,"(17796.63, 58327.197]","(17796.63, 59764.7]","(17796.63, 61480.562]","(17796.63, 63877.267]","(17796.63, 68804.286]",*
45286.42630254225,"(17796.63, 58327.197]","(17796.63, 59764.7]","(17796.63, 61480.562]","(17796.63, 63877.267]","(17796.63, 68804.286]",*
45318.67418052371,"(17796.63, 58327.197]","(17796.63, 59764.7]","(17796.63, 61480.562]","(17796.63, 63877.267]","(17796.63, 68804.286]",*
45347.15068169448,"(17796.63, 58327.197]","(17796.63, 59764.7]","(17796.63, 61480.562]","(17796.63, 63877.267]","(17796.63, 68804.286]",*
45353.130376033536,"(17796.63, 58327.197]","(17796.63, 59764.7]","(17796.63, 61480.562]","(17796.63, 63877.267]","(17796.63, 68804.286]",*
45493.208426031735,"(17796.63, 58327.197]","(17796.63, 59764.7]","(17796.63, 61480.562]","(17796.63, 63877.267]","(17796.63, 68804.286]",*
45520.55048806487,"(17796.63, 58327.197]","(17796.63, 59764.7]","(17796.63, 61480.562]","(17796.63, 63877.267]","(17796.63, 68804.286]",*
45530.76803523643,"(17796.63, 58327.197]","(17796.63, 59764.7]","(17796.63, 61480.562]","(17796.63, 63877.267]","(17796.63, 68804.286]",*
45546.64340757578,"(17796.63, 58327.197]","(17796.63, 59764.7]","(17796.63, 61480.562]","(17796.63, 63877.267]","(17796.63, 68804.286]",*
45551.40296934434,"(17796.63, 58327.197]","(17796.63, 59764.7]","(17796.63, 61480.562]","(17796.63, 63877.267]","(17796.63, 68804.286]",*
45557.52393086871,"(17796.63, 58327.197]","(17796.63, 59764.7]","(17796.63, 61480.562]","(17796.63, 63877.267]","(17796.63, 68804.286]",*
45610.93841420944,"(17796.63, 58327.197]","(17796.63, 59764.7]","(17796.63, 61480.562]","(17796.63, 63877.267]","(17796.63, 68804.286]",*
45633.84195243276,"(17796.63, 58327.197]","(17796.63, 59764.7]","(17796.63, 61480.562]","(17796.63, 63877.267]","(17796.63, 68804.286]",*
45685.24992050688,"(17796.63, 58327.197]","(17796.63, 59764.7]","(17796.63, 61480.562]","(17796.63, 63877.267]","(17796.63, 68804.286]",*
45750.49358310812,"(17796.63, 58327.197]","(17796.63, 59764.7]","(17796.63, 61480.562]","(17796.63, 63877.267]","(17796.63, 68804.286]",*
45781.23446391816,"(17796.63, 58327.197]","(17796.63, 59764.7]","(17796.63, 61480.562]","(17796.63, 63877.267]","(17796.63, 68804.286]",*
45862.13137967639,"(17796.63, 58327.197]","(17796.63, 59764.7]","(17796.63, 61480.562]","(17796.63, 63877.267]","(17796.63, 68804.286]",*
45863.0321561072,"(17796.63, 58327.197]","(17796.63, 59764.7]","(17796.63, 61480.562]","(17796.63, 63877.267]","(17796.63, 68804.286]",*
45914.01121908941,"(17796.63, 58327.197]","(17796.63, 59764.7]","(17796.63, 61480.562]","(17796.63, 63877.267]","(17796.63, 68804.286]",*
45914.20400259816,"(17796.63, 58327.197]","(17796.63, 59764.7]","(17796.63, 61480.562]","(17796.63, 63877.267]","(17796.63, 68804.286]",*
45978.39091655212,"(17796.63, 58327.197]","(17796.63, 59764.7]","(17796.63, 61480.562]","(17796.63, 63877.267]","(17796.63, 68804.286]",*
45990.12374178145,"(17796.63, 58327.197]","(17796.63, 59764.7]","(17796.63, 61480.562]","(17796.63, 63877.267]","(17796.63, 68804.286]",*
46062.75426645581,"(17796.63, 58327.197]","(17796.63, 59764.7]","(17796.63, 61480.562]","(17796.63, 63877.267]","(17796.63, 68804.286]",*
46135.247863282224,"(17796.63, 58327.197]","(17796.63, 59764.7]","(17796.63, 61480.562]","(17796.63, 63877.267]","(17796.63, 68804.286]",*
46147.053056343386,"(17796.63, 58327.197]","(17796.63, 59764.7]","(17796.63, 61480.562]","(17796.63, 63877.267]","(17796.63, 68804.286]",*
46285.83806098472,"(17796.63, 58327.197]","(17796.63, 59764.7]","(17796.63, 61480.562]","(17796.63, 63877.267]","(17796.63, 68804.286]",*
46339.90080893452,"(17796.63, 58327.197]","(17796.63, 59764.7]","(17796.63, 61480.562]","(17796.63, 63877.267]","(17796.63, 68804.286]",*
46361.58327422659,"(17796.63, 58327.197]","(17796.63, 59764.7]","(17796.63, 61480.562]","(17796.63, 63877.267]","(17796.63, 68804.286]",*
46367.20585888387,"(17796.63, 58327.197]","(17796.63, 59764.7]","(17796.63, 61480.562]","(17796.63, 63877.267]","(17796.63, 68804.286]",*
46449.625640433536,"(17796.63, 58327.197]","(17796.63, 59764.7]","(17796.63, 61480.562]","(17796.63, 63877.267]","(17796.63, 68804.286]",*
46474.31697337517,"(17796.63, 58327.197]","(17796.63, 59764.7]","(17796.63, 61480.562]","(17796.63, 63877.267]","(17796.63, 68804.286]",*
46517.1752749356,"(17796.63, 58327.197]","(17796.63, 59764.7]","(17796.63, 61480.562]","(17796.63, 63877.267]","(17796.63, 68804.286]",*
46621.53501083228,"(17796.63, 58327.197]","(17796.63, 59764.7]","(17796.63, 61480.562]","(17796.63, 63877.267]","(17796.63, 68804.286]",*
46627.78948145013,"(17796.63, 58327.197]","(17796.63, 59764.7]","(17796.63, 61480.562]","(17796.63, 63877.267]","(17796.63, 68804.286]",*
46646.71054051127,"(17796.63, 58327.197]","(17796.63, 59764.7]","(17796.63, 61480.562]","(17796.63, 63877.267]","(17796.63, 68804.286]",*
46662.76965836383,"(17796.63, 58327.197]","(17796.63, 59764.7]","(17796.63, 61480.562]","(17796.63, 63877.267]","(17796.63, 68804.286]",*
46737.59801106135,"(17796.63, 58327.197]","(17796.63, 59764.7]","(17796.63, 61480.562]","(17796.63, 63877.267]","(17796.63, 68804.286]",*
46800.372588491286,"(17796.63, 58327.197]","(17796.63, 59764.7]","(17796.63, 61480.562]","(17796.63, 63877.267]","(17796.63, 68804.286]",*
46819.68265554953,"(17796.63, 58327.197]","(17796.63, 59764.7]","(17796.63, 61480.562]","(17796.63, 63877.267]","(17796.63, 68804.286]",*
46885.24684489504,"(17796.63, 58327.197]","(17796.63, 59764.7]","(17796.63, 61480.562]","(17796.63, 63877.267]","(17796.63, 68804.286]",*
46890.59450290408,"(17796.63, 58327.197]","(17796.63, 59764.7]","(17796.63, 61480.562]","(17796.63, 63877.267]","(17796.63, 68804.286]",*
46926.371151538406,"(17796.63, 58327.197]","(17796.63, 59764.7]","(17796.63, 61480.562]","(17796.63, 63877.267]","(17796.63, 68804.286]",*
46931.57582033574,"(17796.63, 58327.197]","(17796.63, 59764.7]","(17796.63, 61480.562]","(17796.63, 63877.267]","(17796.63, 68804.286]",*
46952.22943930952,"(17796.63, 58327.197]","(17796.63, 59764.7]","(17796.63, 61480.562]","(17796.63, 63877.267]","(17796.63, 68804.286]",*
46991.78622067314,"(17796.63, 58327.197]","(17796.63, 59764.7]","(17796.63, 61480.562]","(17796.63, 63877.267]","(17796.63, 68804.286]",*
47018.067111718,"(17796.63, 58327.197]","(17796.63, 59764.7]","(17796.63, 61480.562]","(17796.63, 63877.267]","(17796.63, 68804.286]",*
47065.05330274958,"(17796.63, 58327.197]","(17796.63, 59764.7]","(17796.63, 61480.562]","(17796.63, 63877.267]","(17796.63, 68804.286]",*
47121.00995790017,"(17796.63, 58327.197]","(17796.63, 59764.7]","(17796.63, 61480.562]","(17796.63, 63877.267]","(17796.63, 68804.286]",*
47129.09814997941,"(17796.63, 58327.197]","(17796.63, 59764.7]","(17796.63, 61480.562]","(17796.63, 63877.267]","(17796.63, 68804.286]",*
47266.34391787416,"(17796.63, 58327.197]","(17796.63, 59764.7]","(17796.63, 61480.562]","(17796.63, 63877.267]","(17796.63, 68804.286]",*
47320.65720537888,"(17796.63, 58327.197]","(17796.63, 59764.7]","(17796.63, 61480.562]","(17796.63, 63877.267]","(17796.63, 68804.286]",*
47422.74582496181,"(17796.63, 58327.197]","(17796.63, 59764.7]","(17796.63, 61480.562]","(17796.63, 63877.267]","(17796.63, 68804.286]",*
47467.42391518933,"(17796.63, 58327.197]","(17796.63, 59764.7]","(17796.63, 61480.562]","(17796.63, 63877.267]","(17796.63, 68804.286]",*
47549.63997167729,"(17796.63, 58327.197]","(17796.63, 59764.7]","(17796.63, 61480.562]","(17796.63, 63877.267]","(17796.63, 68804.286]",*
47594.448239630336,"(17796.63, 58327.197]","(17796.63, 59764.7]","(17796.63, 61480.562]","(17796.63, 63877.267]","(17796.63, 68804.286]",*
47634.19217587555,"(17796.63, 58327.197]","(17796.63, 59764.7]","(17796.63, 61480.562]","(17796.63, 63877.267]","(17796.63, 68804.286]",*
47681.36173303452,"(17796.63, 58327.197]","(17796.63, 59764.7]","(17796.63, 61480.562]","(17796.63, 63877.267]","(17796.63, 68804.286]",*
47685.25759468536,"(17796.63, 58327.197]","(17796.63, 59764.7]","(17796.63, 61480.562]","(17796.63, 63877.267]","(17796.63, 68804.286]",*
47904.68551074663,"(17796.63, 58327.197]","(17796.63, 59764.7]","(17796.63, 61480.562]","(17796.63, 63877.267]","(17796.63, 68804.286]",*
47965.40689641061,"(17796.63, 58327.197]","(17796.63, 59764.7]","(17796.63, 61480.562]","(17796.63, 63877.267]","(17796.63, 68804.286]",*
48091.997404629765,"(17796.63, 58327.197]","(17796.63, 59764.7]","(17796.63, 61480.562]","(17796.63, 63877.267]","(17796.63, 68804.286]",*
48125.481011817785,"(17796.63, 58327.197]","(17796.63, 59764.7]","(17796.63, 61480.562]","(17796.63, 63877.267]","(17796.63, 68804.286]",*
48144.053206453136,"(17796.63, 58327.197]","(17796.63, 59764.7]","(17796.63, 61480.562]","(17796.63, 63877.267]","(17796.63, 68804.286]",*
48147.87075459796,"(17796.63, 58327.197]","(17796.63, 59764.7]","(17796.63, 61480.562]","(17796.63, 63877.267]","(17796.63, 68804.286]",*
48176.226398329134,"(17796.63, 58327.197]","(17796.63, 59764.7]","(17796.63, 61480.562]","(17796.63, 63877.267]","(17796.63, 68804.286]",*
48278.86015682481,"(17796.63, 58327.197]","(17796.63, 59764.7]","(17796.63, 61480.562]","(17796.63, 63877.267]","(17796.63, 68804.286]",*
48283.36059858117,"(17796.63, 58327.197]","(17796.63, 59764.7]","(17796.63, 61480.562]","(17796.63, 63877.267]","(17796.63, 68804.286]",*
48357.06347488488,"(17796.63, 58327.197]","(17796.63, 59764.7]","(17796.63, 61480.562]","(17796.63, 63877.267]","(17796.63, 68804.286]",*
48362.98195153168,"(17796.63, 58327.197]","(17796.63, 59764.7]","(17796.63, 61480.562]","(17796.63, 63877.267]","(17796.63, 68804.286]",*
48379.76694292844,"(17796.63, 58327.197]","(17796.63, 59764.7]","(17796.63, 61480.562]","(17796.63, 63877.267]","(17796.63, 68804.286]",*
48406.779307763936,"(17796.63, 58327.197]","(17796.63, 59764.7]","(17796.63, 61480.562]","(17796.63, 63877.267]","(17796.63, 68804.286]",*
48418.25233523335,"(17796.63, 58327.197]","(17796.63, 59764.7]","(17796.63, 61480.562]","(17796.63, 63877.267]","(17796.63, 68804.286]",*
48460.455610067365,"(17796.63, 58327.197]","(17796.63, 59764.7]","(17796.63, 61480.562]","(17796.63, 63877.267]","(17796.63, 68804.286]",*
48461.63717702451,"(17796.63, 58327.197]","(17796.63, 59764.7]","(17796.63, 61480.562]","(17796.63, 63877.267]","(17796.63, 68804.286]",*
48483.9423018425,"(17796.63, 58327.197]","(17796.63, 59764.7]","(17796.63, 61480.562]","(17796.63, 63877.267]","(17796.63, 68804.286]",*
48498.14027438989,"(17796.63, 58327.197]","(17796.63, 59764.7]","(17796.63, 61480.562]","(17796.63, 63877.267]","(17796.63, 68804.286]",*
48507.31369117647,"(17796.63, 58327.197]","(17796.63, 59764.7]","(17796.63, 61480.562]","(17796.63, 63877.267]","(17796.63, 68804.286]",*
48510.910127076335,"(17796.63, 58327.197]","(17796.63, 59764.7]","(17796.63, 61480.562]","(17796.63, 63877.267]","(17796.63, 68804.286]",*
48524.427690013625,"(17796.63, 58327.197]","(17796.63, 59764.7]","(17796.63, 61480.562]","(17796.63, 63877.267]","(17796.63, 68804.286]",*
48531.364228529885,"(17796.63, 58327.197]","(17796.63, 59764.7]","(17796.63, 61480.562]","(17796.63, 63877.267]","(17796.63, 68804.286]",*
48537.08397269539,"(17796.63, 58327.197]","(17796.63, 59764.7]","(17796.63, 61480.562]","(17796.63, 63877.267]","(17796.63, 68804.286]",*
48616.85536546809,"(17796.63, 58327.197]","(17796.63, 59764.7]","(17796.63, 61480.562]","(17796.63, 63877.267]","(17796.63, 68804.286]",*
48629.25183087269,"(17796.63, 58327.197]","(17796.63, 59764.7]","(17796.63, 61480.562]","(17796.63, 63877.267]","(17796.63, 68804.286]",*
48640.10360767935,"(17796.63, 58327.197]","(17796.63, 59764.7]","(17796.63, 61480.562]","(17796.63, 63877.267]","(17796.63, 68804.286]",*
48641.02162276791,"(17796.63, 58327.197]","(17796.63, 59764.7]","(17796.63, 61480.562]","(17796.63, 63877.267]","(17796.63, 68804.286]",*
48662.299282522,"(17796.63, 58327.197]","(17796.63, 59764.7]","(17796.63, 61480.562]","(17796.63, 63877.267]","(17796.63, 68804.286]",*
48692.28195837687,"(17796.63, 58327.197]","(17796.63, 59764.7]","(17796.63, 61480.562]","(17796.63, 63877.267]","(17796.63, 68804.286]",*
48692.97595568013,"(17796.63, 58327.197]","(17796.63, 59764.7]","(17796.63, 61480.562]","(17796.63, 63877.267]","(17796.63, 68804.286]",*
48735.92451240863,"(17796.63, 58327.197]","(17796.63, 59764.7]","(17796.63, 61480.562]","(17796.63, 63877.267]","(17796.63, 68804.286]",*
48747.15504990713,"(17796.63, 58327.197]","(17796.63, 59764.7]","(17796.63, 61480.562]","(17796.63, 63877.267]","(17796.63, 68804.286]",*
48783.79808891703,"(17796.63, 58327.197]","(17796.63, 59764.7]","(17796.63, 61480.562]","(17796.63, 63877.267]","(17796.63, 68804.286]",*
48829.17270512312,"(17796.63, 58327.197]","(17796.63, 59764.7]","(17796.63, 61480.562]","(17796.63, 63877.267]","(17796.63, 68804.286]",*
48855.35378775447,"(17796.63, 58327.197]","(17796.63, 59764.7]","(17796.63, 61480.562]","(17796.63, 63877.267]","(17796.63, 68804.286]",*
48855.851354128376,"(17796.63, 58327.197]","(17796.63, 59764.7]","(17796.63, 61480.562]","(17796.63, 63877.267]","(17796.63, 68804.286]",*
48879.09809347219,"(17796.63, 58327.197]","(17796.63, 59764.7]","(17796.63, 61480.562]","(17796.63, 63877.267]","(17796.63, 68804.286]",*
48879.25976342659,"(17796.63, 58327.197]","(17796.63, 59764.7]","(17796.63, 61480.562]","(17796.63, 63877.267]","(17796.63, 68804.286]",*
48904.98326931684,"(17796.63, 58327.197]","(17796.63, 59764.7]","(17796.63, 61480.562]","(17796.63, 63877.267]","(17796.63, 68804.286]",*
48956.96478131754,"(17796.63, 58327.197]","(17796.63, 59764.7]","(17796.63, 61480.562]","(17796.63, 63877.267]","(17796.63, 68804.286]",*
48963.29615480413,"(17796.63, 58327.197]","(17796.63, 59764.7]","(17796.63, 61480.562]","(17796.63, 63877.267]","(17796.63, 68804.286]",*
49032.99778472577,"(17796.63, 58327.197]","(17796.63, 59764.7]","(17796.63, 61480.562]","(17796.63, 63877.267]","(17796.63, 68804.286]",*
49055.28186170665,"(17796.63, 58327.197]","(17796.63, 59764.7]","(17796.63, 61480.562]","(17796.63, 63877.267]","(17796.63, 68804.286]",*
49160.30411068882,"(17796.63, 58327.197]","(17796.63, 59764.7]","(17796.63, 61480.562]","(17796.63, 63877.267]","(17796.63, 68804.286]",*
49198.628910170526,"(17796.63, 58327.197]","(17796.63, 59764.7]","(17796.63, 61480.562]","(17796.63, 63877.267]","(17796.63, 68804.286]",*
49205.82260506384,"(17796.63, 58327.197]","(17796.63, 59764.7]","(17796.63, 61480.562]","(17796.63, 63877.267]","(17796.63, 68804.286]",*
49211.359728072784,"(17796.63, 58327.197]","(17796.63, 59764.7]","(17796.63, 61480.562]","(17796.63, 63877.267]","(17796.63, 68804.286]",*
49220.0377946106,"(17796.63, 58327.197]","(17796.63, 59764.7]","(17796.63, 61480.562]","(17796.63, 63877.267]","(17796.63, 68804.286]",*
49268.37307143732,"(17796.63, 58327.197]","(17796.63, 59764.7]","(17796.63, 61480.562]","(17796.63, 63877.267]","(17796.63, 68804.286]",*
49345.424446427234,"(17796.63, 58327.197]","(17796.63, 59764.7]","(17796.63, 61480.562]","(17796.63, 63877.267]","(17796.63, 68804.286]",*
49346.25309142612,"(17796.63, 58327.197]","(17796.63, 59764.7]","(17796.63, 61480.562]","(17796.63, 63877.267]","(17796.63, 68804.286]",*
49392.19216707912,"(17796.63, 58327.197]","(17796.63, 59764.7]","(17796.63, 61480.562]","(17796.63, 63877.267]","(17796.63, 68804.286]",*
49408.19834014432,"(17796.63, 58327.197]","(17796.63, 59764.7]","(17796.63, 61480.562]","(17796.63, 63877.267]","(17796.63, 68804.286]",*
49409.67147507559,"(17796.63, 58327.197]","(17796.63, 59764.7]","(17796.63, 61480.562]","(17796.63, 63877.267]","(17796.63, 68804.286]",*
49424.26712374325,"(17796.63, 58327.197]","(17796.63, 59764.7]","(17796.63, 61480.562]","(17796.63, 63877.267]","(17796.63, 68804.286]",*
49435.535834113376,"(17796.63, 58327.197]","(17796.63, 59764.7]","(17796.63, 61480.562]","(17796.63, 63877.267]","(17796.63, 68804.286]",*
49493.29608381791,"(17796.63, 58327.197]","(17796.63, 59764.7]","(17796.63, 61480.562]","(17796.63, 63877.267]","(17796.63, 68804.286]",*
49500.17911142344,"(17796.63, 58327.197]","(17796.63, 59764.7]","(17796.63, 61480.562]","(17796.63, 63877.267]","(17796.63, 68804.286]",*
49563.544540341776,"(17796.63, 58327.197]","(17796.63, 59764.7]","(17796.63, 61480.562]","(17796.63, 63877.267]","(17796.63, 68804.286]",*
49589.122052643965,"(17796.63, 58327.197]","(17796.63, 59764.7]","(17796.63, 61480.562]","(17796.63, 63877.267]","(17796.63, 68804.286]",*
49601.06163478675,"(17796.63, 58327.197]","(17796.63, 59764.7]","(17796.63, 61480.562]","(17796.63, 63877.267]","(17796.63, 68804.286]",*
49618.58649122304,"(17796.63, 58327.197]","(17796.63, 59764.7]","(17796.63, 61480.562]","(17796.63, 63877.267]","(17796.63, 68804.286]",*
49623.122614257314,"(17796.63, 58327.197]","(17796.63, 59764.7]","(17796.63, 61480.562]","(17796.63, 63877.267]","(17796.63, 68804.286]",*
49623.97433578628,"(17796.63, 58327.197]","(17796.63, 59764.7]","(17796.63, 61480.562]","(17796.63, 63877.267]","(17796.63, 68804.286]",*
49664.26756760696,"(17796.63, 58327.197]","(17796.63, 59764.7]","(17796.63, 61480.562]","(17796.63, 63877.267]","(17796.63, 68804.286]",*
49705.82441390748,"(17796.63, 58327.197]","(17796.63, 59764.7]","(17796.63, 61480.562]","(17796.63, 63877.267]","(17796.63, 68804.286]",*
49728.437034113136,"(17796.63, 58327.197]","(17796.63, 59764.7]","(17796.63, 61480.562]","(17796.63, 63877.267]","(17796.63, 68804.286]",*
49733.31051254269,"(17796.63, 58327.197]","(17796.63, 59764.7]","(17796.63, 61480.562]","(17796.63, 63877.267]","(17796.63, 68804.286]",*
49736.14209368212,"(17796.63, 58327.197]","(17796.63, 59764.7]","(17796.63, 61480.562]","(17796.63, 63877.267]","(17796.63, 68804.286]",*
49740.182093133655,"(17796.63, 58327.197]","(17796.63, 59764.7]","(17796.63, 61480.562]","(17796.63, 63877.267]","(17796.63, 68804.286]",*
49756.614054152014,"(17796.63, 58327.197]","(17796.63, 59764.7]","(17796.63, 61480.562]","(17796.63, 63877.267]","(17796.63, 68804.286]",*
49767.03432735215,"(17796.63, 58327.197]","(17796.63, 59764.7]","(17796.63, 61480.562]","(17796.63, 63877.267]","(17796.63, 68804.286]",*
49775.40594657332,"(17796.63, 58327.197]","(17796.63, 59764.7]","(17796.63, 61480.562]","(17796.63, 63877.267]","(17796.63, 68804.286]",*
49783.91943616309,"(17796.63, 58327.197]","(17796.63, 59764.7]","(17796.63, 61480.562]","(17796.63, 63877.267]","(17796.63, 68804.286]",*
49784.89122526391,"(17796.63, 58327.197]","(17796.63, 59764.7]","(17796.63, 61480.562]","(17796.63, 63877.267]","(17796.63, 68804.286]",*
49825.84884563644,"(17796.63, 58327.197]","(17796.63, 59764.7]","(17796.63, 61480.562]","(17796.63, 63877.267]","(17796.63, 68804.286]",*
49851.134783967645,"(17796.63, 58327.197]","(17796.63, 59764.7]","(17796.63, 61480.562]","(17796.63, 63877.267]","(17796.63, 68804.286]",*
49854.39272444213,"(17796.63, 58327.197]","(17796.63, 59764.7]","(17796.63, 61480.562]","(17796.63, 63877.267]","(17796.63, 68804.286]",*
49856.23049614869,"(17796.63, 58327.197]","(17796.63, 59764.7]","(17796.63, 61480.562]","(17796.63, 63877.267]","(17796.63, 68804.286]",*
49863.22687394159,"(17796.63, 58327.197]","(17796.63, 59764.7]","(17796.63, 61480.562]","(17796.63, 63877.267]","(17796.63, 68804.286]",*
49869.47974291799,"(17796.63, 58327.197]","(17796.63, 59764.7]","(17796.63, 61480.562]","(17796.63, 63877.267]","(17796.63, 68804.286]",*
49927.72111770818,"(17796.63, 58327.197]","(17796.63, 59764.7]","(17796.63, 61480.562]","(17796.63, 63877.267]","(17796.63, 68804.286]",*
49991.736657106376,"(17796.63, 58327.197]","(17796.63, 59764.7]","(17796.63, 61480.562]","(17796.63, 63877.267]","(17796.63, 68804.286]",*
50005.04874907943,"(17796.63, 58327.197]","(17796.63, 59764.7]","(17796.63, 61480.562]","(17796.63, 63877.267]","(17796.63, 68804.286]",*
50005.27444573617,"(17796.63, 58327.197]","(17796.63, 59764.7]","(17796.63, 61480.562]","(17796.63, 63877.267]","(17796.63, 68804.286]",*
50016.42881808408,"(17796.63, 58327.197]","(17796.63, 59764.7]","(17796.63, 61480.562]","(17796.63, 63877.267]","(17796.63, 68804.286]",*
50041.12522364283,"(17796.63, 58327.197]","(17796.63, 59764.7]","(17796.63, 61480.562]","(17796.63, 63877.267]","(17796.63, 68804.286]",*
50143.64485404666,"(17796.63, 58327.197]","(17796.63, 59764.7]","(17796.63, 61480.562]","(17796.63, 63877.267]","(17796.63, 68804.286]",*
50144.73988428251,"(17796.63, 58327.197]","(17796.63, 59764.7]","(17796.63, 61480.562]","(17796.63, 63877.267]","(17796.63, 68804.286]",*
50167.48627940062,"(17796.63, 58327.197]","(17796.63, 59764.7]","(17796.63, 61480.562]","(17796.63, 63877.267]","(17796.63, 68804.286]",*
50172.57073089996,"(17796.63, 58327.197]","(17796.63, 59764.7]","(17796.63, 61480.562]","(17796.63, 63877.267]","(17796.63, 68804.286]",*
50189.14079611475,"(17796.63, 58327.197]","(17796.63, 59764.7]","(17796.63, 61480.562]","(17796.63, 63877.267]","(17796.63, 68804.286]",*
50212.439534801175,"(17796.63, 58327.197]","(17796.63, 59764.7]","(17796.63, 61480.562]","(17796.63, 63877.267]","(17796.63, 68804.286]",*
50218.70846300072,"(17796.63, 58327.197]","(17796.63, 59764.7]","(17796.63, 61480.562]","(17796.63, 63877.267]","(17796.63, 68804.286]",*
50241.37340686641,"(17796.63, 58327.197]","(17796.63, 59764.7]","(17796.63, 61480.562]","(17796.63, 63877.267]","(17796.63, 68804.286]",*
50316.88696923813,"(17796.63, 58327.197]","(17796.63, 59764.7]","(17796.63, 61480.562]","(17796.63, 63877.267]","(17796.63, 68804.286]",*
50337.0674970879,"(17796.63, 58327.197]","(17796.63, 59764.7]","(17796.63, 61480.562]","(17796.63, 63877.267]","(17796.63, 68804.286]",*
50343.76351775452,"(17796.63, 58327.197]","(17796.63, 59764.7]","(17796.63, 61480.562]","(17796.63, 63877.267]","(17796.63, 68804.286]",*
50362.53809467983,"(17796.63, 58327.197]","(17796.63, 59764.7]","(17796.63, 61480.562]","(17796.63, 63877.267]","(17796.63, 68804.286]",*
50442.2664276524,"(17796.63, 58327.197]","(17796.63, 59764.7]","(17796.63, 61480.562]","(17796.63, 63877.267]","(17796.63, 68804.286]",*
50473.023116501536,"(17796.63, 58327.197]","(17796.63, 59764.7]","(17796.63, 61480.562]","(17796.63, 63877.267]","(17796.63, 68804.286]",*
50502.09418755047,"(17796.63, 58327.197]","(17796.63, 59764.7]","(17796.63, 61480.562]","(17796.63, 63877.267]","(17796.63, 68804.286]",*
50521.46355810847,"(17796.63, 58327.197]","(17796.63, 59764.7]","(17796.63, 61480.562]","(17796.63, 63877.267]","(17796.63, 68804.286]",*
50534.3459836994,"(17796.63, 58327.197]","(17796.63, 59764.7]","(17796.63, 61480.562]","(17796.63, 63877.267]","(17796.63, 68804.286]",*
50570.86480660918,"(17796.63, 58327.197]","(17796.63, 59764.7]","(17796.63, 61480.562]","(17796.63, 63877.267]","(17796.63, 68804.286]",*
50571.4064683828,"(17796.63, 58327.197]","(17796.63, 59764.7]","(17796.63, 61480.562]","(17796.63, 63877.267]","(17796.63, 68804.286]",*
50578.720546493634,"(17796.63, 58327.197]","(17796.63, 59764.7]","(17796.63, 61480.562]","(17796.63, 63877.267]","(17796.63, 68804.286]",*
50593.69549704281,"(17796.63, 58327.197]","(17796.63, 59764.7]","(17796.63, 61480.562]","(17796.63, 63877.267]","(17796.63, 68804.286]",*
50661.02229603144,"(17796.63, 58327.197]","(17796.63, 59764.7]","(17796.63, 61480.562]","(17796.63, 63877.267]","(17796.63, 68804.286]",*
50665.98873247467,"(17796.63, 58327.197]","(17796.63, 59764.7]","(17796.63, 61480.562]","(17796.63, 63877.267]","(17796.63, 68804.286]",*
50666.24696900544,"(17796.63, 58327.197]","(17796.63, 59764.7]","(17796.63, 61480.562]","(17796.63, 63877.267]","(17796.63, 68804.286]",*
50703.15291580104,"(17796.63, 58327.197]","(17796.63, 59764.7]","(17796.63, 61480.562]","(17796.63, 63877.267]","(17796.63, 68804.286]",*
50709.353904886135,"(17796.63, 58327.197]","(17796.63, 59764.7]","(17796.63, 61480.562]","(17796.63, 63877.267]","(17796.63, 68804.286]",*
50716.04388335574,"(17796.63, 58327.197]","(17796.63, 59764.7]","(17796.63, 61480.562]","(17796.63, 63877.267]","(17796.63, 68804.286]",*
50756.16782670601,"(17796.63, 58327.197]","(17796.63, 59764.7]","(17796.63, 61480.562]","(17796.63, 63877.267]","(17796.63, 68804.286]",*
50760.35372698248,"(17796.63, 58327.197]","(17796.63, 59764.7]","(17796.63, 61480.562]","(17796.63, 63877.267]","(17796.63, 68804.286]",*
50764.673432888005,"(17796.63, 58327.197]","(17796.63, 59764.7]","(17796.63, 61480.562]","(17796.63, 63877.267]","(17796.63, 68804.286]",*
50768.39659731103,"(17796.63, 58327.197]","(17796.63, 59764.7]","(17796.63, 61480.562]","(17796.63, 63877.267]","(17796.63, 68804.286]",*
50794.02858575888,"(17796.63, 58327.197]","(17796.63, 59764.7]","(17796.63, 61480.562]","(17796.63, 63877.267]","(17796.63, 68804.286]",*
50802.66614705415,"(17796.63, 58327.197]","(17796.63, 59764.7]","(17796.63, 61480.562]","(17796.63, 63877.267]","(17796.63, 68804.286]",*
50813.70267013359,"(17796.63, 58327.197]","(17796.63, 59764.7]","(17796.63, 61480.562]","(17796.63, 63877.267]","(17796.63, 68804.286]",*
50817.790652061885,"(17796.63, 58327.197]","(17796.63, 59764.7]","(17796.63, 61480.562]","(17796.63, 63877.267]","(17796.63, 68804.286]",*
50846.00806358245,"(17796.63, 58327.197]","(17796.63, 59764.7]","(17796.63, 61480.562]","(17796.63, 63877.267]","(17796.63, 68804.286]",*
50847.11311461683,"(17796.63, 58327.197]","(17796.63, 59764.7]","(17796.63, 61480.562]","(17796.63, 63877.267]","(17796.63, 68804.286]",*
50857.0965319208,"(17796.63, 58327.197]","(17796.63, 59764.7]","(17796.63, 61480.562]","(17796.63, 63877.267]","(17796.63, 68804.286]",*
50881.91066731867,"(17796.63, 58327.197]","(17796.63, 59764.7]","(17796.63, 61480.562]","(17796.63, 63877.267]","(17796.63, 68804.286]",*
50887.44007415203,"(17796.63, 58327.197]","(17796.63, 59764.7]","(17796.63, 61480.562]","(17796.63, 63877.267]","(17796.63, 68804.286]",*
50926.776633862784,"(17796.63, 58327.197]","(17796.63, 59764.7]","(17796.63, 61480.562]","(17796.63, 63877.267]","(17796.63, 68804.286]",*
50935.9592309389,"(17796.63, 58327.197]","(17796.63, 59764.7]","(17796.63, 61480.562]","(17796.63, 63877.267]","(17796.63, 68804.286]",*
51026.01920957455,"(17796.63, 58327.197]","(17796.63, 59764.7]","(17796.63, 61480.562]","(17796.63, 63877.267]","(17796.63, 68804.286]",*
51044.29169720073,"(17796.63, 58327.197]","(17796.63, 59764.7]","(17796.63, 61480.562]","(17796.63, 63877.267]","(17796.63, 68804.286]",*
51110.93410613797,"(17796.63, 58327.197]","(17796.63, 59764.7]","(17796.63, 61480.562]","(17796.63, 63877.267]","(17796.63, 68804.286]",*
51142.40601811337,"(17796.63, 58327.197]","(17796.63, 59764.7]","(17796.63, 61480.562]","(17796.63, 63877.267]","(17796.63, 68804.286]",*
51144.77076773415,"(17796.63, 58327.197]","(17796.63, 59764.7]","(17796.63, 61480.562]","(17796.63, 63877.267]","(17796.63, 68804.286]",*
51144.8509024324,"(17796.63, 58327.197]","(17796.63, 59764.7]","(17796.63, 61480.562]","(17796.63, 63877.267]","(17796.63, 68804.286]",*
51156.73942606786,"(17796.63, 58327.197]","(17796.63, 59764.7]","(17796.63, 61480.562]","(17796.63, 63877.267]","(17796.63, 68804.286]",*
51168.428594576486,"(17796.63, 58327.197]","(17796.63, 59764.7]","(17796.63, 61480.562]","(17796.63, 63877.267]","(17796.63, 68804.286]",*
51178.148024917646,"(17796.63, 58327.197]","(17796.63, 59764.7]","(17796.63, 61480.562]","(17796.63, 63877.267]","(17796.63, 68804.286]",*
51187.42403395082,"(17796.63, 58327.197]","(17796.63, 59764.7]","(17796.63, 61480.562]","(17796.63, 63877.267]","(17796.63, 68804.286]",*
51195.89533321613,"(17796.63, 58327.197]","(17796.63, 59764.7]","(17796.63, 61480.562]","(17796.63, 63877.267]","(17796.63, 68804.286]",*
51217.181160371845,"(17796.63, 58327.197]","(17796.63, 59764.7]","(17796.63, 61480.562]","(17796.63, 63877.267]","(17796.63, 68804.286]",*
51218.67826002756,"(17796.63, 58327.197]","(17796.63, 59764.7]","(17796.63, 61480.562]","(17796.63, 63877.267]","(17796.63, 68804.286]",*
51273.5088526293,"(17796.63, 58327.197]","(17796.63, 59764.7]","(17796.63, 61480.562]","(17796.63, 63877.267]","(17796.63, 68804.286]",*
51296.48862971061,"(17796.63, 58327.197]","(17796.63, 59764.7]","(17796.63, 61480.562]","(17796.63, 63877.267]","(17796.63, 68804.286]",*
51338.966570218094,"(17796.63, 58327.197]","(17796.63, 59764.7]","(17796.63, 61480.562]","(17796.63, 63877.267]","(17796.63, 68804.286]",*
51359.967587060506,"(17796.63, 58327.197]","(17796.63, 59764.7]","(17796.63, 61480.562]","(17796.63, 63877.267]","(17796.63, 68804.286]",*
51391.64434742444,"(17796.63, 58327.197]","(17796.63, 59764.7]","(17796.63, 61480.562]","(17796.63, 63877.267]","(17796.63, 68804.286]",*
51445.18675195482,"(17796.63, 58327.197]","(17796.63, 59764.7]","(17796.63, 61480.562]","(17796.63, 63877.267]","(17796.63, 68804.286]",*
51446.28424738959,"(17796.63, 58327.197]","(17796.63, 59764.7]","(17796.63, 61480.562]","(17796.63, 63877.267]","(17796.63, 68804.286]",*
51457.37630495048,"(17796.63, 58327.197]","(17796.63, 59764.7]","(17796.63, 61480.562]","(17796.63, 63877.267]","(17796.63, 68804.286]",*
51474.30702172881,"(17796.63, 58327.197]","(17796.63, 59764.7]","(17796.63, 61480.562]","(17796.63, 63877.267]","(17796.63, 68804.286]",*
51480.41340112528,"(17796.63, 58327.197]","(17796.63, 59764.7]","(17796.63, 61480.562]","(17796.63, 63877.267]","(17796.63, 68804.286]",*
51510.69878499809,"(17796.63, 58327.197]","(17796.63, 59764.7]","(17796.63, 61480.562]","(17796.63, 63877.267]","(17796.63, 68804.286]",*
51519.61853694368,"(17796.63, 58327.197]","(17796.63, 59764.7]","(17796.63, 61480.562]","(17796.63, 63877.267]","(17796.63, 68804.286]",*
51536.20594946316,"(17796.63, 58327.197]","(17796.63, 59764.7]","(17796.63, 61480.562]","(17796.63, 63877.267]","(17796.63, 68804.286]",*
51554.92452850079,"(17796.63, 58327.197]","(17796.63, 59764.7]","(17796.63, 61480.562]","(17796.63, 63877.267]","(17796.63, 68804.286]",*
51580.09905599804,"(17796.63, 58327.197]","(17796.63, 59764.7]","(17796.63, 61480.562]","(17796.63, 63877.267]","(17796.63, 68804.286]",*
51586.274124818905,"(17796.63, 58327.197]","(17796.63, 59764.7]","(17796.63, 61480.562]","(17796.63, 63877.267]","(17796.63, 68804.286]",*
51621.33042073144,"(17796.63, 58327.197]","(17796.63, 59764.7]","(17796.63, 61480.562]","(17796.63, 63877.267]","(17796.63, 68804.286]",*
51628.01455851024,"(17796.63, 58327.197]","(17796.63, 59764.7]","(17796.63, 61480.562]","(17796.63, 63877.267]","(17796.63, 68804.286]",*
51634.79804563285,"(17796.63, 58327.197]","(17796.63, 59764.7]","(17796.63, 61480.562]","(17796.63, 63877.267]","(17796.63, 68804.286]",*
51654.28009741756,"(17796.63, 58327.197]","(17796.63, 59764.7]","(17796.63, 61480.562]","(17796.63, 63877.267]","(17796.63, 68804.286]",*
51666.77275145122,"(17796.63, 58327.197]","(17796.63, 59764.7]","(17796.63, 61480.562]","(17796.63, 63877.267]","(17796.63, 68804.286]",*
51668.55526357796,"(17796.63, 58327.197]","(17796.63, 59764.7]","(17796.63, 61480.562]","(17796.63, 63877.267]","(17796.63, 68804.286]",*
51718.3546120464,"(17796.63, 58327.197]","(17796.63, 59764.7]","(17796.63, 61480.562]","(17796.63, 63877.267]","(17796.63, 68804.286]",*
51741.870969719545,"(17796.63, 58327.197]","(17796.63, 59764.7]","(17796.63, 61480.562]","(17796.63, 63877.267]","(17796.63, 68804.286]",*
51742.05169814491,"(17796.63, 58327.197]","(17796.63, 59764.7]","(17796.63, 61480.562]","(17796.63, 63877.267]","(17796.63, 68804.286]",*
51747.9151978184,"(17796.63, 58327.197]","(17796.63, 59764.7]","(17796.63, 61480.562]","(17796.63, 63877.267]","(17796.63, 68804.286]",*
51796.13357752653,"(17796.63, 58327.197]","(17796.63, 59764.7]","(17796.63, 61480.562]","(17796.63, 63877.267]","(17796.63, 68804.286]",*
51797.303183030286,"(17796.63, 58327.197]","(17796.63, 59764.7]","(17796.63, 61480.562]","(17796.63, 63877.267]","(17796.63, 68804.286]",*
51815.36418968933,"(17796.63, 58327.197]","(17796.63, 59764.7]","(17796.63, 61480.562]","(17796.63, 63877.267]","(17796.63, 68804.286]",*
51846.28250000288,"(17796.63, 58327.197]","(17796.63, 59764.7]","(17796.63, 61480.562]","(17796.63, 63877.267]","(17796.63, 68804.286]",*
51858.90427767816,"(17796.63, 58327.197]","(17796.63, 59764.7]","(17796.63, 61480.562]","(17796.63, 63877.267]","(17796.63, 68804.286]",*
51874.09568770993,"(17796.63, 58327.197]","(17796.63, 59764.7]","(17796.63, 61480.562]","(17796.63, 63877.267]","(17796.63, 68804.286]",*
51918.54687330903,"(17796.63, 58327.197]","(17796.63, 59764.7]","(17796.63, 61480.562]","(17796.63, 63877.267]","(17796.63, 68804.286]",*
51927.98503536702,"(17796.63, 58327.197]","(17796.63, 59764.7]","(17796.63, 61480.562]","(17796.63, 63877.267]","(17796.63, 68804.286]",*
51949.295702728064,"(17796.63, 58327.197]","(17796.63, 59764.7]","(17796.63, 61480.562]","(17796.63, 63877.267]","(17796.63, 68804.286]",*
51962.16124103688,"(17796.63, 58327.197]","(17796.63, 59764.7]","(17796.63, 61480.562]","(17796.63, 63877.267]","(17796.63, 68804.286]",*
51967.23584950979,"(17796.63, 58327.197]","(17796.63, 59764.7]","(17796.63, 61480.562]","(17796.63, 63877.267]","(17796.63, 68804.286]",*
51976.02393282758,"(17796.63, 58327.197]","(17796.63, 59764.7]","(17796.63, 61480.562]","(17796.63, 63877.267]","(17796.63, 68804.286]",*
51992.74329122318,"(17796.63, 58327.197]","(17796.63, 59764.7]","(17796.63, 61480.562]","(17796.63, 63877.267]","(17796.63, 68804.286]",*
51995.58285651615,"(17796.63, 58327.197]","(17796.63, 59764.7]","(17796.63, 61480.562]","(17796.63, 63877.267]","(17796.63, 68804.286]",*
52018.16461922331,"(17796.63, 58327.197]","(17796.63, 59764.7]","(17796.63, 61480.562]","(17796.63, 63877.267]","(17796.63, 68804.286]",*
52022.15897401635,"(17796.63, 58327.197]","(17796.63, 59764.7]","(17796.63, 61480.562]","(17796.63, 63877.267]","(17796.63, 68804.286]",*
52034.91152937101,"(17796.63, 58327.197]","(17796.63, 59764.7]","(17796.63, 61480.562]","(17796.63, 63877.267]","(17796.63, 68804.286]",*
52046.54353773101,"(17796.63, 58327.197]","(17796.63, 59764.7]","(17796.63, 61480.562]","(17796.63, 63877.267]","(17796.63, 68804.286]",*
52122.95431298552,"(17796.63, 58327.197]","(17796.63, 59764.7]","(17796.63, 61480.562]","(17796.63, 63877.267]","(17796.63, 68804.286]",*
52138.02992692575,"(17796.63, 58327.197]","(17796.63, 59764.7]","(17796.63, 61480.562]","(17796.63, 63877.267]","(17796.63, 68804.286]",*
52141.35900884465,"(17796.63, 58327.197]","(17796.63, 59764.7]","(17796.63, 61480.562]","(17796.63, 63877.267]","(17796.63, 68804.286]",*
52157.74004715063,"(17796.63, 58327.197]","(17796.63, 59764.7]","(17796.63, 61480.562]","(17796.63, 63877.267]","(17796.63, 68804.286]",*
52188.118727456414,"(17796.63, 58327.197]","(17796.63, 59764.7]","(17796.63, 61480.562]","(17796.63, 63877.267]","(17796.63, 68804.286]",*
52190.967952943465,"(17796.63, 58327.197]","(17796.63, 59764.7]","(17796.63, 61480.562]","(17796.63, 63877.267]","(17796.63, 68804.286]",*
52193.01731044957,"(17796.63, 58327.197]","(17796.63, 59764.7]","(17796.63, 61480.562]","(17796.63, 63877.267]","(17796.63, 68804.286]",*
52202.85371971352,"(17796.63, 58327.197]","(17796.63, 59764.7]","(17796.63, 61480.562]","(17796.63, 63877.267]","(17796.63, 68804.286]",*
52204.399475968,"(17796.63, 58327.197]","(17796.63, 59764.7]","(17796.63, 61480.562]","(17796.63, 63877.267]","(17796.63, 68804.286]",*
52207.44392504934,"(17796.63, 58327.197]","(17796.63, 59764.7]","(17796.63, 61480.562]","(17796.63, 63877.267]","(17796.63, 68804.286]",*
52267.24734525359,"(17796.63, 58327.197]","(17796.63, 59764.7]","(17796.63, 61480.562]","(17796.63, 63877.267]","(17796.63, 68804.286]",*
52282.120668316114,"(17796.63, 58327.197]","(17796.63, 59764.7]","(17796.63, 61480.562]","(17796.63, 63877.267]","(17796.63, 68804.286]",*
52308.335516551066,"(17796.63, 58327.197]","(17796.63, 59764.7]","(17796.63, 61480.562]","(17796.63, 63877.267]","(17796.63, 68804.286]",*
52361.24797200741,"(17796.63, 58327.197]","(17796.63, 59764.7]","(17796.63, 61480.562]","(17796.63, 63877.267]","(17796.63, 68804.286]",*
52376.61152115052,"(17796.63, 58327.197]","(17796.63, 59764.7]","(17796.63, 61480.562]","(17796.63, 63877.267]","(17796.63, 68804.286]",*
52399.64822024587,"(17796.63, 58327.197]","(17796.63, 59764.7]","(17796.63, 61480.562]","(17796.63, 63877.267]","(17796.63, 68804.286]",*
52399.747787846994,"(17796.63, 58327.197]","(17796.63, 59764.7]","(17796.63, 61480.562]","(17796.63, 63877.267]","(17796.63, 68804.286]",*
52420.525532798914,"(17796.63, 58327.197]","(17796.63, 59764.7]","(17796.63, 61480.562]","(17796.63, 63877.267]","(17796.63, 68804.286]",*
52444.863862574784,"(17796.63, 58327.197]","(17796.63, 59764.7]","(17796.63, 61480.562]","(17796.63, 63877.267]","(17796.63, 68804.286]",*
52446.26685600125,"(17796.63, 58327.197]","(17796.63, 59764.7]","(17796.63, 61480.562]","(17796.63, 63877.267]","(17796.63, 68804.286]",*
52455.3658445573,"(17796.63, 58327.197]","(17796.63, 59764.7]","(17796.63, 61480.562]","(17796.63, 63877.267]","(17796.63, 68804.286]",*
52511.6543462468,"(17796.63, 58327.197]","(17796.63, 59764.7]","(17796.63, 61480.562]","(17796.63, 63877.267]","(17796.63, 68804.286]",*
52512.84234471122,"(17796.63, 58327.197]","(17796.63, 59764.7]","(17796.63, 61480.562]","(17796.63, 63877.267]","(17796.63, 68804.286]",*
52540.79710084196,"(17796.63, 58327.197]","(17796.63, 59764.7]","(17796.63, 61480.562]","(17796.63, 63877.267]","(17796.63, 68804.286]",*
52541.31984657048,"(17796.63, 58327.197]","(17796.63, 59764.7]","(17796.63, 61480.562]","(17796.63, 63877.267]","(17796.63, 68804.286]",*
52568.679321629024,"(17796.63, 58327.197]","(17796.63, 59764.7]","(17796.63, 61480.562]","(17796.63, 63877.267]","(17796.63, 68804.286]",*
52575.81517492219,"(17796.63, 58327.197]","(17796.63, 59764.7]","(17796.63, 61480.562]","(17796.63, 63877.267]","(17796.63, 68804.286]",*
52588.68364521338,"(17796.63, 58327.197]","(17796.63, 59764.7]","(17796.63, 61480.562]","(17796.63, 63877.267]","(17796.63, 68804.286]",*
52599.08666278159,"(17796.63, 58327.197]","(17796.63, 59764.7]","(17796.63, 61480.562]","(17796.63, 63877.267]","(17796.63, 68804.286]",*
52642.47988231877,"(17796.63, 58327.197]","(17796.63, 59764.7]","(17796.63, 61480.562]","(17796.63, 63877.267]","(17796.63, 68804.286]",*
52652.65233564082,"(17796.63, 58327.197]","(17796.63, 59764.7]","(17796.63, 61480.562]","(17796.63, 63877.267]","(17796.63, 68804.286]",*
52681.22885907227,"(17796.63, 58327.197]","(17796.63, 59764.7]","(17796.63, 61480.562]","(17796.63, 63877.267]","(17796.63, 68804.286]",*
52699.66757402278,"(17796.63, 58327.197]","(17796.63, 59764.7]","(17796.63, 61480.562]","(17796.63, 63877.267]","(17796.63, 68804.286]",*
52707.071778473175,"(17796.63, 58327.197]","(17796.63, 59764.7]","(17796.63, 61480.562]","(17796.63, 63877.267]","(17796.63, 68804.286]",*
52711.11814582552,"(17796.63, 58327.197]","(17796.63, 59764.7]","(17796.63, 61480.562]","(17796.63, 63877.267]","(17796.63, 68804.286]",*
52723.87655538839,"(17796.63, 58327.197]","(17796.63, 59764.7]","(17796.63, 61480.562]","(17796.63, 63877.267]","(17796.63, 68804.286]",*
52799.78886136874,"(17796.63, 58327.197]","(17796.63, 59764.7]","(17796.63, 61480.562]","(17796.63, 63877.267]","(17796.63, 68804.286]",*
52801.979172871776,"(17796.63, 58327.197]","(17796.63, 59764.7]","(17796.63, 61480.562]","(17796.63, 63877.267]","(17796.63, 68804.286]",*
52805.8359609206,"(17796.63, 58327.197]","(17796.63, 59764.7]","(17796.63, 61480.562]","(17796.63, 63877.267]","(17796.63, 68804.286]",*
52835.26225968797,"(17796.63, 58327.197]","(17796.63, 59764.7]","(17796.63, 61480.562]","(17796.63, 63877.267]","(17796.63, 68804.286]",*
52840.211157171296,"(17796.63, 58327.197]","(17796.63, 59764.7]","(17796.63, 61480.562]","(17796.63, 63877.267]","(17796.63, 68804.286]",*
52848.630468282434,"(17796.63, 58327.197]","(17796.63, 59764.7]","(17796.63, 61480.562]","(17796.63, 63877.267]","(17796.63, 68804.286]",*
52864.75930607275,"(17796.63, 58327.197]","(17796.63, 59764.7]","(17796.63, 61480.562]","(17796.63, 63877.267]","(17796.63, 68804.286]",*
52866.90182743893,"(17796.63, 58327.197]","(17796.63, 59764.7]","(17796.63, 61480.562]","(17796.63, 63877.267]","(17796.63, 68804.286]",*
52868.32301571913,"(17796.63, 58327.197]","(17796.63, 59764.7]","(17796.63, 61480.562]","(17796.63, 63877.267]","(17796.63, 68804.286]",*
52890.04582487432,"(17796.63, 58327.197]","(17796.63, 59764.7]","(17796.63, 61480.562]","(17796.63, 63877.267]","(17796.63, 68804.286]",*
52916.36759585101,"(17796.63, 58327.197]","(17796.63, 59764.7]","(17796.63, 61480.562]","(17796.63, 63877.267]","(17796.63, 68804.286]",*
52933.91445423881,"(17796.63, 58327.197]","(17796.63, 59764.7]","(17796.63, 61480.562]","(17796.63, 63877.267]","(17796.63, 68804.286]",*
52934.4357930116,"(17796.63, 58327.197]","(17796.63, 59764.7]","(17796.63, 61480.562]","(17796.63, 63877.267]","(17796.63, 68804.286]",*
52941.73085156483,"(17796.63, 58327.197]","(17796.63, 59764.7]","(17796.63, 61480.562]","(17796.63, 63877.267]","(17796.63, 68804.286]",*
52988.02959564332,"(17796.63, 58327.197]","(17796.63, 59764.7]","(17796.63, 61480.562]","(17796.63, 63877.267]","(17796.63, 68804.286]",*
53029.353259028605,"(17796.63, 58327.197]","(17796.63, 59764.7]","(17796.63, 61480.562]","(17796.63, 63877.267]","(17796.63, 68804.286]",*
53042.22787373847,"(17796.63, 58327.197]","(17796.63, 59764.7]","(17796.63, 61480.562]","(17796.63, 63877.267]","(17796.63, 68804.286]",*
53048.67251361472,"(17796.63, 58327.197]","(17796.63, 59764.7]","(17796.63, 61480.562]","(17796.63, 63877.267]","(17796.63, 68804.286]",*
53052.07477538551,"(17796.63, 58327.197]","(17796.63, 59764.7]","(17796.63, 61480.562]","(17796.63, 63877.267]","(17796.63, 68804.286]",*
53056.92104121834,"(17796.63, 58327.197]","(17796.63, 59764.7]","(17796.63, 61480.562]","(17796.63, 63877.267]","(17796.63, 68804.286]",*
53066.372268758016,"(17796.63, 58327.197]","(17796.63, 59764.7]","(17796.63, 61480.562]","(17796.63, 63877.267]","(17796.63, 68804.286]",*
53067.1695971564,"(17796.63, 58327.197]","(17796.63, 59764.7]","(17796.63, 61480.562]","(17796.63, 63877.267]","(17796.63, 68804.286]",*
53079.79601402464,"(17796.63, 58327.197]","(17796.63, 59764.7]","(17796.63, 61480.562]","(17796.63, 63877.267]","(17796.63, 68804.286]",*
53080.44344697917,"(17796.63, 58327.197]","(17796.63, 59764.7]","(17796.63, 61480.562]","(17796.63, 63877.267]","(17796.63, 68804.286]",*
53112.278060523386,"(17796.63, 58327.197]","(17796.63, 59764.7]","(17796.63, 61480.562]","(17796.63, 63877.267]","(17796.63, 68804.286]",*
53120.62924746113,"(17796.63, 58327.197]","(17796.63, 59764.7]","(17796.63, 61480.562]","(17796.63, 63877.267]","(17796.63, 68804.286]",*
53128.18544891443,"(17796.63, 58327.197]","(17796.63, 59764.7]","(17796.63, 61480.562]","(17796.63, 63877.267]","(17796.63, 68804.286]",*
53161.83239015198,"(17796.63, 58327.197]","(17796.63, 59764.7]","(17796.63, 61480.562]","(17796.63, 63877.267]","(17796.63, 68804.286]",*
53173.34528218256,"(17796.63, 58327.197]","(17796.63, 59764.7]","(17796.63, 61480.562]","(17796.63, 63877.267]","(17796.63, 68804.286]",*
53178.53949473877,"(17796.63, 58327.197]","(17796.63, 59764.7]","(17796.63, 61480.562]","(17796.63, 63877.267]","(17796.63, 68804.286]",*
53230.11970675016,"(17796.63, 58327.197]","(17796.63, 59764.7]","(17796.63, 61480.562]","(17796.63, 63877.267]","(17796.63, 68804.286]",*
53287.99207222874,"(17796.63, 58327.197]","(17796.63, 59764.7]","(17796.63, 61480.562]","(17796.63, 63877.267]","(17796.63, 68804.286]",*
53288.003252523806,"(17796.63, 58327.197]","(17796.63, 59764.7]","(17796.63, 61480.562]","(17796.63, 63877.267]","(17796.63, 68804.286]",*
53302.259238277176,"(17796.63, 58327.197]","(17796.63, 59764.7]","(17796.63, 61480.562]","(17796.63, 63877.267]","(17796.63, 68804.286]",*
53306.92213650367,"(17796.63, 58327.197]","(17796.63, 59764.7]","(17796.63, 61480.562]","(17796.63, 63877.267]","(17796.63, 68804.286]",*
53330.64761367248,"(17796.63, 58327.197]","(17796.63, 59764.7]","(17796.63, 61480.562]","(17796.63, 63877.267]","(17796.63, 68804.286]",*
53338.98916771799,"(17796.63, 58327.197]","(17796.63, 59764.7]","(17796.63, 61480.562]","(17796.63, 63877.267]","(17796.63, 68804.286]",*
53348.62640653084,"(17796.63, 58327.197]","(17796.63, 59764.7]","(17796.63, 61480.562]","(17796.63, 63877.267]","(17796.63, 68804.286]",*
53362.68629480332,"(17796.63, 58327.197]","(17796.63, 59764.7]","(17796.63, 61480.562]","(17796.63, 63877.267]","(17796.63, 68804.286]",*
53365.02398381297,"(17796.63, 58327.197]","(17796.63, 59764.7]","(17796.63, 61480.562]","(17796.63, 63877.267]","(17796.63, 68804.286]",*
53409.27697740525,"(17796.63, 58327.197]","(17796.63, 59764.7]","(17796.63, 61480.562]","(17796.63, 63877.267]","(17796.63, 68804.286]",*
53418.53531170417,"(17796.63, 58327.197]","(17796.63, 59764.7]","(17796.63, 61480.562]","(17796.63, 63877.267]","(17796.63, 68804.286]",*
53427.87536813416,"(17796.63, 58327.197]","(17796.63, 59764.7]","(17796.63, 61480.562]","(17796.63, 63877.267]","(17796.63, 68804.286]",*
53432.58656893669,"(17796.63, 58327.197]","(17796.63, 59764.7]","(17796.63, 61480.562]","(17796.63, 63877.267]","(17796.63, 68804.286]",*
53494.77376534212,"(17796.63, 58327.197]","(17796.63, 59764.7]","(17796.63, 61480.562]","(17796.63, 63877.267]","(17796.63, 68804.286]",*
53510.24434608434,"(17796.63, 58327.197]","(17796.63, 59764.7]","(17796.63, 61480.562]","(17796.63, 63877.267]","(17796.63, 68804.286]",*
53526.93343131789,"(17796.63, 58327.197]","(17796.63, 59764.7]","(17796.63, 61480.562]","(17796.63, 63877.267]","(17796.63, 68804.286]",*
53546.8721395812,"(17796.63, 58327.197]","(17796.63, 59764.7]","(17796.63, 61480.562]","(17796.63, 63877.267]","(17796.63, 68804.286]",*
53547.018019691866,"(17796.63, 58327.197]","(17796.63, 59764.7]","(17796.63, 61480.562]","(17796.63, 63877.267]","(17796.63, 68804.286]",*
53562.40354101952,"(17796.63, 58327.197]","(17796.63, 59764.7]","(17796.63, 61480.562]","(17796.63, 63877.267]","(17796.63, 68804.286]",*
53594.896506126286,"(17796.63, 58327.197]","(17796.63, 59764.7]","(17796.63, 61480.562]","(17796.63, 63877.267]","(17796.63, 68804.286]",*
53599.80085902607,"(17796.63, 58327.197]","(17796.63, 59764.7]","(17796.63, 61480.562]","(17796.63, 63877.267]","(17796.63, 68804.286]",*
53617.296441337865,"(17796.63, 58327.197]","(17796.63, 59764.7]","(17796.63, 61480.562]","(17796.63, 63877.267]","(17796.63, 68804.286]",*
53624.82011077314,"(17796.63, 58327.197]","(17796.63, 59764.7]","(17796.63, 61480.562]","(17796.63, 63877.267]","(17796.63, 68804.286]",*
53630.31680608398,"(17796.63, 58327.197]","(17796.63, 59764.7]","(17796.63, 61480.562]","(17796.63, 63877.267]","(17796.63, 68804.286]",*
53641.310287403176,"(17796.63, 58327.197]","(17796.63, 59764.7]","(17796.63, 61480.562]","(17796.63, 63877.267]","(17796.63, 68804.286]",*
53657.29199713928,"(17796.63, 58327.197]","(17796.63, 59764.7]","(17796.63, 61480.562]","(17796.63, 63877.267]","(17796.63, 68804.286]",*
53664.07770415733,"(17796.63, 58327.197]","(17796.63, 59764.7]","(17796.63, 61480.562]","(17796.63, 63877.267]","(17796.63, 68804.286]",*
53676.372153409895,"(17796.63, 58327.197]","(17796.63, 59764.7]","(17796.63, 61480.562]","(17796.63, 63877.267]","(17796.63, 68804.286]",*
53712.14081270283,"(17796.63, 58327.197]","(17796.63, 59764.7]","(17796.63, 61480.562]","(17796.63, 63877.267]","(17796.63, 68804.286]",*
53722.00859945353,"(17796.63, 58327.197]","(17796.63, 59764.7]","(17796.63, 61480.562]","(17796.63, 63877.267]","(17796.63, 68804.286]",*
53763.52801082967,"(17796.63, 58327.197]","(17796.63, 59764.7]","(17796.63, 61480.562]","(17796.63, 63877.267]","(17796.63, 68804.286]",*
53776.63203125717,"(17796.63, 58327.197]","(17796.63, 59764.7]","(17796.63, 61480.562]","(17796.63, 63877.267]","(17796.63, 68804.286]",*
53793.17647681503,"(17796.63, 58327.197]","(17796.63, 59764.7]","(17796.63, 61480.562]","(17796.63, 63877.267]","(17796.63, 68804.286]",*
53793.28059100394,"(17796.63, 58327.197]","(17796.63, 59764.7]","(17796.63, 61480.562]","(17796.63, 63877.267]","(17796.63, 68804.286]",*
53825.01307720929,"(17796.63, 58327.197]","(17796.63, 59764.7]","(17796.63, 61480.562]","(17796.63, 63877.267]","(17796.63, 68804.286]",*
53847.549685326034,"(17796.63, 58327.197]","(17796.63, 59764.7]","(17796.63, 61480.562]","(17796.63, 63877.267]","(17796.63, 68804.286]",*
53902.93486887445,"(17796.63, 58327.197]","(17796.63, 59764.7]","(17796.63, 61480.562]","(17796.63, 63877.267]","(17796.63, 68804.286]",*
53917.872229775305,"(17796.63, 58327.197]","(17796.63, 59764.7]","(17796.63, 61480.562]","(17796.63, 63877.267]","(17796.63, 68804.286]",*
53927.412808298046,"(17796.63, 58327.197]","(17796.63, 59764.7]","(17796.63, 61480.562]","(17796.63, 63877.267]","(17796.63, 68804.286]",*
53935.10993433012,"(17796.63, 58327.197]","(17796.63, 59764.7]","(17796.63, 61480.562]","(17796.63, 63877.267]","(17796.63, 68804.286]",*
53969.92837394936,"(17796.63, 58327.197]","(17796.63, 59764.7]","(17796.63, 61480.562]","(17796.63, 63877.267]","(17796.63, 68804.286]",*
53971.24037503133,"(17796.63, 58327.197]","(17796.63, 59764.7]","(17796.63, 61480.562]","(17796.63, 63877.267]","(17796.63, 68804.286]",*
53974.54594524585,"(17796.63, 58327.197]","(17796.63, 59764.7]","(17796.63, 61480.562]","(17796.63, 63877.267]","(17796.63, 68804.286]",*
54012.57271610748,"(17796.63, 58327.197]","(17796.63, 59764.7]","(17796.63, 61480.562]","(17796.63, 63877.267]","(17796.63, 68804.286]",*
54028.10097118387,"(17796.63, 58327.197]","(17796.63, 59764.7]","(17796.63, 61480.562]","(17796.63, 63877.267]","(17796.63, 68804.286]",*
54037.58087861844,"(17796.63, 58327.197]","(17796.63, 59764.7]","(17796.63, 61480.562]","(17796.63, 63877.267]","(17796.63, 68804.286]",*
54048.691053825,"(17796.63, 58327.197]","(17796.63, 59764.7]","(17796.63, 61480.562]","(17796.63, 63877.267]","(17796.63, 68804.286]",*
54051.02466360291,"(17796.63, 58327.197]","(17796.63, 59764.7]","(17796.63, 61480.562]","(17796.63, 63877.267]","(17796.63, 68804.286]",*
54094.85194011953,"(17796.63, 58327.197]","(17796.63, 59764.7]","(17796.63, 61480.562]","(17796.63, 63877.267]","(17796.63, 68804.286]",*
54203.30082483788,"(17796.63, 58327.197]","(17796.63, 59764.7]","(17796.63, 61480.562]","(17796.63, 63877.267]","(17796.63, 68804.286]",*
54204.81112077444,"(17796.63, 58327.197]","(17796.63, 59764.7]","(17796.63, 61480.562]","(17796.63, 63877.267]","(17796.63, 68804.286]",*
54226.29130574894,"(17796.63, 58327.197]","(17796.63, 59764.7]","(17796.63, 61480.562]","(17796.63, 63877.267]","(17796.63, 68804.286]",*
54234.384027959095,"(17796.63, 58327.197]","(17796.63, 59764.7]","(17796.63, 61480.562]","(17796.63, 63877.267]","(17796.63, 68804.286]",*
54236.69624906157,"(17796.63, 58327.197]","(17796.63, 59764.7]","(17796.63, 61480.562]","(17796.63, 63877.267]","(17796.63, 68804.286]",*
54241.45833422253,"(17796.63, 58327.197]","(17796.63, 59764.7]","(17796.63, 61480.562]","(17796.63, 63877.267]","(17796.63, 68804.286]",*
54259.47605222048,"(17796.63, 58327.197]","(17796.63, 59764.7]","(17796.63, 61480.562]","(17796.63, 63877.267]","(17796.63, 68804.286]",*
54273.9148821629,"(17796.63, 58327.197]","(17796.63, 59764.7]","(17796.63, 61480.562]","(17796.63, 63877.267]","(17796.63, 68804.286]",*
54293.140080295365,"(17796.63, 58327.197]","(17796.63, 59764.7]","(17796.63, 61480.562]","(17796.63, 63877.267]","(17796.63, 68804.286]",*
54293.43886774861,"(17796.63, 58327.197]","(17796.63, 59764.7]","(17796.63, 61480.562]","(17796.63, 63877.267]","(17796.63, 68804.286]",*
54299.968820232025,"(17796.63, 58327.197]","(17796.63, 59764.7]","(17796.63, 61480.562]","(17796.63, 63877.267]","(17796.63, 68804.286]",*
54341.15380186997,"(17796.63, 58327.197]","(17796.63, 59764.7]","(17796.63, 61480.562]","(17796.63, 63877.267]","(17796.63, 68804.286]",*
54407.07784962707,"(17796.63, 58327.197]","(17796.63, 59764.7]","(17796.63, 61480.562]","(17796.63, 63877.267]","(17796.63, 68804.286]",*
54415.832803999474,"(17796.63, 58327.197]","(17796.63, 59764.7]","(17796.63, 61480.562]","(17796.63, 63877.267]","(17796.63, 68804.286]",*
54427.91151096629,"(17796.63, 58327.197]","(17796.63, 59764.7]","(17796.63, 61480.562]","(17796.63, 63877.267]","(17796.63, 68804.286]",*
54432.45745028112,"(17796.63, 58327.197]","(17796.63, 59764.7]","(17796.63, 61480.562]","(17796.63, 63877.267]","(17796.63, 68804.286]",*
54440.8888560369,"(17796.63, 58327.197]","(17796.63, 59764.7]","(17796.63, 61480.562]","(17796.63, 63877.267]","(17796.63, 68804.286]",*
54447.68605166547,"(17796.63, 58327.197]","(17796.63, 59764.7]","(17796.63, 61480.562]","(17796.63, 63877.267]","(17796.63, 68804.286]",*
54453.08161760384,"(17796.63, 58327.197]","(17796.63, 59764.7]","(17796.63, 61480.562]","(17796.63, 63877.267]","(17796.63, 68804.286]",*
54457.126389024364,"(17796.63, 58327.197]","(17796.63, 59764.7]","(17796.63, 61480.562]","(17796.63, 63877.267]","(17796.63, 68804.286]",*
54465.74736553437,"(17796.63, 58327.197]","(17796.63, 59764.7]","(17796.63, 61480.562]","(17796.63, 63877.267]","(17796.63, 68804.286]",*
54474.576296501466,"(17796.63, 58327.197]","(17796.63, 59764.7]","(17796.63, 61480.562]","(17796.63, 63877.267]","(17796.63, 68804.286]",*
54476.237690276335,"(17796.63, 58327.197]","(17796.63, 59764.7]","(17796.63, 61480.562]","(17796.63, 63877.267]","(17796.63, 68804.286]",*
54497.324187128135,"(17796.63, 58327.197]","(17796.63, 59764.7]","(17796.63, 61480.562]","(17796.63, 63877.267]","(17796.63, 68804.286]",*
54510.20009781754,"(17796.63, 58327.197]","(17796.63, 59764.7]","(17796.63, 61480.562]","(17796.63, 63877.267]","(17796.63, 68804.286]",*
54516.63198443465,"(17796.63, 58327.197]","(17796.63, 59764.7]","(17796.63, 61480.562]","(17796.63, 63877.267]","(17796.63, 68804.286]",*
54535.45371890148,"(17796.63, 58327.197]","(17796.63, 59764.7]","(17796.63, 61480.562]","(17796.63, 63877.267]","(17796.63, 68804.286]",*
54562.86872341537,"(17796.63, 58327.197]","(17796.63, 59764.7]","(17796.63, 61480.562]","(17796.63, 63877.267]","(17796.63, 68804.286]",*
54574.5940207644,"(17796.63, 58327.197]","(17796.63, 59764.7]","(17796.63, 61480.562]","(17796.63, 63877.267]","(17796.63, 68804.286]",*
54600.1945234393,"(17796.63, 58327.197]","(17796.63, 59764.7]","(17796.63, 61480.562]","(17796.63, 63877.267]","(17796.63, 68804.286]",*
54617.8861488237,"(17796.63, 58327.197]","(17796.63, 59764.7]","(17796.63, 61480.562]","(17796.63, 63877.267]","(17796.63, 68804.286]",*
54618.2362451556,"(17796.63, 58327.197]","(17796.63, 59764.7]","(17796.63, 61480.562]","(17796.63, 63877.267]","(17796.63, 68804.286]",*
54621.01693882352,"(17796.63, 58327.197]","(17796.63, 59764.7]","(17796.63, 61480.562]","(17796.63, 63877.267]","(17796.63, 68804.286]",*
54623.76528875075,"(17796.63, 58327.197]","(17796.63, 59764.7]","(17796.63, 61480.562]","(17796.63, 63877.267]","(17796.63, 68804.286]",*
54629.08571272891,"(17796.63, 58327.197]","(17796.63, 59764.7]","(17796.63, 61480.562]","(17796.63, 63877.267]","(17796.63, 68804.286]",*
54634.31765921675,"(17796.63, 58327.197]","(17796.63, 59764.7]","(17796.63, 61480.562]","(17796.63, 63877.267]","(17796.63, 68804.286]",*
54642.70628233653,"(17796.63, 58327.197]","(17796.63, 59764.7]","(17796.63, 61480.562]","(17796.63, 63877.267]","(17796.63, 68804.286]",*
54648.28607264855,"(17796.63, 58327.197]","(17796.63, 59764.7]","(17796.63, 61480.562]","(17796.63, 63877.267]","(17796.63, 68804.286]",*
54649.23602641079,"(17796.63, 58327.197]","(17796.63, 59764.7]","(17796.63, 61480.562]","(17796.63, 63877.267]","(17796.63, 68804.286]",*
54673.521183958685,"(17796.63, 58327.197]","(17796.63, 59764.7]","(17796.63, 61480.562]","(17796.63, 63877.267]","(17796.63, 68804.286]",*
54700.29345575508,"(17796.63, 58327.197]","(17796.63, 59764.7]","(17796.63, 61480.562]","(17796.63, 63877.267]","(17796.63, 68804.286]",*
54703.74745279827,"(17796.63, 58327.197]","(17796.63, 59764.7]","(17796.63, 61480.562]","(17796.63, 63877.267]","(17796.63, 68804.286]",*
54725.202867294334,"(17796.63, 58327.197]","(17796.63, 59764.7]","(17796.63, 61480.562]","(17796.63, 63877.267]","(17796.63, 68804.286]",*
54726.703474056034,"(17796.63, 58327.197]","(17796.63, 59764.7]","(17796.63, 61480.562]","(17796.63, 63877.267]","(17796.63, 68804.286]",*
54743.73393640213,"(17796.63, 58327.197]","(17796.63, 59764.7]","(17796.63, 61480.562]","(17796.63, 63877.267]","(17796.63, 68804.286]",*
54762.05430001451,"(17796.63, 58327.197]","(17796.63, 59764.7]","(17796.63, 61480.562]","(17796.63, 63877.267]","(17796.63, 68804.286]",*
54769.37736592366,"(17796.63, 58327.197]","(17796.63, 59764.7]","(17796.63, 61480.562]","(17796.63, 63877.267]","(17796.63, 68804.286]",*
54794.423990208496,"(17796.63, 58327.197]","(17796.63, 59764.7]","(17796.63, 61480.562]","(17796.63, 63877.267]","(17796.63, 68804.286]",*
54827.03231053513,"(17796.63, 58327.197]","(17796.63, 59764.7]","(17796.63, 61480.562]","(17796.63, 63877.267]","(17796.63, 68804.286]",*
54839.41017750578,"(17796.63, 58327.197]","(17796.63, 59764.7]","(17796.63, 61480.562]","(17796.63, 63877.267]","(17796.63, 68804.286]",*
54841.764586819285,"(17796.63, 58327.197]","(17796.63, 59764.7]","(17796.63, 61480.562]","(17796.63, 63877.267]","(17796.63, 68804.286]",*
54850.43659708965,"(17796.63, 58327.197]","(17796.63, 59764.7]","(17796.63, 61480.562]","(17796.63, 63877.267]","(17796.63, 68804.286]",*
54850.7417727436,"(17796.63, 58327.197]","(17796.63, 59764.7]","(17796.63, 61480.562]","(17796.63, 63877.267]","(17796.63, 68804.286]",*
54858.823630889725,"(17796.63, 58327.197]","(17796.63, 59764.7]","(17796.63, 61480.562]","(17796.63, 63877.267]","(17796.63, 68804.286]",*
54866.21569435776,"(17796.63, 58327.197]","(17796.63, 59764.7]","(17796.63, 61480.562]","(17796.63, 63877.267]","(17796.63, 68804.286]",*
54890.103297334914,"(17796.63, 58327.197]","(17796.63, 59764.7]","(17796.63, 61480.562]","(17796.63, 63877.267]","(17796.63, 68804.286]",*
54920.06338589537,"(17796.63, 58327.197]","(17796.63, 59764.7]","(17796.63, 61480.562]","(17796.63, 63877.267]","(17796.63, 68804.286]",*
54921.9098130275,"(17796.63, 58327.197]","(17796.63, 59764.7]","(17796.63, 61480.562]","(17796.63, 63877.267]","(17796.63, 68804.286]",*
54927.09072845097,"(17796.63, 58327.197]","(17796.63, 59764.7]","(17796.63, 61480.562]","(17796.63, 63877.267]","(17796.63, 68804.286]",*
54965.875016367645,"(17796.63, 58327.197]","(17796.63, 59764.7]","(17796.63, 61480.562]","(17796.63, 63877.267]","(17796.63, 68804.286]",*
54973.19371547309,"(17796.63, 58327.197]","(17796.63, 59764.7]","(17796.63, 61480.562]","(17796.63, 63877.267]","(17796.63, 68804.286]",*
54994.91828997551,"(17796.63, 58327.197]","(17796.63, 59764.7]","(17796.63, 61480.562]","(17796.63, 63877.267]","(17796.63, 68804.286]",*
55038.059114249954,"(17796.63, 58327.197]","(17796.63, 59764.7]","(17796.63, 61480.562]","(17796.63, 63877.267]","(17796.63, 68804.286]",*
55040.239855865446,"(17796.63, 58327.197]","(17796.63, 59764.7]","(17796.63, 61480.562]","(17796.63, 63877.267]","(17796.63, 68804.286]",*
55041.35158333917,"(17796.63, 58327.197]","(17796.63, 59764.7]","(17796.63, 61480.562]","(17796.63, 63877.267]","(17796.63, 68804.286]",*
55048.33202380138,"(17796.63, 58327.197]","(17796.63, 59764.7]","(17796.63, 61480.562]","(17796.63, 63877.267]","(17796.63, 68804.286]",*
55050.308092408864,"(17796.63, 58327.197]","(17796.63, 59764.7]","(17796.63, 61480.562]","(17796.63, 63877.267]","(17796.63, 68804.286]",*
55076.072219565925,"(17796.63, 58327.197]","(17796.63, 59764.7]","(17796.63, 61480.562]","(17796.63, 63877.267]","(17796.63, 68804.286]",*
55096.79664542299,"(17796.63, 58327.197]","(17796.63, 59764.7]","(17796.63, 61480.562]","(17796.63, 63877.267]","(17796.63, 68804.286]",*
55101.85477519375,"(17796.63, 58327.197]","(17796.63, 59764.7]","(17796.63, 61480.562]","(17796.63, 63877.267]","(17796.63, 68804.286]",*
55146.81014730227,"(17796.63, 58327.197]","(17796.63, 59764.7]","(17796.63, 61480.562]","(17796.63, 63877.267]","(17796.63, 68804.286]",*
55159.12375153349,"(17796.63, 58327.197]","(17796.63, 59764.7]","(17796.63, 61480.562]","(17796.63, 63877.267]","(17796.63, 68804.286]",*
55178.82864049221,"(17796.63, 58327.197]","(17796.63, 59764.7]","(17796.63, 61480.562]","(17796.63, 63877.267]","(17796.63, 68804.286]",*
55192.849859347385,"(17796.63, 58327.197]","(17796.63, 59764.7]","(17796.63, 61480.562]","(17796.63, 63877.267]","(17796.63, 68804.286]",*
55193.857453150056,"(17796.63, 58327.197]","(17796.63, 59764.7]","(17796.63, 61480.562]","(17796.63, 63877.267]","(17796.63, 68804.286]",*
55202.705470425964,"(17796.63, 58327.197]","(17796.63, 59764.7]","(17796.63, 61480.562]","(17796.63, 63877.267]","(17796.63, 68804.286]",*
55224.34339625705,"(17796.63, 58327.197]","(17796.63, 59764.7]","(17796.63, 61480.562]","(17796.63, 63877.267]","(17796.63, 68804.286]",*
55242.58868143591,"(17796.63, 58327.197]","(17796.63, 59764.7]","(17796.63, 61480.562]","(17796.63, 63877.267]","(17796.63, 68804.286]",*
55245.33728789714,"(17796.63, 58327.197]","(17796.63, 59764.7]","(17796.63, 61480.562]","(17796.63, 63877.267]","(17796.63, 68804.286]",*
55250.11036376475,"(17796.63, 58327.197]","(17796.63, 59764.7]","(17796.63, 61480.562]","(17796.63, 63877.267]","(17796.63, 68804.286]",*
55288.83744723071,"(17796.63, 58327.197]","(17796.63, 59764.7]","(17796.63, 61480.562]","(17796.63, 63877.267]","(17796.63, 68804.286]",*
55289.108136034745,"(17796.63, 58327.197]","(17796.63, 59764.7]","(17796.63, 61480.562]","(17796.63, 63877.267]","(17796.63, 68804.286]",*
55306.14197359976,"(17796.63, 58327.197]","(17796.63, 59764.7]","(17796.63, 61480.562]","(17796.63, 63877.267]","(17796.63, 68804.286]",*
55306.91146521415,"(17796.63, 58327.197]","(17796.63, 59764.7]","(17796.63, 61480.562]","(17796.63, 63877.267]","(17796.63, 68804.286]",*
55317.203899125256,"(17796.63, 58327.197]","(17796.63, 59764.7]","(17796.63, 61480.562]","(17796.63, 63877.267]","(17796.63, 68804.286]",*
55317.8842836684,"(17796.63, 58327.197]","(17796.63, 59764.7]","(17796.63, 61480.562]","(17796.63, 63877.267]","(17796.63, 68804.286]",*
55331.28844666468,"(17796.63, 58327.197]","(17796.63, 59764.7]","(17796.63, 61480.562]","(17796.63, 63877.267]","(17796.63, 68804.286]",*
55340.608735324255,"(17796.63, 58327.197]","(17796.63, 59764.7]","(17796.63, 61480.562]","(17796.63, 63877.267]","(17796.63, 68804.286]",*
55378.10435175603,"(17796.63, 58327.197]","(17796.63, 59764.7]","(17796.63, 61480.562]","(17796.63, 63877.267]","(17796.63, 68804.286]",*
55383.02377690576,"(17796.63, 58327.197]","(17796.63, 59764.7]","(17796.63, 61480.562]","(17796.63, 63877.267]","(17796.63, 68804.286]",*
55401.934190091866,"(17796.63, 58327.197]","(17796.63, 59764.7]","(17796.63, 61480.562]","(17796.63, 63877.267]","(17796.63, 68804.286]",*
55405.12011784816,"(17796.63, 58327.197]","(17796.63, 59764.7]","(17796.63, 61480.562]","(17796.63, 63877.267]","(17796.63, 68804.286]",*
55415.24225963871,"(17796.63, 58327.197]","(17796.63, 59764.7]","(17796.63, 61480.562]","(17796.63, 63877.267]","(17796.63, 68804.286]",*
55421.16888677661,"(17796.63, 58327.197]","(17796.63, 59764.7]","(17796.63, 61480.562]","(17796.63, 63877.267]","(17796.63, 68804.286]",*
55430.096803091175,"(17796.63, 58327.197]","(17796.63, 59764.7]","(17796.63, 61480.562]","(17796.63, 63877.267]","(17796.63, 68804.286]",*
55430.9180901256,"(17796.63, 58327.197]","(17796.63, 59764.7]","(17796.63, 61480.562]","(17796.63, 63877.267]","(17796.63, 68804.286]",*
55435.64378046512,"(17796.63, 58327.197]","(17796.63, 59764.7]","(17796.63, 61480.562]","(17796.63, 63877.267]","(17796.63, 68804.286]",*
55447.08153577785,"(17796.63, 58327.197]","(17796.63, 59764.7]","(17796.63, 61480.562]","(17796.63, 63877.267]","(17796.63, 68804.286]",*
55456.77323626256,"(17796.63, 58327.197]","(17796.63, 59764.7]","(17796.63, 61480.562]","(17796.63, 63877.267]","(17796.63, 68804.286]",*
55468.48688558909,"(17796.63, 58327.197]","(17796.63, 59764.7]","(17796.63, 61480.562]","(17796.63, 63877.267]","(17796.63, 68804.286]",*
55470.081861025,"(17796.63, 58327.197]","(17796.63, 59764.7]","(17796.63, 61480.562]","(17796.63, 63877.267]","(17796.63, 68804.286]",*
55472.65482690559,"(17796.63, 58327.197]","(17796.63, 59764.7]","(17796.63, 61480.562]","(17796.63, 63877.267]","(17796.63, 68804.286]",*
55473.73631915288,"(17796.63, 58327.197]","(17796.63, 59764.7]","(17796.63, 61480.562]","(17796.63, 63877.267]","(17796.63, 68804.286]",*
55481.28674433764,"(17796.63, 58327.197]","(17796.63, 59764.7]","(17796.63, 61480.562]","(17796.63, 63877.267]","(17796.63, 68804.286]",*
55497.00809474231,"(17796.63, 58327.197]","(17796.63, 59764.7]","(17796.63, 61480.562]","(17796.63, 63877.267]","(17796.63, 68804.286]",*
55507.312532853866,"(17796.63, 58327.197]","(17796.63, 59764.7]","(17796.63, 61480.562]","(17796.63, 63877.267]","(17796.63, 68804.286]",*
55510.47213577615,"(17796.63, 58327.197]","(17796.63, 59764.7]","(17796.63, 61480.562]","(17796.63, 63877.267]","(17796.63, 68804.286]",*
55516.657166337536,"(17796.63, 58327.197]","(17796.63, 59764.7]","(17796.63, 61480.562]","(17796.63, 63877.267]","(17796.63, 68804.286]",*
55529.90658436005,"(17796.63, 58327.197]","(17796.63, 59764.7]","(17796.63, 61480.562]","(17796.63, 63877.267]","(17796.63, 68804.286]",*
55532.02360793216,"(17796.63, 58327.197]","(17796.63, 59764.7]","(17796.63, 61480.562]","(17796.63, 63877.267]","(17796.63, 68804.286]",*
55543.520093753934,"(17796.63, 58327.197]","(17796.63, 59764.7]","(17796.63, 61480.562]","(17796.63, 63877.267]","(17796.63, 68804.286]",*
55554.79674749461,"(17796.63, 58327.197]","(17796.63, 59764.7]","(17796.63, 61480.562]","(17796.63, 63877.267]","(17796.63, 68804.286]",*
55557.74019200895,"(17796.63, 58327.197]","(17796.63, 59764.7]","(17796.63, 61480.562]","(17796.63, 63877.267]","(17796.63, 68804.286]",*
55558.46575550829,"(17796.63, 58327.197]","(17796.63, 59764.7]","(17796.63, 61480.562]","(17796.63, 63877.267]","(17796.63, 68804.286]",*
55565.04311802848,"(17796.63, 58327.197]","(17796.63, 59764.7]","(17796.63, 61480.562]","(17796.63, 63877.267]","(17796.63, 68804.286]",*
55573.6177857824,"(17796.63, 58327.197]","(17796.63, 59764.7]","(17796.63, 61480.562]","(17796.63, 63877.267]","(17796.63, 68804.286]",*
55577.071754256736,"(17796.63, 58327.197]","(17796.63, 59764.7]","(17796.63, 61480.562]","(17796.63, 63877.267]","(17796.63, 68804.286]",*
55585.64562681222,"(17796.63, 58327.197]","(17796.63, 59764.7]","(17796.63, 61480.562]","(17796.63, 63877.267]","(17796.63, 68804.286]",*
55593.07980605691,"(17796.63, 58327.197]","(17796.63, 59764.7]","(17796.63, 61480.562]","(17796.63, 63877.267]","(17796.63, 68804.286]",*
55612.76294107892,"(17796.63, 58327.197]","(17796.63, 59764.7]","(17796.63, 61480.562]","(17796.63, 63877.267]","(17796.63, 68804.286]",*
55621.89910395666,"(17796.63, 58327.197]","(17796.63, 59764.7]","(17796.63, 61480.562]","(17796.63, 63877.267]","(17796.63, 68804.286]",*
55624.67128743831,"(17796.63, 58327.197]","(17796.63, 59764.7]","(17796.63, 61480.562]","(17796.63, 63877.267]","(17796.63, 68804.286]",*
55630.48895714828,"(17796.63, 58327.197]","(17796.63, 59764.7]","(17796.63, 61480.562]","(17796.63, 63877.267]","(17796.63, 68804.286]",*
55631.29776511868,"(17796.63, 58327.197]","(17796.63, 59764.7]","(17796.63, 61480.562]","(17796.63, 63877.267]","(17796.63, 68804.286]",*
55691.501384426185,"(17796.63, 58327.197]","(17796.63, 59764.7]","(17796.63, 61480.562]","(17796.63, 63877.267]","(17796.63, 68804.286]",*
55698.374420444765,"(17796.63, 58327.197]","(17796.63, 59764.7]","(17796.63, 61480.562]","(17796.63, 63877.267]","(17796.63, 68804.286]",*
55698.4648000348,"(17796.63, 58327.197]","(17796.63, 59764.7]","(17796.63, 61480.562]","(17796.63, 63877.267]","(17796.63, 68804.286]",*
55702.20537617496,"(17796.63, 58327.197]","(17796.63, 59764.7]","(17796.63, 61480.562]","(17796.63, 63877.267]","(17796.63, 68804.286]",*
55707.35382268437,"(17796.63, 58327.197]","(17796.63, 59764.7]","(17796.63, 61480.562]","(17796.63, 63877.267]","(17796.63, 68804.286]",*
55716.53957329562,"(17796.63, 58327.197]","(17796.63, 59764.7]","(17796.63, 61480.562]","(17796.63, 63877.267]","(17796.63, 68804.286]",*
55733.28682755253,"(17796.63, 58327.197]","(17796.63, 59764.7]","(17796.63, 61480.562]","(17796.63, 63877.267]","(17796.63, 68804.286]",*
55734.74790117872,"(17796.63, 58327.197]","(17796.63, 59764.7]","(17796.63, 61480.562]","(17796.63, 63877.267]","(17796.63, 68804.286]",*
55745.04104249736,"(17796.63, 58327.197]","(17796.63, 59764.7]","(17796.63, 61480.562]","(17796.63, 63877.267]","(17796.63, 68804.286]",*
55766.099600186826,"(17796.63, 58327.197]","(17796.63, 59764.7]","(17796.63, 61480.562]","(17796.63, 63877.267]","(17796.63, 68804.286]",*
55768.791917271104,"(17796.63, 58327.197]","(17796.63, 59764.7]","(17796.63, 61480.562]","(17796.63, 63877.267]","(17796.63, 68804.286]",*
55772.89874145375,"(17796.63, 58327.197]","(17796.63, 59764.7]","(17796.63, 61480.562]","(17796.63, 63877.267]","(17796.63, 68804.286]",*
55774.733842992566,"(17796.63, 58327.197]","(17796.63, 59764.7]","(17796.63, 61480.562]","(17796.63, 63877.267]","(17796.63, 68804.286]",*
55784.47533705712,"(17796.63, 58327.197]","(17796.63, 59764.7]","(17796.63, 61480.562]","(17796.63, 63877.267]","(17796.63, 68804.286]",*
55795.38072910769,"(17796.63, 58327.197]","(17796.63, 59764.7]","(17796.63, 61480.562]","(17796.63, 63877.267]","(17796.63, 68804.286]",*
55809.49458913905,"(17796.63, 58327.197]","(17796.63, 59764.7]","(17796.63, 61480.562]","(17796.63, 63877.267]","(17796.63, 68804.286]",*
55813.296473373055,"(17796.63, 58327.197]","(17796.63, 59764.7]","(17796.63, 61480.562]","(17796.63, 63877.267]","(17796.63, 68804.286]",*
55815.56872386792,"(17796.63, 58327.197]","(17796.63, 59764.7]","(17796.63, 61480.562]","(17796.63, 63877.267]","(17796.63, 68804.286]",*
55833.70198789486,"(17796.63, 58327.197]","(17796.63, 59764.7]","(17796.63, 61480.562]","(17796.63, 63877.267]","(17796.63, 68804.286]",*
55840.16559816392,"(17796.63, 58327.197]","(17796.63, 59764.7]","(17796.63, 61480.562]","(17796.63, 63877.267]","(17796.63, 68804.286]",*
55845.546157116034,"(17796.63, 58327.197]","(17796.63, 59764.7]","(17796.63, 61480.562]","(17796.63, 63877.267]","(17796.63, 68804.286]",*
55860.680838466586,"(17796.63, 58327.197]","(17796.63, 59764.7]","(17796.63, 61480.562]","(17796.63, 63877.267]","(17796.63, 68804.286]",*
55879.5037922299,"(17796.63, 58327.197]","(17796.63, 59764.7]","(17796.63, 61480.562]","(17796.63, 63877.267]","(17796.63, 68804.286]",*
55897.31437965266,"(17796.63, 58327.197]","(17796.63, 59764.7]","(17796.63, 61480.562]","(17796.63, 63877.267]","(17796.63, 68804.286]",*
55899.51630480707,"(17796.63, 58327.197]","(17796.63, 59764.7]","(17796.63, 61480.562]","(17796.63, 63877.267]","(17796.63, 68804.286]",*
55909.322295153535,"(17796.63, 58327.197]","(17796.63, 59764.7]","(17796.63, 61480.562]","(17796.63, 63877.267]","(17796.63, 68804.286]",*
55930.144818845925,"(17796.63, 58327.197]","(17796.63, 59764.7]","(17796.63, 61480.562]","(17796.63, 63877.267]","(17796.63, 68804.286]",*
55932.05268387101,"(17796.63, 58327.197]","(17796.63, 59764.7]","(17796.63, 61480.562]","(17796.63, 63877.267]","(17796.63, 68804.286]",*
55935.78140689999,"(17796.63, 58327.197]","(17796.63, 59764.7]","(17796.63, 61480.562]","(17796.63, 63877.267]","(17796.63, 68804.286]",*
55952.685832592295,"(17796.63, 58327.197]","(17796.63, 59764.7]","(17796.63, 61480.562]","(17796.63, 63877.267]","(17796.63, 68804.286]",*
55956.67845681178,"(17796.63, 58327.197]","(17796.63, 59764.7]","(17796.63, 61480.562]","(17796.63, 63877.267]","(17796.63, 68804.286]",*
55980.20480671361,"(17796.63, 58327.197]","(17796.63, 59764.7]","(17796.63, 61480.562]","(17796.63, 63877.267]","(17796.63, 68804.286]",*
55988.13922859434,"(17796.63, 58327.197]","(17796.63, 59764.7]","(17796.63, 61480.562]","(17796.63, 63877.267]","(17796.63, 68804.286]",*
55992.03458752373,"(17796.63, 58327.197]","(17796.63, 59764.7]","(17796.63, 61480.562]","(17796.63, 63877.267]","(17796.63, 68804.286]",*
55995.00730886506,"(17796.63, 58327.197]","(17796.63, 59764.7]","(17796.63, 61480.562]","(17796.63, 63877.267]","(17796.63, 68804.286]",*
56000.02192300994,"(17796.63, 58327.197]","(17796.63, 59764.7]","(17796.63, 61480.562]","(17796.63, 63877.267]","(17796.63, 68804.286]",*
56024.547743067145,"(17796.63, 58327.197]","(17796.63, 59764.7]","(17796.63, 61480.562]","(17796.63, 63877.267]","(17796.63, 68804.286]",*
56030.4748923757,"(17796.63, 58327.197]","(17796.63, 59764.7]","(17796.63, 61480.562]","(17796.63, 63877.267]","(17796.63, 68804.286]",*
56036.73940179192,"(17796.63, 58327.197]","(17796.63, 59764.7]","(17796.63, 61480.562]","(17796.63, 63877.267]","(17796.63, 68804.286]",*
56060.90043176484,"(17796.63, 58327.197]","(17796.63, 59764.7]","(17796.63, 61480.562]","(17796.63, 63877.267]","(17796.63, 68804.286]",*
56063.48086676334,"(17796.63, 58327.197]","(17796.63, 59764.7]","(17796.63, 61480.562]","(17796.63, 63877.267]","(17796.63, 68804.286]",*
56073.8924431046,"(17796.63, 58327.197]","(17796.63, 59764.7]","(17796.63, 61480.562]","(17796.63, 63877.267]","(17796.63, 68804.286]",*
56086.57393196002,"(17796.63, 58327.197]","(17796.63, 59764.7]","(17796.63, 61480.562]","(17796.63, 63877.267]","(17796.63, 68804.286]",*
56088.6394011427,"(17796.63, 58327.197]","(17796.63, 59764.7]","(17796.63, 61480.562]","(17796.63, 63877.267]","(17796.63, 68804.286]",*
56103.91700162964,"(17796.63, 58327.197]","(17796.63, 59764.7]","(17796.63, 61480.562]","(17796.63, 63877.267]","(17796.63, 68804.286]",*
56106.3567085628,"(17796.63, 58327.197]","(17796.63, 59764.7]","(17796.63, 61480.562]","(17796.63, 63877.267]","(17796.63, 68804.286]",*
56119.33253176344,"(17796.63, 58327.197]","(17796.63, 59764.7]","(17796.63, 61480.562]","(17796.63, 63877.267]","(17796.63, 68804.286]",*
56128.0042808308,"(17796.63, 58327.197]","(17796.63, 59764.7]","(17796.63, 61480.562]","(17796.63, 63877.267]","(17796.63, 68804.286]",*
56143.3619702912,"(17796.63, 58327.197]","(17796.63, 59764.7]","(17796.63, 61480.562]","(17796.63, 63877.267]","(17796.63, 68804.286]",*
56143.78866493648,"(17796.63, 58327.197]","(17796.63, 59764.7]","(17796.63, 61480.562]","(17796.63, 63877.267]","(17796.63, 68804.286]",*
56161.3461227217,"(17796.63, 58327.197]","(17796.63, 59764.7]","(17796.63, 61480.562]","(17796.63, 63877.267]","(17796.63, 68804.286]",*
56180.591431381785,"(17796.63, 58327.197]","(17796.63, 59764.7]","(17796.63, 61480.562]","(17796.63, 63877.267]","(17796.63, 68804.286]",*
56184.68313016794,"(17796.63, 58327.197]","(17796.63, 59764.7]","(17796.63, 61480.562]","(17796.63, 63877.267]","(17796.63, 68804.286]",*
56186.96329135335,"(17796.63, 58327.197]","(17796.63, 59764.7]","(17796.63, 61480.562]","(17796.63, 63877.267]","(17796.63, 68804.286]",*
56225.55413154733,"(17796.63, 58327.197]","(17796.63, 59764.7]","(17796.63, 61480.562]","(17796.63, 63877.267]","(17796.63, 68804.286]",*
56228.73882360498,"(17796.63, 58327.197]","(17796.63, 59764.7]","(17796.63, 61480.562]","(17796.63, 63877.267]","(17796.63, 68804.286]",*
56231.16179588852,"(17796.63, 58327.197]","(17796.63, 59764.7]","(17796.63, 61480.562]","(17796.63, 63877.267]","(17796.63, 68804.286]",*
56241.22677313176,"(17796.63, 58327.197]","(17796.63, 59764.7]","(17796.63, 61480.562]","(17796.63, 63877.267]","(17796.63, 68804.286]",*
56247.30619000613,"(17796.63, 58327.197]","(17796.63, 59764.7]","(17796.63, 61480.562]","(17796.63, 63877.267]","(17796.63, 68804.286]",*
56252.24323883094,"(17796.63, 58327.197]","(17796.63, 59764.7]","(17796.63, 61480.562]","(17796.63, 63877.267]","(17796.63, 68804.286]",*
56265.97430937015,"(17796.63, 58327.197]","(17796.63, 59764.7]","(17796.63, 61480.562]","(17796.63, 63877.267]","(17796.63, 68804.286]",*
56281.205225260994,"(17796.63, 58327.197]","(17796.63, 59764.7]","(17796.63, 61480.562]","(17796.63, 63877.267]","(17796.63, 68804.286]",*
56290.32129147613,"(17796.63, 58327.197]","(17796.63, 59764.7]","(17796.63, 61480.562]","(17796.63, 63877.267]","(17796.63, 68804.286]",*
56296.49972935166,"(17796.63, 58327.197]","(17796.63, 59764.7]","(17796.63, 61480.562]","(17796.63, 63877.267]","(17796.63, 68804.286]",*
56315.35157501613,"(17796.63, 58327.197]","(17796.63, 59764.7]","(17796.63, 61480.562]","(17796.63, 63877.267]","(17796.63, 68804.286]",*
56324.623010583215,"(17796.63, 58327.197]","(17796.63, 59764.7]","(17796.63, 61480.562]","(17796.63, 63877.267]","(17796.63, 68804.286]",*
56348.353343343886,"(17796.63, 58327.197]","(17796.63, 59764.7]","(17796.63, 61480.562]","(17796.63, 63877.267]","(17796.63, 68804.286]",*
56349.974924823466,"(17796.63, 58327.197]","(17796.63, 59764.7]","(17796.63, 61480.562]","(17796.63, 63877.267]","(17796.63, 68804.286]",*
56357.193138054856,"(17796.63, 58327.197]","(17796.63, 59764.7]","(17796.63, 61480.562]","(17796.63, 63877.267]","(17796.63, 68804.286]",*
56374.21297306014,"(17796.63, 58327.197]","(17796.63, 59764.7]","(17796.63, 61480.562]","(17796.63, 63877.267]","(17796.63, 68804.286]",*
56380.988395076914,"(17796.63, 58327.197]","(17796.63, 59764.7]","(17796.63, 61480.562]","(17796.63, 63877.267]","(17796.63, 68804.286]",*
56397.31913603572,"(17796.63, 58327.197]","(17796.63, 59764.7]","(17796.63, 61480.562]","(17796.63, 63877.267]","(17796.63, 68804.286]",*
56398.33364581272,"(17796.63, 58327.197]","(17796.63, 59764.7]","(17796.63, 61480.562]","(17796.63, 63877.267]","(17796.63, 68804.286]",*
56402.54281107357,"(17796.63, 58327.197]","(17796.63, 59764.7]","(17796.63, 61480.562]","(17796.63, 63877.267]","(17796.63, 68804.286]",*
56423.03427727134,"(17796.63, 58327.197]","(17796.63, 59764.7]","(17796.63, 61480.562]","(17796.63, 63877.267]","(17796.63, 68804.286]",*
56428.9736689065,"(17796.63, 58327.197]","(17796.63, 59764.7]","(17796.63, 61480.562]","(17796.63, 63877.267]","(17796.63, 68804.286]",*
56433.010851341445,"(17796.63, 58327.197]","(17796.63, 59764.7]","(17796.63, 61480.562]","(17796.63, 63877.267]","(17796.63, 68804.286]",*
56501.228454851975,"(17796.63, 58327.197]","(17796.63, 59764.7]","(17796.63, 61480.562]","(17796.63, 63877.267]","(17796.63, 68804.286]",*
56505.82779516272,"(17796.63, 58327.197]","(17796.63, 59764.7]","(17796.63, 61480.562]","(17796.63, 63877.267]","(17796.63, 68804.286]",*
56516.903647493695,"(17796.63, 58327.197]","(17796.63, 59764.7]","(17796.63, 61480.562]","(17796.63, 63877.267]","(17796.63, 68804.286]",*
56547.50718740383,"(17796.63, 58327.197]","(17796.63, 59764.7]","(17796.63, 61480.562]","(17796.63, 63877.267]","(17796.63, 68804.286]",*
56553.5502526617,"(17796.63, 58327.197]","(17796.63, 59764.7]","(17796.63, 61480.562]","(17796.63, 63877.267]","(17796.63, 68804.286]",*
56576.5529275264,"(17796.63, 58327.197]","(17796.63, 59764.7]","(17796.63, 61480.562]","(17796.63, 63877.267]","(17796.63, 68804.286]",*
56586.129988001325,"(17796.63, 58327.197]","(17796.63, 59764.7]","(17796.63, 61480.562]","(17796.63, 63877.267]","(17796.63, 68804.286]",*
56588.23691993509,"(17796.63, 58327.197]","(17796.63, 59764.7]","(17796.63, 61480.562]","(17796.63, 63877.267]","(17796.63, 68804.286]",*
56610.64256304142,"(17796.63, 58327.197]","(17796.63, 59764.7]","(17796.63, 61480.562]","(17796.63, 63877.267]","(17796.63, 68804.286]",*
56631.89546741964,"(17796.63, 58327.197]","(17796.63, 59764.7]","(17796.63, 61480.562]","(17796.63, 63877.267]","(17796.63, 68804.286]",*
56636.23819115702,"(17796.63, 58327.197]","(17796.63, 59764.7]","(17796.63, 61480.562]","(17796.63, 63877.267]","(17796.63, 68804.286]",*
56636.24612756348,"(17796.63, 58327.197]","(17796.63, 59764.7]","(17796.63, 61480.562]","(17796.63, 63877.267]","(17796.63, 68804.286]",*
56647.882502630266,"(17796.63, 58327.197]","(17796.63, 59764.7]","(17796.63, 61480.562]","(17796.63, 63877.267]","(17796.63, 68804.286]",*
56652.41884369528,"(17796.63, 58327.197]","(17796.63, 59764.7]","(17796.63, 61480.562]","(17796.63, 63877.267]","(17796.63, 68804.286]",*
56654.96239019524,"(17796.63, 58327.197]","(17796.63, 59764.7]","(17796.63, 61480.562]","(17796.63, 63877.267]","(17796.63, 68804.286]",*
56664.40438861433,"(17796.63, 58327.197]","(17796.63, 59764.7]","(17796.63, 61480.562]","(17796.63, 63877.267]","(17796.63, 68804.286]",*
56671.14988835218,"(17796.63, 58327.197]","(17796.63, 59764.7]","(17796.63, 61480.562]","(17796.63, 63877.267]","(17796.63, 68804.286]",*
56679.016016969945,"(17796.63, 58327.197]","(17796.63, 59764.7]","(17796.63, 61480.562]","(17796.63, 63877.267]","(17796.63, 68804.286]",*
56685.01444230135,"(17796.63, 58327.197]","(17796.63, 59764.7]","(17796.63, 61480.562]","(17796.63, 63877.267]","(17796.63, 68804.286]",*
56696.510703863845,"(17796.63, 58327.197]","(17796.63, 59764.7]","(17796.63, 61480.562]","(17796.63, 63877.267]","(17796.63, 68804.286]",*
56697.58514776185,"(17796.63, 58327.197]","(17796.63, 59764.7]","(17796.63, 61480.562]","(17796.63, 63877.267]","(17796.63, 68804.286]",*
56716.35734795767,"(17796.63, 58327.197]","(17796.63, 59764.7]","(17796.63, 61480.562]","(17796.63, 63877.267]","(17796.63, 68804.286]",*
56721.45495225088,"(17796.63, 58327.197]","(17796.63, 59764.7]","(17796.63, 61480.562]","(17796.63, 63877.267]","(17796.63, 68804.286]",*
56727.630968784,"(17796.63, 58327.197]","(17796.63, 59764.7]","(17796.63, 61480.562]","(17796.63, 63877.267]","(17796.63, 68804.286]",*
56734.15695289003,"(17796.63, 58327.197]","(17796.63, 59764.7]","(17796.63, 61480.562]","(17796.63, 63877.267]","(17796.63, 68804.286]",*
56734.35076346211,"(17796.63, 58327.197]","(17796.63, 59764.7]","(17796.63, 61480.562]","(17796.63, 63877.267]","(17796.63, 68804.286]",*
56741.41659919822,"(17796.63, 58327.197]","(17796.63, 59764.7]","(17796.63, 61480.562]","(17796.63, 63877.267]","(17796.63, 68804.286]",*
56743.57797507903,"(17796.63, 58327.197]","(17796.63, 59764.7]","(17796.63, 61480.562]","(17796.63, 63877.267]","(17796.63, 68804.286]",*
56753.73013738995,"(17796.63, 58327.197]","(17796.63, 59764.7]","(17796.63, 61480.562]","(17796.63, 63877.267]","(17796.63, 68804.286]",*
56764.10661445941,"(17796.63, 58327.197]","(17796.63, 59764.7]","(17796.63, 61480.562]","(17796.63, 63877.267]","(17796.63, 68804.286]",*
56780.50427050072,"(17796.63, 58327.197]","(17796.63, 59764.7]","(17796.63, 61480.562]","(17796.63, 63877.267]","(17796.63, 68804.286]",*
56788.03127662366,"(17796.63, 58327.197]","(17796.63, 59764.7]","(17796.63, 61480.562]","(17796.63, 63877.267]","(17796.63, 68804.286]",*
56799.0740589045,"(17796.63, 58327.197]","(17796.63, 59764.7]","(17796.63, 61480.562]","(17796.63, 63877.267]","(17796.63, 68804.286]",*
56815.743321680304,"(17796.63, 58327.197]","(17796.63, 59764.7]","(17796.63, 61480.562]","(17796.63, 63877.267]","(17796.63, 68804.286]",*
56825.7473261952,"(17796.63, 58327.197]","(17796.63, 59764.7]","(17796.63, 61480.562]","(17796.63, 63877.267]","(17796.63, 68804.286]",*
56825.808069109306,"(17796.63, 58327.197]","(17796.63, 59764.7]","(17796.63, 61480.562]","(17796.63, 63877.267]","(17796.63, 68804.286]",*
56827.21709294501,"(17796.63, 58327.197]","(17796.63, 59764.7]","(17796.63, 61480.562]","(17796.63, 63877.267]","(17796.63, 68804.286]",*
56849.221106502686,"(17796.63, 58327.197]","(17796.63, 59764.7]","(17796.63, 61480.562]","(17796.63, 63877.267]","(17796.63, 68804.286]",*
56851.083123522665,"(17796.63, 58327.197]","(17796.63, 59764.7]","(17796.63, 61480.562]","(17796.63, 63877.267]","(17796.63, 68804.286]",*
56851.99570538192,"(17796.63, 58327.197]","(17796.63, 59764.7]","(17796.63, 61480.562]","(17796.63, 63877.267]","(17796.63, 68804.286]",*
56868.10767887262,"(17796.63, 58327.197]","(17796.63, 59764.7]","(17796.63, 61480.562]","(17796.63, 63877.267]","(17796.63, 68804.286]",*
56879.8232322515,"(17796.63, 58327.197]","(17796.63, 59764.7]","(17796.63, 61480.562]","(17796.63, 63877.267]","(17796.63, 68804.286]",*
56894.402240651725,"(17796.63, 58327.197]","(17796.63, 59764.7]","(17796.63, 61480.562]","(17796.63, 63877.267]","(17796.63, 68804.286]",*
56901.09377167588,"(17796.63, 58327.197]","(17796.63, 59764.7]","(17796.63, 61480.562]","(17796.63, 63877.267]","(17796.63, 68804.286]",*
56907.13413143737,"(17796.63, 58327.197]","(17796.63, 59764.7]","(17796.63, 61480.562]","(17796.63, 63877.267]","(17796.63, 68804.286]",*
56909.83476191141,"(17796.63, 58327.197]","(17796.63, 59764.7]","(17796.63, 61480.562]","(17796.63, 63877.267]","(17796.63, 68804.286]",*
56914.4902151905,"(17796.63, 58327.197]","(17796.63, 59764.7]","(17796.63, 61480.562]","(17796.63, 63877.267]","(17796.63, 68804.286]",*
56934.46080581442,"(17796.63, 58327.197]","(17796.63, 59764.7]","(17796.63, 61480.562]","(17796.63, 63877.267]","(17796.63, 68804.286]",*
56935.329957326445,"(17796.63, 58327.197]","(17796.63, 59764.7]","(17796.63, 61480.562]","(17796.63, 63877.267]","(17796.63, 68804.286]",*
56956.34414474107,"(17796.63, 58327.197]","(17796.63, 59764.7]","(17796.63, 61480.562]","(17796.63, 63877.267]","(17796.63, 68804.286]",*
56957.835209067176,"(17796.63, 58327.197]","(17796.63, 59764.7]","(17796.63, 61480.562]","(17796.63, 63877.267]","(17796.63, 68804.286]",*
56962.4483136245,"(17796.63, 58327.197]","(17796.63, 59764.7]","(17796.63, 61480.562]","(17796.63, 63877.267]","(17796.63, 68804.286]",*
56974.47653879643,"(17796.63, 58327.197]","(17796.63, 59764.7]","(17796.63, 61480.562]","(17796.63, 63877.267]","(17796.63, 68804.286]",*
56976.546398416926,"(17796.63, 58327.197]","(17796.63, 59764.7]","(17796.63, 61480.562]","(17796.63, 63877.267]","(17796.63, 68804.286]",*
56983.90281617553,"(17796.63, 58327.197]","(17796.63, 59764.7]","(17796.63, 61480.562]","(17796.63, 63877.267]","(17796.63, 68804.286]",*
56986.83313076888,"(17796.63, 58327.197]","(17796.63, 59764.7]","(17796.63, 61480.562]","(17796.63, 63877.267]","(17796.63, 68804.286]",*
57003.109637399,"(17796.63, 58327.197]","(17796.63, 59764.7]","(17796.63, 61480.562]","(17796.63, 63877.267]","(17796.63, 68804.286]",*
57045.76576652997,"(17796.63, 58327.197]","(17796.63, 59764.7]","(17796.63, 61480.562]","(17796.63, 63877.267]","(17796.63, 68804.286]",*
57060.09627031568,"(17796.63, 58327.197]","(17796.63, 59764.7]","(17796.63, 61480.562]","(17796.63, 63877.267]","(17796.63, 68804.286]",*
57072.75343186334,"(17796.63, 58327.197]","(17796.63, 59764.7]","(17796.63, 61480.562]","(17796.63, 63877.267]","(17796.63, 68804.286]",*
57077.22933860221,"(17796.63, 58327.197]","(17796.63, 59764.7]","(17796.63, 61480.562]","(17796.63, 63877.267]","(17796.63, 68804.286]",*
57077.58030406928,"(17796.63, 58327.197]","(17796.63, 59764.7]","(17796.63, 61480.562]","(17796.63, 63877.267]","(17796.63, 68804.286]",*
57084.30101974175,"(17796.63, 58327.197]","(17796.63, 59764.7]","(17796.63, 61480.562]","(17796.63, 63877.267]","(17796.63, 68804.286]",*
57086.374594132765,"(17796.63, 58327.197]","(17796.63, 59764.7]","(17796.63, 61480.562]","(17796.63, 63877.267]","(17796.63, 68804.286]",*
57093.56379738041,"(17796.63, 58327.197]","(17796.63, 59764.7]","(17796.63, 61480.562]","(17796.63, 63877.267]","(17796.63, 68804.286]",*
57094.78148719436,"(17796.63, 58327.197]","(17796.63, 59764.7]","(17796.63, 61480.562]","(17796.63, 63877.267]","(17796.63, 68804.286]",*
57098.20239959966,"(17796.63, 58327.197]","(17796.63, 59764.7]","(17796.63, 61480.562]","(17796.63, 63877.267]","(17796.63, 68804.286]",*
57101.71705023682,"(17796.63, 58327.197]","(17796.63, 59764.7]","(17796.63, 61480.562]","(17796.63, 63877.267]","(17796.63, 68804.286]",*
57108.61844359017,"(17796.63, 58327.197]","(17796.63, 59764.7]","(17796.63, 61480.562]","(17796.63, 63877.267]","(17796.63, 68804.286]",*
57115.48368002402,"(17796.63, 58327.197]","(17796.63, 59764.7]","(17796.63, 61480.562]","(17796.63, 63877.267]","(17796.63, 68804.286]",*
57122.22483946128,"(17796.63, 58327.197]","(17796.63, 59764.7]","(17796.63, 61480.562]","(17796.63, 63877.267]","(17796.63, 68804.286]",*
57136.45576067887,"(17796.63, 58327.197]","(17796.63, 59764.7]","(17796.63, 61480.562]","(17796.63, 63877.267]","(17796.63, 68804.286]",*
57139.28977871452,"(17796.63, 58327.197]","(17796.63, 59764.7]","(17796.63, 61480.562]","(17796.63, 63877.267]","(17796.63, 68804.286]",*
57143.67881864429,"(17796.63, 58327.197]","(17796.63, 59764.7]","(17796.63, 61480.562]","(17796.63, 63877.267]","(17796.63, 68804.286]",*
57160.20224330715,"(17796.63, 58327.197]","(17796.63, 59764.7]","(17796.63, 61480.562]","(17796.63, 63877.267]","(17796.63, 68804.286]",*
57169.41546482966,"(17796.63, 58327.197]","(17796.63, 59764.7]","(17796.63, 61480.562]","(17796.63, 63877.267]","(17796.63, 68804.286]",*
57182.80245065902,"(17796.63, 58327.197]","(17796.63, 59764.7]","(17796.63, 61480.562]","(17796.63, 63877.267]","(17796.63, 68804.286]",*
57190.757547548135,"(17796.63, 58327.197]","(17796.63, 59764.7]","(17796.63, 61480.562]","(17796.63, 63877.267]","(17796.63, 68804.286]",*
57191.895611026506,"(17796.63, 58327.197]","(17796.63, 59764.7]","(17796.63, 61480.562]","(17796.63, 63877.267]","(17796.63, 68804.286]",*
57216.212817861495,"(17796.63, 58327.197]","(17796.63, 59764.7]","(17796.63, 61480.562]","(17796.63, 63877.267]","(17796.63, 68804.286]",*
57223.57389105551,"(17796.63, 58327.197]","(17796.63, 59764.7]","(17796.63, 61480.562]","(17796.63, 63877.267]","(17796.63, 68804.286]",*
57227.32403710156,"(17796.63, 58327.197]","(17796.63, 59764.7]","(17796.63, 61480.562]","(17796.63, 63877.267]","(17796.63, 68804.286]",*
57233.60849235336,"(17796.63, 58327.197]","(17796.63, 59764.7]","(17796.63, 61480.562]","(17796.63, 63877.267]","(17796.63, 68804.286]",*
57236.16688957657,"(17796.63, 58327.197]","(17796.63, 59764.7]","(17796.63, 61480.562]","(17796.63, 63877.267]","(17796.63, 68804.286]",*
57272.32796607019,"(17796.63, 58327.197]","(17796.63, 59764.7]","(17796.63, 61480.562]","(17796.63, 63877.267]","(17796.63, 68804.286]",*
57276.71909775034,"(17796.63, 58327.197]","(17796.63, 59764.7]","(17796.63, 61480.562]","(17796.63, 63877.267]","(17796.63, 68804.286]",*
57279.06357585893,"(17796.63, 58327.197]","(17796.63, 59764.7]","(17796.63, 61480.562]","(17796.63, 63877.267]","(17796.63, 68804.286]",*
57293.427400775145,"(17796.63, 58327.197]","(17796.63, 59764.7]","(17796.63, 61480.562]","(17796.63, 63877.267]","(17796.63, 68804.286]",*
57311.55412965522,"(17796.63, 58327.197]","(17796.63, 59764.7]","(17796.63, 61480.562]","(17796.63, 63877.267]","(17796.63, 68804.286]",*
57311.80814809088,"(17796.63, 58327.197]","(17796.63, 59764.7]","(17796.63, 61480.562]","(17796.63, 63877.267]","(17796.63, 68804.286]",*
57316.04260498733,"(17796.63, 58327.197]","(17796.63, 59764.7]","(17796.63, 61480.562]","(17796.63, 63877.267]","(17796.63, 68804.286]",*
57319.952660477175,"(17796.63, 58327.197]","(17796.63, 59764.7]","(17796.63, 61480.562]","(17796.63, 63877.267]","(17796.63, 68804.286]",*
57327.98859244408,"(17796.63, 58327.197]","(17796.63, 59764.7]","(17796.63, 61480.562]","(17796.63, 63877.267]","(17796.63, 68804.286]",*
57335.79077358532,"(17796.63, 58327.197]","(17796.63, 59764.7]","(17796.63, 61480.562]","(17796.63, 63877.267]","(17796.63, 68804.286]",*
57353.15435674696,"(17796.63, 58327.197]","(17796.63, 59764.7]","(17796.63, 61480.562]","(17796.63, 63877.267]","(17796.63, 68804.286]",*
57358.62333244004,"(17796.63, 58327.197]","(17796.63, 59764.7]","(17796.63, 61480.562]","(17796.63, 63877.267]","(17796.63, 68804.286]",*
57367.831887889326,"(17796.63, 58327.197]","(17796.63, 59764.7]","(17796.63, 61480.562]","(17796.63, 63877.267]","(17796.63, 68804.286]",*
57407.723412438805,"(17796.63, 58327.197]","(17796.63, 59764.7]","(17796.63, 61480.562]","(17796.63, 63877.267]","(17796.63, 68804.286]",*
57451.86827177271,"(17796.63, 58327.197]","(17796.63, 59764.7]","(17796.63, 61480.562]","(17796.63, 63877.267]","(17796.63, 68804.286]",*
57456.997164182205,"(17796.63, 58327.197]","(17796.63, 59764.7]","(17796.63, 61480.562]","(17796.63, 63877.267]","(17796.63, 68804.286]",*
57471.94316751434,"(17796.63, 58327.197]","(17796.63, 59764.7]","(17796.63, 61480.562]","(17796.63, 63877.267]","(17796.63, 68804.286]",*
57477.950762329325,"(17796.63, 58327.197]","(17796.63, 59764.7]","(17796.63, 61480.562]","(17796.63, 63877.267]","(17796.63, 68804.286]",*
57493.924570279465,"(17796.63, 58327.197]","(17796.63, 59764.7]","(17796.63, 61480.562]","(17796.63, 63877.267]","(17796.63, 68804.286]",*
57497.12815278021,"(17796.63, 58327.197]","(17796.63, 59764.7]","(17796.63, 61480.562]","(17796.63, 63877.267]","(17796.63, 68804.286]",*
57521.68550327823,"(17796.63, 58327.197]","(17796.63, 59764.7]","(17796.63, 61480.562]","(17796.63, 63877.267]","(17796.63, 68804.286]",*
57535.88765163706,"(17796.63, 58327.197]","(17796.63, 59764.7]","(17796.63, 61480.562]","(17796.63, 63877.267]","(17796.63, 68804.286]",*
57542.62567888258,"(17796.63, 58327.197]","(17796.63, 59764.7]","(17796.63, 61480.562]","(17796.63, 63877.267]","(17796.63, 68804.286]",*
57568.21705136385,"(17796.63, 58327.197]","(17796.63, 59764.7]","(17796.63, 61480.562]","(17796.63, 63877.267]","(17796.63, 68804.286]",*
57576.05395155793,"(17796.63, 58327.197]","(17796.63, 59764.7]","(17796.63, 61480.562]","(17796.63, 63877.267]","(17796.63, 68804.286]",*
57584.84524068713,"(17796.63, 58327.197]","(17796.63, 59764.7]","(17796.63, 61480.562]","(17796.63, 63877.267]","(17796.63, 68804.286]",*
57597.58094164408,"(17796.63, 58327.197]","(17796.63, 59764.7]","(17796.63, 61480.562]","(17796.63, 63877.267]","(17796.63, 68804.286]",*
57605.79911987291,"(17796.63, 58327.197]","(17796.63, 59764.7]","(17796.63, 61480.562]","(17796.63, 63877.267]","(17796.63, 68804.286]",*
57630.37364113848,"(17796.63, 58327.197]","(17796.63, 59764.7]","(17796.63, 61480.562]","(17796.63, 63877.267]","(17796.63, 68804.286]",*
57631.59790855495,"(17796.63, 58327.197]","(17796.63, 59764.7]","(17796.63, 61480.562]","(17796.63, 63877.267]","(17796.63, 68804.286]",*
57657.89955707715,"(17796.63, 58327.197]","(17796.63, 59764.7]","(17796.63, 61480.562]","(17796.63, 63877.267]","(17796.63, 68804.286]",*
57671.35291799159,"(17796.63, 58327.197]","(17796.63, 59764.7]","(17796.63, 61480.562]","(17796.63, 63877.267]","(17796.63, 68804.286]",*
57679.76016424039,"(17796.63, 58327.197]","(17796.63, 59764.7]","(17796.63, 61480.562]","(17796.63, 63877.267]","(17796.63, 68804.286]",*
57683.84761528829,"(17796.63, 58327.197]","(17796.63, 59764.7]","(17796.63, 61480.562]","(17796.63, 63877.267]","(17796.63, 68804.286]",*
57684.52668641196,"(17796.63, 58327.197]","(17796.63, 59764.7]","(17796.63, 61480.562]","(17796.63, 63877.267]","(17796.63, 68804.286]",*
57688.27413876276,"(17796.63, 58327.197]","(17796.63, 59764.7]","(17796.63, 61480.562]","(17796.63, 63877.267]","(17796.63, 68804.286]",*
57697.07537902082,"(17796.63, 58327.197]","(17796.63, 59764.7]","(17796.63, 61480.562]","(17796.63, 63877.267]","(17796.63, 68804.286]",*
57699.65848122407,"(17796.63, 58327.197]","(17796.63, 59764.7]","(17796.63, 61480.562]","(17796.63, 63877.267]","(17796.63, 68804.286]",*
57714.75253464831,"(17796.63, 58327.197]","(17796.63, 59764.7]","(17796.63, 61480.562]","(17796.63, 63877.267]","(17796.63, 68804.286]",*
57715.539886717765,"(17796.63, 58327.197]","(17796.63, 59764.7]","(17796.63, 61480.562]","(17796.63, 63877.267]","(17796.63, 68804.286]",*
57730.32200393103,"(17796.63, 58327.197]","(17796.63, 59764.7]","(17796.63, 61480.562]","(17796.63, 63877.267]","(17796.63, 68804.286]",*
57736.42838873369,"(17796.63, 58327.197]","(17796.63, 59764.7]","(17796.63, 61480.562]","(17796.63, 63877.267]","(17796.63, 68804.286]",*
57759.76527895459,"(17796.63, 58327.197]","(17796.63, 59764.7]","(17796.63, 61480.562]","(17796.63, 63877.267]","(17796.63, 68804.286]",*
57782.05702843053,"(17796.63, 58327.197]","(17796.63, 59764.7]","(17796.63, 61480.562]","(17796.63, 63877.267]","(17796.63, 68804.286]",*
57782.41707710912,"(17796.63, 58327.197]","(17796.63, 59764.7]","(17796.63, 61480.562]","(17796.63, 63877.267]","(17796.63, 68804.286]",*
57812.84383253772,"(17796.63, 58327.197]","(17796.63, 59764.7]","(17796.63, 61480.562]","(17796.63, 63877.267]","(17796.63, 68804.286]",*
57814.84583008276,"(17796.63, 58327.197]","(17796.63, 59764.7]","(17796.63, 61480.562]","(17796.63, 63877.267]","(17796.63, 68804.286]",*
57818.79941066572,"(17796.63, 58327.197]","(17796.63, 59764.7]","(17796.63, 61480.562]","(17796.63, 63877.267]","(17796.63, 68804.286]",*
57824.96714643584,"(17796.63, 58327.197]","(17796.63, 59764.7]","(17796.63, 61480.562]","(17796.63, 63877.267]","(17796.63, 68804.286]",*
57838.74462834478,"(17796.63, 58327.197]","(17796.63, 59764.7]","(17796.63, 61480.562]","(17796.63, 63877.267]","(17796.63, 68804.286]",*
57847.31706679789,"(17796.63, 58327.197]","(17796.63, 59764.7]","(17796.63, 61480.562]","(17796.63, 63877.267]","(17796.63, 68804.286]",*
57849.54551187025,"(17796.63, 58327.197]","(17796.63, 59764.7]","(17796.63, 61480.562]","(17796.63, 63877.267]","(17796.63, 68804.286]",*
57852.03331033506,"(17796.63, 58327.197]","(17796.63, 59764.7]","(17796.63, 61480.562]","(17796.63, 63877.267]","(17796.63, 68804.286]",*
57853.33019600966,"(17796.63, 58327.197]","(17796.63, 59764.7]","(17796.63, 61480.562]","(17796.63, 63877.267]","(17796.63, 68804.286]",*
57855.6913556536,"(17796.63, 58327.197]","(17796.63, 59764.7]","(17796.63, 61480.562]","(17796.63, 63877.267]","(17796.63, 68804.286]",*
57868.26663232143,"(17796.63, 58327.197]","(17796.63, 59764.7]","(17796.63, 61480.562]","(17796.63, 63877.267]","(17796.63, 68804.286]",*
57869.26847957714,"(17796.63, 58327.197]","(17796.63, 59764.7]","(17796.63, 61480.562]","(17796.63, 63877.267]","(17796.63, 68804.286]",*
57869.984491821895,"(17796.63, 58327.197]","(17796.63, 59764.7]","(17796.63, 61480.562]","(17796.63, 63877.267]","(17796.63, 68804.286]",*
57873.65898220737,"(17796.63, 58327.197]","(17796.63, 59764.7]","(17796.63, 61480.562]","(17796.63, 63877.267]","(17796.63, 68804.286]",*
57876.99536422139,"(17796.63, 58327.197]","(17796.63, 59764.7]","(17796.63, 61480.562]","(17796.63, 63877.267]","(17796.63, 68804.286]",*
57880.64440980519,"(17796.63, 58327.197]","(17796.63, 59764.7]","(17796.63, 61480.562]","(17796.63, 63877.267]","(17796.63, 68804.286]",*
57889.32984183588,"(17796.63, 58327.197]","(17796.63, 59764.7]","(17796.63, 61480.562]","(17796.63, 63877.267]","(17796.63, 68804.286]",*
57896.603212875925,"(17796.63, 58327.197]","(17796.63, 59764.7]","(17796.63, 61480.562]","(17796.63, 63877.267]","(17796.63, 68804.286]",*
57905.49947401813,"(17796.63, 58327.197]","(17796.63, 59764.7]","(17796.63, 61480.562]","(17796.63, 63877.267]","(17796.63, 68804.286]",*
57925.00216559993,"(17796.63, 58327.197]","(17796.63, 59764.7]","(17796.63, 61480.562]","(17796.63, 63877.267]","(17796.63, 68804.286]",*
57925.044699705744,"(17796.63, 58327.197]","(17796.63, 59764.7]","(17796.63, 61480.562]","(17796.63, 63877.267]","(17796.63, 68804.286]",*
57942.29220789909,"(17796.63, 58327.197]","(17796.63, 59764.7]","(17796.63, 61480.562]","(17796.63, 63877.267]","(17796.63, 68804.286]",*
57944.6574101782,"(17796.63, 58327.197]","(17796.63, 59764.7]","(17796.63, 61480.562]","(17796.63, 63877.267]","(17796.63, 68804.286]",*
57945.32297725847,"(17796.63, 58327.197]","(17796.63, 59764.7]","(17796.63, 61480.562]","(17796.63, 63877.267]","(17796.63, 68804.286]",*
57972.41595068488,"(17796.63, 58327.197]","(17796.63, 59764.7]","(17796.63, 61480.562]","(17796.63, 63877.267]","(17796.63, 68804.286]",*
57972.56183199942,"(17796.63, 58327.197]","(17796.63, 59764.7]","(17796.63, 61480.562]","(17796.63, 63877.267]","(17796.63, 68804.286]",*
57979.00052959393,"(17796.63, 58327.197]","(17796.63, 59764.7]","(17796.63, 61480.562]","(17796.63, 63877.267]","(17796.63, 68804.286]",*
57980.95419019497,"(17796.63, 58327.197]","(17796.63, 59764.7]","(17796.63, 61480.562]","(17796.63, 63877.267]","(17796.63, 68804.286]",*
57982.78547696122,"(17796.63, 58327.197]","(17796.63, 59764.7]","(17796.63, 61480.562]","(17796.63, 63877.267]","(17796.63, 68804.286]",*
57996.66740562811,"(17796.63, 58327.197]","(17796.63, 59764.7]","(17796.63, 61480.562]","(17796.63, 63877.267]","(17796.63, 68804.286]",*
58002.71530807543,"(17796.63, 58327.197]","(17796.63, 59764.7]","(17796.63, 61480.562]","(17796.63, 63877.267]","(17796.63, 68804.286]",*
58004.27090300247,"(17796.63, 58327.197]","(17796.63, 59764.7]","(17796.63, 61480.562]","(17796.63, 63877.267]","(17796.63, 68804.286]",*
58039.996909504414,"(17796.63, 58327.197]","(17796.63, 59764.7]","(17796.63, 61480.562]","(17796.63, 63877.267]","(17796.63, 68804.286]",*
58054.099477659074,"(17796.63, 58327.197]","(17796.63, 59764.7]","(17796.63, 61480.562]","(17796.63, 63877.267]","(17796.63, 68804.286]",*
58068.9055006092,"(17796.63, 58327.197]","(17796.63, 59764.7]","(17796.63, 61480.562]","(17796.63, 63877.267]","(17796.63, 68804.286]",*
58083.43234335716,"(17796.63, 58327.197]","(17796.63, 59764.7]","(17796.63, 61480.562]","(17796.63, 63877.267]","(17796.63, 68804.286]",*
58088.43812962346,"(17796.63, 58327.197]","(17796.63, 59764.7]","(17796.63, 61480.562]","(17796.63, 63877.267]","(17796.63, 68804.286]",*
58097.841822991024,"(17796.63, 58327.197]","(17796.63, 59764.7]","(17796.63, 61480.562]","(17796.63, 63877.267]","(17796.63, 68804.286]",*
58098.04983671045,"(17796.63, 58327.197]","(17796.63, 59764.7]","(17796.63, 61480.562]","(17796.63, 63877.267]","(17796.63, 68804.286]",*
58099.53711926696,"(17796.63, 58327.197]","(17796.63, 59764.7]","(17796.63, 61480.562]","(17796.63, 63877.267]","(17796.63, 68804.286]",*
58108.48878118201,"(17796.63, 58327.197]","(17796.63, 59764.7]","(17796.63, 61480.562]","(17796.63, 63877.267]","(17796.63, 68804.286]",*
58110.57428844892,"(17796.63, 58327.197]","(17796.63, 59764.7]","(17796.63, 61480.562]","(17796.63, 63877.267]","(17796.63, 68804.286]",*
58118.01816079887,"(17796.63, 58327.197]","(17796.63, 59764.7]","(17796.63, 61480.562]","(17796.63, 63877.267]","(17796.63, 68804.286]",*
58124.42346079359,"(17796.63, 58327.197]","(17796.63, 59764.7]","(17796.63, 61480.562]","(17796.63, 63877.267]","(17796.63, 68804.286]",*
58140.94031695973,"(17796.63, 58327.197]","(17796.63, 59764.7]","(17796.63, 61480.562]","(17796.63, 63877.267]","(17796.63, 68804.286]",*
58153.22929612291,"(17796.63, 58327.197]","(17796.63, 59764.7]","(17796.63, 61480.562]","(17796.63, 63877.267]","(17796.63, 68804.286]",*
58159.41778429287,"(17796.63, 58327.197]","(17796.63, 59764.7]","(17796.63, 61480.562]","(17796.63, 63877.267]","(17796.63, 68804.286]",*
58161.03740798478,"(17796.63, 58327.197]","(17796.63, 59764.7]","(17796.63, 61480.562]","(17796.63, 63877.267]","(17796.63, 68804.286]",*
58180.419395314726,"(17796.63, 58327.197]","(17796.63, 59764.7]","(17796.63, 61480.562]","(17796.63, 63877.267]","(17796.63, 68804.286]",*
58182.06086980356,"(17796.63, 58327.197]","(17796.63, 59764.7]","(17796.63, 61480.562]","(17796.63, 63877.267]","(17796.63, 68804.286]",*
58187.04940380749,"(17796.63, 58327.197]","(17796.63, 59764.7]","(17796.63, 61480.562]","(17796.63, 63877.267]","(17796.63, 68804.286]",*
58188.18628616545,"(17796.63, 58327.197]","(17796.63, 59764.7]","(17796.63, 61480.562]","(17796.63, 63877.267]","(17796.63, 68804.286]",*
58195.28921296115,"(17796.63, 58327.197]","(17796.63, 59764.7]","(17796.63, 61480.562]","(17796.63, 63877.267]","(17796.63, 68804.286]",*
58197.79789042841,"(17796.63, 58327.197]","(17796.63, 59764.7]","(17796.63, 61480.562]","(17796.63, 63877.267]","(17796.63, 68804.286]",*
58198.03231197376,"(17796.63, 58327.197]","(17796.63, 59764.7]","(17796.63, 61480.562]","(17796.63, 63877.267]","(17796.63, 68804.286]",*
58204.2230858121,"(17796.63, 58327.197]","(17796.63, 59764.7]","(17796.63, 61480.562]","(17796.63, 63877.267]","(17796.63, 68804.286]",*
58229.76852938537,"(17796.63, 58327.197]","(17796.63, 59764.7]","(17796.63, 61480.562]","(17796.63, 63877.267]","(17796.63, 68804.286]",*
58260.78674331324,"(17796.63, 58327.197]","(17796.63, 59764.7]","(17796.63, 61480.562]","(17796.63, 63877.267]","(17796.63, 68804.286]",*
58272.92971964386,"(17796.63, 58327.197]","(17796.63, 59764.7]","(17796.63, 61480.562]","(17796.63, 63877.267]","(17796.63, 68804.286]",*
58276.58119072122,"(17796.63, 58327.197]","(17796.63, 59764.7]","(17796.63, 61480.562]","(17796.63, 63877.267]","(17796.63, 68804.286]",*
58282.10007983281,"(17796.63, 58327.197]","(17796.63, 59764.7]","(17796.63, 61480.562]","(17796.63, 63877.267]","(17796.63, 68804.286]",*
58293.43194408631,"(17796.63, 58327.197]","(17796.63, 59764.7]","(17796.63, 61480.562]","(17796.63, 63877.267]","(17796.63, 68804.286]",*
58299.82602603136,"(17796.63, 58327.197]","(17796.63, 59764.7]","(17796.63, 61480.562]","(17796.63, 63877.267]","(17796.63, 68804.286]",*
58301.73271863149,"(17796.63, 58327.197]","(17796.63, 59764.7]","(17796.63, 61480.562]","(17796.63, 63877.267]","(17796.63, 68804.286]",*
58307.727881242616,"(17796.63, 58327.197]","(17796.63, 59764.7]","(17796.63, 61480.562]","(17796.63, 63877.267]","(17796.63, 68804.286]",*
58308.66826484287,"(17796.63, 58327.197]","(17796.63, 59764.7]","(17796.63, 61480.562]","(17796.63, 63877.267]","(17796.63, 68804.286]",*
58318.86149997888,"(17796.63, 58327.197]","(17796.63, 59764.7]","(17796.63, 61480.562]","(17796.63, 63877.267]","(17796.63, 68804.286]",*
58321.568955462986,"(17796.63, 58327.197]","(17796.63, 59764.7]","(17796.63, 61480.562]","(17796.63, 63877.267]","(17796.63, 68804.286]",*
58325.69569253606,"(17796.63, 58327.197]","(17796.63, 59764.7]","(17796.63, 61480.562]","(17796.63, 63877.267]","(17796.63, 68804.286]",*
58334.70599928874,"(58327.197, 63877.267]","(17796.63, 59764.7]","(17796.63, 61480.562]","(17796.63, 63877.267]","(17796.63, 68804.286]",*
58337.23048938103,"(58327.197, 63877.267]","(17796.63, 59764.7]","(17796.63, 61480.562]","(17796.63, 63877.267]","(17796.63, 68804.286]",*
58342.36779165094,"(58327.197, 63877.267]","(17796.63, 59764.7]","(17796.63, 61480.562]","(17796.63, 63877.267]","(17796.63, 68804.286]",*
58348.79711094002,"(58327.197, 63877.267]","(17796.63, 59764.7]","(17796.63, 61480.562]","(17796.63, 63877.267]","(17796.63, 68804.286]",*
58354.574084515225,"(58327.197, 63877.267]","(17796.63, 59764.7]","(17796.63, 61480.562]","(17796.63, 63877.267]","(17796.63, 68804.286]",*
58367.69006455576,"(58327.197, 63877.267]","(17796.63, 59764.7]","(17796.63, 61480.562]","(17796.63, 63877.267]","(17796.63, 68804.286]",*
58385.215373440726,"(58327.197, 63877.267]","(17796.63, 59764.7]","(17796.63, 61480.562]","(17796.63, 63877.267]","(17796.63, 68804.286]",*
58387.211493226976,"(58327.197, 63877.267]","(17796.63, 59764.7]","(17796.63, 61480.562]","(17796.63, 63877.267]","(17796.63, 68804.286]",*
58387.97658336918,"(58327.197, 63877.267]","(17796.63, 59764.7]","(17796.63, 61480.562]","(17796.63, 63877.267]","(17796.63, 68804.286]",*
58410.57191009049,"(58327.197, 63877.267]","(17796.63, 59764.7]","(17796.63, 61480.562]","(17796.63, 63877.267]","(17796.63, 68804.286]",*
58412.28304924992,"(58327.197, 63877.267]","(17796.63, 59764.7]","(17796.63, 61480.562]","(17796.63, 63877.267]","(17796.63, 68804.286]",*
58435.259411301326,"(58327.197, 63877.267]","(17796.63, 59764.7]","(17796.63, 61480.562]","(17796.63, 63877.267]","(17796.63, 68804.286]",*
58464.30507054497,"(58327.197, 63877.267]","(17796.63, 59764.7]","(17796.63, 61480.562]","(17796.63, 63877.267]","(17796.63, 68804.286]",*
58469.91220251151,"(58327.197, 63877.267]","(17796.63, 59764.7]","(17796.63, 61480.562]","(17796.63, 63877.267]","(17796.63, 68804.286]",*
58494.3981074309,"(58327.197, 63877.267]","(17796.63, 59764.7]","(17796.63, 61480.562]","(17796.63, 63877.267]","(17796.63, 68804.286]",*
58511.34988070987,"(58327.197, 63877.267]","(17796.63, 59764.7]","(17796.63, 61480.562]","(17796.63, 63877.267]","(17796.63, 68804.286]",*
58515.946090064426,"(58327.197, 63877.267]","(17796.63, 59764.7]","(17796.63, 61480.562]","(17796.63, 63877.267]","(17796.63, 68804.286]",*
58517.06201202815,"(58327.197, 63877.267]","(17796.63, 59764.7]","(17796.63, 61480.562]","(17796.63, 63877.267]","(17796.63, 68804.286]",*
58518.00019496588,"(58327.197, 63877.267]","(17796.63, 59764.7]","(17796.63, 61480.562]","(17796.63, 63877.267]","(17796.63, 68804.286]",*
58521.89628414277,"(58327.197, 63877.267]","(17796.63, 59764.7]","(17796.63, 61480.562]","(17796.63, 63877.267]","(17796.63, 68804.286]",*
58533.13639493816,"(58327.197, 63877.267]","(17796.63, 59764.7]","(17796.63, 61480.562]","(17796.63, 63877.267]","(17796.63, 68804.286]",*
58544.460298238766,"(58327.197, 63877.267]","(17796.63, 59764.7]","(17796.63, 61480.562]","(17796.63, 63877.267]","(17796.63, 68804.286]",*
58547.8869645176,"(58327.197, 63877.267]","(17796.63, 59764.7]","(17796.63, 61480.562]","(17796.63, 63877.267]","(17796.63, 68804.286]",*
58557.13128151206,"(58327.197, 63877.267]","(17796.63, 59764.7]","(17796.63, 61480.562]","(17796.63, 63877.267]","(17796.63, 68804.286]",*
58566.3997230001,"(58327.197, 63877.267]","(17796.63, 59764.7]","(17796.63, 61480.562]","(17796.63, 63877.267]","(17796.63, 68804.286]",*
58566.84936342057,"(58327.197, 63877.267]","(17796.63, 59764.7]","(17796.63, 61480.562]","(17796.63, 63877.267]","(17796.63, 68804.286]",*
58568.6284597205,"(58327.197, 63877.267]","(17796.63, 59764.7]","(17796.63, 61480.562]","(17796.63, 63877.267]","(17796.63, 68804.286]",*
58583.508449334375,"(58327.197, 63877.267]","(17796.63, 59764.7]","(17796.63, 61480.562]","(17796.63, 63877.267]","(17796.63, 68804.286]",*
58585.096019171135,"(58327.197, 63877.267]","(17796.63, 59764.7]","(17796.63, 61480.562]","(17796.63, 63877.267]","(17796.63, 68804.286]",*
58593.447916801175,"(58327.197, 63877.267]","(17796.63, 59764.7]","(17796.63, 61480.562]","(17796.63, 63877.267]","(17796.63, 68804.286]",*
58593.79403506247,"(58327.197, 63877.267]","(17796.63, 59764.7]","(17796.63, 61480.562]","(17796.63, 63877.267]","(17796.63, 68804.286]",*
58599.61560003941,"(58327.197, 63877.267]","(17796.63, 59764.7]","(17796.63, 61480.562]","(17796.63, 63877.267]","(17796.63, 68804.286]",*
58615.14560209913,"(58327.197, 63877.267]","(17796.63, 59764.7]","(17796.63, 61480.562]","(17796.63, 63877.267]","(17796.63, 68804.286]",*
58624.12916683832,"(58327.197, 63877.267]","(17796.63, 59764.7]","(17796.63, 61480.562]","(17796.63, 63877.267]","(17796.63, 68804.286]",*
58642.311222216034,"(58327.197, 63877.267]","(17796.63, 59764.7]","(17796.63, 61480.562]","(17796.63, 63877.267]","(17796.63, 68804.286]",*
58651.712328973525,"(58327.197, 63877.267]","(17796.63, 59764.7]","(17796.63, 61480.562]","(17796.63, 63877.267]","(17796.63, 68804.286]",*
58655.8540968338,"(58327.197, 63877.267]","(17796.63, 59764.7]","(17796.63, 61480.562]","(17796.63, 63877.267]","(17796.63, 68804.286]",*
58660.89241166791,"(58327.197, 63877.267]","(17796.63, 59764.7]","(17796.63, 61480.562]","(17796.63, 63877.267]","(17796.63, 68804.286]",*
58661.55679518304,"(58327.197, 63877.267]","(17796.63, 59764.7]","(17796.63, 61480.562]","(17796.63, 63877.267]","(17796.63, 68804.286]",*
58666.22577038457,"(58327.197, 63877.267]","(17796.63, 59764.7]","(17796.63, 61480.562]","(17796.63, 63877.267]","(17796.63, 68804.286]",*
58676.411529442215,"(58327.197, 63877.267]","(17796.63, 59764.7]","(17796.63, 61480.562]","(17796.63, 63877.267]","(17796.63, 68804.286]",*
58687.10129843845,"(58327.197, 63877.267]","(17796.63, 59764.7]","(17796.63, 61480.562]","(17796.63, 63877.267]","(17796.63, 68804.286]",*
58694.51501745032,"(58327.197, 63877.267]","(17796.63, 59764.7]","(17796.63, 61480.562]","(17796.63, 63877.267]","(17796.63, 68804.286]",*
58696.592981359856,"(58327.197, 63877.267]","(17796.63, 59764.7]","(17796.63, 61480.562]","(17796.63, 63877.267]","(17796.63, 68804.286]",*
58708.417156740135,"(58327.197, 63877.267]","(17796.63, 59764.7]","(17796.63, 61480.562]","(17796.63, 63877.267]","(17796.63, 68804.286]",*
58714.48145280116,"(58327.197, 63877.267]","(17796.63, 59764.7]","(17796.63, 61480.562]","(17796.63, 63877.267]","(17796.63, 68804.286]",*
58719.36048816596,"(58327.197, 63877.267]","(17796.63, 59764.7]","(17796.63, 61480.562]","(17796.63, 63877.267]","(17796.63, 68804.286]",*
58725.63185123224,"(58327.197, 63877.267]","(17796.63, 59764.7]","(17796.63, 61480.562]","(17796.63, 63877.267]","(17796.63, 68804.286]",*
58726.529211190136,"(58327.197, 63877.267]","(17796.63, 59764.7]","(17796.63, 61480.562]","(17796.63, 63877.267]","(17796.63, 68804.286]",*
58756.18233289295,"(58327.197, 63877.267]","(17796.63, 59764.7]","(17796.63, 61480.562]","(17796.63, 63877.267]","(17796.63, 68804.286]",*
58765.040195475936,"(58327.197, 63877.267]","(17796.63, 59764.7]","(17796.63, 61480.562]","(17796.63, 63877.267]","(17796.63, 68804.286]",*
58779.08967347232,"(58327.197, 63877.267]","(17796.63, 59764.7]","(17796.63, 61480.562]","(17796.63, 63877.267]","(17796.63, 68804.286]",*
58800.90877020173,"(58327.197, 63877.267]","(17796.63, 59764.7]","(17796.63, 61480.562]","(17796.63, 63877.267]","(17796.63, 68804.286]",*
58806.40965896472,"(58327.197, 63877.267]","(17796.63, 59764.7]","(17796.63, 61480.562]","(17796.63, 63877.267]","(17796.63, 68804.286]",*
58822.04320816885,"(58327.197, 63877.267]","(17796.63, 59764.7]","(17796.63, 61480.562]","(17796.63, 63877.267]","(17796.63, 68804.286]",*
58823.0501930945,"(58327.197, 63877.267]","(17796.63, 59764.7]","(17796.63, 61480.562]","(17796.63, 63877.267]","(17796.63, 68804.286]",*
58828.041627073486,"(58327.197, 63877.267]","(17796.63, 59764.7]","(17796.63, 61480.562]","(17796.63, 63877.267]","(17796.63, 68804.286]",*
58829.373329434806,"(58327.197, 63877.267]","(17796.63, 59764.7]","(17796.63, 61480.562]","(17796.63, 63877.267]","(17796.63, 68804.286]",*
58832.50403979517,"(58327.197, 63877.267]","(17796.63, 59764.7]","(17796.63, 61480.562]","(17796.63, 63877.267]","(17796.63, 68804.286]",*
58841.14292354737,"(58327.197, 63877.267]","(17796.63, 59764.7]","(17796.63, 61480.562]","(17796.63, 63877.267]","(17796.63, 68804.286]",*
58846.31649767901,"(58327.197, 63877.267]","(17796.63, 59764.7]","(17796.63, 61480.562]","(17796.63, 63877.267]","(17796.63, 68804.286]",*
58846.48744775696,"(58327.197, 63877.267]","(17796.63, 59764.7]","(17796.63, 61480.562]","(17796.63, 63877.267]","(17796.63, 68804.286]",*
58858.02165289843,"(58327.197, 63877.267]","(17796.63, 59764.7]","(17796.63, 61480.562]","(17796.63, 63877.267]","(17796.63, 68804.286]",*
58871.790007632255,"(58327.197, 63877.267]","(17796.63, 59764.7]","(17796.63, 61480.562]","(17796.63, 63877.267]","(17796.63, 68804.286]",*
58874.27384348153,"(58327.197, 63877.267]","(17796.63, 59764.7]","(17796.63, 61480.562]","(17796.63, 63877.267]","(17796.63, 68804.286]",*
58895.330953598605,"(58327.197, 63877.267]","(17796.63, 59764.7]","(17796.63, 61480.562]","(17796.63, 63877.267]","(17796.63, 68804.286]",*
58909.31343643182,"(58327.197, 63877.267]","(17796.63, 59764.7]","(17796.63, 61480.562]","(17796.63, 63877.267]","(17796.63, 68804.286]",*
58913.30314891577,"(58327.197, 63877.267]","(17796.63, 59764.7]","(17796.63, 61480.562]","(17796.63, 63877.267]","(17796.63, 68804.286]",*
58914.48624137926,"(58327.197, 63877.267]","(17796.63, 59764.7]","(17796.63, 61480.562]","(17796.63, 63877.267]","(17796.63, 68804.286]",*
58927.57935858457,"(58327.197, 63877.267]","(17796.63, 59764.7]","(17796.63, 61480.562]","(17796.63, 63877.267]","(17796.63, 68804.286]",*
58945.5069995847,"(58327.197, 63877.267]","(17796.63, 59764.7]","(17796.63, 61480.562]","(17796.63, 63877.267]","(17796.63, 68804.286]",*
58956.261848603615,"(58327.197, 63877.267]","(17796.63, 59764.7]","(17796.63, 61480.562]","(17796.63, 63877.267]","(17796.63, 68804.286]",*
58968.028469052224,"(58327.197, 63877.267]","(17796.63, 59764.7]","(17796.63, 61480.562]","(17796.63, 63877.267]","(17796.63, 68804.286]",*
58970.57956655696,"(58327.197, 63877.267]","(17796.63, 59764.7]","(17796.63, 61480.562]","(17796.63, 63877.267]","(17796.63, 68804.286]",*
58978.22219070776,"(58327.197, 63877.267]","(17796.63, 59764.7]","(17796.63, 61480.562]","(17796.63, 63877.267]","(17796.63, 68804.286]",*
59007.67323169443,"(58327.197, 63877.267]","(17796.63, 59764.7]","(17796.63, 61480.562]","(17796.63, 63877.267]","(17796.63, 68804.286]",*
59013.40347012577,"(58327.197, 63877.267]","(17796.63, 59764.7]","(17796.63, 61480.562]","(17796.63, 63877.267]","(17796.63, 68804.286]",*
59024.710661669495,"(58327.197, 63877.267]","(17796.63, 59764.7]","(17796.63, 61480.562]","(17796.63, 63877.267]","(17796.63, 68804.286]",*
59030.172549920215,"(58327.197, 63877.267]","(17796.63, 59764.7]","(17796.63, 61480.562]","(17796.63, 63877.267]","(17796.63, 68804.286]",*
59035.95179214933,"(58327.197, 63877.267]","(17796.63, 59764.7]","(17796.63, 61480.562]","(17796.63, 63877.267]","(17796.63, 68804.286]",*
59037.609238296136,"(58327.197, 63877.267]","(17796.63, 59764.7]","(17796.63, 61480.562]","(17796.63, 63877.267]","(17796.63, 68804.286]",*
59042.577062215896,"(58327.197, 63877.267]","(17796.63, 59764.7]","(17796.63, 61480.562]","(17796.63, 63877.267]","(17796.63, 68804.286]",*
59046.44423103093,"(58327.197, 63877.267]","(17796.63, 59764.7]","(17796.63, 61480.562]","(17796.63, 63877.267]","(17796.63, 68804.286]",*
59047.80267972599,"(58327.197, 63877.267]","(17796.63, 59764.7]","(17796.63, 61480.562]","(17796.63, 63877.267]","(17796.63, 68804.286]",*
59048.752190991865,"(58327.197, 63877.267]","(17796.63, 59764.7]","(17796.63, 61480.562]","(17796.63, 63877.267]","(17796.63, 68804.286]",*
59050.53429258117,"(58327.197, 63877.267]","(17796.63, 59764.7]","(17796.63, 61480.562]","(17796.63, 63877.267]","(17796.63, 68804.286]",*
59054.130259183046,"(58327.197, 63877.267]","(17796.63, 59764.7]","(17796.63, 61480.562]","(17796.63, 63877.267]","(17796.63, 68804.286]",*
59060.69827737125,"(58327.197, 63877.267]","(17796.63, 59764.7]","(17796.63, 61480.562]","(17796.63, 63877.267]","(17796.63, 68804.286]",*
59078.514287125945,"(58327.197, 63877.267]","(17796.63, 59764.7]","(17796.63, 61480.562]","(17796.63, 63877.267]","(17796.63, 68804.286]",*
59081.98555230439,"(58327.197, 63877.267]","(17796.63, 59764.7]","(17796.63, 61480.562]","(17796.63, 63877.267]","(17796.63, 68804.286]",*
59082.00095238604,"(58327.197, 63877.267]","(17796.63, 59764.7]","(17796.63, 61480.562]","(17796.63, 63877.267]","(17796.63, 68804.286]",*
59084.72519507668,"(58327.197, 63877.267]","(17796.63, 59764.7]","(17796.63, 61480.562]","(17796.63, 63877.267]","(17796.63, 68804.286]",*
59107.28758465267,"(58327.197, 63877.267]","(17796.63, 59764.7]","(17796.63, 61480.562]","(17796.63, 63877.267]","(17796.63, 68804.286]",*
59110.58118010373,"(58327.197, 63877.267]","(17796.63, 59764.7]","(17796.63, 61480.562]","(17796.63, 63877.267]","(17796.63, 68804.286]",*
59114.196108359385,"(58327.197, 63877.267]","(17796.63, 59764.7]","(17796.63, 61480.562]","(17796.63, 63877.267]","(17796.63, 68804.286]",*
59119.586318125126,"(58327.197, 63877.267]","(17796.63, 59764.7]","(17796.63, 61480.562]","(17796.63, 63877.267]","(17796.63, 68804.286]",*
59124.12487855777,"(58327.197, 63877.267]","(17796.63, 59764.7]","(17796.63, 61480.562]","(17796.63, 63877.267]","(17796.63, 68804.286]",*
59128.31877466794,"(58327.197, 63877.267]","(17796.63, 59764.7]","(17796.63, 61480.562]","(17796.63, 63877.267]","(17796.63, 68804.286]",*
59141.79644225853,"(58327.197, 63877.267]","(17796.63, 59764.7]","(17796.63, 61480.562]","(17796.63, 63877.267]","(17796.63, 68804.286]",*
59154.68474443329,"(58327.197, 63877.267]","(17796.63, 59764.7]","(17796.63, 61480.562]","(17796.63, 63877.267]","(17796.63, 68804.286]",*
59160.093351941774,"(58327.197, 63877.267]","(17796.63, 59764.7]","(17796.63, 61480.562]","(17796.63, 63877.267]","(17796.63, 68804.286]",*
59167.63539574428,"(58327.197, 63877.267]","(17796.63, 59764.7]","(17796.63, 61480.562]","(17796.63, 63877.267]","(17796.63, 68804.286]",*
59179.86860424145,"(58327.197, 63877.267]","(17796.63, 59764.7]","(17796.63, 61480.562]","(17796.63, 63877.267]","(17796.63, 68804.286]",*
59195.32586541853,"(58327.197, 63877.267]","(17796.63, 59764.7]","(17796.63, 61480.562]","(17796.63, 63877.267]","(17796.63, 68804.286]",*
59200.25435857213,"(58327.197, 63877.267]","(17796.63, 59764.7]","(17796.63, 61480.562]","(17796.63, 63877.267]","(17796.63, 68804.286]",*
59206.165265361815,"(58327.197, 63877.267]","(17796.63, 59764.7]","(17796.63, 61480.562]","(17796.63, 63877.267]","(17796.63, 68804.286]",*
59243.29763001673,"(58327.197, 63877.267]","(17796.63, 59764.7]","(17796.63, 61480.562]","(17796.63, 63877.267]","(17796.63, 68804.286]",*
59256.07294638072,"(58327.197, 63877.267]","(17796.63, 59764.7]","(17796.63, 61480.562]","(17796.63, 63877.267]","(17796.63, 68804.286]",*
59260.861584749786,"(58327.197, 63877.267]","(17796.63, 59764.7]","(17796.63, 61480.562]","(17796.63, 63877.267]","(17796.63, 68804.286]",*
59273.4223358332,"(58327.197, 63877.267]","(17796.63, 59764.7]","(17796.63, 61480.562]","(17796.63, 63877.267]","(17796.63, 68804.286]",*
59278.94588950132,"(58327.197, 63877.267]","(17796.63, 59764.7]","(17796.63, 61480.562]","(17796.63, 63877.267]","(17796.63, 68804.286]",*
59289.68479032783,"(58327.197, 63877.267]","(17796.63, 59764.7]","(17796.63, 61480.562]","(17796.63, 63877.267]","(17796.63, 68804.286]",*
59295.68011343187,"(58327.197, 63877.267]","(17796.63, 59764.7]","(17796.63, 61480.562]","(17796.63, 63877.267]","(17796.63, 68804.286]",*
59302.22957569153,"(58327.197, 63877.267]","(17796.63, 59764.7]","(17796.63, 61480.562]","(17796.63, 63877.267]","(17796.63, 68804.286]",*
59303.82319209004,"(58327.197, 63877.267]","(17796.63, 59764.7]","(17796.63, 61480.562]","(17796.63, 63877.267]","(17796.63, 68804.286]",*
59306.92663127496,"(58327.197, 63877.267]","(17796.63, 59764.7]","(17796.63, 61480.562]","(17796.63, 63877.267]","(17796.63, 68804.286]",*
59314.78847596273,"(58327.197, 63877.267]","(17796.63, 59764.7]","(17796.63, 61480.562]","(17796.63, 63877.267]","(17796.63, 68804.286]",*
59323.79209970036,"(58327.197, 63877.267]","(17796.63, 59764.7]","(17796.63, 61480.562]","(17796.63, 63877.267]","(17796.63, 68804.286]",*
59331.06893845069,"(58327.197, 63877.267]","(17796.63, 59764.7]","(17796.63, 61480.562]","(17796.63, 63877.267]","(17796.63, 68804.286]",*
59348.6272107622,"(58327.197, 63877.267]","(17796.63, 59764.7]","(17796.63, 61480.562]","(17796.63, 63877.267]","(17796.63, 68804.286]",*
59362.76638285366,"(58327.197, 63877.267]","(17796.63, 59764.7]","(17796.63, 61480.562]","(17796.63, 63877.267]","(17796.63, 68804.286]",*
59375.1869948062,"(58327.197, 63877.267]","(17796.63, 59764.7]","(17796.63, 61480.562]","(17796.63, 63877.267]","(17796.63, 68804.286]",*
59378.44837955445,"(58327.197, 63877.267]","(17796.63, 59764.7]","(17796.63, 61480.562]","(17796.63, 63877.267]","(17796.63, 68804.286]",*
59390.34682359003,"(58327.197, 63877.267]","(17796.63, 59764.7]","(17796.63, 61480.562]","(17796.63, 63877.267]","(17796.63, 68804.286]",*
59391.0567808138,"(58327.197, 63877.267]","(17796.63, 59764.7]","(17796.63, 61480.562]","(17796.63, 63877.267]","(17796.63, 68804.286]",*
59417.55040162613,"(58327.197, 63877.267]","(17796.63, 59764.7]","(17796.63, 61480.562]","(17796.63, 63877.267]","(17796.63, 68804.286]",*
59420.35325682544,"(58327.197, 63877.267]","(17796.63, 59764.7]","(17796.63, 61480.562]","(17796.63, 63877.267]","(17796.63, 68804.286]",*
59442.45923530619,"(58327.197, 63877.267]","(17796.63, 59764.7]","(17796.63, 61480.562]","(17796.63, 63877.267]","(17796.63, 68804.286]",*
59443.201304172064,"(58327.197, 63877.267]","(17796.63, 59764.7]","(17796.63, 61480.562]","(17796.63, 63877.267]","(17796.63, 68804.286]",*
59453.31830125622,"(58327.197, 63877.267]","(17796.63, 59764.7]","(17796.63, 61480.562]","(17796.63, 63877.267]","(17796.63, 68804.286]",*
59453.34203694822,"(58327.197, 63877.267]","(17796.63, 59764.7]","(17796.63, 61480.562]","(17796.63, 63877.267]","(17796.63, 68804.286]",*
59464.0177273201,"(58327.197, 63877.267]","(17796.63, 59764.7]","(17796.63, 61480.562]","(17796.63, 63877.267]","(17796.63, 68804.286]",*
59466.86559642805,"(58327.197, 63877.267]","(17796.63, 59764.7]","(17796.63, 61480.562]","(17796.63, 63877.267]","(17796.63, 68804.286]",*
59467.8573767641,"(58327.197, 63877.267]","(17796.63, 59764.7]","(17796.63, 61480.562]","(17796.63, 63877.267]","(17796.63, 68804.286]",*
59473.98831548653,"(58327.197, 63877.267]","(17796.63, 59764.7]","(17796.63, 61480.562]","(17796.63, 63877.267]","(17796.63, 68804.286]",*
59480.04566946383,"(58327.197, 63877.267]","(17796.63, 59764.7]","(17796.63, 61480.562]","(17796.63, 63877.267]","(17796.63, 68804.286]",*
59481.78200558219,"(58327.197, 63877.267]","(17796.63, 59764.7]","(17796.63, 61480.562]","(17796.63, 63877.267]","(17796.63, 68804.286]",*
59483.93282467821,"(58327.197, 63877.267]","(17796.63, 59764.7]","(17796.63, 61480.562]","(17796.63, 63877.267]","(17796.63, 68804.286]",*
59492.13821779786,"(58327.197, 63877.267]","(17796.63, 59764.7]","(17796.63, 61480.562]","(17796.63, 63877.267]","(17796.63, 68804.286]",*
59498.07936798447,"(58327.197, 63877.267]","(17796.63, 59764.7]","(17796.63, 61480.562]","(17796.63, 63877.267]","(17796.63, 68804.286]",*
59513.83491952116,"(58327.197, 63877.267]","(17796.63, 59764.7]","(17796.63, 61480.562]","(17796.63, 63877.267]","(17796.63, 68804.286]",*
59519.20834518916,"(58327.197, 63877.267]","(17796.63, 59764.7]","(17796.63, 61480.562]","(17796.63, 63877.267]","(17796.63, 68804.286]",*
59539.41239946258,"(58327.197, 63877.267]","(17796.63, 59764.7]","(17796.63, 61480.562]","(17796.63, 63877.267]","(17796.63, 68804.286]",*
59539.94845013643,"(58327.197, 63877.267]","(17796.63, 59764.7]","(17796.63, 61480.562]","(17796.63, 63877.267]","(17796.63, 68804.286]",*
59549.913909141374,"(58327.197, 63877.267]","(17796.63, 59764.7]","(17796.63, 61480.562]","(17796.63, 63877.267]","(17796.63, 68804.286]",*
59556.310655762376,"(58327.197, 63877.267]","(17796.63, 59764.7]","(17796.63, 61480.562]","(17796.63, 63877.267]","(17796.63, 68804.286]",*
59563.08494092349,"(58327.197, 63877.267]","(17796.63, 59764.7]","(17796.63, 61480.562]","(17796.63, 63877.267]","(17796.63, 68804.286]",*
59569.53734000421,"(58327.197, 63877.267]","(17796.63, 59764.7]","(17796.63, 61480.562]","(17796.63, 63877.267]","(17796.63, 68804.286]",*
59575.62143691543,"(58327.197, 63877.267]","(17796.63, 59764.7]","(17796.63, 61480.562]","(17796.63, 63877.267]","(17796.63, 68804.286]",*
59580.331623413134,"(58327.197, 63877.267]","(17796.63, 59764.7]","(17796.63, 61480.562]","(17796.63, 63877.267]","(17796.63, 68804.286]",*
59590.96529244685,"(58327.197, 63877.267]","(17796.63, 59764.7]","(17796.63, 61480.562]","(17796.63, 63877.267]","(17796.63, 68804.286]",*
59609.27499667517,"(58327.197, 63877.267]","(17796.63, 59764.7]","(17796.63, 61480.562]","(17796.63, 63877.267]","(17796.63, 68804.286]",*
59611.33236832239,"(58327.197, 63877.267]","(17796.63, 59764.7]","(17796.63, 61480.562]","(17796.63, 63877.267]","(17796.63, 68804.286]",*
59615.33157475481,"(58327.197, 63877.267]","(17796.63, 59764.7]","(17796.63, 61480.562]","(17796.63, 63877.267]","(17796.63, 68804.286]",*
59640.688557638096,"(58327.197, 63877.267]","(17796.63, 59764.7]","(17796.63, 61480.562]","(17796.63, 63877.267]","(17796.63, 68804.286]",*
59665.5734194307,"(58327.197, 63877.267]","(17796.63, 59764.7]","(17796.63, 61480.562]","(17796.63, 63877.267]","(17796.63, 68804.286]",*
59691.067609266334,"(58327.197, 63877.267]","(17796.63, 59764.7]","(17796.63, 61480.562]","(17796.63, 63877.267]","(17796.63, 68804.286]",*
59695.57147423664,"(58327.197, 63877.267]","(17796.63, 59764.7]","(17796.63, 61480.562]","(17796.63, 63877.267]","(17796.63, 68804.286]",*
59709.933109846985,"(58327.197, 63877.267]","(17796.63, 59764.7]","(17796.63, 61480.562]","(17796.63, 63877.267]","(17796.63, 68804.286]",*
59712.8223088661,"(58327.197, 63877.267]","(17796.63, 59764.7]","(17796.63, 61480.562]","(17796.63, 63877.267]","(17796.63, 68804.286]",*
59716.58307451352,"(58327.197, 63877.267]","(17796.63, 59764.7]","(17796.63, 61480.562]","(17796.63, 63877.267]","(17796.63, 68804.286]",*
59716.73664339843,"(58327.197, 63877.267]","(17796.63, 59764.7]","(17796.63, 61480.562]","(17796.63, 63877.267]","(17796.63, 68804.286]",*
59729.25260339792,"(58327.197, 63877.267]","(17796.63, 59764.7]","(17796.63, 61480.562]","(17796.63, 63877.267]","(17796.63, 68804.286]",*
59748.85548697423,"(58327.197, 63877.267]","(17796.63, 59764.7]","(17796.63, 61480.562]","(17796.63, 63877.267]","(17796.63, 68804.286]",*
59756.11459996583,"(58327.197, 63877.267]","(17796.63, 59764.7]","(17796.63, 61480.562]","(17796.63, 63877.267]","(17796.63, 68804.286]",*
59762.882247661495,"(58327.197, 63877.267]","(17796.63, 59764.7]","(17796.63, 61480.562]","(17796.63, 63877.267]","(17796.63, 68804.286]",*
59765.154396156526,"(58327.197, 63877.267]","(59764.7, 65985.991]","(17796.63, 61480.562]","(17796.63, 63877.267]","(17796.63, 68804.286]",*
59768.80592116668,"(58327.197, 63877.267]","(59764.7, 65985.991]","(17796.63, 61480.562]","(17796.63, 63877.267]","(17796.63, 68804.286]",*
59777.37268844612,"(58327.197, 63877.267]","(59764.7, 65985.991]","(17796.63, 61480.562]","(17796.63, 63877.267]","(17796.63, 68804.286]",*
59787.40450393624,"(58327.197, 63877.267]","(59764.7, 65985.991]","(17796.63, 61480.562]","(17796.63, 63877.267]","(17796.63, 68804.286]",*
59788.21892650525,"(58327.197, 63877.267]","(59764.7, 65985.991]","(17796.63, 61480.562]","(17796.63, 63877.267]","(17796.63, 68804.286]",*
59789.73643452903,"(58327.197, 63877.267]","(59764.7, 65985.991]","(17796.63, 61480.562]","(17796.63, 63877.267]","(17796.63, 68804.286]",*
59794.61677974197,"(58327.197, 63877.267]","(59764.7, 65985.991]","(17796.63, 61480.562]","(17796.63, 63877.267]","(17796.63, 68804.286]",*
59801.49102943553,"(58327.197, 63877.267]","(59764.7, 65985.991]","(17796.63, 61480.562]","(17796.63, 63877.267]","(17796.63, 68804.286]",*
59803.15371008615,"(58327.197, 63877.267]","(59764.7, 65985.991]","(17796.63, 61480.562]","(17796.63, 63877.267]","(17796.63, 68804.286]",*
59810.78327813871,"(58327.197, 63877.267]","(59764.7, 65985.991]","(17796.63, 61480.562]","(17796.63, 63877.267]","(17796.63, 68804.286]",*
59821.35629050554,"(58327.197, 63877.267]","(59764.7, 65985.991]","(17796.63, 61480.562]","(17796.63, 63877.267]","(17796.63, 68804.286]",*
59828.79510760381,"(58327.197, 63877.267]","(59764.7, 65985.991]","(17796.63, 61480.562]","(17796.63, 63877.267]","(17796.63, 68804.286]",*
59832.39493955738,"(58327.197, 63877.267]","(59764.7, 65985.991]","(17796.63, 61480.562]","(17796.63, 63877.267]","(17796.63, 68804.286]",*
59861.63218545989,"(58327.197, 63877.267]","(59764.7, 65985.991]","(17796.63, 61480.562]","(17796.63, 63877.267]","(17796.63, 68804.286]",*
59865.76865555037,"(58327.197, 63877.267]","(59764.7, 65985.991]","(17796.63, 61480.562]","(17796.63, 63877.267]","(17796.63, 68804.286]",*
59866.94770020468,"(58327.197, 63877.267]","(59764.7, 65985.991]","(17796.63, 61480.562]","(17796.63, 63877.267]","(17796.63, 68804.286]",*
59867.84278079696,"(58327.197, 63877.267]","(59764.7, 65985.991]","(17796.63, 61480.562]","(17796.63, 63877.267]","(17796.63, 68804.286]",*
59878.06935321452,"(58327.197, 63877.267]","(59764.7, 65985.991]","(17796.63, 61480.562]","(17796.63, 63877.267]","(17796.63, 68804.286]",*
59879.22306477917,"(58327.197, 63877.267]","(59764.7, 65985.991]","(17796.63, 61480.562]","(17796.63, 63877.267]","(17796.63, 68804.286]",*
59886.418535766046,"(58327.197, 63877.267]","(59764.7, 65985.991]","(17796.63, 61480.562]","(17796.63, 63877.267]","(17796.63, 68804.286]",*
59901.82895425525,"(58327.197, 63877.267]","(59764.7, 65985.991]","(17796.63, 61480.562]","(17796.63, 63877.267]","(17796.63, 68804.286]",*
59904.84805496585,"(58327.197, 63877.267]","(59764.7, 65985.991]","(17796.63, 61480.562]","(17796.63, 63877.267]","(17796.63, 68804.286]",*
59911.05461172066,"(58327.197, 63877.267]","(59764.7, 65985.991]","(17796.63, 61480.562]","(17796.63, 63877.267]","(17796.63, 68804.286]",*
59912.82390447943,"(58327.197, 63877.267]","(59764.7, 65985.991]","(17796.63, 61480.562]","(17796.63, 63877.267]","(17796.63, 68804.286]",*
59920.17368621893,"(58327.197, 63877.267]","(59764.7, 65985.991]","(17796.63, 61480.562]","(17796.63, 63877.267]","(17796.63, 68804.286]",*
59927.66081334963,"(58327.197, 63877.267]","(59764.7, 65985.991]","(17796.63, 61480.562]","(17796.63, 63877.267]","(17796.63, 68804.286]",*
59930.15606780608,"(58327.197, 63877.267]","(59764.7, 65985.991]","(17796.63, 61480.562]","(17796.63, 63877.267]","(17796.63, 68804.286]",*
59933.13798835637,"(58327.197, 63877.267]","(59764.7, 65985.991]","(17796.63, 61480.562]","(17796.63, 63877.267]","(17796.63, 68804.286]",*
59938.75110024001,"(58327.197, 63877.267]","(59764.7, 65985.991]","(17796.63, 61480.562]","(17796.63, 63877.267]","(17796.63, 68804.286]",*
59940.065130735085,"(58327.197, 63877.267]","(59764.7, 65985.991]","(17796.63, 61480.562]","(17796.63, 63877.267]","(17796.63, 68804.286]",*
59941.018395210296,"(58327.197, 63877.267]","(59764.7, 65985.991]","(17796.63, 61480.562]","(17796.63, 63877.267]","(17796.63, 68804.286]",*
59944.64516096856,"(58327.197, 63877.267]","(59764.7, 65985.991]","(17796.63, 61480.562]","(17796.63, 63877.267]","(17796.63, 68804.286]",*
59952.65749738745,"(58327.197, 63877.267]","(59764.7, 65985.991]","(17796.63, 61480.562]","(17796.63, 63877.267]","(17796.63, 68804.286]",*
59961.095300235946,"(58327.197, 63877.267]","(59764.7, 65985.991]","(17796.63, 61480.562]","(17796.63, 63877.267]","(17796.63, 68804.286]",*
59963.914040483,"(58327.197, 63877.267]","(59764.7, 65985.991]","(17796.63, 61480.562]","(17796.63, 63877.267]","(17796.63, 68804.286]",*
59979.98690737004,"(58327.197, 63877.267]","(59764.7, 65985.991]","(17796.63, 61480.562]","(17796.63, 63877.267]","(17796.63, 68804.286]",*
59981.13398432263,"(58327.197, 63877.267]","(59764.7, 65985.991]","(17796.63, 61480.562]","(17796.63, 63877.267]","(17796.63, 68804.286]",*
59982.197225708034,"(58327.197, 63877.267]","(59764.7, 65985.991]","(17796.63, 61480.562]","(17796.63, 63877.267]","(17796.63, 68804.286]",*
60005.63205981831,"(58327.197, 63877.267]","(59764.7, 65985.991]","(17796.63, 61480.562]","(17796.63, 63877.267]","(17796.63, 68804.286]",*
60007.13580372795,"(58327.197, 63877.267]","(59764.7, 65985.991]","(17796.63, 61480.562]","(17796.63, 63877.267]","(17796.63, 68804.286]",*
60015.33707222878,"(58327.197, 63877.267]","(59764.7, 65985.991]","(17796.63, 61480.562]","(17796.63, 63877.267]","(17796.63, 68804.286]",*
60017.26727721081,"(58327.197, 63877.267]","(59764.7, 65985.991]","(17796.63, 61480.562]","(17796.63, 63877.267]","(17796.63, 68804.286]",*
60018.893768760936,"(58327.197, 63877.267]","(59764.7, 65985.991]","(17796.63, 61480.562]","(17796.63, 63877.267]","(17796.63, 68804.286]",*
60027.56085668216,"(58327.197, 63877.267]","(59764.7, 65985.991]","(17796.63, 61480.562]","(17796.63, 63877.267]","(17796.63, 68804.286]",*
60028.08244676316,"(58327.197, 63877.267]","(59764.7, 65985.991]","(17796.63, 61480.562]","(17796.63, 63877.267]","(17796.63, 68804.286]",*
60029.43263995295,"(58327.197, 63877.267]","(59764.7, 65985.991]","(17796.63, 61480.562]","(17796.63, 63877.267]","(17796.63, 68804.286]",*
60041.20700672727,"(58327.197, 63877.267]","(59764.7, 65985.991]","(17796.63, 61480.562]","(17796.63, 63877.267]","(17796.63, 68804.286]",*
60049.859966183525,"(58327.197, 63877.267]","(59764.7, 65985.991]","(17796.63, 61480.562]","(17796.63, 63877.267]","(17796.63, 68804.286]",*
60055.60619649332,"(58327.197, 63877.267]","(59764.7, 65985.991]","(17796.63, 61480.562]","(17796.63, 63877.267]","(17796.63, 68804.286]",*
60058.90615447563,"(58327.197, 63877.267]","(59764.7, 65985.991]","(17796.63, 61480.562]","(17796.63, 63877.267]","(17796.63, 68804.286]",*
60062.695633718926,"(58327.197, 63877.267]","(59764.7, 65985.991]","(17796.63, 61480.562]","(17796.63, 63877.267]","(17796.63, 68804.286]",*
60075.890613429896,"(58327.197, 63877.267]","(59764.7, 65985.991]","(17796.63, 61480.562]","(17796.63, 63877.267]","(17796.63, 68804.286]",*
60081.17662036469,"(58327.197, 63877.267]","(59764.7, 65985.991]","(17796.63, 61480.562]","(17796.63, 63877.267]","(17796.63, 68804.286]",*
60104.12113129008,"(58327.197, 63877.267]","(59764.7, 65985.991]","(17796.63, 61480.562]","(17796.63, 63877.267]","(17796.63, 68804.286]",*
60110.379279698966,"(58327.197, 63877.267]","(59764.7, 65985.991]","(17796.63, 61480.562]","(17796.63, 63877.267]","(17796.63, 68804.286]",*
60125.80626793571,"(58327.197, 63877.267]","(59764.7, 65985.991]","(17796.63, 61480.562]","(17796.63, 63877.267]","(17796.63, 68804.286]",*
60134.26608750368,"(58327.197, 63877.267]","(59764.7, 65985.991]","(17796.63, 61480.562]","(17796.63, 63877.267]","(17796.63, 68804.286]",*
60135.721952459455,"(58327.197, 63877.267]","(59764.7, 65985.991]","(17796.63, 61480.562]","(17796.63, 63877.267]","(17796.63, 68804.286]",*
60137.34537736412,"(58327.197, 63877.267]","(59764.7, 65985.991]","(17796.63, 61480.562]","(17796.63, 63877.267]","(17796.63, 68804.286]",*
60145.230858244366,"(58327.197, 63877.267]","(59764.7, 65985.991]","(17796.63, 61480.562]","(17796.63, 63877.267]","(17796.63, 68804.286]",*
60167.672607338885,"(58327.197, 63877.267]","(59764.7, 65985.991]","(17796.63, 61480.562]","(17796.63, 63877.267]","(17796.63, 68804.286]",*
60168.27409122959,"(58327.197, 63877.267]","(59764.7, 65985.991]","(17796.63, 61480.562]","(17796.63, 63877.267]","(17796.63, 68804.286]",*
60186.60532704716,"(58327.197, 63877.267]","(59764.7, 65985.991]","(17796.63, 61480.562]","(17796.63, 63877.267]","(17796.63, 68804.286]",*
60214.19446184048,"(58327.197, 63877.267]","(59764.7, 65985.991]","(17796.63, 61480.562]","(17796.63, 63877.267]","(17796.63, 68804.286]",*
60224.65171307354,"(58327.197, 63877.267]","(59764.7, 65985.991]","(17796.63, 61480.562]","(17796.63, 63877.267]","(17796.63, 68804.286]",*
60243.733290672775,"(58327.197, 63877.267]","(59764.7, 65985.991]","(17796.63, 61480.562]","(17796.63, 63877.267]","(17796.63, 68804.286]",*
60244.28999641054,"(58327.197, 63877.267]","(59764.7, 65985.991]","(17796.63, 61480.562]","(17796.63, 63877.267]","(17796.63, 68804.286]",*
60270.45484733544,"(58327.197, 63877.267]","(59764.7, 65985.991]","(17796.63, 61480.562]","(17796.63, 63877.267]","(17796.63, 68804.286]",*
60272.76755738291,"(58327.197, 63877.267]","(59764.7, 65985.991]","(17796.63, 61480.562]","(17796.63, 63877.267]","(17796.63, 68804.286]",*
60285.60617182914,"(58327.197, 63877.267]","(59764.7, 65985.991]","(17796.63, 61480.562]","(17796.63, 63877.267]","(17796.63, 68804.286]",*
60285.953482735546,"(58327.197, 63877.267]","(59764.7, 65985.991]","(17796.63, 61480.562]","(17796.63, 63877.267]","(17796.63, 68804.286]",*
60288.475915401374,"(58327.197, 63877.267]","(59764.7, 65985.991]","(17796.63, 61480.562]","(17796.63, 63877.267]","(17796.63, 68804.286]",*
60297.70333134668,"(58327.197, 63877.267]","(59764.7, 65985.991]","(17796.63, 61480.562]","(17796.63, 63877.267]","(17796.63, 68804.286]",*
60300.665300739405,"(58327.197, 63877.267]","(59764.7, 65985.991]","(17796.63, 61480.562]","(17796.63, 63877.267]","(17796.63, 68804.286]",*
60307.01765911963,"(58327.197, 63877.267]","(59764.7, 65985.991]","(17796.63, 61480.562]","(17796.63, 63877.267]","(17796.63, 68804.286]",*
60308.91265796148,"(58327.197, 63877.267]","(59764.7, 65985.991]","(17796.63, 61480.562]","(17796.63, 63877.267]","(17796.63, 68804.286]",*
60316.79073047228,"(58327.197, 63877.267]","(59764.7, 65985.991]","(17796.63, 61480.562]","(17796.63, 63877.267]","(17796.63, 68804.286]",*
60317.77699120605,"(58327.197, 63877.267]","(59764.7, 65985.991]","(17796.63, 61480.562]","(17796.63, 63877.267]","(17796.63, 68804.286]",*
60319.43150766437,"(58327.197, 63877.267]","(59764.7, 65985.991]","(17796.63, 61480.562]","(17796.63, 63877.267]","(17796.63, 68804.286]",*
60325.98587645334,"(58327.197, 63877.267]","(59764.7, 65985.991]","(17796.63, 61480.562]","(17796.63, 63877.267]","(17796.63, 68804.286]",*
60343.59941098282,"(58327.197, 63877.267]","(59764.7, 65985.991]","(17796.63, 61480.562]","(17796.63, 63877.267]","(17796.63, 68804.286]",*
60345.99131613716,"(58327.197, 63877.267]","(59764.7, 65985.991]","(17796.63, 61480.562]","(17796.63, 63877.267]","(17796.63, 68804.286]",*
60357.5450298228,"(58327.197, 63877.267]","(59764.7, 65985.991]","(17796.63, 61480.562]","(17796.63, 63877.267]","(17796.63, 68804.286]",*
60377.60711490165,"(58327.197, 63877.267]","(59764.7, 65985.991]","(17796.63, 61480.562]","(17796.63, 63877.267]","(17796.63, 68804.286]",*
60379.36154072995,"(58327.197, 63877.267]","(59764.7, 65985.991]","(17796.63, 61480.562]","(17796.63, 63877.267]","(17796.63, 68804.286]",*
60390.50285538621,"(58327.197, 63877.267]","(59764.7, 65985.991]","(17796.63, 61480.562]","(17796.63, 63877.267]","(17796.63, 68804.286]",*
60402.99862410293,"(58327.197, 63877.267]","(59764.7, 65985.991]","(17796.63, 61480.562]","(17796.63, 63877.267]","(17796.63, 68804.286]",*
60419.890760749055,"(58327.197, 63877.267]","(59764.7, 65985.991]","(17796.63, 61480.562]","(17796.63, 63877.267]","(17796.63, 68804.286]",*
60421.754085811735,"(58327.197, 63877.267]","(59764.7, 65985.991]","(17796.63, 61480.562]","(17796.63, 63877.267]","(17796.63, 68804.286]",*
60426.509695852015,"(58327.197, 63877.267]","(59764.7, 65985.991]","(17796.63, 61480.562]","(17796.63, 63877.267]","(17796.63, 68804.286]",*
60434.35499184312,"(58327.197, 63877.267]","(59764.7, 65985.991]","(17796.63, 61480.562]","(17796.63, 63877.267]","(17796.63, 68804.286]",*
60437.722660494015,"(58327.197, 63877.267]","(59764.7, 65985.991]","(17796.63, 61480.562]","(17796.63, 63877.267]","(17796.63, 68804.286]",*
60457.640091467634,"(58327.197, 63877.267]","(59764.7, 65985.991]","(17796.63, 61480.562]","(17796.63, 63877.267]","(17796.63, 68804.286]",*
60480.054644749405,"(58327.197, 63877.267]","(59764.7, 65985.991]","(17796.63, 61480.562]","(17796.63, 63877.267]","(17796.63, 68804.286]",*
60494.11984211753,"(58327.197, 63877.267]","(59764.7, 65985.991]","(17796.63, 61480.562]","(17796.63, 63877.267]","(17796.63, 68804.286]",*
60502.909333844495,"(58327.197, 63877.267]","(59764.7, 65985.991]","(17796.63, 61480.562]","(17796.63, 63877.267]","(17796.63, 68804.286]",*
60503.003755352685,"(58327.197, 63877.267]","(59764.7, 65985.991]","(17796.63, 61480.562]","(17796.63, 63877.267]","(17796.63, 68804.286]",*
60509.0445882,"(58327.197, 63877.267]","(59764.7, 65985.991]","(17796.63, 61480.562]","(17796.63, 63877.267]","(17796.63, 68804.286]",*
60509.60603851798,"(58327.197, 63877.267]","(59764.7, 65985.991]","(17796.63, 61480.562]","(17796.63, 63877.267]","(17796.63, 68804.286]",*
60509.83846359023,"(58327.197, 63877.267]","(59764.7, 65985.991]","(17796.63, 61480.562]","(17796.63, 63877.267]","(17796.63, 68804.286]",*
60513.82583445156,"(58327.197, 63877.267]","(59764.7, 65985.991]","(17796.63, 61480.562]","(17796.63, 63877.267]","(17796.63, 68804.286]",*
60530.73189661925,"(58327.197, 63877.267]","(59764.7, 65985.991]","(17796.63, 61480.562]","(17796.63, 63877.267]","(17796.63, 68804.286]",*
60537.86806276997,"(58327.197, 63877.267]","(59764.7, 65985.991]","(17796.63, 61480.562]","(17796.63, 63877.267]","(17796.63, 68804.286]",*
60553.24399681606,"(58327.197, 63877.267]","(59764.7, 65985.991]","(17796.63, 61480.562]","(17796.63, 63877.267]","(17796.63, 68804.286]",*
60555.03963233394,"(58327.197, 63877.267]","(59764.7, 65985.991]","(17796.63, 61480.562]","(17796.63, 63877.267]","(17796.63, 68804.286]",*
60555.40504282861,"(58327.197, 63877.267]","(59764.7, 65985.991]","(17796.63, 61480.562]","(17796.63, 63877.267]","(17796.63, 68804.286]",*
60563.7874714408,"(58327.197, 63877.267]","(59764.7, 65985.991]","(17796.63, 61480.562]","(17796.63, 63877.267]","(17796.63, 68804.286]",*
60564.05153082128,"(58327.197, 63877.267]","(59764.7, 65985.991]","(17796.63, 61480.562]","(17796.63, 63877.267]","(17796.63, 68804.286]",*
60567.944139865984,"(58327.197, 63877.267]","(59764.7, 65985.991]","(17796.63, 61480.562]","(17796.63, 63877.267]","(17796.63, 68804.286]",*
60569.19993358063,"(58327.197, 63877.267]","(59764.7, 65985.991]","(17796.63, 61480.562]","(17796.63, 63877.267]","(17796.63, 68804.286]",*
60575.16244459221,"(58327.197, 63877.267]","(59764.7, 65985.991]","(17796.63, 61480.562]","(17796.63, 63877.267]","(17796.63, 68804.286]",*
60576.76440098264,"(58327.197, 63877.267]","(59764.7, 65985.991]","(17796.63, 61480.562]","(17796.63, 63877.267]","(17796.63, 68804.286]",*
60584.41377611666,"(58327.197, 63877.267]","(59764.7, 65985.991]","(17796.63, 61480.562]","(17796.63, 63877.267]","(17796.63, 68804.286]",*
60587.02531906978,"(58327.197, 63877.267]","(59764.7, 65985.991]","(17796.63, 61480.562]","(17796.63, 63877.267]","(17796.63, 68804.286]",*
60595.67696342683,"(58327.197, 63877.267]","(59764.7, 65985.991]","(17796.63, 61480.562]","(17796.63, 63877.267]","(17796.63, 68804.286]",*
60610.61063735228,"(58327.197, 63877.267]","(59764.7, 65985.991]","(17796.63, 61480.562]","(17796.63, 63877.267]","(17796.63, 68804.286]",*
60625.057478841365,"(58327.197, 63877.267]","(59764.7, 65985.991]","(17796.63, 61480.562]","(17796.63, 63877.267]","(17796.63, 68804.286]",*
60631.11084170068,"(58327.197, 63877.267]","(59764.7, 65985.991]","(17796.63, 61480.562]","(17796.63, 63877.267]","(17796.63, 68804.286]",*
60640.931881289725,"(58327.197, 63877.267]","(59764.7, 65985.991]","(17796.63, 61480.562]","(17796.63, 63877.267]","(17796.63, 68804.286]",*
60658.648332804856,"(58327.197, 63877.267]","(59764.7, 65985.991]","(17796.63, 61480.562]","(17796.63, 63877.267]","(17796.63, 68804.286]",*
60664.897136314285,"(58327.197, 63877.267]","(59764.7, 65985.991]","(17796.63, 61480.562]","(17796.63, 63877.267]","(17796.63, 68804.286]",*
60684.0445345603,"(58327.197, 63877.267]","(59764.7, 65985.991]","(17796.63, 61480.562]","(17796.63, 63877.267]","(17796.63, 68804.286]",*
60685.92639601325,"(58327.197, 63877.267]","(59764.7, 65985.991]","(17796.63, 61480.562]","(17796.63, 63877.267]","(17796.63, 68804.286]",*
60690.71864855664,"(58327.197, 63877.267]","(59764.7, 65985.991]","(17796.63, 61480.562]","(17796.63, 63877.267]","(17796.63, 68804.286]",*
60697.35153944832,"(58327.197, 63877.267]","(59764.7, 65985.991]","(17796.63, 61480.562]","(17796.63, 63877.267]","(17796.63, 68804.286]",*
60698.81548830205,"(58327.197, 63877.267]","(59764.7, 65985.991]","(17796.63, 61480.562]","(17796.63, 63877.267]","(17796.63, 68804.286]",*
60710.16208195745,"(58327.197, 63877.267]","(59764.7, 65985.991]","(17796.63, 61480.562]","(17796.63, 63877.267]","(17796.63, 68804.286]",*
60712.197689445136,"(58327.197, 63877.267]","(59764.7, 65985.991]","(17796.63, 61480.562]","(17796.63, 63877.267]","(17796.63, 68804.286]",*
60717.398272177474,"(58327.197, 63877.267]","(59764.7, 65985.991]","(17796.63, 61480.562]","(17796.63, 63877.267]","(17796.63, 68804.286]",*
60721.095730818844,"(58327.197, 63877.267]","(59764.7, 65985.991]","(17796.63, 61480.562]","(17796.63, 63877.267]","(17796.63, 68804.286]",*
60731.88230264869,"(58327.197, 63877.267]","(59764.7, 65985.991]","(17796.63, 61480.562]","(17796.63, 63877.267]","(17796.63, 68804.286]",*
60741.56972840928,"(58327.197, 63877.267]","(59764.7, 65985.991]","(17796.63, 61480.562]","(17796.63, 63877.267]","(17796.63, 68804.286]",*
60749.23426903633,"(58327.197, 63877.267]","(59764.7, 65985.991]","(17796.63, 61480.562]","(17796.63, 63877.267]","(17796.63, 68804.286]",*
60754.63362071989,"(58327.197, 63877.267]","(59764.7, 65985.991]","(17796.63, 61480.562]","(17796.63, 63877.267]","(17796.63, 68804.286]",*
60757.08121028687,"(58327.197, 63877.267]","(59764.7, 65985.991]","(17796.63, 61480.562]","(17796.63, 63877.267]","(17796.63, 68804.286]",*
60757.31681130768,"(58327.197, 63877.267]","(59764.7, 65985.991]","(17796.63, 61480.562]","(17796.63, 63877.267]","(17796.63, 68804.286]",*
60758.19166719235,"(58327.197, 63877.267]","(59764.7, 65985.991]","(17796.63, 61480.562]","(17796.63, 63877.267]","(17796.63, 68804.286]",*
60762.46566267003,"(58327.197, 63877.267]","(59764.7, 65985.991]","(17796.63, 61480.562]","(17796.63, 63877.267]","(17796.63, 68804.286]",*
60769.987333312194,"(58327.197, 63877.267]","(59764.7, 65985.991]","(17796.63, 61480.562]","(17796.63, 63877.267]","(17796.63, 68804.286]",*
60770.07430788488,"(58327.197, 63877.267]","(59764.7, 65985.991]","(17796.63, 61480.562]","(17796.63, 63877.267]","(17796.63, 68804.286]",*
60772.83090882901,"(58327.197, 63877.267]","(59764.7, 65985.991]","(17796.63, 61480.562]","(17796.63, 63877.267]","(17796.63, 68804.286]",*
60776.38713810117,"(58327.197, 63877.267]","(59764.7, 65985.991]","(17796.63, 61480.562]","(17796.63, 63877.267]","(17796.63, 68804.286]",*
60798.20309973994,"(58327.197, 63877.267]","(59764.7, 65985.991]","(17796.63, 61480.562]","(17796.63, 63877.267]","(17796.63, 68804.286]",*
60805.10330479105,"(58327.197, 63877.267]","(59764.7, 65985.991]","(17796.63, 61480.562]","(17796.63, 63877.267]","(17796.63, 68804.286]",*
60812.86453427585,"(58327.197, 63877.267]","(59764.7, 65985.991]","(17796.63, 61480.562]","(17796.63, 63877.267]","(17796.63, 68804.286]",*
60815.39039496142,"(58327.197, 63877.267]","(59764.7, 65985.991]","(17796.63, 61480.562]","(17796.63, 63877.267]","(17796.63, 68804.286]",*
60823.12775198518,"(58327.197, 63877.267]","(59764.7, 65985.991]","(17796.63, 61480.562]","(17796.63, 63877.267]","(17796.63, 68804.286]",*
60826.60595575475,"(58327.197, 63877.267]","(59764.7, 65985.991]","(17796.63, 61480.562]","(17796.63, 63877.267]","(17796.63, 68804.286]",*
60827.92913452175,"(58327.197, 63877.267]","(59764.7, 65985.991]","(17796.63, 61480.562]","(17796.63, 63877.267]","(17796.63, 68804.286]",*
60831.35616726503,"(58327.197, 63877.267]","(59764.7, 65985.991]","(17796.63, 61480.562]","(17796.63, 63877.267]","(17796.63, 68804.286]",*
60835.08997885398,"(58327.197, 63877.267]","(59764.7, 65985.991]","(17796.63, 61480.562]","(17796.63, 63877.267]","(17796.63, 68804.286]",*
60837.72747524912,"(58327.197, 63877.267]","(59764.7, 65985.991]","(17796.63, 61480.562]","(17796.63, 63877.267]","(17796.63, 68804.286]",*
60840.49097128439,"(58327.197, 63877.267]","(59764.7, 65985.991]","(17796.63, 61480.562]","(17796.63, 63877.267]","(17796.63, 68804.286]",*
60842.80444957335,"(58327.197, 63877.267]","(59764.7, 65985.991]","(17796.63, 61480.562]","(17796.63, 63877.267]","(17796.63, 68804.286]",*
60846.61848596625,"(58327.197, 63877.267]","(59764.7, 65985.991]","(17796.63, 61480.562]","(17796.63, 63877.267]","(17796.63, 68804.286]",*
60850.70206134662,"(58327.197, 63877.267]","(59764.7, 65985.991]","(17796.63, 61480.562]","(17796.63, 63877.267]","(17796.63, 68804.286]",*
60861.192301724666,"(58327.197, 63877.267]","(59764.7, 65985.991]","(17796.63, 61480.562]","(17796.63, 63877.267]","(17796.63, 68804.286]",*
60864.997725877874,"(58327.197, 63877.267]","(59764.7, 65985.991]","(17796.63, 61480.562]","(17796.63, 63877.267]","(17796.63, 68804.286]",*
60865.39677968094,"(58327.197, 63877.267]","(59764.7, 65985.991]","(17796.63, 61480.562]","(17796.63, 63877.267]","(17796.63, 68804.286]",*
60865.561617864034,"(58327.197, 63877.267]","(59764.7, 65985.991]","(17796.63, 61480.562]","(17796.63, 63877.267]","(17796.63, 68804.286]",*
60871.60378147487,"(58327.197, 63877.267]","(59764.7, 65985.991]","(17796.63, 61480.562]","(17796.63, 63877.267]","(17796.63, 68804.286]",*
60880.583869524686,"(58327.197, 63877.267]","(59764.7, 65985.991]","(17796.63, 61480.562]","(17796.63, 63877.267]","(17796.63, 68804.286]",*
60883.536886956026,"(58327.197, 63877.267]","(59764.7, 65985.991]","(17796.63, 61480.562]","(17796.63, 63877.267]","(17796.63, 68804.286]",*
60889.38964863393,"(58327.197, 63877.267]","(59764.7, 65985.991]","(17796.63, 61480.562]","(17796.63, 63877.267]","(17796.63, 68804.286]",*
60891.73221546553,"(58327.197, 63877.267]","(59764.7, 65985.991]","(17796.63, 61480.562]","(17796.63, 63877.267]","(17796.63, 68804.286]",*
60893.76408389992,"(58327.197, 63877.267]","(59764.7, 65985.991]","(17796.63, 61480.562]","(17796.63, 63877.267]","(17796.63, 68804.286]",*
60904.45073045333,"(58327.197, 63877.267]","(59764.7, 65985.991]","(17796.63, 61480.562]","(17796.63, 63877.267]","(17796.63, 68804.286]",*
60907.694003558914,"(58327.197, 63877.267]","(59764.7, 65985.991]","(17796.63, 61480.562]","(17796.63, 63877.267]","(17796.63, 68804.286]",*
60909.19391743425,"(58327.197, 63877.267]","(59764.7, 65985.991]","(17796.63, 61480.562]","(17796.63, 63877.267]","(17796.63, 68804.286]",*
60910.893793329706,"(58327.197, 63877.267]","(59764.7, 65985.991]","(17796.63, 61480.562]","(17796.63, 63877.267]","(17796.63, 68804.286]",*
60912.31621571428,"(58327.197, 63877.267]","(59764.7, 65985.991]","(17796.63, 61480.562]","(17796.63, 63877.267]","(17796.63, 68804.286]",*
60912.66433841523,"(58327.197, 63877.267]","(59764.7, 65985.991]","(17796.63, 61480.562]","(17796.63, 63877.267]","(17796.63, 68804.286]",*
60912.71626222701,"(58327.197, 63877.267]","(59764.7, 65985.991]","(17796.63, 61480.562]","(17796.63, 63877.267]","(17796.63, 68804.286]",*
60930.18856921923,"(58327.197, 63877.267]","(59764.7, 65985.991]","(17796.63, 61480.562]","(17796.63, 63877.267]","(17796.63, 68804.286]",*
60935.56170778599,"(58327.197, 63877.267]","(59764.7, 65985.991]","(17796.63, 61480.562]","(17796.63, 63877.267]","(17796.63, 68804.286]",*
60940.7079674937,"(58327.197, 63877.267]","(59764.7, 65985.991]","(17796.63, 61480.562]","(17796.63, 63877.267]","(17796.63, 68804.286]",*
60945.72179859893,"(58327.197, 63877.267]","(59764.7, 65985.991]","(17796.63, 61480.562]","(17796.63, 63877.267]","(17796.63, 68804.286]",*
60946.5911163093,"(58327.197, 63877.267]","(59764.7, 65985.991]","(17796.63, 61480.562]","(17796.63, 63877.267]","(17796.63, 68804.286]",*
60948.88088410363,"(58327.197, 63877.267]","(59764.7, 65985.991]","(17796.63, 61480.562]","(17796.63, 63877.267]","(17796.63, 68804.286]",*
60960.46353984242,"(58327.197, 63877.267]","(59764.7, 65985.991]","(17796.63, 61480.562]","(17796.63, 63877.267]","(17796.63, 68804.286]",*
60968.332908172655,"(58327.197, 63877.267]","(59764.7, 65985.991]","(17796.63, 61480.562]","(17796.63, 63877.267]","(17796.63, 68804.286]",*
60975.08796277964,"(58327.197, 63877.267]","(59764.7, 65985.991]","(17796.63, 61480.562]","(17796.63, 63877.267]","(17796.63, 68804.286]",*
60992.536490081766,"(58327.197, 63877.267]","(59764.7, 65985.991]","(17796.63, 61480.562]","(17796.63, 63877.267]","(17796.63, 68804.286]",*
61000.16042793324,"(58327.197, 63877.267]","(59764.7, 65985.991]","(17796.63, 61480.562]","(17796.63, 63877.267]","(17796.63, 68804.286]",*
61009.10934964233,"(58327.197, 63877.267]","(59764.7, 65985.991]","(17796.63, 61480.562]","(17796.63, 63877.267]","(17796.63, 68804.286]",*
61013.71988328912,"(58327.197, 63877.267]","(59764.7, 65985.991]","(17796.63, 61480.562]","(17796.63, 63877.267]","(17796.63, 68804.286]",*
61015.50783881383,"(58327.197, 63877.267]","(59764.7, 65985.991]","(17796.63, 61480.562]","(17796.63, 63877.267]","(17796.63, 68804.286]",*
61018.603280126175,"(58327.197, 63877.267]","(59764.7, 65985.991]","(17796.63, 61480.562]","(17796.63, 63877.267]","(17796.63, 68804.286]",*
61025.390260255,"(58327.197, 63877.267]","(59764.7, 65985.991]","(17796.63, 61480.562]","(17796.63, 63877.267]","(17796.63, 68804.286]",*
61046.28866100014,"(58327.197, 63877.267]","(59764.7, 65985.991]","(17796.63, 61480.562]","(17796.63, 63877.267]","(17796.63, 68804.286]",*
61053.03800341368,"(58327.197, 63877.267]","(59764.7, 65985.991]","(17796.63, 61480.562]","(17796.63, 63877.267]","(17796.63, 68804.286]",*
61056.14542685617,"(58327.197, 63877.267]","(59764.7, 65985.991]","(17796.63, 61480.562]","(17796.63, 63877.267]","(17796.63, 68804.286]",*
61056.39661066616,"(58327.197, 63877.267]","(59764.7, 65985.991]","(17796.63, 61480.562]","(17796.63, 63877.267]","(17796.63, 68804.286]",*
61058.96858614092,"(58327.197, 63877.267]","(59764.7, 65985.991]","(17796.63, 61480.562]","(17796.63, 63877.267]","(17796.63, 68804.286]",*
61081.35085535294,"(58327.197, 63877.267]","(59764.7, 65985.991]","(17796.63, 61480.562]","(17796.63, 63877.267]","(17796.63, 68804.286]",*
61088.393613563,"(58327.197, 63877.267]","(59764.7, 65985.991]","(17796.63, 61480.562]","(17796.63, 63877.267]","(17796.63, 68804.286]",*
61091.45388054303,"(58327.197, 63877.267]","(59764.7, 65985.991]","(17796.63, 61480.562]","(17796.63, 63877.267]","(17796.63, 68804.286]",*
61098.27241740827,"(58327.197, 63877.267]","(59764.7, 65985.991]","(17796.63, 61480.562]","(17796.63, 63877.267]","(17796.63, 68804.286]",*
61099.37529571295,"(58327.197, 63877.267]","(59764.7, 65985.991]","(17796.63, 61480.562]","(17796.63, 63877.267]","(17796.63, 68804.286]",*
61117.30431024705,"(58327.197, 63877.267]","(59764.7, 65985.991]","(17796.63, 61480.562]","(17796.63, 63877.267]","(17796.63, 68804.286]",*
61127.26518033526,"(58327.197, 63877.267]","(59764.7, 65985.991]","(17796.63, 61480.562]","(17796.63, 63877.267]","(17796.63, 68804.286]",*
61134.78903279131,"(58327.197, 63877.267]","(59764.7, 65985.991]","(17796.63, 61480.562]","(17796.63, 63877.267]","(17796.63, 68804.286]",*
61150.55722099371,"(58327.197, 63877.267]","(59764.7, 65985.991]","(17796.63, 61480.562]","(17796.63, 63877.267]","(17796.63, 68804.286]",*
61162.580254223896,"(58327.197, 63877.267]","(59764.7, 65985.991]","(17796.63, 61480.562]","(17796.63, 63877.267]","(17796.63, 68804.286]",*
61171.88270870991,"(58327.197, 63877.267]","(59764.7, 65985.991]","(17796.63, 61480.562]","(17796.63, 63877.267]","(17796.63, 68804.286]",*
61177.80813473723,"(58327.197, 63877.267]","(59764.7, 65985.991]","(17796.63, 61480.562]","(17796.63, 63877.267]","(17796.63, 68804.286]",*
61193.714830606536,"(58327.197, 63877.267]","(59764.7, 65985.991]","(17796.63, 61480.562]","(17796.63, 63877.267]","(17796.63, 68804.286]",*
61194.47959106213,"(58327.197, 63877.267]","(59764.7, 65985.991]","(17796.63, 61480.562]","(17796.63, 63877.267]","(17796.63, 68804.286]",*
61197.9668522404,"(58327.197, 63877.267]","(59764.7, 65985.991]","(17796.63, 61480.562]","(17796.63, 63877.267]","(17796.63, 68804.286]",*
61200.72617535951,"(58327.197, 63877.267]","(59764.7, 65985.991]","(17796.63, 61480.562]","(17796.63, 63877.267]","(17796.63, 68804.286]",*
61212.19547976767,"(58327.197, 63877.267]","(59764.7, 65985.991]","(17796.63, 61480.562]","(17796.63, 63877.267]","(17796.63, 68804.286]",*
61214.7408084572,"(58327.197, 63877.267]","(59764.7, 65985.991]","(17796.63, 61480.562]","(17796.63, 63877.267]","(17796.63, 68804.286]",*
61215.576610725664,"(58327.197, 63877.267]","(59764.7, 65985.991]","(17796.63, 61480.562]","(17796.63, 63877.267]","(17796.63, 68804.286]",*
61247.33190182584,"(58327.197, 63877.267]","(59764.7, 65985.991]","(17796.63, 61480.562]","(17796.63, 63877.267]","(17796.63, 68804.286]",*
61249.56709456736,"(58327.197, 63877.267]","(59764.7, 65985.991]","(17796.63, 61480.562]","(17796.63, 63877.267]","(17796.63, 68804.286]",*
61252.63767152307,"(58327.197, 63877.267]","(59764.7, 65985.991]","(17796.63, 61480.562]","(17796.63, 63877.267]","(17796.63, 68804.286]",*
61264.20153001548,"(58327.197, 63877.267]","(59764.7, 65985.991]","(17796.63, 61480.562]","(17796.63, 63877.267]","(17796.63, 68804.286]",*
61269.49231052306,"(58327.197, 63877.267]","(59764.7, 65985.991]","(17796.63, 61480.562]","(17796.63, 63877.267]","(17796.63, 68804.286]",*
61269.67441428639,"(58327.197, 63877.267]","(59764.7, 65985.991]","(17796.63, 61480.562]","(17796.63, 63877.267]","(17796.63, 68804.286]",*
61283.388619822384,"(58327.197, 63877.267]","(59764.7, 65985.991]","(17796.63, 61480.562]","(17796.63, 63877.267]","(17796.63, 68804.286]",*
61285.23589989214,"(58327.197, 63877.267]","(59764.7, 65985.991]","(17796.63, 61480.562]","(17796.63, 63877.267]","(17796.63, 68804.286]",*
61287.067178656784,"(58327.197, 63877.267]","(59764.7, 65985.991]","(17796.63, 61480.562]","(17796.63, 63877.267]","(17796.63, 68804.286]",*
61297.34624034776,"(58327.197, 63877.267]","(59764.7, 65985.991]","(17796.63, 61480.562]","(17796.63, 63877.267]","(17796.63, 68804.286]",*
61300.28127599718,"(58327.197, 63877.267]","(59764.7, 65985.991]","(17796.63, 61480.562]","(17796.63, 63877.267]","(17796.63, 68804.286]",*
61300.753517797726,"(58327.197, 63877.267]","(59764.7, 65985.991]","(17796.63, 61480.562]","(17796.63, 63877.267]","(17796.63, 68804.286]",*
61306.11812588095,"(58327.197, 63877.267]","(59764.7, 65985.991]","(17796.63, 61480.562]","(17796.63, 63877.267]","(17796.63, 68804.286]",*
61310.276407506135,"(58327.197, 63877.267]","(59764.7, 65985.991]","(17796.63, 61480.562]","(17796.63, 63877.267]","(17796.63, 68804.286]",*
61310.280028198045,"(58327.197, 63877.267]","(59764.7, 65985.991]","(17796.63, 61480.562]","(17796.63, 63877.267]","(17796.63, 68804.286]",*
61321.58936371884,"(58327.197, 63877.267]","(59764.7, 65985.991]","(17796.63, 61480.562]","(17796.63, 63877.267]","(17796.63, 68804.286]",*
61325.0789079817,"(58327.197, 63877.267]","(59764.7, 65985.991]","(17796.63, 61480.562]","(17796.63, 63877.267]","(17796.63, 68804.286]",*
61355.9459834606,"(58327.197, 63877.267]","(59764.7, 65985.991]","(17796.63, 61480.562]","(17796.63, 63877.267]","(17796.63, 68804.286]",*
61369.48315346728,"(58327.197, 63877.267]","(59764.7, 65985.991]","(17796.63, 61480.562]","(17796.63, 63877.267]","(17796.63, 68804.286]",*
61370.32348975753,"(58327.197, 63877.267]","(59764.7, 65985.991]","(17796.63, 61480.562]","(17796.63, 63877.267]","(17796.63, 68804.286]",*
61393.05011478879,"(58327.197, 63877.267]","(59764.7, 65985.991]","(17796.63, 61480.562]","(17796.63, 63877.267]","(17796.63, 68804.286]",*
61411.41702990923,"(58327.197, 63877.267]","(59764.7, 65985.991]","(17796.63, 61480.562]","(17796.63, 63877.267]","(17796.63, 68804.286]",*
61426.001335054345,"(58327.197, 63877.267]","(59764.7, 65985.991]","(17796.63, 61480.562]","(17796.63, 63877.267]","(17796.63, 68804.286]",*
61426.05608184287,"(58327.197, 63877.267]","(59764.7, 65985.991]","(17796.63, 61480.562]","(17796.63, 63877.267]","(17796.63, 68804.286]",*
61431.829291207454,"(58327.197, 63877.267]","(59764.7, 65985.991]","(17796.63, 61480.562]","(17796.63, 63877.267]","(17796.63, 68804.286]",*
61436.7667663071,"(58327.197, 63877.267]","(59764.7, 65985.991]","(17796.63, 61480.562]","(17796.63, 63877.267]","(17796.63, 68804.286]",*
61436.918906292696,"(58327.197, 63877.267]","(59764.7, 65985.991]","(17796.63, 61480.562]","(17796.63, 63877.267]","(17796.63, 68804.286]",*
61437.77627078918,"(58327.197, 63877.267]","(59764.7, 65985.991]","(17796.63, 61480.562]","(17796.63, 63877.267]","(17796.63, 68804.286]",*
61449.43131800238,"(58327.197, 63877.267]","(59764.7, 65985.991]","(17796.63, 61480.562]","(17796.63, 63877.267]","(17796.63, 68804.286]",*
61456.15070378085,"(58327.197, 63877.267]","(59764.7, 65985.991]","(17796.63, 61480.562]","(17796.63, 63877.267]","(17796.63, 68804.286]",*
61458.54727458787,"(58327.197, 63877.267]","(59764.7, 65985.991]","(17796.63, 61480.562]","(17796.63, 63877.267]","(17796.63, 68804.286]",*
61460.93949171628,"(58327.197, 63877.267]","(59764.7, 65985.991]","(17796.63, 61480.562]","(17796.63, 63877.267]","(17796.63, 68804.286]",*
61461.496812638405,"(58327.197, 63877.267]","(59764.7, 65985.991]","(17796.63, 61480.562]","(17796.63, 63877.267]","(17796.63, 68804.286]",*
61467.74962515599,"(58327.197, 63877.267]","(59764.7, 65985.991]","(17796.63, 61480.562]","(17796.63, 63877.267]","(17796.63, 68804.286]",*
61471.41262817046,"(58327.197, 63877.267]","(59764.7, 65985.991]","(17796.63, 61480.562]","(17796.63, 63877.267]","(17796.63, 68804.286]",*
61475.25536206918,"(58327.197, 63877.267]","(59764.7, 65985.991]","(17796.63, 61480.562]","(17796.63, 63877.267]","(17796.63, 68804.286]",*
61478.63392956733,"(58327.197, 63877.267]","(59764.7, 65985.991]","(17796.63, 61480.562]","(17796.63, 63877.267]","(17796.63, 68804.286]",*
61481.205208092186,"(58327.197, 63877.267]","(59764.7, 65985.991]","(61480.562, 68804.286]","(17796.63, 63877.267]","(17796.63, 68804.286]",*
61482.24478876259,"(58327.197, 63877.267]","(59764.7, 65985.991]","(61480.562, 68804.286]","(17796.63, 63877.267]","(17796.63, 68804.286]",*
61482.978797624826,"(58327.197, 63877.267]","(59764.7, 65985.991]","(61480.562, 68804.286]","(17796.63, 63877.267]","(17796.63, 68804.286]",*
61485.87398515562,"(58327.197, 63877.267]","(59764.7, 65985.991]","(61480.562, 68804.286]","(17796.63, 63877.267]","(17796.63, 68804.286]",*
61492.92159075321,"(58327.197, 63877.267]","(59764.7, 65985.991]","(61480.562, 68804.286]","(17796.63, 63877.267]","(17796.63, 68804.286]",*
61503.04059605399,"(58327.197, 63877.267]","(59764.7, 65985.991]","(61480.562, 68804.286]","(17796.63, 63877.267]","(17796.63, 68804.286]",*
61504.26462766134,"(58327.197, 63877.267]","(59764.7, 65985.991]","(61480.562, 68804.286]","(17796.63, 63877.267]","(17796.63, 68804.286]",*
61506.59477477398,"(58327.197, 63877.267]","(59764.7, 65985.991]","(61480.562, 68804.286]","(17796.63, 63877.267]","(17796.63, 68804.286]",*
61508.983598523926,"(58327.197, 63877.267]","(59764.7, 65985.991]","(61480.562, 68804.286]","(17796.63, 63877.267]","(17796.63, 68804.286]",*
61516.100332024005,"(58327.197, 63877.267]","(59764.7, 65985.991]","(61480.562, 68804.286]","(17796.63, 63877.267]","(17796.63, 68804.286]",*
61522.9311152275,"(58327.197, 63877.267]","(59764.7, 65985.991]","(61480.562, 68804.286]","(17796.63, 63877.267]","(17796.63, 68804.286]",*
61526.974447976725,"(58327.197, 63877.267]","(59764.7, 65985.991]","(61480.562, 68804.286]","(17796.63, 63877.267]","(17796.63, 68804.286]",*
61536.557216479465,"(58327.197, 63877.267]","(59764.7, 65985.991]","(61480.562, 68804.286]","(17796.63, 63877.267]","(17796.63, 68804.286]",*
61538.90778697393,"(58327.197, 63877.267]","(59764.7, 65985.991]","(61480.562, 68804.286]","(17796.63, 63877.267]","(17796.63, 68804.286]",*
61544.58346818272,"(58327.197, 63877.267]","(59764.7, 65985.991]","(61480.562, 68804.286]","(17796.63, 63877.267]","(17796.63, 68804.286]",*
61577.42775016241,"(58327.197, 63877.267]","(59764.7, 65985.991]","(61480.562, 68804.286]","(17796.63, 63877.267]","(17796.63, 68804.286]",*
61581.04804882599,"(58327.197, 63877.267]","(59764.7, 65985.991]","(61480.562, 68804.286]","(17796.63, 63877.267]","(17796.63, 68804.286]",*
61590.894032640055,"(58327.197, 63877.267]","(59764.7, 65985.991]","(61480.562, 68804.286]","(17796.63, 63877.267]","(17796.63, 68804.286]",*
61592.93770114219,"(58327.197, 63877.267]","(59764.7, 65985.991]","(61480.562, 68804.286]","(17796.63, 63877.267]","(17796.63, 68804.286]",*
61600.92573333679,"(58327.197, 63877.267]","(59764.7, 65985.991]","(61480.562, 68804.286]","(17796.63, 63877.267]","(17796.63, 68804.286]",*
61601.58059327803,"(58327.197, 63877.267]","(59764.7, 65985.991]","(61480.562, 68804.286]","(17796.63, 63877.267]","(17796.63, 68804.286]",*
61602.03812755527,"(58327.197, 63877.267]","(59764.7, 65985.991]","(61480.562, 68804.286]","(17796.63, 63877.267]","(17796.63, 68804.286]",*
61606.92173744278,"(58327.197, 63877.267]","(59764.7, 65985.991]","(61480.562, 68804.286]","(17796.63, 63877.267]","(17796.63, 68804.286]",*
61611.751784261614,"(58327.197, 63877.267]","(59764.7, 65985.991]","(61480.562, 68804.286]","(17796.63, 63877.267]","(17796.63, 68804.286]",*
61625.05933374253,"(58327.197, 63877.267]","(59764.7, 65985.991]","(61480.562, 68804.286]","(17796.63, 63877.267]","(17796.63, 68804.286]",*
61634.035799475525,"(58327.197, 63877.267]","(59764.7, 65985.991]","(61480.562, 68804.286]","(17796.63, 63877.267]","(17796.63, 68804.286]",*
61641.0542752553,"(58327.197, 63877.267]","(59764.7, 65985.991]","(61480.562, 68804.286]","(17796.63, 63877.267]","(17796.63, 68804.286]",*
61641.15165728844,"(58327.197, 63877.267]","(59764.7, 65985.991]","(61480.562, 68804.286]","(17796.63, 63877.267]","(17796.63, 68804.286]",*
61644.1736115033,"(58327.197, 63877.267]","(59764.7, 65985.991]","(61480.562, 68804.286]","(17796.63, 63877.267]","(17796.63, 68804.286]",*
61654.698882643,"(58327.197, 63877.267]","(59764.7, 65985.991]","(61480.562, 68804.286]","(17796.63, 63877.267]","(17796.63, 68804.286]",*
61657.04353791264,"(58327.197, 63877.267]","(59764.7, 65985.991]","(61480.562, 68804.286]","(17796.63, 63877.267]","(17796.63, 68804.286]",*
61660.272288795335,"(58327.197, 63877.267]","(59764.7, 65985.991]","(61480.562, 68804.286]","(17796.63, 63877.267]","(17796.63, 68804.286]",*
61666.1515002632,"(58327.197, 63877.267]","(59764.7, 65985.991]","(61480.562, 68804.286]","(17796.63, 63877.267]","(17796.63, 68804.286]",*
61666.49942608509,"(58327.197, 63877.267]","(59764.7, 65985.991]","(61480.562, 68804.286]","(17796.63, 63877.267]","(17796.63, 68804.286]",*
61667.72080128218,"(58327.197, 63877.267]","(59764.7, 65985.991]","(61480.562, 68804.286]","(17796.63, 63877.267]","(17796.63, 68804.286]",*
61676.73492261528,"(58327.197, 63877.267]","(59764.7, 65985.991]","(61480.562, 68804.286]","(17796.63, 63877.267]","(17796.63, 68804.286]",*
61679.171155216776,"(58327.197, 63877.267]","(59764.7, 65985.991]","(61480.562, 68804.286]","(17796.63, 63877.267]","(17796.63, 68804.286]",*
61682.99948209922,"(58327.197, 63877.267]","(59764.7, 65985.991]","(61480.562, 68804.286]","(17796.63, 63877.267]","(17796.63, 68804.286]",*
61685.7560421588,"(58327.197, 63877.267]","(59764.7, 65985.991]","(61480.562, 68804.286]","(17796.63, 63877.267]","(17796.63, 68804.286]",*
61687.394423280566,"(58327.197, 63877.267]","(59764.7, 65985.991]","(61480.562, 68804.286]","(17796.63, 63877.267]","(17796.63, 68804.286]",*
61687.869796313855,"(58327.197, 63877.267]","(59764.7, 65985.991]","(61480.562, 68804.286]","(17796.63, 63877.267]","(17796.63, 68804.286]",*
61688.68293870772,"(58327.197, 63877.267]","(59764.7, 65985.991]","(61480.562, 68804.286]","(17796.63, 63877.267]","(17796.63, 68804.286]",*
61704.34216351079,"(58327.197, 63877.267]","(59764.7, 65985.991]","(61480.562, 68804.286]","(17796.63, 63877.267]","(17796.63, 68804.286]",*
61724.73573373237,"(58327.197, 63877.267]","(59764.7, 65985.991]","(61480.562, 68804.286]","(17796.63, 63877.267]","(17796.63, 68804.286]",*
61753.191584204826,"(58327.197, 63877.267]","(59764.7, 65985.991]","(61480.562, 68804.286]","(17796.63, 63877.267]","(17796.63, 68804.286]",*
61761.31840635968,"(58327.197, 63877.267]","(59764.7, 65985.991]","(61480.562, 68804.286]","(17796.63, 63877.267]","(17796.63, 68804.286]",*
61776.61566336521,"(58327.197, 63877.267]","(59764.7, 65985.991]","(61480.562, 68804.286]","(17796.63, 63877.267]","(17796.63, 68804.286]",*
61783.90057288977,"(58327.197, 63877.267]","(59764.7, 65985.991]","(61480.562, 68804.286]","(17796.63, 63877.267]","(17796.63, 68804.286]",*
61784.06493640952,"(58327.197, 63877.267]","(59764.7, 65985.991]","(61480.562, 68804.286]","(17796.63, 63877.267]","(17796.63, 68804.286]",*
61795.4765418705,"(58327.197, 63877.267]","(59764.7, 65985.991]","(61480.562, 68804.286]","(17796.63, 63877.267]","(17796.63, 68804.286]",*
61801.46537410586,"(58327.197, 63877.267]","(59764.7, 65985.991]","(61480.562, 68804.286]","(17796.63, 63877.267]","(17796.63, 68804.286]",*
61802.537231563176,"(58327.197, 63877.267]","(59764.7, 65985.991]","(61480.562, 68804.286]","(17796.63, 63877.267]","(17796.63, 68804.286]",*
61807.484931046565,"(58327.197, 63877.267]","(59764.7, 65985.991]","(61480.562, 68804.286]","(17796.63, 63877.267]","(17796.63, 68804.286]",*
61808.0273893042,"(58327.197, 63877.267]","(59764.7, 65985.991]","(61480.562, 68804.286]","(17796.63, 63877.267]","(17796.63, 68804.286]",*
61818.62000505929,"(58327.197, 63877.267]","(59764.7, 65985.991]","(61480.562, 68804.286]","(17796.63, 63877.267]","(17796.63, 68804.286]",*
61821.940438368976,"(58327.197, 63877.267]","(59764.7, 65985.991]","(61480.562, 68804.286]","(17796.63, 63877.267]","(17796.63, 68804.286]",*
61822.46925062744,"(58327.197, 63877.267]","(59764.7, 65985.991]","(61480.562, 68804.286]","(17796.63, 63877.267]","(17796.63, 68804.286]",*
61827.54395765313,"(58327.197, 63877.267]","(59764.7, 65985.991]","(61480.562, 68804.286]","(17796.63, 63877.267]","(17796.63, 68804.286]",*
61828.03256071264,"(58327.197, 63877.267]","(59764.7, 65985.991]","(61480.562, 68804.286]","(17796.63, 63877.267]","(17796.63, 68804.286]",*
61830.23950122861,"(58327.197, 63877.267]","(59764.7, 65985.991]","(61480.562, 68804.286]","(17796.63, 63877.267]","(17796.63, 68804.286]",*
61839.64789784438,"(58327.197, 63877.267]","(59764.7, 65985.991]","(61480.562, 68804.286]","(17796.63, 63877.267]","(17796.63, 68804.286]",*
61839.7678629135,"(58327.197, 63877.267]","(59764.7, 65985.991]","(61480.562, 68804.286]","(17796.63, 63877.267]","(17796.63, 68804.286]",*
61846.135899776426,"(58327.197, 63877.267]","(59764.7, 65985.991]","(61480.562, 68804.286]","(17796.63, 63877.267]","(17796.63, 68804.286]",*
61853.863883419705,"(58327.197, 63877.267]","(59764.7, 65985.991]","(61480.562, 68804.286]","(17796.63, 63877.267]","(17796.63, 68804.286]",*
61865.423218379285,"(58327.197, 63877.267]","(59764.7, 65985.991]","(61480.562, 68804.286]","(17796.63, 63877.267]","(17796.63, 68804.286]",*
61867.91686188803,"(58327.197, 63877.267]","(59764.7, 65985.991]","(61480.562, 68804.286]","(17796.63, 63877.267]","(17796.63, 68804.286]",*
61868.60746252615,"(58327.197, 63877.267]","(59764.7, 65985.991]","(61480.562, 68804.286]","(17796.63, 63877.267]","(17796.63, 68804.286]",*
61875.075973399296,"(58327.197, 63877.267]","(59764.7, 65985.991]","(61480.562, 68804.286]","(17796.63, 63877.267]","(17796.63, 68804.286]",*
61877.5490649008,"(58327.197, 63877.267]","(59764.7, 65985.991]","(61480.562, 68804.286]","(17796.63, 63877.267]","(17796.63, 68804.286]",*
61881.16371697171,"(58327.197, 63877.267]","(59764.7, 65985.991]","(61480.562, 68804.286]","(17796.63, 63877.267]","(17796.63, 68804.286]",*
61881.47930965317,"(58327.197, 63877.267]","(59764.7, 65985.991]","(61480.562, 68804.286]","(17796.63, 63877.267]","(17796.63, 68804.286]",*
61885.546440328886,"(58327.197, 63877.267]","(59764.7, 65985.991]","(61480.562, 68804.286]","(17796.63, 63877.267]","(17796.63, 68804.286]",*
61905.95942670728,"(58327.197, 63877.267]","(59764.7, 65985.991]","(61480.562, 68804.286]","(17796.63, 63877.267]","(17796.63, 68804.286]",*
61907.59334528668,"(58327.197, 63877.267]","(59764.7, 65985.991]","(61480.562, 68804.286]","(17796.63, 63877.267]","(17796.63, 68804.286]",*
61909.04143759029,"(58327.197, 63877.267]","(59764.7, 65985.991]","(61480.562, 68804.286]","(17796.63, 63877.267]","(17796.63, 68804.286]",*
61929.07701808926,"(58327.197, 63877.267]","(59764.7, 65985.991]","(61480.562, 68804.286]","(17796.63, 63877.267]","(17796.63, 68804.286]",*
61932.87261556327,"(58327.197, 63877.267]","(59764.7, 65985.991]","(61480.562, 68804.286]","(17796.63, 63877.267]","(17796.63, 68804.286]",*
61943.1916491392,"(58327.197, 63877.267]","(59764.7, 65985.991]","(61480.562, 68804.286]","(17796.63, 63877.267]","(17796.63, 68804.286]",*
61949.88399305361,"(58327.197, 63877.267]","(59764.7, 65985.991]","(61480.562, 68804.286]","(17796.63, 63877.267]","(17796.63, 68804.286]",*
61951.17043520197,"(58327.197, 63877.267]","(59764.7, 65985.991]","(61480.562, 68804.286]","(17796.63, 63877.267]","(17796.63, 68804.286]",*
61951.48992855733,"(58327.197, 63877.267]","(59764.7, 65985.991]","(61480.562, 68804.286]","(17796.63, 63877.267]","(17796.63, 68804.286]",*
61956.886221992645,"(58327.197, 63877.267]","(59764.7, 65985.991]","(61480.562, 68804.286]","(17796.63, 63877.267]","(17796.63, 68804.286]",*
61957.15430368169,"(58327.197, 63877.267]","(59764.7, 65985.991]","(61480.562, 68804.286]","(17796.63, 63877.267]","(17796.63, 68804.286]",*
61958.143054869295,"(58327.197, 63877.267]","(59764.7, 65985.991]","(61480.562, 68804.286]","(17796.63, 63877.267]","(17796.63, 68804.286]",*
61972.70606838477,"(58327.197, 63877.267]","(59764.7, 65985.991]","(61480.562, 68804.286]","(17796.63, 63877.267]","(17796.63, 68804.286]",*
61978.84804645049,"(58327.197, 63877.267]","(59764.7, 65985.991]","(61480.562, 68804.286]","(17796.63, 63877.267]","(17796.63, 68804.286]",*
61983.7999352488,"(58327.197, 63877.267]","(59764.7, 65985.991]","(61480.562, 68804.286]","(17796.63, 63877.267]","(17796.63, 68804.286]",*
61989.919204277074,"(58327.197, 63877.267]","(59764.7, 65985.991]","(61480.562, 68804.286]","(17796.63, 63877.267]","(17796.63, 68804.286]",*
62006.20326152668,"(58327.197, 63877.267]","(59764.7, 65985.991]","(61480.562, 68804.286]","(17796.63, 63877.267]","(17796.63, 68804.286]",*
62016.07654078622,"(58327.197, 63877.267]","(59764.7, 65985.991]","(61480.562, 68804.286]","(17796.63, 63877.267]","(17796.63, 68804.286]",*
62016.6860517005,"(58327.197, 63877.267]","(59764.7, 65985.991]","(61480.562, 68804.286]","(17796.63, 63877.267]","(17796.63, 68804.286]",*
62017.40087961495,"(58327.197, 63877.267]","(59764.7, 65985.991]","(61480.562, 68804.286]","(17796.63, 63877.267]","(17796.63, 68804.286]",*
62021.2035488435,"(58327.197, 63877.267]","(59764.7, 65985.991]","(61480.562, 68804.286]","(17796.63, 63877.267]","(17796.63, 68804.286]",*
62032.95946791353,"(58327.197, 63877.267]","(59764.7, 65985.991]","(61480.562, 68804.286]","(17796.63, 63877.267]","(17796.63, 68804.286]",*
62034.98064113207,"(58327.197, 63877.267]","(59764.7, 65985.991]","(61480.562, 68804.286]","(17796.63, 63877.267]","(17796.63, 68804.286]",*
62036.631129886846,"(58327.197, 63877.267]","(59764.7, 65985.991]","(61480.562, 68804.286]","(17796.63, 63877.267]","(17796.63, 68804.286]",*
62041.42829314112,"(58327.197, 63877.267]","(59764.7, 65985.991]","(61480.562, 68804.286]","(17796.63, 63877.267]","(17796.63, 68804.286]",*
62043.17584706179,"(58327.197, 63877.267]","(59764.7, 65985.991]","(61480.562, 68804.286]","(17796.63, 63877.267]","(17796.63, 68804.286]",*
62052.19498599668,"(58327.197, 63877.267]","(59764.7, 65985.991]","(61480.562, 68804.286]","(17796.63, 63877.267]","(17796.63, 68804.286]",*
62058.50245940565,"(58327.197, 63877.267]","(59764.7, 65985.991]","(61480.562, 68804.286]","(17796.63, 63877.267]","(17796.63, 68804.286]",*
62060.94265751254,"(58327.197, 63877.267]","(59764.7, 65985.991]","(61480.562, 68804.286]","(17796.63, 63877.267]","(17796.63, 68804.286]",*
62069.76279329919,"(58327.197, 63877.267]","(59764.7, 65985.991]","(61480.562, 68804.286]","(17796.63, 63877.267]","(17796.63, 68804.286]",*
62072.07255375162,"(58327.197, 63877.267]","(59764.7, 65985.991]","(61480.562, 68804.286]","(17796.63, 63877.267]","(17796.63, 68804.286]",*
62083.03560622096,"(58327.197, 63877.267]","(59764.7, 65985.991]","(61480.562, 68804.286]","(17796.63, 63877.267]","(17796.63, 68804.286]",*
62085.27640340488,"(58327.197, 63877.267]","(59764.7, 65985.991]","(61480.562, 68804.286]","(17796.63, 63877.267]","(17796.63, 68804.286]",*
62087.47464302029,"(58327.197, 63877.267]","(59764.7, 65985.991]","(61480.562, 68804.286]","(17796.63, 63877.267]","(17796.63, 68804.286]",*
62088.7009005336,"(58327.197, 63877.267]","(59764.7, 65985.991]","(61480.562, 68804.286]","(17796.63, 63877.267]","(17796.63, 68804.286]",*
62092.69303395827,"(58327.197, 63877.267]","(59764.7, 65985.991]","(61480.562, 68804.286]","(17796.63, 63877.267]","(17796.63, 68804.286]",*
62095.03680597188,"(58327.197, 63877.267]","(59764.7, 65985.991]","(61480.562, 68804.286]","(17796.63, 63877.267]","(17796.63, 68804.286]",*
62106.31454591364,"(58327.197, 63877.267]","(59764.7, 65985.991]","(61480.562, 68804.286]","(17796.63, 63877.267]","(17796.63, 68804.286]",*
62113.52207074285,"(58327.197, 63877.267]","(59764.7, 65985.991]","(61480.562, 68804.286]","(17796.63, 63877.267]","(17796.63, 68804.286]",*
62117.454621640216,"(58327.197, 63877.267]","(59764.7, 65985.991]","(61480.562, 68804.286]","(17796.63, 63877.267]","(17796.63, 68804.286]",*
62124.47543860784,"(58327.197, 63877.267]","(59764.7, 65985.991]","(61480.562, 68804.286]","(17796.63, 63877.267]","(17796.63, 68804.286]",*
62126.747103853886,"(58327.197, 63877.267]","(59764.7, 65985.991]","(61480.562, 68804.286]","(17796.63, 63877.267]","(17796.63, 68804.286]",*
62128.78493243778,"(58327.197, 63877.267]","(59764.7, 65985.991]","(61480.562, 68804.286]","(17796.63, 63877.267]","(17796.63, 68804.286]",*
62130.62308264668,"(58327.197, 63877.267]","(59764.7, 65985.991]","(61480.562, 68804.286]","(17796.63, 63877.267]","(17796.63, 68804.286]",*
62134.02206112044,"(58327.197, 63877.267]","(59764.7, 65985.991]","(61480.562, 68804.286]","(17796.63, 63877.267]","(17796.63, 68804.286]",*
62135.394774591936,"(58327.197, 63877.267]","(59764.7, 65985.991]","(61480.562, 68804.286]","(17796.63, 63877.267]","(17796.63, 68804.286]",*
62137.597213310924,"(58327.197, 63877.267]","(59764.7, 65985.991]","(61480.562, 68804.286]","(17796.63, 63877.267]","(17796.63, 68804.286]",*
62141.69860532579,"(58327.197, 63877.267]","(59764.7, 65985.991]","(61480.562, 68804.286]","(17796.63, 63877.267]","(17796.63, 68804.286]",*
62152.60602731634,"(58327.197, 63877.267]","(59764.7, 65985.991]","(61480.562, 68804.286]","(17796.63, 63877.267]","(17796.63, 68804.286]",*
62159.22758598793,"(58327.197, 63877.267]","(59764.7, 65985.991]","(61480.562, 68804.286]","(17796.63, 63877.267]","(17796.63, 68804.286]",*
62162.62812636909,"(58327.197, 63877.267]","(59764.7, 65985.991]","(61480.562, 68804.286]","(17796.63, 63877.267]","(17796.63, 68804.286]",*
62173.580099008206,"(58327.197, 63877.267]","(59764.7, 65985.991]","(61480.562, 68804.286]","(17796.63, 63877.267]","(17796.63, 68804.286]",*
62175.02197456659,"(58327.197, 63877.267]","(59764.7, 65985.991]","(61480.562, 68804.286]","(17796.63, 63877.267]","(17796.63, 68804.286]",*
62184.53937490796,"(58327.197, 63877.267]","(59764.7, 65985.991]","(61480.562, 68804.286]","(17796.63, 63877.267]","(17796.63, 68804.286]",*
62207.47580558837,"(58327.197, 63877.267]","(59764.7, 65985.991]","(61480.562, 68804.286]","(17796.63, 63877.267]","(17796.63, 68804.286]",*
62209.872314405184,"(58327.197, 63877.267]","(59764.7, 65985.991]","(61480.562, 68804.286]","(17796.63, 63877.267]","(17796.63, 68804.286]",*
62212.55965364089,"(58327.197, 63877.267]","(59764.7, 65985.991]","(61480.562, 68804.286]","(17796.63, 63877.267]","(17796.63, 68804.286]",*
62223.19971533541,"(58327.197, 63877.267]","(59764.7, 65985.991]","(61480.562, 68804.286]","(17796.63, 63877.267]","(17796.63, 68804.286]",*
62224.01008567768,"(58327.197, 63877.267]","(59764.7, 65985.991]","(61480.562, 68804.286]","(17796.63, 63877.267]","(17796.63, 68804.286]",*
62241.12413910439,"(58327.197, 63877.267]","(59764.7, 65985.991]","(61480.562, 68804.286]","(17796.63, 63877.267]","(17796.63, 68804.286]",*
62245.73982068289,"(58327.197, 63877.267]","(59764.7, 65985.991]","(61480.562, 68804.286]","(17796.63, 63877.267]","(17796.63, 68804.286]",*
62270.59376658405,"(58327.197, 63877.267]","(59764.7, 65985.991]","(61480.562, 68804.286]","(17796.63, 63877.267]","(17796.63, 68804.286]",*
62279.79005157392,"(58327.197, 63877.267]","(59764.7, 65985.991]","(61480.562, 68804.286]","(17796.63, 63877.267]","(17796.63, 68804.286]",*
62302.063847931066,"(58327.197, 63877.267]","(59764.7, 65985.991]","(61480.562, 68804.286]","(17796.63, 63877.267]","(17796.63, 68804.286]",*
62303.11301782894,"(58327.197, 63877.267]","(59764.7, 65985.991]","(61480.562, 68804.286]","(17796.63, 63877.267]","(17796.63, 68804.286]",*
62305.63840732258,"(58327.197, 63877.267]","(59764.7, 65985.991]","(61480.562, 68804.286]","(17796.63, 63877.267]","(17796.63, 68804.286]",*
62311.387753003175,"(58327.197, 63877.267]","(59764.7, 65985.991]","(61480.562, 68804.286]","(17796.63, 63877.267]","(17796.63, 68804.286]",*
62314.21472156586,"(58327.197, 63877.267]","(59764.7, 65985.991]","(61480.562, 68804.286]","(17796.63, 63877.267]","(17796.63, 68804.286]",*
62315.58369992297,"(58327.197, 63877.267]","(59764.7, 65985.991]","(61480.562, 68804.286]","(17796.63, 63877.267]","(17796.63, 68804.286]",*
62317.0873532178,"(58327.197, 63877.267]","(59764.7, 65985.991]","(61480.562, 68804.286]","(17796.63, 63877.267]","(17796.63, 68804.286]",*
62317.21426609864,"(58327.197, 63877.267]","(59764.7, 65985.991]","(61480.562, 68804.286]","(17796.63, 63877.267]","(17796.63, 68804.286]",*
62320.25859274637,"(58327.197, 63877.267]","(59764.7, 65985.991]","(61480.562, 68804.286]","(17796.63, 63877.267]","(17796.63, 68804.286]",*
62327.89441093188,"(58327.197, 63877.267]","(59764.7, 65985.991]","(61480.562, 68804.286]","(17796.63, 63877.267]","(17796.63, 68804.286]",*
62333.48574724906,"(58327.197, 63877.267]","(59764.7, 65985.991]","(61480.562, 68804.286]","(17796.63, 63877.267]","(17796.63, 68804.286]",*
62340.25519683463,"(58327.197, 63877.267]","(59764.7, 65985.991]","(61480.562, 68804.286]","(17796.63, 63877.267]","(17796.63, 68804.286]",*
62342.351486232415,"(58327.197, 63877.267]","(59764.7, 65985.991]","(61480.562, 68804.286]","(17796.63, 63877.267]","(17796.63, 68804.286]",*
62342.847183548176,"(58327.197, 63877.267]","(59764.7, 65985.991]","(61480.562, 68804.286]","(17796.63, 63877.267]","(17796.63, 68804.286]",*
62345.822602157874,"(58327.197, 63877.267]","(59764.7, 65985.991]","(61480.562, 68804.286]","(17796.63, 63877.267]","(17796.63, 68804.286]",*
62347.25084925438,"(58327.197, 63877.267]","(59764.7, 65985.991]","(61480.562, 68804.286]","(17796.63, 63877.267]","(17796.63, 68804.286]",*
62353.0657990226,"(58327.197, 63877.267]","(59764.7, 65985.991]","(61480.562, 68804.286]","(17796.63, 63877.267]","(17796.63, 68804.286]",*
62355.353777925935,"(58327.197, 63877.267]","(59764.7, 65985.991]","(61480.562, 68804.286]","(17796.63, 63877.267]","(17796.63, 68804.286]",*
62357.03095346682,"(58327.197, 63877.267]","(59764.7, 65985.991]","(61480.562, 68804.286]","(17796.63, 63877.267]","(17796.63, 68804.286]",*
62358.404104539964,"(58327.197, 63877.267]","(59764.7, 65985.991]","(61480.562, 68804.286]","(17796.63, 63877.267]","(17796.63, 68804.286]",*
62367.45239853162,"(58327.197, 63877.267]","(59764.7, 65985.991]","(61480.562, 68804.286]","(17796.63, 63877.267]","(17796.63, 68804.286]",*
62369.71303119112,"(58327.197, 63877.267]","(59764.7, 65985.991]","(61480.562, 68804.286]","(17796.63, 63877.267]","(17796.63, 68804.286]",*
62370.03191441474,"(58327.197, 63877.267]","(59764.7, 65985.991]","(61480.562, 68804.286]","(17796.63, 63877.267]","(17796.63, 68804.286]",*
62377.064471361926,"(58327.197, 63877.267]","(59764.7, 65985.991]","(61480.562, 68804.286]","(17796.63, 63877.267]","(17796.63, 68804.286]",*
62381.92328622963,"(58327.197, 63877.267]","(59764.7, 65985.991]","(61480.562, 68804.286]","(17796.63, 63877.267]","(17796.63, 68804.286]",*
62382.46125854514,"(58327.197, 63877.267]","(59764.7, 65985.991]","(61480.562, 68804.286]","(17796.63, 63877.267]","(17796.63, 68804.286]",*
62384.57251464881,"(58327.197, 63877.267]","(59764.7, 65985.991]","(61480.562, 68804.286]","(17796.63, 63877.267]","(17796.63, 68804.286]",*
62390.33309697612,"(58327.197, 63877.267]","(59764.7, 65985.991]","(61480.562, 68804.286]","(17796.63, 63877.267]","(17796.63, 68804.286]",*
62397.079733818064,"(58327.197, 63877.267]","(59764.7, 65985.991]","(61480.562, 68804.286]","(17796.63, 63877.267]","(17796.63, 68804.286]",*
62399.28279006046,"(58327.197, 63877.267]","(59764.7, 65985.991]","(61480.562, 68804.286]","(17796.63, 63877.267]","(17796.63, 68804.286]",*
62406.53098962405,"(58327.197, 63877.267]","(59764.7, 65985.991]","(61480.562, 68804.286]","(17796.63, 63877.267]","(17796.63, 68804.286]",*
62421.968879093176,"(58327.197, 63877.267]","(59764.7, 65985.991]","(61480.562, 68804.286]","(17796.63, 63877.267]","(17796.63, 68804.286]",*
62431.938099572384,"(58327.197, 63877.267]","(59764.7, 65985.991]","(61480.562, 68804.286]","(17796.63, 63877.267]","(17796.63, 68804.286]",*
62443.29154970229,"(58327.197, 63877.267]","(59764.7, 65985.991]","(61480.562, 68804.286]","(17796.63, 63877.267]","(17796.63, 68804.286]",*
62450.6289892546,"(58327.197, 63877.267]","(59764.7, 65985.991]","(61480.562, 68804.286]","(17796.63, 63877.267]","(17796.63, 68804.286]",*
62472.15857950414,"(58327.197, 63877.267]","(59764.7, 65985.991]","(61480.562, 68804.286]","(17796.63, 63877.267]","(17796.63, 68804.286]",*
62484.855299128,"(58327.197, 63877.267]","(59764.7, 65985.991]","(61480.562, 68804.286]","(17796.63, 63877.267]","(17796.63, 68804.286]",*
62485.90147331852,"(58327.197, 63877.267]","(59764.7, 65985.991]","(61480.562, 68804.286]","(17796.63, 63877.267]","(17796.63, 68804.286]",*
62491.55833416829,"(58327.197, 63877.267]","(59764.7, 65985.991]","(61480.562, 68804.286]","(17796.63, 63877.267]","(17796.63, 68804.286]",*
62497.329001915576,"(58327.197, 63877.267]","(59764.7, 65985.991]","(61480.562, 68804.286]","(17796.63, 63877.267]","(17796.63, 68804.286]",*
62500.96326291021,"(58327.197, 63877.267]","(59764.7, 65985.991]","(61480.562, 68804.286]","(17796.63, 63877.267]","(17796.63, 68804.286]",*
62503.58702751828,"(58327.197, 63877.267]","(59764.7, 65985.991]","(61480.562, 68804.286]","(17796.63, 63877.267]","(17796.63, 68804.286]",*
62514.10855666429,"(58327.197, 63877.267]","(59764.7, 65985.991]","(61480.562, 68804.286]","(17796.63, 63877.267]","(17796.63, 68804.286]",*
62519.35043467728,"(58327.197, 63877.267]","(59764.7, 65985.991]","(61480.562, 68804.286]","(17796.63, 63877.267]","(17796.63, 68804.286]",*
62524.556359681614,"(58327.197, 63877.267]","(59764.7, 65985.991]","(61480.562, 68804.286]","(17796.63, 63877.267]","(17796.63, 68804.286]",*
62554.55457167506,"(58327.197, 63877.267]","(59764.7, 65985.991]","(61480.562, 68804.286]","(17796.63, 63877.267]","(17796.63, 68804.286]",*
62557.4404359607,"(58327.197, 63877.267]","(59764.7, 65985.991]","(61480.562, 68804.286]","(17796.63, 63877.267]","(17796.63, 68804.286]",*
62559.29882389392,"(58327.197, 63877.267]","(59764.7, 65985.991]","(61480.562, 68804.286]","(17796.63, 63877.267]","(17796.63, 68804.286]",*
62561.56094808031,"(58327.197, 63877.267]","(59764.7, 65985.991]","(61480.562, 68804.286]","(17796.63, 63877.267]","(17796.63, 68804.286]",*
62566.56263654255,"(58327.197, 63877.267]","(59764.7, 65985.991]","(61480.562, 68804.286]","(17796.63, 63877.267]","(17796.63, 68804.286]",*
62566.76280453749,"(58327.197, 63877.267]","(59764.7, 65985.991]","(61480.562, 68804.286]","(17796.63, 63877.267]","(17796.63, 68804.286]",*
62571.35286332313,"(58327.197, 63877.267]","(59764.7, 65985.991]","(61480.562, 68804.286]","(17796.63, 63877.267]","(17796.63, 68804.286]",*
62587.11978314113,"(58327.197, 63877.267]","(59764.7, 65985.991]","(61480.562, 68804.286]","(17796.63, 63877.267]","(17796.63, 68804.286]",*
62591.861492992255,"(58327.197, 63877.267]","(59764.7, 65985.991]","(61480.562, 68804.286]","(17796.63, 63877.267]","(17796.63, 68804.286]",*
62594.979090312285,"(58327.197, 63877.267]","(59764.7, 65985.991]","(61480.562, 68804.286]","(17796.63, 63877.267]","(17796.63, 68804.286]",*
62612.90930378997,"(58327.197, 63877.267]","(59764.7, 65985.991]","(61480.562, 68804.286]","(17796.63, 63877.267]","(17796.63, 68804.286]",*
62614.420619127326,"(58327.197, 63877.267]","(59764.7, 65985.991]","(61480.562, 68804.286]","(17796.63, 63877.267]","(17796.63, 68804.286]",*
62616.16582309077,"(58327.197, 63877.267]","(59764.7, 65985.991]","(61480.562, 68804.286]","(17796.63, 63877.267]","(17796.63, 68804.286]",*
62617.32919929508,"(58327.197, 63877.267]","(59764.7, 65985.991]","(61480.562, 68804.286]","(17796.63, 63877.267]","(17796.63, 68804.286]",*
62622.48379304213,"(58327.197, 63877.267]","(59764.7, 65985.991]","(61480.562, 68804.286]","(17796.63, 63877.267]","(17796.63, 68804.286]",*
62623.35982778392,"(58327.197, 63877.267]","(59764.7, 65985.991]","(61480.562, 68804.286]","(17796.63, 63877.267]","(17796.63, 68804.286]",*
62635.25992380251,"(58327.197, 63877.267]","(59764.7, 65985.991]","(61480.562, 68804.286]","(17796.63, 63877.267]","(17796.63, 68804.286]",*
62636.83009596572,"(58327.197, 63877.267]","(59764.7, 65985.991]","(61480.562, 68804.286]","(17796.63, 63877.267]","(17796.63, 68804.286]",*
62637.593771763975,"(58327.197, 63877.267]","(59764.7, 65985.991]","(61480.562, 68804.286]","(17796.63, 63877.267]","(17796.63, 68804.286]",*
62639.159808276425,"(58327.197, 63877.267]","(59764.7, 65985.991]","(61480.562, 68804.286]","(17796.63, 63877.267]","(17796.63, 68804.286]",*
62653.09246185291,"(58327.197, 63877.267]","(59764.7, 65985.991]","(61480.562, 68804.286]","(17796.63, 63877.267]","(17796.63, 68804.286]",*
62654.359483247375,"(58327.197, 63877.267]","(59764.7, 65985.991]","(61480.562, 68804.286]","(17796.63, 63877.267]","(17796.63, 68804.286]",*
62669.03880072184,"(58327.197, 63877.267]","(59764.7, 65985.991]","(61480.562, 68804.286]","(17796.63, 63877.267]","(17796.63, 68804.286]",*
62671.73070150637,"(58327.197, 63877.267]","(59764.7, 65985.991]","(61480.562, 68804.286]","(17796.63, 63877.267]","(17796.63, 68804.286]",*
62676.9076790628,"(58327.197, 63877.267]","(59764.7, 65985.991]","(61480.562, 68804.286]","(17796.63, 63877.267]","(17796.63, 68804.286]",*
62677.19299413639,"(58327.197, 63877.267]","(59764.7, 65985.991]","(61480.562, 68804.286]","(17796.63, 63877.267]","(17796.63, 68804.286]",*
62678.33546670892,"(58327.197, 63877.267]","(59764.7, 65985.991]","(61480.562, 68804.286]","(17796.63, 63877.267]","(17796.63, 68804.286]",*
62681.79809077372,"(58327.197, 63877.267]","(59764.7, 65985.991]","(61480.562, 68804.286]","(17796.63, 63877.267]","(17796.63, 68804.286]",*
62685.27075172421,"(58327.197, 63877.267]","(59764.7, 65985.991]","(61480.562, 68804.286]","(17796.63, 63877.267]","(17796.63, 68804.286]",*
62699.43921681425,"(58327.197, 63877.267]","(59764.7, 65985.991]","(61480.562, 68804.286]","(17796.63, 63877.267]","(17796.63, 68804.286]",*
62699.52649084459,"(58327.197, 63877.267]","(59764.7, 65985.991]","(61480.562, 68804.286]","(17796.63, 63877.267]","(17796.63, 68804.286]",*
62702.368943761336,"(58327.197, 63877.267]","(59764.7, 65985.991]","(61480.562, 68804.286]","(17796.63, 63877.267]","(17796.63, 68804.286]",*
62707.64800875762,"(58327.197, 63877.267]","(59764.7, 65985.991]","(61480.562, 68804.286]","(17796.63, 63877.267]","(17796.63, 68804.286]",*
62709.71267281088,"(58327.197, 63877.267]","(59764.7, 65985.991]","(61480.562, 68804.286]","(17796.63, 63877.267]","(17796.63, 68804.286]",*
62714.55443356063,"(58327.197, 63877.267]","(59764.7, 65985.991]","(61480.562, 68804.286]","(17796.63, 63877.267]","(17796.63, 68804.286]",*
62714.62369135874,"(58327.197, 63877.267]","(59764.7, 65985.991]","(61480.562, 68804.286]","(17796.63, 63877.267]","(17796.63, 68804.286]",*
62717.682888979296,"(58327.197, 63877.267]","(59764.7, 65985.991]","(61480.562, 68804.286]","(17796.63, 63877.267]","(17796.63, 68804.286]",*
62725.40054038708,"(58327.197, 63877.267]","(59764.7, 65985.991]","(61480.562, 68804.286]","(17796.63, 63877.267]","(17796.63, 68804.286]",*
62726.41840076392,"(58327.197, 63877.267]","(59764.7, 65985.991]","(61480.562, 68804.286]","(17796.63, 63877.267]","(17796.63, 68804.286]",*
62731.88604320423,"(58327.197, 63877.267]","(59764.7, 65985.991]","(61480.562, 68804.286]","(17796.63, 63877.267]","(17796.63, 68804.286]",*
62745.03283768093,"(58327.197, 63877.267]","(59764.7, 65985.991]","(61480.562, 68804.286]","(17796.63, 63877.267]","(17796.63, 68804.286]",*
62755.45276552434,"(58327.197, 63877.267]","(59764.7, 65985.991]","(61480.562, 68804.286]","(17796.63, 63877.267]","(17796.63, 68804.286]",*
62765.29404953638,"(58327.197, 63877.267]","(59764.7, 65985.991]","(61480.562, 68804.286]","(17796.63, 63877.267]","(17796.63, 68804.286]",*
62769.03468342016,"(58327.197, 63877.267]","(59764.7, 65985.991]","(61480.562, 68804.286]","(17796.63, 63877.267]","(17796.63, 68804.286]",*
62773.52097668653,"(58327.197, 63877.267]","(59764.7, 65985.991]","(61480.562, 68804.286]","(17796.63, 63877.267]","(17796.63, 68804.286]",*
62784.33294834321,"(58327.197, 63877.267]","(59764.7, 65985.991]","(61480.562, 68804.286]","(17796.63, 63877.267]","(17796.63, 68804.286]",*
62785.91164492576,"(58327.197, 63877.267]","(59764.7, 65985.991]","(61480.562, 68804.286]","(17796.63, 63877.267]","(17796.63, 68804.286]",*
62794.965969869794,"(58327.197, 63877.267]","(59764.7, 65985.991]","(61480.562, 68804.286]","(17796.63, 63877.267]","(17796.63, 68804.286]",*
62798.23298285498,"(58327.197, 63877.267]","(59764.7, 65985.991]","(61480.562, 68804.286]","(17796.63, 63877.267]","(17796.63, 68804.286]",*
62806.29516457376,"(58327.197, 63877.267]","(59764.7, 65985.991]","(61480.562, 68804.286]","(17796.63, 63877.267]","(17796.63, 68804.286]",*
62816.878371637606,"(58327.197, 63877.267]","(59764.7, 65985.991]","(61480.562, 68804.286]","(17796.63, 63877.267]","(17796.63, 68804.286]",*
62819.31127776196,"(58327.197, 63877.267]","(59764.7, 65985.991]","(61480.562, 68804.286]","(17796.63, 63877.267]","(17796.63, 68804.286]",*
62820.17907701804,"(58327.197, 63877.267]","(59764.7, 65985.991]","(61480.562, 68804.286]","(17796.63, 63877.267]","(17796.63, 68804.286]",*
62829.041810302406,"(58327.197, 63877.267]","(59764.7, 65985.991]","(61480.562, 68804.286]","(17796.63, 63877.267]","(17796.63, 68804.286]",*
62835.25695690048,"(58327.197, 63877.267]","(59764.7, 65985.991]","(61480.562, 68804.286]","(17796.63, 63877.267]","(17796.63, 68804.286]",*
62840.190473925264,"(58327.197, 63877.267]","(59764.7, 65985.991]","(61480.562, 68804.286]","(17796.63, 63877.267]","(17796.63, 68804.286]",*
62845.1068407475,"(58327.197, 63877.267]","(59764.7, 65985.991]","(61480.562, 68804.286]","(17796.63, 63877.267]","(17796.63, 68804.286]",*
62846.905063162776,"(58327.197, 63877.267]","(59764.7, 65985.991]","(61480.562, 68804.286]","(17796.63, 63877.267]","(17796.63, 68804.286]",*
62850.31598086848,"(58327.197, 63877.267]","(59764.7, 65985.991]","(61480.562, 68804.286]","(17796.63, 63877.267]","(17796.63, 68804.286]",*
62857.07812946964,"(58327.197, 63877.267]","(59764.7, 65985.991]","(61480.562, 68804.286]","(17796.63, 63877.267]","(17796.63, 68804.286]",*
62862.48801829147,"(58327.197, 63877.267]","(59764.7, 65985.991]","(61480.562, 68804.286]","(17796.63, 63877.267]","(17796.63, 68804.286]",*
62873.36968612548,"(58327.197, 63877.267]","(59764.7, 65985.991]","(61480.562, 68804.286]","(17796.63, 63877.267]","(17796.63, 68804.286]",*
62881.16212491925,"(58327.197, 63877.267]","(59764.7, 65985.991]","(61480.562, 68804.286]","(17796.63, 63877.267]","(17796.63, 68804.286]",*
62893.64667848594,"(58327.197, 63877.267]","(59764.7, 65985.991]","(61480.562, 68804.286]","(17796.63, 63877.267]","(17796.63, 68804.286]",*
62894.12724253671,"(58327.197, 63877.267]","(59764.7, 65985.991]","(61480.562, 68804.286]","(17796.63, 63877.267]","(17796.63, 68804.286]",*
62902.25549235032,"(58327.197, 63877.267]","(59764.7, 65985.991]","(61480.562, 68804.286]","(17796.63, 63877.267]","(17796.63, 68804.286]",*
62911.518317444425,"(58327.197, 63877.267]","(59764.7, 65985.991]","(61480.562, 68804.286]","(17796.63, 63877.267]","(17796.63, 68804.286]",*
62917.321243374354,"(58327.197, 63877.267]","(59764.7, 65985.991]","(61480.562, 68804.286]","(17796.63, 63877.267]","(17796.63, 68804.286]",*
62921.41752457694,"(58327.197, 63877.267]","(59764.7, 65985.991]","(61480.562, 68804.286]","(17796.63, 63877.267]","(17796.63, 68804.286]",*
62926.70114888399,"(58327.197, 63877.267]","(59764.7, 65985.991]","(61480.562, 68804.286]","(17796.63, 63877.267]","(17796.63, 68804.286]",*
62933.334716892416,"(58327.197, 63877.267]","(59764.7, 65985.991]","(61480.562, 68804.286]","(17796.63, 63877.267]","(17796.63, 68804.286]",*
62937.047967347775,"(58327.197, 63877.267]","(59764.7, 65985.991]","(61480.562, 68804.286]","(17796.63, 63877.267]","(17796.63, 68804.286]",*
62938.21671308336,"(58327.197, 63877.267]","(59764.7, 65985.991]","(61480.562, 68804.286]","(17796.63, 63877.267]","(17796.63, 68804.286]",*
62946.42009887149,"(58327.197, 63877.267]","(59764.7, 65985.991]","(61480.562, 68804.286]","(17796.63, 63877.267]","(17796.63, 68804.286]",*
62948.735708221466,"(58327.197, 63877.267]","(59764.7, 65985.991]","(61480.562, 68804.286]","(17796.63, 63877.267]","(17796.63, 68804.286]",*
62949.673953804326,"(58327.197, 63877.267]","(59764.7, 65985.991]","(61480.562, 68804.286]","(17796.63, 63877.267]","(17796.63, 68804.286]",*
62968.650709238544,"(58327.197, 63877.267]","(59764.7, 65985.991]","(61480.562, 68804.286]","(17796.63, 63877.267]","(17796.63, 68804.286]",*
62970.72143101848,"(58327.197, 63877.267]","(59764.7, 65985.991]","(61480.562, 68804.286]","(17796.63, 63877.267]","(17796.63, 68804.286]",*
62972.00398721535,"(58327.197, 63877.267]","(59764.7, 65985.991]","(61480.562, 68804.286]","(17796.63, 63877.267]","(17796.63, 68804.286]",*
62972.07891342608,"(58327.197, 63877.267]","(59764.7, 65985.991]","(61480.562, 68804.286]","(17796.63, 63877.267]","(17796.63, 68804.286]",*
62974.425369061566,"(58327.197, 63877.267]","(59764.7, 65985.991]","(61480.562, 68804.286]","(17796.63, 63877.267]","(17796.63, 68804.286]",*
62989.51140119677,"(58327.197, 63877.267]","(59764.7, 65985.991]","(61480.562, 68804.286]","(17796.63, 63877.267]","(17796.63, 68804.286]",*
62991.436699122685,"(58327.197, 63877.267]","(59764.7, 65985.991]","(61480.562, 68804.286]","(17796.63, 63877.267]","(17796.63, 68804.286]",*
62992.19009994969,"(58327.197, 63877.267]","(59764.7, 65985.991]","(61480.562, 68804.286]","(17796.63, 63877.267]","(17796.63, 68804.286]",*
62995.19211957317,"(58327.197, 63877.267]","(59764.7, 65985.991]","(61480.562, 68804.286]","(17796.63, 63877.267]","(17796.63, 68804.286]",*
63007.44680597657,"(58327.197, 63877.267]","(59764.7, 65985.991]","(61480.562, 68804.286]","(17796.63, 63877.267]","(17796.63, 68804.286]",*
63015.68746425484,"(58327.197, 63877.267]","(59764.7, 65985.991]","(61480.562, 68804.286]","(17796.63, 63877.267]","(17796.63, 68804.286]",*
63016.11274317589,"(58327.197, 63877.267]","(59764.7, 65985.991]","(61480.562, 68804.286]","(17796.63, 63877.267]","(17796.63, 68804.286]",*
63022.787909246326,"(58327.197, 63877.267]","(59764.7, 65985.991]","(61480.562, 68804.286]","(17796.63, 63877.267]","(17796.63, 68804.286]",*
63027.67471485826,"(58327.197, 63877.267]","(59764.7, 65985.991]","(61480.562, 68804.286]","(17796.63, 63877.267]","(17796.63, 68804.286]",*
63044.46009609616,"(58327.197, 63877.267]","(59764.7, 65985.991]","(61480.562, 68804.286]","(17796.63, 63877.267]","(17796.63, 68804.286]",*
63049.97488820333,"(58327.197, 63877.267]","(59764.7, 65985.991]","(61480.562, 68804.286]","(17796.63, 63877.267]","(17796.63, 68804.286]",*
63057.694615357526,"(58327.197, 63877.267]","(59764.7, 65985.991]","(61480.562, 68804.286]","(17796.63, 63877.267]","(17796.63, 68804.286]",*
63059.34425282199,"(58327.197, 63877.267]","(59764.7, 65985.991]","(61480.562, 68804.286]","(17796.63, 63877.267]","(17796.63, 68804.286]",*
63079.17239570017,"(58327.197, 63877.267]","(59764.7, 65985.991]","(61480.562, 68804.286]","(17796.63, 63877.267]","(17796.63, 68804.286]",*
63081.10210438376,"(58327.197, 63877.267]","(59764.7, 65985.991]","(61480.562, 68804.286]","(17796.63, 63877.267]","(17796.63, 68804.286]",*
63082.49301301452,"(58327.197, 63877.267]","(59764.7, 65985.991]","(61480.562, 68804.286]","(17796.63, 63877.267]","(17796.63, 68804.286]",*
63085.211318857146,"(58327.197, 63877.267]","(59764.7, 65985.991]","(61480.562, 68804.286]","(17796.63, 63877.267]","(17796.63, 68804.286]",*
63086.57686792714,"(58327.197, 63877.267]","(59764.7, 65985.991]","(61480.562, 68804.286]","(17796.63, 63877.267]","(17796.63, 68804.286]",*
63117.84405077348,"(58327.197, 63877.267]","(59764.7, 65985.991]","(61480.562, 68804.286]","(17796.63, 63877.267]","(17796.63, 68804.286]",*
63125.75537935251,"(58327.197, 63877.267]","(59764.7, 65985.991]","(61480.562, 68804.286]","(17796.63, 63877.267]","(17796.63, 68804.286]",*
63128.60652122687,"(58327.197, 63877.267]","(59764.7, 65985.991]","(61480.562, 68804.286]","(17796.63, 63877.267]","(17796.63, 68804.286]",*
63134.63941534183,"(58327.197, 63877.267]","(59764.7, 65985.991]","(61480.562, 68804.286]","(17796.63, 63877.267]","(17796.63, 68804.286]",*
63137.98269868332,"(58327.197, 63877.267]","(59764.7, 65985.991]","(61480.562, 68804.286]","(17796.63, 63877.267]","(17796.63, 68804.286]",*
63143.62270916706,"(58327.197, 63877.267]","(59764.7, 65985.991]","(61480.562, 68804.286]","(17796.63, 63877.267]","(17796.63, 68804.286]",*
63149.485228916594,"(58327.197, 63877.267]","(59764.7, 65985.991]","(61480.562, 68804.286]","(17796.63, 63877.267]","(17796.63, 68804.286]",*
63151.16340484582,"(58327.197, 63877.267]","(59764.7, 65985.991]","(61480.562, 68804.286]","(17796.63, 63877.267]","(17796.63, 68804.286]",*
63162.17640291746,"(58327.197, 63877.267]","(59764.7, 65985.991]","(61480.562, 68804.286]","(17796.63, 63877.267]","(17796.63, 68804.286]",*
63167.19471337245,"(58327.197, 63877.267]","(59764.7, 65985.991]","(61480.562, 68804.286]","(17796.63, 63877.267]","(17796.63, 68804.286]",*
63168.31879682887,"(58327.197, 63877.267]","(59764.7, 65985.991]","(61480.562, 68804.286]","(17796.63, 63877.267]","(17796.63, 68804.286]",*
63170.38217915365,"(58327.197, 63877.267]","(59764.7, 65985.991]","(61480.562, 68804.286]","(17796.63, 63877.267]","(17796.63, 68804.286]",*
63183.88974172166,"(58327.197, 63877.267]","(59764.7, 65985.991]","(61480.562, 68804.286]","(17796.63, 63877.267]","(17796.63, 68804.286]",*
63185.836850257336,"(58327.197, 63877.267]","(59764.7, 65985.991]","(61480.562, 68804.286]","(17796.63, 63877.267]","(17796.63, 68804.286]",*
63191.76709881936,"(58327.197, 63877.267]","(59764.7, 65985.991]","(61480.562, 68804.286]","(17796.63, 63877.267]","(17796.63, 68804.286]",*
63209.68886557072,"(58327.197, 63877.267]","(59764.7, 65985.991]","(61480.562, 68804.286]","(17796.63, 63877.267]","(17796.63, 68804.286]",*
63217.172428554295,"(58327.197, 63877.267]","(59764.7, 65985.991]","(61480.562, 68804.286]","(17796.63, 63877.267]","(17796.63, 68804.286]",*
63221.915038390485,"(58327.197, 63877.267]","(59764.7, 65985.991]","(61480.562, 68804.286]","(17796.63, 63877.267]","(17796.63, 68804.286]",*
63223.36961248509,"(58327.197, 63877.267]","(59764.7, 65985.991]","(61480.562, 68804.286]","(17796.63, 63877.267]","(17796.63, 68804.286]",*
63232.94006674,"(58327.197, 63877.267]","(59764.7, 65985.991]","(61480.562, 68804.286]","(17796.63, 63877.267]","(17796.63, 68804.286]",*
63233.73313424207,"(58327.197, 63877.267]","(59764.7, 65985.991]","(61480.562, 68804.286]","(17796.63, 63877.267]","(17796.63, 68804.286]",*
63237.10994875629,"(58327.197, 63877.267]","(59764.7, 65985.991]","(61480.562, 68804.286]","(17796.63, 63877.267]","(17796.63, 68804.286]",*
63237.56575706044,"(58327.197, 63877.267]","(59764.7, 65985.991]","(61480.562, 68804.286]","(17796.63, 63877.267]","(17796.63, 68804.286]",*
63242.15127153755,"(58327.197, 63877.267]","(59764.7, 65985.991]","(61480.562, 68804.286]","(17796.63, 63877.267]","(17796.63, 68804.286]",*
63266.188466445856,"(58327.197, 63877.267]","(59764.7, 65985.991]","(61480.562, 68804.286]","(17796.63, 63877.267]","(17796.63, 68804.286]",*
63270.35174831808,"(58327.197, 63877.267]","(59764.7, 65985.991]","(61480.562, 68804.286]","(17796.63, 63877.267]","(17796.63, 68804.286]",*
63272.130671898565,"(58327.197, 63877.267]","(59764.7, 65985.991]","(61480.562, 68804.286]","(17796.63, 63877.267]","(17796.63, 68804.286]",*
63274.67073461468,"(58327.197, 63877.267]","(59764.7, 65985.991]","(61480.562, 68804.286]","(17796.63, 63877.267]","(17796.63, 68804.286]",*
63277.43084460835,"(58327.197, 63877.267]","(59764.7, 65985.991]","(61480.562, 68804.286]","(17796.63, 63877.267]","(17796.63, 68804.286]",*
63280.70798421357,"(58327.197, 63877.267]","(59764.7, 65985.991]","(61480.562, 68804.286]","(17796.63, 63877.267]","(17796.63, 68804.286]",*
63288.040573749255,"(58327.197, 63877.267]","(59764.7, 65985.991]","(61480.562, 68804.286]","(17796.63, 63877.267]","(17796.63, 68804.286]",*
63307.83358231447,"(58327.197, 63877.267]","(59764.7, 65985.991]","(61480.562, 68804.286]","(17796.63, 63877.267]","(17796.63, 68804.286]",*
63312.805674677424,"(58327.197, 63877.267]","(59764.7, 65985.991]","(61480.562, 68804.286]","(17796.63, 63877.267]","(17796.63, 68804.286]",*
63317.04758881903,"(58327.197, 63877.267]","(59764.7, 65985.991]","(61480.562, 68804.286]","(17796.63, 63877.267]","(17796.63, 68804.286]",*
63317.594831467824,"(58327.197, 63877.267]","(59764.7, 65985.991]","(61480.562, 68804.286]","(17796.63, 63877.267]","(17796.63, 68804.286]",*
63320.1382070682,"(58327.197, 63877.267]","(59764.7, 65985.991]","(61480.562, 68804.286]","(17796.63, 63877.267]","(17796.63, 68804.286]",*
63324.581619143806,"(58327.197, 63877.267]","(59764.7, 65985.991]","(61480.562, 68804.286]","(17796.63, 63877.267]","(17796.63, 68804.286]",*
63330.5065235095,"(58327.197, 63877.267]","(59764.7, 65985.991]","(61480.562, 68804.286]","(17796.63, 63877.267]","(17796.63, 68804.286]",*
63334.566209337216,"(58327.197, 63877.267]","(59764.7, 65985.991]","(61480.562, 68804.286]","(17796.63, 63877.267]","(17796.63, 68804.286]",*
63335.794905723655,"(58327.197, 63877.267]","(59764.7, 65985.991]","(61480.562, 68804.286]","(17796.63, 63877.267]","(17796.63, 68804.286]",*
63342.29145910628,"(58327.197, 63877.267]","(59764.7, 65985.991]","(61480.562, 68804.286]","(17796.63, 63877.267]","(17796.63, 68804.286]",*
63342.8498090949,"(58327.197, 63877.267]","(59764.7, 65985.991]","(61480.562, 68804.286]","(17796.63, 63877.267]","(17796.63, 68804.286]",*
63345.18738409822,"(58327.197, 63877.267]","(59764.7, 65985.991]","(61480.562, 68804.286]","(17796.63, 63877.267]","(17796.63, 68804.286]",*
63345.24004622798,"(58327.197, 63877.267]","(59764.7, 65985.991]","(61480.562, 68804.286]","(17796.63, 63877.267]","(17796.63, 68804.286]",*
63351.97897747723,"(58327.197, 63877.267]","(59764.7, 65985.991]","(61480.562, 68804.286]","(17796.63, 63877.267]","(17796.63, 68804.286]",*
63353.803540609406,"(58327.197, 63877.267]","(59764.7, 65985.991]","(61480.562, 68804.286]","(17796.63, 63877.267]","(17796.63, 68804.286]",*
63358.60592127301,"(58327.197, 63877.267]","(59764.7, 65985.991]","(61480.562, 68804.286]","(17796.63, 63877.267]","(17796.63, 68804.286]",*
63362.22547119612,"(58327.197, 63877.267]","(59764.7, 65985.991]","(61480.562, 68804.286]","(17796.63, 63877.267]","(17796.63, 68804.286]",*
63371.00553806892,"(58327.197, 63877.267]","(59764.7, 65985.991]","(61480.562, 68804.286]","(17796.63, 63877.267]","(17796.63, 68804.286]",*
63375.34847930338,"(58327.197, 63877.267]","(59764.7, 65985.991]","(61480.562, 68804.286]","(17796.63, 63877.267]","(17796.63, 68804.286]",*
63376.7077650188,"(58327.197, 63877.267]","(59764.7, 65985.991]","(61480.562, 68804.286]","(17796.63, 63877.267]","(17796.63, 68804.286]",*
63380.81467003762,"(58327.197, 63877.267]","(59764.7, 65985.991]","(61480.562, 68804.286]","(17796.63, 63877.267]","(17796.63, 68804.286]",*
63390.68688550463,"(58327.197, 63877.267]","(59764.7, 65985.991]","(61480.562, 68804.286]","(17796.63, 63877.267]","(17796.63, 68804.286]",*
63402.768334950575,"(58327.197, 63877.267]","(59764.7, 65985.991]","(61480.562, 68804.286]","(17796.63, 63877.267]","(17796.63, 68804.286]",*
63407.69779607318,"(58327.197, 63877.267]","(59764.7, 65985.991]","(61480.562, 68804.286]","(17796.63, 63877.267]","(17796.63, 68804.286]",*
63409.97679340045,"(58327.197, 63877.267]","(59764.7, 65985.991]","(61480.562, 68804.286]","(17796.63, 63877.267]","(17796.63, 68804.286]",*
63421.90395542293,"(58327.197, 63877.267]","(59764.7, 65985.991]","(61480.562, 68804.286]","(17796.63, 63877.267]","(17796.63, 68804.286]",*
63427.8105336403,"(58327.197, 63877.267]","(59764.7, 65985.991]","(61480.562, 68804.286]","(17796.63, 63877.267]","(17796.63, 68804.286]",*
63428.916453738086,"(58327.197, 63877.267]","(59764.7, 65985.991]","(61480.562, 68804.286]","(17796.63, 63877.267]","(17796.63, 68804.286]",*
63429.27469095081,"(58327.197, 63877.267]","(59764.7, 65985.991]","(61480.562, 68804.286]","(17796.63, 63877.267]","(17796.63, 68804.286]",*
63438.727566939015,"(58327.197, 63877.267]","(59764.7, 65985.991]","(61480.562, 68804.286]","(17796.63, 63877.267]","(17796.63, 68804.286]",*
63440.276988830046,"(58327.197, 63877.267]","(59764.7, 65985.991]","(61480.562, 68804.286]","(17796.63, 63877.267]","(17796.63, 68804.286]",*
63441.71464512622,"(58327.197, 63877.267]","(59764.7, 65985.991]","(61480.562, 68804.286]","(17796.63, 63877.267]","(17796.63, 68804.286]",*
63445.86436275188,"(58327.197, 63877.267]","(59764.7, 65985.991]","(61480.562, 68804.286]","(17796.63, 63877.267]","(17796.63, 68804.286]",*
63477.25769591513,"(58327.197, 63877.267]","(59764.7, 65985.991]","(61480.562, 68804.286]","(17796.63, 63877.267]","(17796.63, 68804.286]",*
63499.83516501582,"(58327.197, 63877.267]","(59764.7, 65985.991]","(61480.562, 68804.286]","(17796.63, 63877.267]","(17796.63, 68804.286]",*
63508.19429942997,"(58327.197, 63877.267]","(59764.7, 65985.991]","(61480.562, 68804.286]","(17796.63, 63877.267]","(17796.63, 68804.286]",*
63513.46696666502,"(58327.197, 63877.267]","(59764.7, 65985.991]","(61480.562, 68804.286]","(17796.63, 63877.267]","(17796.63, 68804.286]",*
63522.12193223416,"(58327.197, 63877.267]","(59764.7, 65985.991]","(61480.562, 68804.286]","(17796.63, 63877.267]","(17796.63, 68804.286]",*
63524.217613828005,"(58327.197, 63877.267]","(59764.7, 65985.991]","(61480.562, 68804.286]","(17796.63, 63877.267]","(17796.63, 68804.286]",*
63534.45595944375,"(58327.197, 63877.267]","(59764.7, 65985.991]","(61480.562, 68804.286]","(17796.63, 63877.267]","(17796.63, 68804.286]",*
63536.049194399246,"(58327.197, 63877.267]","(59764.7, 65985.991]","(61480.562, 68804.286]","(17796.63, 63877.267]","(17796.63, 68804.286]",*
63538.34615822216,"(58327.197, 63877.267]","(59764.7, 65985.991]","(61480.562, 68804.286]","(17796.63, 63877.267]","(17796.63, 68804.286]",*
63542.309393123614,"(58327.197, 63877.267]","(59764.7, 65985.991]","(61480.562, 68804.286]","(17796.63, 63877.267]","(17796.63, 68804.286]",*
63543.588048641024,"(58327.197, 63877.267]","(59764.7, 65985.991]","(61480.562, 68804.286]","(17796.63, 63877.267]","(17796.63, 68804.286]",*
63555.45972642749,"(58327.197, 63877.267]","(59764.7, 65985.991]","(61480.562, 68804.286]","(17796.63, 63877.267]","(17796.63, 68804.286]",*
63555.72231627588,"(58327.197, 63877.267]","(59764.7, 65985.991]","(61480.562, 68804.286]","(17796.63, 63877.267]","(17796.63, 68804.286]",*
63558.346002694736,"(58327.197, 63877.267]","(59764.7, 65985.991]","(61480.562, 68804.286]","(17796.63, 63877.267]","(17796.63, 68804.286]",*
63563.91421311843,"(58327.197, 63877.267]","(59764.7, 65985.991]","(61480.562, 68804.286]","(17796.63, 63877.267]","(17796.63, 68804.286]",*
63574.46621571803,"(58327.197, 63877.267]","(59764.7, 65985.991]","(61480.562, 68804.286]","(17796.63, 63877.267]","(17796.63, 68804.286]",*
63578.82314891808,"(58327.197, 63877.267]","(59764.7, 65985.991]","(61480.562, 68804.286]","(17796.63, 63877.267]","(17796.63, 68804.286]",*
63579.89795747156,"(58327.197, 63877.267]","(59764.7, 65985.991]","(61480.562, 68804.286]","(17796.63, 63877.267]","(17796.63, 68804.286]",*
63580.732884936064,"(58327.197, 63877.267]","(59764.7, 65985.991]","(61480.562, 68804.286]","(17796.63, 63877.267]","(17796.63, 68804.286]",*
63582.97606172726,"(58327.197, 63877.267]","(59764.7, 65985.991]","(61480.562, 68804.286]","(17796.63, 63877.267]","(17796.63, 68804.286]",*
63584.04588001952,"(58327.197, 63877.267]","(59764.7, 65985.991]","(61480.562, 68804.286]","(17796.63, 63877.267]","(17796.63, 68804.286]",*
63585.83654821635,"(58327.197, 63877.267]","(59764.7, 65985.991]","(61480.562, 68804.286]","(17796.63, 63877.267]","(17796.63, 68804.286]",*
63593.95114061853,"(58327.197, 63877.267]","(59764.7, 65985.991]","(61480.562, 68804.286]","(17796.63, 63877.267]","(17796.63, 68804.286]",*
63595.95835938351,"(58327.197, 63877.267]","(59764.7, 65985.991]","(61480.562, 68804.286]","(17796.63, 63877.267]","(17796.63, 68804.286]",*
63600.686992929375,"(58327.197, 63877.267]","(59764.7, 65985.991]","(61480.562, 68804.286]","(17796.63, 63877.267]","(17796.63, 68804.286]",*
63615.99425287384,"(58327.197, 63877.267]","(59764.7, 65985.991]","(61480.562, 68804.286]","(17796.63, 63877.267]","(17796.63, 68804.286]",*
63617.89554950074,"(58327.197, 63877.267]","(59764.7, 65985.991]","(61480.562, 68804.286]","(17796.63, 63877.267]","(17796.63, 68804.286]",*
63625.81215080527,"(58327.197, 63877.267]","(59764.7, 65985.991]","(61480.562, 68804.286]","(17796.63, 63877.267]","(17796.63, 68804.286]",*
63629.84716866159,"(58327.197, 63877.267]","(59764.7, 65985.991]","(61480.562, 68804.286]","(17796.63, 63877.267]","(17796.63, 68804.286]",*
63630.60779474329,"(58327.197, 63877.267]","(59764.7, 65985.991]","(61480.562, 68804.286]","(17796.63, 63877.267]","(17796.63, 68804.286]",*
63631.40413085988,"(58327.197, 63877.267]","(59764.7, 65985.991]","(61480.562, 68804.286]","(17796.63, 63877.267]","(17796.63, 68804.286]",*
63639.917450830886,"(58327.197, 63877.267]","(59764.7, 65985.991]","(61480.562, 68804.286]","(17796.63, 63877.267]","(17796.63, 68804.286]",*
63650.8573995792,"(58327.197, 63877.267]","(59764.7, 65985.991]","(61480.562, 68804.286]","(17796.63, 63877.267]","(17796.63, 68804.286]",*
63655.181631360574,"(58327.197, 63877.267]","(59764.7, 65985.991]","(61480.562, 68804.286]","(17796.63, 63877.267]","(17796.63, 68804.286]",*
63657.27563009919,"(58327.197, 63877.267]","(59764.7, 65985.991]","(61480.562, 68804.286]","(17796.63, 63877.267]","(17796.63, 68804.286]",*
63658.42839756742,"(58327.197, 63877.267]","(59764.7, 65985.991]","(61480.562, 68804.286]","(17796.63, 63877.267]","(17796.63, 68804.286]",*
63665.394418437325,"(58327.197, 63877.267]","(59764.7, 65985.991]","(61480.562, 68804.286]","(17796.63, 63877.267]","(17796.63, 68804.286]",*
63672.10166767178,"(58327.197, 63877.267]","(59764.7, 65985.991]","(61480.562, 68804.286]","(17796.63, 63877.267]","(17796.63, 68804.286]",*
63686.25989239816,"(58327.197, 63877.267]","(59764.7, 65985.991]","(61480.562, 68804.286]","(17796.63, 63877.267]","(17796.63, 68804.286]",*
63689.475437273126,"(58327.197, 63877.267]","(59764.7, 65985.991]","(61480.562, 68804.286]","(17796.63, 63877.267]","(17796.63, 68804.286]",*
63700.26247281134,"(58327.197, 63877.267]","(59764.7, 65985.991]","(61480.562, 68804.286]","(17796.63, 63877.267]","(17796.63, 68804.286]",*
63700.88828058908,"(58327.197, 63877.267]","(59764.7, 65985.991]","(61480.562, 68804.286]","(17796.63, 63877.267]","(17796.63, 68804.286]",*
63713.272927361824,"(58327.197, 63877.267]","(59764.7, 65985.991]","(61480.562, 68804.286]","(17796.63, 63877.267]","(17796.63, 68804.286]",*
63748.24248002924,"(58327.197, 63877.267]","(59764.7, 65985.991]","(61480.562, 68804.286]","(17796.63, 63877.267]","(17796.63, 68804.286]",*
63750.21600870885,"(58327.197, 63877.267]","(59764.7, 65985.991]","(61480.562, 68804.286]","(17796.63, 63877.267]","(17796.63, 68804.286]",*
63750.37363285645,"(58327.197, 63877.267]","(59764.7, 65985.991]","(61480.562, 68804.286]","(17796.63, 63877.267]","(17796.63, 68804.286]",*
63753.86424025968,"(58327.197, 63877.267]","(59764.7, 65985.991]","(61480.562, 68804.286]","(17796.63, 63877.267]","(17796.63, 68804.286]",*
63757.051474124826,"(58327.197, 63877.267]","(59764.7, 65985.991]","(61480.562, 68804.286]","(17796.63, 63877.267]","(17796.63, 68804.286]",*
63759.05070111341,"(58327.197, 63877.267]","(59764.7, 65985.991]","(61480.562, 68804.286]","(17796.63, 63877.267]","(17796.63, 68804.286]",*
63765.46965581968,"(58327.197, 63877.267]","(59764.7, 65985.991]","(61480.562, 68804.286]","(17796.63, 63877.267]","(17796.63, 68804.286]",*
63765.4962201779,"(58327.197, 63877.267]","(59764.7, 65985.991]","(61480.562, 68804.286]","(17796.63, 63877.267]","(17796.63, 68804.286]",*
63766.77164025536,"(58327.197, 63877.267]","(59764.7, 65985.991]","(61480.562, 68804.286]","(17796.63, 63877.267]","(17796.63, 68804.286]",*
63780.04015205968,"(58327.197, 63877.267]","(59764.7, 65985.991]","(61480.562, 68804.286]","(17796.63, 63877.267]","(17796.63, 68804.286]",*
63780.997900344846,"(58327.197, 63877.267]","(59764.7, 65985.991]","(61480.562, 68804.286]","(17796.63, 63877.267]","(17796.63, 68804.286]",*
63783.531301346506,"(58327.197, 63877.267]","(59764.7, 65985.991]","(61480.562, 68804.286]","(17796.63, 63877.267]","(17796.63, 68804.286]",*
63785.55127643688,"(58327.197, 63877.267]","(59764.7, 65985.991]","(61480.562, 68804.286]","(17796.63, 63877.267]","(17796.63, 68804.286]",*
63787.5363538976,"(58327.197, 63877.267]","(59764.7, 65985.991]","(61480.562, 68804.286]","(17796.63, 63877.267]","(17796.63, 68804.286]",*
63797.57852066836,"(58327.197, 63877.267]","(59764.7, 65985.991]","(61480.562, 68804.286]","(17796.63, 63877.267]","(17796.63, 68804.286]",*
63797.99895839787,"(58327.197, 63877.267]","(59764.7, 65985.991]","(61480.562, 68804.286]","(17796.63, 63877.267]","(17796.63, 68804.286]",*
63805.70059903097,"(58327.197, 63877.267]","(59764.7, 65985.991]","(61480.562, 68804.286]","(17796.63, 63877.267]","(17796.63, 68804.286]",*
63819.62285114139,"(58327.197, 63877.267]","(59764.7, 65985.991]","(61480.562, 68804.286]","(17796.63, 63877.267]","(17796.63, 68804.286]",*
63820.3964847432,"(58327.197, 63877.267]","(59764.7, 65985.991]","(61480.562, 68804.286]","(17796.63, 63877.267]","(17796.63, 68804.286]",*
63824.39453852896,"(58327.197, 63877.267]","(59764.7, 65985.991]","(61480.562, 68804.286]","(17796.63, 63877.267]","(17796.63, 68804.286]",*
63830.17384814184,"(58327.197, 63877.267]","(59764.7, 65985.991]","(61480.562, 68804.286]","(17796.63, 63877.267]","(17796.63, 68804.286]",*
63833.388037227625,"(58327.197, 63877.267]","(59764.7, 65985.991]","(61480.562, 68804.286]","(17796.63, 63877.267]","(17796.63, 68804.286]",*
63833.84316052496,"(58327.197, 63877.267]","(59764.7, 65985.991]","(61480.562, 68804.286]","(17796.63, 63877.267]","(17796.63, 68804.286]",*
63838.34079459472,"(58327.197, 63877.267]","(59764.7, 65985.991]","(61480.562, 68804.286]","(17796.63, 63877.267]","(17796.63, 68804.286]",*
63843.75575742628,"(58327.197, 63877.267]","(59764.7, 65985.991]","(61480.562, 68804.286]","(17796.63, 63877.267]","(17796.63, 68804.286]",*
63856.308498866725,"(58327.197, 63877.267]","(59764.7, 65985.991]","(61480.562, 68804.286]","(17796.63, 63877.267]","(17796.63, 68804.286]",*
63858.0794960975,"(58327.197, 63877.267]","(59764.7, 65985.991]","(61480.562, 68804.286]","(17796.63, 63877.267]","(17796.63, 68804.286]",*
63866.367904716506,"(58327.197, 63877.267]","(59764.7, 65985.991]","(61480.562, 68804.286]","(17796.63, 63877.267]","(17796.63, 68804.286]",*
63867.10458877544,"(58327.197, 63877.267]","(59764.7, 65985.991]","(61480.562, 68804.286]","(17796.63, 63877.267]","(17796.63, 68804.286]",*
63873.628015388495,"(58327.197, 63877.267]","(59764.7, 65985.991]","(61480.562, 68804.286]","(17796.63, 63877.267]","(17796.63, 68804.286]",*
63876.0599100904,"(58327.197, 63877.267]","(59764.7, 65985.991]","(61480.562, 68804.286]","(17796.63, 63877.267]","(17796.63, 68804.286]",*
63879.68072546611,"(63877.267, 68804.286]","(59764.7, 65985.991]","(61480.562, 68804.286]","(63877.267, 73267.267]","(17796.63, 68804.286]",*
63884.9264114894,"(63877.267, 68804.286]","(59764.7, 65985.991]","(61480.562, 68804.286]","(63877.267, 73267.267]","(17796.63, 68804.286]",*
63889.41159302568,"(63877.267, 68804.286]","(59764.7, 65985.991]","(61480.562, 68804.286]","(63877.267, 73267.267]","(17796.63, 68804.286]",*
63890.47156766457,"(63877.267, 68804.286]","(59764.7, 65985.991]","(61480.562, 68804.286]","(63877.267, 73267.267]","(17796.63, 68804.286]",*
63907.71655464613,"(63877.267, 68804.286]","(59764.7, 65985.991]","(61480.562, 68804.286]","(63877.267, 73267.267]","(17796.63, 68804.286]",*
63911.61637074995,"(63877.267, 68804.286]","(59764.7, 65985.991]","(61480.562, 68804.286]","(63877.267, 73267.267]","(17796.63, 68804.286]",*
63918.05158062336,"(63877.267, 68804.286]","(59764.7, 65985.991]","(61480.562, 68804.286]","(63877.267, 73267.267]","(17796.63, 68804.286]",*
63920.38949230567,"(63877.267, 68804.286]","(59764.7, 65985.991]","(61480.562, 68804.286]","(63877.267, 73267.267]","(17796.63, 68804.286]",*
63926.10710734321,"(63877.267, 68804.286]","(59764.7, 65985.991]","(61480.562, 68804.286]","(63877.267, 73267.267]","(17796.63, 68804.286]",*
63938.662627425234,"(63877.267, 68804.286]","(59764.7, 65985.991]","(61480.562, 68804.286]","(63877.267, 73267.267]","(17796.63, 68804.286]",*
63968.608582175664,"(63877.267, 68804.286]","(59764.7, 65985.991]","(61480.562, 68804.286]","(63877.267, 73267.267]","(17796.63, 68804.286]",*
63970.62442275237,"(63877.267, 68804.286]","(59764.7, 65985.991]","(61480.562, 68804.286]","(63877.267, 73267.267]","(17796.63, 68804.286]",*
63989.84052051413,"(63877.267, 68804.286]","(59764.7, 65985.991]","(61480.562, 68804.286]","(63877.267, 73267.267]","(17796.63, 68804.286]",*
63995.00489280112,"(63877.267, 68804.286]","(59764.7, 65985.991]","(61480.562, 68804.286]","(63877.267, 73267.267]","(17796.63, 68804.286]",*
64035.51065186997,"(63877.267, 68804.286]","(59764.7, 65985.991]","(61480.562, 68804.286]","(63877.267, 73267.267]","(17796.63, 68804.286]",*
64038.99388499473,"(63877.267, 68804.286]","(59764.7, 65985.991]","(61480.562, 68804.286]","(63877.267, 73267.267]","(17796.63, 68804.286]",*
64042.76883566412,"(63877.267, 68804.286]","(59764.7, 65985.991]","(61480.562, 68804.286]","(63877.267, 73267.267]","(17796.63, 68804.286]",*
64044.032496643165,"(63877.267, 68804.286]","(59764.7, 65985.991]","(61480.562, 68804.286]","(63877.267, 73267.267]","(17796.63, 68804.286]",*
64044.189620242665,"(63877.267, 68804.286]","(59764.7, 65985.991]","(61480.562, 68804.286]","(63877.267, 73267.267]","(17796.63, 68804.286]",*
64050.350795947365,"(63877.267, 68804.286]","(59764.7, 65985.991]","(61480.562, 68804.286]","(63877.267, 73267.267]","(17796.63, 68804.286]",*
64055.284180068295,"(63877.267, 68804.286]","(59764.7, 65985.991]","(61480.562, 68804.286]","(63877.267, 73267.267]","(17796.63, 68804.286]",*
64059.44247458285,"(63877.267, 68804.286]","(59764.7, 65985.991]","(61480.562, 68804.286]","(63877.267, 73267.267]","(17796.63, 68804.286]",*
64074.96149481657,"(63877.267, 68804.286]","(59764.7, 65985.991]","(61480.562, 68804.286]","(63877.267, 73267.267]","(17796.63, 68804.286]",*
64076.90694509065,"(63877.267, 68804.286]","(59764.7, 65985.991]","(61480.562, 68804.286]","(63877.267, 73267.267]","(17796.63, 68804.286]",*
64098.08146886657,"(63877.267, 68804.286]","(59764.7, 65985.991]","(61480.562, 68804.286]","(63877.267, 73267.267]","(17796.63, 68804.286]",*
64105.60601233418,"(63877.267, 68804.286]","(59764.7, 65985.991]","(61480.562, 68804.286]","(63877.267, 73267.267]","(17796.63, 68804.286]",*
64114.95832311575,"(63877.267, 68804.286]","(59764.7, 65985.991]","(61480.562, 68804.286]","(63877.267, 73267.267]","(17796.63, 68804.286]",*
64115.06376945152,"(63877.267, 68804.286]","(59764.7, 65985.991]","(61480.562, 68804.286]","(63877.267, 73267.267]","(17796.63, 68804.286]",*
64127.44061351987,"(63877.267, 68804.286]","(59764.7, 65985.991]","(61480.562, 68804.286]","(63877.267, 73267.267]","(17796.63, 68804.286]",*
64144.07420656326,"(63877.267, 68804.286]","(59764.7, 65985.991]","(61480.562, 68804.286]","(63877.267, 73267.267]","(17796.63, 68804.286]",*
64160.8159464993,"(63877.267, 68804.286]","(59764.7, 65985.991]","(61480.562, 68804.286]","(63877.267, 73267.267]","(17796.63, 68804.286]",*
64163.54180521728,"(63877.267, 68804.286]","(59764.7, 65985.991]","(61480.562, 68804.286]","(63877.267, 73267.267]","(17796.63, 68804.286]",*
64168.85883611787,"(63877.267, 68804.286]","(59764.7, 65985.991]","(61480.562, 68804.286]","(63877.267, 73267.267]","(17796.63, 68804.286]",*
64188.52539803423,"(63877.267, 68804.286]","(59764.7, 65985.991]","(61480.562, 68804.286]","(63877.267, 73267.267]","(17796.63, 68804.286]",*
64193.8684984305,"(63877.267, 68804.286]","(59764.7, 65985.991]","(61480.562, 68804.286]","(63877.267, 73267.267]","(17796.63, 68804.286]",*
64201.50317212457,"(63877.267, 68804.286]","(59764.7, 65985.991]","(61480.562, 68804.286]","(63877.267, 73267.267]","(17796.63, 68804.286]",*
64204.7206437605,"(63877.267, 68804.286]","(59764.7, 65985.991]","(61480.562, 68804.286]","(63877.267, 73267.267]","(17796.63, 68804.286]",*
64205.86320101562,"(63877.267, 68804.286]","(59764.7, 65985.991]","(61480.562, 68804.286]","(63877.267, 73267.267]","(17796.63, 68804.286]",*
64231.68421649362,"(63877.267, 68804.286]","(59764.7, 65985.991]","(61480.562, 68804.286]","(63877.267, 73267.267]","(17796.63, 68804.286]",*
64241.79222928464,"(63877.267, 68804.286]","(59764.7, 65985.991]","(61480.562, 68804.286]","(63877.267, 73267.267]","(17796.63, 68804.286]",*
64251.53719605351,"(63877.267, 68804.286]","(59764.7, 65985.991]","(61480.562, 68804.286]","(63877.267, 73267.267]","(17796.63, 68804.286]",*
64254.16327142646,"(63877.267, 68804.286]","(59764.7, 65985.991]","(61480.562, 68804.286]","(63877.267, 73267.267]","(17796.63, 68804.286]",*
64261.828557026776,"(63877.267, 68804.286]","(59764.7, 65985.991]","(61480.562, 68804.286]","(63877.267, 73267.267]","(17796.63, 68804.286]",*
64276.53753113501,"(63877.267, 68804.286]","(59764.7, 65985.991]","(61480.562, 68804.286]","(63877.267, 73267.267]","(17796.63, 68804.286]",*
64290.20570620566,"(63877.267, 68804.286]","(59764.7, 65985.991]","(61480.562, 68804.286]","(63877.267, 73267.267]","(17796.63, 68804.286]",*
64290.231736802685,"(63877.267, 68804.286]","(59764.7, 65985.991]","(61480.562, 68804.286]","(63877.267, 73267.267]","(17796.63, 68804.286]",*
64295.7083426465,"(63877.267, 68804.286]","(59764.7, 65985.991]","(61480.562, 68804.286]","(63877.267, 73267.267]","(17796.63, 68804.286]",*
64296.50417918144,"(63877.267, 68804.286]","(59764.7, 65985.991]","(61480.562, 68804.286]","(63877.267, 73267.267]","(17796.63, 68804.286]",*
64298.65142010059,"(63877.267, 68804.286]","(59764.7, 65985.991]","(61480.562, 68804.286]","(63877.267, 73267.267]","(17796.63, 68804.286]",*
64303.64009397888,"(63877.267, 68804.286]","(59764.7, 65985.991]","(61480.562, 68804.286]","(63877.267, 73267.267]","(17796.63, 68804.286]",*
64306.33881913622,"(63877.267, 68804.286]","(59764.7, 65985.991]","(61480.562, 68804.286]","(63877.267, 73267.267]","(17796.63, 68804.286]",*
64311.30484126285,"(63877.267, 68804.286]","(59764.7, 65985.991]","(61480.562, 68804.286]","(63877.267, 73267.267]","(17796.63, 68804.286]",*
64314.50620282567,"(63877.267, 68804.286]","(59764.7, 65985.991]","(61480.562, 68804.286]","(63877.267, 73267.267]","(17796.63, 68804.286]",*
64315.31047251952,"(63877.267, 68804.286]","(59764.7, 65985.991]","(61480.562, 68804.286]","(63877.267, 73267.267]","(17796.63, 68804.286]",*
64316.12886484672,"(63877.267, 68804.286]","(59764.7, 65985.991]","(61480.562, 68804.286]","(63877.267, 73267.267]","(17796.63, 68804.286]",*
64317.651436453925,"(63877.267, 68804.286]","(59764.7, 65985.991]","(61480.562, 68804.286]","(63877.267, 73267.267]","(17796.63, 68804.286]",*
64332.228792930175,"(63877.267, 68804.286]","(59764.7, 65985.991]","(61480.562, 68804.286]","(63877.267, 73267.267]","(17796.63, 68804.286]",*
64332.46664353192,"(63877.267, 68804.286]","(59764.7, 65985.991]","(61480.562, 68804.286]","(63877.267, 73267.267]","(17796.63, 68804.286]",*
64336.176302530665,"(63877.267, 68804.286]","(59764.7, 65985.991]","(61480.562, 68804.286]","(63877.267, 73267.267]","(17796.63, 68804.286]",*
64345.071431388176,"(63877.267, 68804.286]","(59764.7, 65985.991]","(61480.562, 68804.286]","(63877.267, 73267.267]","(17796.63, 68804.286]",*
64346.98749992251,"(63877.267, 68804.286]","(59764.7, 65985.991]","(61480.562, 68804.286]","(63877.267, 73267.267]","(17796.63, 68804.286]",*
64350.28457099223,"(63877.267, 68804.286]","(59764.7, 65985.991]","(61480.562, 68804.286]","(63877.267, 73267.267]","(17796.63, 68804.286]",*
64354.7732715234,"(63877.267, 68804.286]","(59764.7, 65985.991]","(61480.562, 68804.286]","(63877.267, 73267.267]","(17796.63, 68804.286]",*
64358.979706440055,"(63877.267, 68804.286]","(59764.7, 65985.991]","(61480.562, 68804.286]","(63877.267, 73267.267]","(17796.63, 68804.286]",*
64368.877999790566,"(63877.267, 68804.286]","(59764.7, 65985.991]","(61480.562, 68804.286]","(63877.267, 73267.267]","(17796.63, 68804.286]",*
64374.30729357025,"(63877.267, 68804.286]","(59764.7, 65985.991]","(61480.562, 68804.286]","(63877.267, 73267.267]","(17796.63, 68804.286]",*
64376.91331861128,"(63877.267, 68804.286]","(59764.7, 65985.991]","(61480.562, 68804.286]","(63877.267, 73267.267]","(17796.63, 68804.286]",*
64379.89582367028,"(63877.267, 68804.286]","(59764.7, 65985.991]","(61480.562, 68804.286]","(63877.267, 73267.267]","(17796.63, 68804.286]",*
64381.080006773445,"(63877.267, 68804.286]","(59764.7, 65985.991]","(61480.562, 68804.286]","(63877.267, 73267.267]","(17796.63, 68804.286]",*
64400.26508601974,"(63877.267, 68804.286]","(59764.7, 65985.991]","(61480.562, 68804.286]","(63877.267, 73267.267]","(17796.63, 68804.286]",*
64402.128246790526,"(63877.267, 68804.286]","(59764.7, 65985.991]","(61480.562, 68804.286]","(63877.267, 73267.267]","(17796.63, 68804.286]",*
64405.64944108394,"(63877.267, 68804.286]","(59764.7, 65985.991]","(61480.562, 68804.286]","(63877.267, 73267.267]","(17796.63, 68804.286]",*
64408.08586994045,"(63877.267, 68804.286]","(59764.7, 65985.991]","(61480.562, 68804.286]","(63877.267, 73267.267]","(17796.63, 68804.286]",*
64410.679988880176,"(63877.267, 68804.286]","(59764.7, 65985.991]","(61480.562, 68804.286]","(63877.267, 73267.267]","(17796.63, 68804.286]",*
64419.25263834638,"(63877.267, 68804.286]","(59764.7, 65985.991]","(61480.562, 68804.286]","(63877.267, 73267.267]","(17796.63, 68804.286]",*
64421.25067516483,"(63877.267, 68804.286]","(59764.7, 65985.991]","(61480.562, 68804.286]","(63877.267, 73267.267]","(17796.63, 68804.286]",*
64426.86589423622,"(63877.267, 68804.286]","(59764.7, 65985.991]","(61480.562, 68804.286]","(63877.267, 73267.267]","(17796.63, 68804.286]",*
64427.37436821848,"(63877.267, 68804.286]","(59764.7, 65985.991]","(61480.562, 68804.286]","(63877.267, 73267.267]","(17796.63, 68804.286]",*
64429.98477819173,"(63877.267, 68804.286]","(59764.7, 65985.991]","(61480.562, 68804.286]","(63877.267, 73267.267]","(17796.63, 68804.286]",*
64432.614336490056,"(63877.267, 68804.286]","(59764.7, 65985.991]","(61480.562, 68804.286]","(63877.267, 73267.267]","(17796.63, 68804.286]",*
64438.10915284179,"(63877.267, 68804.286]","(59764.7, 65985.991]","(61480.562, 68804.286]","(63877.267, 73267.267]","(17796.63, 68804.286]",*
64446.15728120698,"(63877.267, 68804.286]","(59764.7, 65985.991]","(61480.562, 68804.286]","(63877.267, 73267.267]","(17796.63, 68804.286]",*
64448.81993659128,"(63877.267, 68804.286]","(59764.7, 65985.991]","(61480.562, 68804.286]","(63877.267, 73267.267]","(17796.63, 68804.286]",*
64455.0643314103,"(63877.267, 68804.286]","(59764.7, 65985.991]","(61480.562, 68804.286]","(63877.267, 73267.267]","(17796.63, 68804.286]",*
64455.77910236248,"(63877.267, 68804.286]","(59764.7, 65985.991]","(61480.562, 68804.286]","(63877.267, 73267.267]","(17796.63, 68804.286]",*
64461.39214585318,"(63877.267, 68804.286]","(59764.7, 65985.991]","(61480.562, 68804.286]","(63877.267, 73267.267]","(17796.63, 68804.286]",*
64469.03364164058,"(63877.267, 68804.286]","(59764.7, 65985.991]","(61480.562, 68804.286]","(63877.267, 73267.267]","(17796.63, 68804.286]",*
64469.90966885718,"(63877.267, 68804.286]","(59764.7, 65985.991]","(61480.562, 68804.286]","(63877.267, 73267.267]","(17796.63, 68804.286]",*
64490.65026675507,"(63877.267, 68804.286]","(59764.7, 65985.991]","(61480.562, 68804.286]","(63877.267, 73267.267]","(17796.63, 68804.286]",*
64492.95447847785,"(63877.267, 68804.286]","(59764.7, 65985.991]","(61480.562, 68804.286]","(63877.267, 73267.267]","(17796.63, 68804.286]",*
64494.4797637234,"(63877.267, 68804.286]","(59764.7, 65985.991]","(61480.562, 68804.286]","(63877.267, 73267.267]","(17796.63, 68804.286]",*
64494.63890829736,"(63877.267, 68804.286]","(59764.7, 65985.991]","(61480.562, 68804.286]","(63877.267, 73267.267]","(17796.63, 68804.286]",*
64497.27098843093,"(63877.267, 68804.286]","(59764.7, 65985.991]","(61480.562, 68804.286]","(63877.267, 73267.267]","(17796.63, 68804.286]",*
64501.2264490648,"(63877.267, 68804.286]","(59764.7, 65985.991]","(61480.562, 68804.286]","(63877.267, 73267.267]","(17796.63, 68804.286]",*
64506.79006369104,"(63877.267, 68804.286]","(59764.7, 65985.991]","(61480.562, 68804.286]","(63877.267, 73267.267]","(17796.63, 68804.286]",*
64534.46591000125,"(63877.267, 68804.286]","(59764.7, 65985.991]","(61480.562, 68804.286]","(63877.267, 73267.267]","(17796.63, 68804.286]",*
64536.014981761306,"(63877.267, 68804.286]","(59764.7, 65985.991]","(61480.562, 68804.286]","(63877.267, 73267.267]","(17796.63, 68804.286]",*
64538.57112303486,"(63877.267, 68804.286]","(59764.7, 65985.991]","(61480.562, 68804.286]","(63877.267, 73267.267]","(17796.63, 68804.286]",*
64544.01556082619,"(63877.267, 68804.286]","(59764.7, 65985.991]","(61480.562, 68804.286]","(63877.267, 73267.267]","(17796.63, 68804.286]",*
64547.64692073481,"(63877.267, 68804.286]","(59764.7, 65985.991]","(61480.562, 68804.286]","(63877.267, 73267.267]","(17796.63, 68804.286]",*
64552.64510398485,"(63877.267, 68804.286]","(59764.7, 65985.991]","(61480.562, 68804.286]","(63877.267, 73267.267]","(17796.63, 68804.286]",*
64568.39187747666,"(63877.267, 68804.286]","(59764.7, 65985.991]","(61480.562, 68804.286]","(63877.267, 73267.267]","(17796.63, 68804.286]",*
64590.51459174722,"(63877.267, 68804.286]","(59764.7, 65985.991]","(61480.562, 68804.286]","(63877.267, 73267.267]","(17796.63, 68804.286]",*
64595.71155228685,"(63877.267, 68804.286]","(59764.7, 65985.991]","(61480.562, 68804.286]","(63877.267, 73267.267]","(17796.63, 68804.286]",*
64595.732977488544,"(63877.267, 68804.286]","(59764.7, 65985.991]","(61480.562, 68804.286]","(63877.267, 73267.267]","(17796.63, 68804.286]",*
64601.80272999414,"(63877.267, 68804.286]","(59764.7, 65985.991]","(61480.562, 68804.286]","(63877.267, 73267.267]","(17796.63, 68804.286]",*
64603.19151685692,"(63877.267, 68804.286]","(59764.7, 65985.991]","(61480.562, 68804.286]","(63877.267, 73267.267]","(17796.63, 68804.286]",*
64608.22230776664,"(63877.267, 68804.286]","(59764.7, 65985.991]","(61480.562, 68804.286]","(63877.267, 73267.267]","(17796.63, 68804.286]",*
64617.43815923704,"(63877.267, 68804.286]","(59764.7, 65985.991]","(61480.562, 68804.286]","(63877.267, 73267.267]","(17796.63, 68804.286]",*
64618.04033926372,"(63877.267, 68804.286]","(59764.7, 65985.991]","(61480.562, 68804.286]","(63877.267, 73267.267]","(17796.63, 68804.286]",*
64621.63800477844,"(63877.267, 68804.286]","(59764.7, 65985.991]","(61480.562, 68804.286]","(63877.267, 73267.267]","(17796.63, 68804.286]",*
64624.31589978985,"(63877.267, 68804.286]","(59764.7, 65985.991]","(61480.562, 68804.286]","(63877.267, 73267.267]","(17796.63, 68804.286]",*
64626.88097813548,"(63877.267, 68804.286]","(59764.7, 65985.991]","(61480.562, 68804.286]","(63877.267, 73267.267]","(17796.63, 68804.286]",*
64629.46279112142,"(63877.267, 68804.286]","(59764.7, 65985.991]","(61480.562, 68804.286]","(63877.267, 73267.267]","(17796.63, 68804.286]",*
64634.63095038069,"(63877.267, 68804.286]","(59764.7, 65985.991]","(61480.562, 68804.286]","(63877.267, 73267.267]","(17796.63, 68804.286]",*
64635.45764588874,"(63877.267, 68804.286]","(59764.7, 65985.991]","(61480.562, 68804.286]","(63877.267, 73267.267]","(17796.63, 68804.286]",*
64644.89880906295,"(63877.267, 68804.286]","(59764.7, 65985.991]","(61480.562, 68804.286]","(63877.267, 73267.267]","(17796.63, 68804.286]",*
64661.930275849336,"(63877.267, 68804.286]","(59764.7, 65985.991]","(61480.562, 68804.286]","(63877.267, 73267.267]","(17796.63, 68804.286]",*
64675.130460478846,"(63877.267, 68804.286]","(59764.7, 65985.991]","(61480.562, 68804.286]","(63877.267, 73267.267]","(17796.63, 68804.286]",*
64675.75114172497,"(63877.267, 68804.286]","(59764.7, 65985.991]","(61480.562, 68804.286]","(63877.267, 73267.267]","(17796.63, 68804.286]",*
64698.46342788773,"(63877.267, 68804.286]","(59764.7, 65985.991]","(61480.562, 68804.286]","(63877.267, 73267.267]","(17796.63, 68804.286]",*
64699.39397468865,"(63877.267, 68804.286]","(59764.7, 65985.991]","(61480.562, 68804.286]","(63877.267, 73267.267]","(17796.63, 68804.286]",*
64705.3834116736,"(63877.267, 68804.286]","(59764.7, 65985.991]","(61480.562, 68804.286]","(63877.267, 73267.267]","(17796.63, 68804.286]",*
64707.74566360327,"(63877.267, 68804.286]","(59764.7, 65985.991]","(61480.562, 68804.286]","(63877.267, 73267.267]","(17796.63, 68804.286]",*
64713.59579614808,"(63877.267, 68804.286]","(59764.7, 65985.991]","(61480.562, 68804.286]","(63877.267, 73267.267]","(17796.63, 68804.286]",*
64714.524162319416,"(63877.267, 68804.286]","(59764.7, 65985.991]","(61480.562, 68804.286]","(63877.267, 73267.267]","(17796.63, 68804.286]",*
64715.01826942741,"(63877.267, 68804.286]","(59764.7, 65985.991]","(61480.562, 68804.286]","(63877.267, 73267.267]","(17796.63, 68804.286]",*
64717.28750892872,"(63877.267, 68804.286]","(59764.7, 65985.991]","(61480.562, 68804.286]","(63877.267, 73267.267]","(17796.63, 68804.286]",*
64720.05821164032,"(63877.267, 68804.286]","(59764.7, 65985.991]","(61480.562, 68804.286]","(63877.267, 73267.267]","(17796.63, 68804.286]",*
64721.56449637062,"(63877.267, 68804.286]","(59764.7, 65985.991]","(61480.562, 68804.286]","(63877.267, 73267.267]","(17796.63, 68804.286]",*
64724.68649237273,"(63877.267, 68804.286]","(59764.7, 65985.991]","(61480.562, 68804.286]","(63877.267, 73267.267]","(17796.63, 68804.286]",*
64725.074381736194,"(63877.267, 68804.286]","(59764.7, 65985.991]","(61480.562, 68804.286]","(63877.267, 73267.267]","(17796.63, 68804.286]",*
64730.12677441365,"(63877.267, 68804.286]","(59764.7, 65985.991]","(61480.562, 68804.286]","(63877.267, 73267.267]","(17796.63, 68804.286]",*
64736.28408491543,"(63877.267, 68804.286]","(59764.7, 65985.991]","(61480.562, 68804.286]","(63877.267, 73267.267]","(17796.63, 68804.286]",*
64744.94244429671,"(63877.267, 68804.286]","(59764.7, 65985.991]","(61480.562, 68804.286]","(63877.267, 73267.267]","(17796.63, 68804.286]",*
64749.79548135708,"(63877.267, 68804.286]","(59764.7, 65985.991]","(61480.562, 68804.286]","(63877.267, 73267.267]","(17796.63, 68804.286]",*
64750.77729828434,"(63877.267, 68804.286]","(59764.7, 65985.991]","(61480.562, 68804.286]","(63877.267, 73267.267]","(17796.63, 68804.286]",*
64753.728917451816,"(63877.267, 68804.286]","(59764.7, 65985.991]","(61480.562, 68804.286]","(63877.267, 73267.267]","(17796.63, 68804.286]",*
64754.56544888762,"(63877.267, 68804.286]","(59764.7, 65985.991]","(61480.562, 68804.286]","(63877.267, 73267.267]","(17796.63, 68804.286]",*
64762.66101998157,"(63877.267, 68804.286]","(59764.7, 65985.991]","(61480.562, 68804.286]","(63877.267, 73267.267]","(17796.63, 68804.286]",*
64767.86769829816,"(63877.267, 68804.286]","(59764.7, 65985.991]","(61480.562, 68804.286]","(63877.267, 73267.267]","(17796.63, 68804.286]",*
64769.644841007386,"(63877.267, 68804.286]","(59764.7, 65985.991]","(61480.562, 68804.286]","(63877.267, 73267.267]","(17796.63, 68804.286]",*
64780.87583206812,"(63877.267, 68804.286]","(59764.7, 65985.991]","(61480.562, 68804.286]","(63877.267, 73267.267]","(17796.63, 68804.286]",*
64794.182478969466,"(63877.267, 68804.286]","(59764.7, 65985.991]","(61480.562, 68804.286]","(63877.267, 73267.267]","(17796.63, 68804.286]",*
64795.5271009076,"(63877.267, 68804.286]","(59764.7, 65985.991]","(61480.562, 68804.286]","(63877.267, 73267.267]","(17796.63, 68804.286]",*
64799.86301992758,"(63877.267, 68804.286]","(59764.7, 65985.991]","(61480.562, 68804.286]","(63877.267, 73267.267]","(17796.63, 68804.286]",*
64811.17139284832,"(63877.267, 68804.286]","(59764.7, 65985.991]","(61480.562, 68804.286]","(63877.267, 73267.267]","(17796.63, 68804.286]",*
64823.01583521916,"(63877.267, 68804.286]","(59764.7, 65985.991]","(61480.562, 68804.286]","(63877.267, 73267.267]","(17796.63, 68804.286]",*
64826.37189495595,"(63877.267, 68804.286]","(59764.7, 65985.991]","(61480.562, 68804.286]","(63877.267, 73267.267]","(17796.63, 68804.286]",*
64826.86535125934,"(63877.267, 68804.286]","(59764.7, 65985.991]","(61480.562, 68804.286]","(63877.267, 73267.267]","(17796.63, 68804.286]",*
64836.65398158143,"(63877.267, 68804.286]","(59764.7, 65985.991]","(61480.562, 68804.286]","(63877.267, 73267.267]","(17796.63, 68804.286]",*
64838.49289874493,"(63877.267, 68804.286]","(59764.7, 65985.991]","(61480.562, 68804.286]","(63877.267, 73267.267]","(17796.63, 68804.286]",*
64861.91338036728,"(63877.267, 68804.286]","(59764.7, 65985.991]","(61480.562, 68804.286]","(63877.267, 73267.267]","(17796.63, 68804.286]",*
64882.15624507157,"(63877.267, 68804.286]","(59764.7, 65985.991]","(61480.562, 68804.286]","(63877.267, 73267.267]","(17796.63, 68804.286]",*
64889.21933811397,"(63877.267, 68804.286]","(59764.7, 65985.991]","(61480.562, 68804.286]","(63877.267, 73267.267]","(17796.63, 68804.286]",*
64896.62337460581,"(63877.267, 68804.286]","(59764.7, 65985.991]","(61480.562, 68804.286]","(63877.267, 73267.267]","(17796.63, 68804.286]",*
64900.19793487404,"(63877.267, 68804.286]","(59764.7, 65985.991]","(61480.562, 68804.286]","(63877.267, 73267.267]","(17796.63, 68804.286]",*
64901.03106668893,"(63877.267, 68804.286]","(59764.7, 65985.991]","(61480.562, 68804.286]","(63877.267, 73267.267]","(17796.63, 68804.286]",*
64907.98025487336,"(63877.267, 68804.286]","(59764.7, 65985.991]","(61480.562, 68804.286]","(63877.267, 73267.267]","(17796.63, 68804.286]",*
64909.041148814686,"(63877.267, 68804.286]","(59764.7, 65985.991]","(61480.562, 68804.286]","(63877.267, 73267.267]","(17796.63, 68804.286]",*
64910.38874373063,"(63877.267, 68804.286]","(59764.7, 65985.991]","(61480.562, 68804.286]","(63877.267, 73267.267]","(17796.63, 68804.286]",*
64912.51546188368,"(63877.267, 68804.286]","(59764.7, 65985.991]","(61480.562, 68804.286]","(63877.267, 73267.267]","(17796.63, 68804.286]",*
64916.095130334885,"(63877.267, 68804.286]","(59764.7, 65985.991]","(61480.562, 68804.286]","(63877.267, 73267.267]","(17796.63, 68804.286]",*
64927.64796379877,"(63877.267, 68804.286]","(59764.7, 65985.991]","(61480.562, 68804.286]","(63877.267, 73267.267]","(17796.63, 68804.286]",*
64938.75249343669,"(63877.267, 68804.286]","(59764.7, 65985.991]","(61480.562, 68804.286]","(63877.267, 73267.267]","(17796.63, 68804.286]",*
64950.61815035527,"(63877.267, 68804.286]","(59764.7, 65985.991]","(61480.562, 68804.286]","(63877.267, 73267.267]","(17796.63, 68804.286]",*
64957.92637933362,"(63877.267, 68804.286]","(59764.7, 65985.991]","(61480.562, 68804.286]","(63877.267, 73267.267]","(17796.63, 68804.286]",*
64962.43300207432,"(63877.267, 68804.286]","(59764.7, 65985.991]","(61480.562, 68804.286]","(63877.267, 73267.267]","(17796.63, 68804.286]",*
64967.784825184994,"(63877.267, 68804.286]","(59764.7, 65985.991]","(61480.562, 68804.286]","(63877.267, 73267.267]","(17796.63, 68804.286]",*
64969.630575985175,"(63877.267, 68804.286]","(59764.7, 65985.991]","(61480.562, 68804.286]","(63877.267, 73267.267]","(17796.63, 68804.286]",*
64975.66282980242,"(63877.267, 68804.286]","(59764.7, 65985.991]","(61480.562, 68804.286]","(63877.267, 73267.267]","(17796.63, 68804.286]",*
64975.883687602334,"(63877.267, 68804.286]","(59764.7, 65985.991]","(61480.562, 68804.286]","(63877.267, 73267.267]","(17796.63, 68804.286]",*
64989.78396196952,"(63877.267, 68804.286]","(59764.7, 65985.991]","(61480.562, 68804.286]","(63877.267, 73267.267]","(17796.63, 68804.286]",*
65010.55347403517,"(63877.267, 68804.286]","(59764.7, 65985.991]","(61480.562, 68804.286]","(63877.267, 73267.267]","(17796.63, 68804.286]",*
65013.21244619443,"(63877.267, 68804.286]","(59764.7, 65985.991]","(61480.562, 68804.286]","(63877.267, 73267.267]","(17796.63, 68804.286]",*
65014.70733924215,"(63877.267, 68804.286]","(59764.7, 65985.991]","(61480.562, 68804.286]","(63877.267, 73267.267]","(17796.63, 68804.286]",*
65016.22381064409,"(63877.267, 68804.286]","(59764.7, 65985.991]","(61480.562, 68804.286]","(63877.267, 73267.267]","(17796.63, 68804.286]",*
65017.74562581807,"(63877.267, 68804.286]","(59764.7, 65985.991]","(61480.562, 68804.286]","(63877.267, 73267.267]","(17796.63, 68804.286]",*
65018.541208381575,"(63877.267, 68804.286]","(59764.7, 65985.991]","(61480.562, 68804.286]","(63877.267, 73267.267]","(17796.63, 68804.286]",*
65022.82580380762,"(63877.267, 68804.286]","(59764.7, 65985.991]","(61480.562, 68804.286]","(63877.267, 73267.267]","(17796.63, 68804.286]",*
65025.4159947866,"(63877.267, 68804.286]","(59764.7, 65985.991]","(61480.562, 68804.286]","(63877.267, 73267.267]","(17796.63, 68804.286]",*
65037.25920353219,"(63877.267, 68804.286]","(59764.7, 65985.991]","(61480.562, 68804.286]","(63877.267, 73267.267]","(17796.63, 68804.286]",*
65041.6913063262,"(63877.267, 68804.286]","(59764.7, 65985.991]","(61480.562, 68804.286]","(63877.267, 73267.267]","(17796.63, 68804.286]",*
65051.21626800484,"(63877.267, 68804.286]","(59764.7, 65985.991]","(61480.562, 68804.286]","(63877.267, 73267.267]","(17796.63, 68804.286]",*
65066.54355638126,"(63877.267, 68804.286]","(59764.7, 65985.991]","(61480.562, 68804.286]","(63877.267, 73267.267]","(17796.63, 68804.286]",*
65068.55452854044,"(63877.267, 68804.286]","(59764.7, 65985.991]","(61480.562, 68804.286]","(63877.267, 73267.267]","(17796.63, 68804.286]",*
65069.90172071457,"(63877.267, 68804.286]","(59764.7, 65985.991]","(61480.562, 68804.286]","(63877.267, 73267.267]","(17796.63, 68804.286]",*
65069.94799518595,"(63877.267, 68804.286]","(59764.7, 65985.991]","(61480.562, 68804.286]","(63877.267, 73267.267]","(17796.63, 68804.286]",*
65070.56700870923,"(63877.267, 68804.286]","(59764.7, 65985.991]","(61480.562, 68804.286]","(63877.267, 73267.267]","(17796.63, 68804.286]",*
65071.025310055375,"(63877.267, 68804.286]","(59764.7, 65985.991]","(61480.562, 68804.286]","(63877.267, 73267.267]","(17796.63, 68804.286]",*
65074.48119019926,"(63877.267, 68804.286]","(59764.7, 65985.991]","(61480.562, 68804.286]","(63877.267, 73267.267]","(17796.63, 68804.286]",*
65075.85775603817,"(63877.267, 68804.286]","(59764.7, 65985.991]","(61480.562, 68804.286]","(63877.267, 73267.267]","(17796.63, 68804.286]",*
65081.58404838893,"(63877.267, 68804.286]","(59764.7, 65985.991]","(61480.562, 68804.286]","(63877.267, 73267.267]","(17796.63, 68804.286]",*
65083.880093712745,"(63877.267, 68804.286]","(59764.7, 65985.991]","(61480.562, 68804.286]","(63877.267, 73267.267]","(17796.63, 68804.286]",*
65087.71793291508,"(63877.267, 68804.286]","(59764.7, 65985.991]","(61480.562, 68804.286]","(63877.267, 73267.267]","(17796.63, 68804.286]",*
65088.08823985058,"(63877.267, 68804.286]","(59764.7, 65985.991]","(61480.562, 68804.286]","(63877.267, 73267.267]","(17796.63, 68804.286]",*
65091.309177450086,"(63877.267, 68804.286]","(59764.7, 65985.991]","(61480.562, 68804.286]","(63877.267, 73267.267]","(17796.63, 68804.286]",*
65122.20168246586,"(63877.267, 68804.286]","(59764.7, 65985.991]","(61480.562, 68804.286]","(63877.267, 73267.267]","(17796.63, 68804.286]",*
65124.65602324749,"(63877.267, 68804.286]","(59764.7, 65985.991]","(61480.562, 68804.286]","(63877.267, 73267.267]","(17796.63, 68804.286]",*
65125.94786821606,"(63877.267, 68804.286]","(59764.7, 65985.991]","(61480.562, 68804.286]","(63877.267, 73267.267]","(17796.63, 68804.286]",*
65126.70304965057,"(63877.267, 68804.286]","(59764.7, 65985.991]","(61480.562, 68804.286]","(63877.267, 73267.267]","(17796.63, 68804.286]",*
65132.471587602384,"(63877.267, 68804.286]","(59764.7, 65985.991]","(61480.562, 68804.286]","(63877.267, 73267.267]","(17796.63, 68804.286]",*
65142.75685958702,"(63877.267, 68804.286]","(59764.7, 65985.991]","(61480.562, 68804.286]","(63877.267, 73267.267]","(17796.63, 68804.286]",*
65149.89590957383,"(63877.267, 68804.286]","(59764.7, 65985.991]","(61480.562, 68804.286]","(63877.267, 73267.267]","(17796.63, 68804.286]",*
65152.58023259072,"(63877.267, 68804.286]","(59764.7, 65985.991]","(61480.562, 68804.286]","(63877.267, 73267.267]","(17796.63, 68804.286]",*
65173.05043816863,"(63877.267, 68804.286]","(59764.7, 65985.991]","(61480.562, 68804.286]","(63877.267, 73267.267]","(17796.63, 68804.286]",*
65175.5482204376,"(63877.267, 68804.286]","(59764.7, 65985.991]","(61480.562, 68804.286]","(63877.267, 73267.267]","(17796.63, 68804.286]",*
65182.11557100695,"(63877.267, 68804.286]","(59764.7, 65985.991]","(61480.562, 68804.286]","(63877.267, 73267.267]","(17796.63, 68804.286]",*
65182.71262513148,"(63877.267, 68804.286]","(59764.7, 65985.991]","(61480.562, 68804.286]","(63877.267, 73267.267]","(17796.63, 68804.286]",*
65192.10563493747,"(63877.267, 68804.286]","(59764.7, 65985.991]","(61480.562, 68804.286]","(63877.267, 73267.267]","(17796.63, 68804.286]",*
65197.99542385437,"(63877.267, 68804.286]","(59764.7, 65985.991]","(61480.562, 68804.286]","(63877.267, 73267.267]","(17796.63, 68804.286]",*
65198.943392411325,"(63877.267, 68804.286]","(59764.7, 65985.991]","(61480.562, 68804.286]","(63877.267, 73267.267]","(17796.63, 68804.286]",*
65199.989940295,"(63877.267, 68804.286]","(59764.7, 65985.991]","(61480.562, 68804.286]","(63877.267, 73267.267]","(17796.63, 68804.286]",*
65207.736245796885,"(63877.267, 68804.286]","(59764.7, 65985.991]","(61480.562, 68804.286]","(63877.267, 73267.267]","(17796.63, 68804.286]",*
65210.2423079537,"(63877.267, 68804.286]","(59764.7, 65985.991]","(61480.562, 68804.286]","(63877.267, 73267.267]","(17796.63, 68804.286]",*
65212.36639860801,"(63877.267, 68804.286]","(59764.7, 65985.991]","(61480.562, 68804.286]","(63877.267, 73267.267]","(17796.63, 68804.286]",*
65218.34826353064,"(63877.267, 68804.286]","(59764.7, 65985.991]","(61480.562, 68804.286]","(63877.267, 73267.267]","(17796.63, 68804.286]",*
65220.10451505501,"(63877.267, 68804.286]","(59764.7, 65985.991]","(61480.562, 68804.286]","(63877.267, 73267.267]","(17796.63, 68804.286]",*
65220.99816814039,"(63877.267, 68804.286]","(59764.7, 65985.991]","(61480.562, 68804.286]","(63877.267, 73267.267]","(17796.63, 68804.286]",*
65221.12655640487,"(63877.267, 68804.286]","(59764.7, 65985.991]","(61480.562, 68804.286]","(63877.267, 73267.267]","(17796.63, 68804.286]",*
65221.52560341805,"(63877.267, 68804.286]","(59764.7, 65985.991]","(61480.562, 68804.286]","(63877.267, 73267.267]","(17796.63, 68804.286]",*
65243.82232067383,"(63877.267, 68804.286]","(59764.7, 65985.991]","(61480.562, 68804.286]","(63877.267, 73267.267]","(17796.63, 68804.286]",*
65244.87641713912,"(63877.267, 68804.286]","(59764.7, 65985.991]","(61480.562, 68804.286]","(63877.267, 73267.267]","(17796.63, 68804.286]",*
65256.139228176486,"(63877.267, 68804.286]","(59764.7, 65985.991]","(61480.562, 68804.286]","(63877.267, 73267.267]","(17796.63, 68804.286]",*
65258.21367695236,"(63877.267, 68804.286]","(59764.7, 65985.991]","(61480.562, 68804.286]","(63877.267, 73267.267]","(17796.63, 68804.286]",*
65273.04486964519,"(63877.267, 68804.286]","(59764.7, 65985.991]","(61480.562, 68804.286]","(63877.267, 73267.267]","(17796.63, 68804.286]",*
65274.13994870197,"(63877.267, 68804.286]","(59764.7, 65985.991]","(61480.562, 68804.286]","(63877.267, 73267.267]","(17796.63, 68804.286]",*
65279.34259088244,"(63877.267, 68804.286]","(59764.7, 65985.991]","(61480.562, 68804.286]","(63877.267, 73267.267]","(17796.63, 68804.286]",*
65279.53406448912,"(63877.267, 68804.286]","(59764.7, 65985.991]","(61480.562, 68804.286]","(63877.267, 73267.267]","(17796.63, 68804.286]",*
65283.63689133878,"(63877.267, 68804.286]","(59764.7, 65985.991]","(61480.562, 68804.286]","(63877.267, 73267.267]","(17796.63, 68804.286]",*
65302.37247295227,"(63877.267, 68804.286]","(59764.7, 65985.991]","(61480.562, 68804.286]","(63877.267, 73267.267]","(17796.63, 68804.286]",*
65310.43111636512,"(63877.267, 68804.286]","(59764.7, 65985.991]","(61480.562, 68804.286]","(63877.267, 73267.267]","(17796.63, 68804.286]",*
65314.72011226055,"(63877.267, 68804.286]","(59764.7, 65985.991]","(61480.562, 68804.286]","(63877.267, 73267.267]","(17796.63, 68804.286]",*
65316.99602070992,"(63877.267, 68804.286]","(59764.7, 65985.991]","(61480.562, 68804.286]","(63877.267, 73267.267]","(17796.63, 68804.286]",*
65342.80948318765,"(63877.267, 68804.286]","(59764.7, 65985.991]","(61480.562, 68804.286]","(63877.267, 73267.267]","(17796.63, 68804.286]",*
65354.14001097117,"(63877.267, 68804.286]","(59764.7, 65985.991]","(61480.562, 68804.286]","(63877.267, 73267.267]","(17796.63, 68804.286]",*
65363.74649268804,"(63877.267, 68804.286]","(59764.7, 65985.991]","(61480.562, 68804.286]","(63877.267, 73267.267]","(17796.63, 68804.286]",*
65380.31623827201,"(63877.267, 68804.286]","(59764.7, 65985.991]","(61480.562, 68804.286]","(63877.267, 73267.267]","(17796.63, 68804.286]",*
65382.88832347801,"(63877.267, 68804.286]","(59764.7, 65985.991]","(61480.562, 68804.286]","(63877.267, 73267.267]","(17796.63, 68804.286]",*
65383.33791728687,"(63877.267, 68804.286]","(59764.7, 65985.991]","(61480.562, 68804.286]","(63877.267, 73267.267]","(17796.63, 68804.286]",*
65417.89182646423,"(63877.267, 68804.286]","(59764.7, 65985.991]","(61480.562, 68804.286]","(63877.267, 73267.267]","(17796.63, 68804.286]",*
65423.24692175325,"(63877.267, 68804.286]","(59764.7, 65985.991]","(61480.562, 68804.286]","(63877.267, 73267.267]","(17796.63, 68804.286]",*
65428.31170267178,"(63877.267, 68804.286]","(59764.7, 65985.991]","(61480.562, 68804.286]","(63877.267, 73267.267]","(17796.63, 68804.286]",*
65428.545625742685,"(63877.267, 68804.286]","(59764.7, 65985.991]","(61480.562, 68804.286]","(63877.267, 73267.267]","(17796.63, 68804.286]",*
65430.979144743695,"(63877.267, 68804.286]","(59764.7, 65985.991]","(61480.562, 68804.286]","(63877.267, 73267.267]","(17796.63, 68804.286]",*
65431.32479947334,"(63877.267, 68804.286]","(59764.7, 65985.991]","(61480.562, 68804.286]","(63877.267, 73267.267]","(17796.63, 68804.286]",*
65431.66476130497,"(63877.267, 68804.286]","(59764.7, 65985.991]","(61480.562, 68804.286]","(63877.267, 73267.267]","(17796.63, 68804.286]",*
65449.35478107669,"(63877.267, 68804.286]","(59764.7, 65985.991]","(61480.562, 68804.286]","(63877.267, 73267.267]","(17796.63, 68804.286]",*
65453.867142192576,"(63877.267, 68804.286]","(59764.7, 65985.991]","(61480.562, 68804.286]","(63877.267, 73267.267]","(17796.63, 68804.286]",*
65454.97422567974,"(63877.267, 68804.286]","(59764.7, 65985.991]","(61480.562, 68804.286]","(63877.267, 73267.267]","(17796.63, 68804.286]",*
65464.19838733249,"(63877.267, 68804.286]","(59764.7, 65985.991]","(61480.562, 68804.286]","(63877.267, 73267.267]","(17796.63, 68804.286]",*
65465.53989001843,"(63877.267, 68804.286]","(59764.7, 65985.991]","(61480.562, 68804.286]","(63877.267, 73267.267]","(17796.63, 68804.286]",*
65480.26213836605,"(63877.267, 68804.286]","(59764.7, 65985.991]","(61480.562, 68804.286]","(63877.267, 73267.267]","(17796.63, 68804.286]",*
65480.30660054814,"(63877.267, 68804.286]","(59764.7, 65985.991]","(61480.562, 68804.286]","(63877.267, 73267.267]","(17796.63, 68804.286]",*
65483.25530521961,"(63877.267, 68804.286]","(59764.7, 65985.991]","(61480.562, 68804.286]","(63877.267, 73267.267]","(17796.63, 68804.286]",*
65489.291732644815,"(63877.267, 68804.286]","(59764.7, 65985.991]","(61480.562, 68804.286]","(63877.267, 73267.267]","(17796.63, 68804.286]",*
65510.581803666224,"(63877.267, 68804.286]","(59764.7, 65985.991]","(61480.562, 68804.286]","(63877.267, 73267.267]","(17796.63, 68804.286]",*
65510.66002904738,"(63877.267, 68804.286]","(59764.7, 65985.991]","(61480.562, 68804.286]","(63877.267, 73267.267]","(17796.63, 68804.286]",*
65531.10906061909,"(63877.267, 68804.286]","(59764.7, 65985.991]","(61480.562, 68804.286]","(63877.267, 73267.267]","(17796.63, 68804.286]",*
65533.4149245086,"(63877.267, 68804.286]","(59764.7, 65985.991]","(61480.562, 68804.286]","(63877.267, 73267.267]","(17796.63, 68804.286]",*
65543.33854072282,"(63877.267, 68804.286]","(59764.7, 65985.991]","(61480.562, 68804.286]","(63877.267, 73267.267]","(17796.63, 68804.286]",*
65550.80327695548,"(63877.267, 68804.286]","(59764.7, 65985.991]","(61480.562, 68804.286]","(63877.267, 73267.267]","(17796.63, 68804.286]",*
65554.84252111451,"(63877.267, 68804.286]","(59764.7, 65985.991]","(61480.562, 68804.286]","(63877.267, 73267.267]","(17796.63, 68804.286]",*
65561.45584454174,"(63877.267, 68804.286]","(59764.7, 65985.991]","(61480.562, 68804.286]","(63877.267, 73267.267]","(17796.63, 68804.286]",*
65566.35691483965,"(63877.267, 68804.286]","(59764.7, 65985.991]","(61480.562, 68804.286]","(63877.267, 73267.267]","(17796.63, 68804.286]",*
65567.85918452834,"(63877.267, 68804.286]","(59764.7, 65985.991]","(61480.562, 68804.286]","(63877.267, 73267.267]","(17796.63, 68804.286]",*
65573.46110998027,"(63877.267, 68804.286]","(59764.7, 65985.991]","(61480.562, 68804.286]","(63877.267, 73267.267]","(17796.63, 68804.286]",*
65579.37801666939,"(63877.267, 68804.286]","(59764.7, 65985.991]","(61480.562, 68804.286]","(63877.267, 73267.267]","(17796.63, 68804.286]",*
65580.05596629345,"(63877.267, 68804.286]","(59764.7, 65985.991]","(61480.562, 68804.286]","(63877.267, 73267.267]","(17796.63, 68804.286]",*
65594.06738575947,"(63877.267, 68804.286]","(59764.7, 65985.991]","(61480.562, 68804.286]","(63877.267, 73267.267]","(17796.63, 68804.286]",*
65606.35861239379,"(63877.267, 68804.286]","(59764.7, 65985.991]","(61480.562, 68804.286]","(63877.267, 73267.267]","(17796.63, 68804.286]",*
65608.60770523315,"(63877.267, 68804.286]","(59764.7, 65985.991]","(61480.562, 68804.286]","(63877.267, 73267.267]","(17796.63, 68804.286]",*
65614.78487305327,"(63877.267, 68804.286]","(59764.7, 65985.991]","(61480.562, 68804.286]","(63877.267, 73267.267]","(17796.63, 68804.286]",*
65627.05110654606,"(63877.267, 68804.286]","(59764.7, 65985.991]","(61480.562, 68804.286]","(63877.267, 73267.267]","(17796.63, 68804.286]",*
65629.88097481325,"(63877.267, 68804.286]","(59764.7, 65985.991]","(61480.562, 68804.286]","(63877.267, 73267.267]","(17796.63, 68804.286]",*
65632.92598203174,"(63877.267, 68804.286]","(59764.7, 65985.991]","(61480.562, 68804.286]","(63877.267, 73267.267]","(17796.63, 68804.286]",*
65641.80717086188,"(63877.267, 68804.286]","(59764.7, 65985.991]","(61480.562, 68804.286]","(63877.267, 73267.267]","(17796.63, 68804.286]",*
65643.86247554424,"(63877.267, 68804.286]","(59764.7, 65985.991]","(61480.562, 68804.286]","(63877.267, 73267.267]","(17796.63, 68804.286]",*
65659.58698406241,"(63877.267, 68804.286]","(59764.7, 65985.991]","(61480.562, 68804.286]","(63877.267, 73267.267]","(17796.63, 68804.286]",*
65669.98453005856,"(63877.267, 68804.286]","(59764.7, 65985.991]","(61480.562, 68804.286]","(63877.267, 73267.267]","(17796.63, 68804.286]",*
65672.20442198518,"(63877.267, 68804.286]","(59764.7, 65985.991]","(61480.562, 68804.286]","(63877.267, 73267.267]","(17796.63, 68804.286]",*
65673.7513636956,"(63877.267, 68804.286]","(59764.7, 65985.991]","(61480.562, 68804.286]","(63877.267, 73267.267]","(17796.63, 68804.286]",*
65674.59699371539,"(63877.267, 68804.286]","(59764.7, 65985.991]","(61480.562, 68804.286]","(63877.267, 73267.267]","(17796.63, 68804.286]",*
65687.10668176552,"(63877.267, 68804.286]","(59764.7, 65985.991]","(61480.562, 68804.286]","(63877.267, 73267.267]","(17796.63, 68804.286]",*
65692.61819591517,"(63877.267, 68804.286]","(59764.7, 65985.991]","(61480.562, 68804.286]","(63877.267, 73267.267]","(17796.63, 68804.286]",*
65694.05126503362,"(63877.267, 68804.286]","(59764.7, 65985.991]","(61480.562, 68804.286]","(63877.267, 73267.267]","(17796.63, 68804.286]",*
65697.82067402074,"(63877.267, 68804.286]","(59764.7, 65985.991]","(61480.562, 68804.286]","(63877.267, 73267.267]","(17796.63, 68804.286]",*
65706.75563843455,"(63877.267, 68804.286]","(59764.7, 65985.991]","(61480.562, 68804.286]","(63877.267, 73267.267]","(17796.63, 68804.286]",*
65718.30197384104,"(63877.267, 68804.286]","(59764.7, 65985.991]","(61480.562, 68804.286]","(63877.267, 73267.267]","(17796.63, 68804.286]",*
65729.22233007607,"(63877.267, 68804.286]","(59764.7, 65985.991]","(61480.562, 68804.286]","(63877.267, 73267.267]","(17796.63, 68804.286]",*
65736.34642353923,"(63877.267, 68804.286]","(59764.7, 65985.991]","(61480.562, 68804.286]","(63877.267, 73267.267]","(17796.63, 68804.286]",*
65739.68601846813,"(63877.267, 68804.286]","(59764.7, 65985.991]","(61480.562, 68804.286]","(63877.267, 73267.267]","(17796.63, 68804.286]",*
65741.39764251768,"(63877.267, 68804.286]","(59764.7, 65985.991]","(61480.562, 68804.286]","(63877.267, 73267.267]","(17796.63, 68804.286]",*
65745.73181015425,"(63877.267, 68804.286]","(59764.7, 65985.991]","(61480.562, 68804.286]","(63877.267, 73267.267]","(17796.63, 68804.286]",*
65801.23308374452,"(63877.267, 68804.286]","(59764.7, 65985.991]","(61480.562, 68804.286]","(63877.267, 73267.267]","(17796.63, 68804.286]",*
65803.60064720082,"(63877.267, 68804.286]","(59764.7, 65985.991]","(61480.562, 68804.286]","(63877.267, 73267.267]","(17796.63, 68804.286]",*
65817.20027888185,"(63877.267, 68804.286]","(59764.7, 65985.991]","(61480.562, 68804.286]","(63877.267, 73267.267]","(17796.63, 68804.286]",*
65825.82894504255,"(63877.267, 68804.286]","(59764.7, 65985.991]","(61480.562, 68804.286]","(63877.267, 73267.267]","(17796.63, 68804.286]",*
65827.33514166252,"(63877.267, 68804.286]","(59764.7, 65985.991]","(61480.562, 68804.286]","(63877.267, 73267.267]","(17796.63, 68804.286]",*
65827.6722446651,"(63877.267, 68804.286]","(59764.7, 65985.991]","(61480.562, 68804.286]","(63877.267, 73267.267]","(17796.63, 68804.286]",*
65837.116937774,"(63877.267, 68804.286]","(59764.7, 65985.991]","(61480.562, 68804.286]","(63877.267, 73267.267]","(17796.63, 68804.286]",*
65841.30878577287,"(63877.267, 68804.286]","(59764.7, 65985.991]","(61480.562, 68804.286]","(63877.267, 73267.267]","(17796.63, 68804.286]",*
65846.17103853785,"(63877.267, 68804.286]","(59764.7, 65985.991]","(61480.562, 68804.286]","(63877.267, 73267.267]","(17796.63, 68804.286]",*
65846.40694334415,"(63877.267, 68804.286]","(59764.7, 65985.991]","(61480.562, 68804.286]","(63877.267, 73267.267]","(17796.63, 68804.286]",*
65851.26289276776,"(63877.267, 68804.286]","(59764.7, 65985.991]","(61480.562, 68804.286]","(63877.267, 73267.267]","(17796.63, 68804.286]",*
65855.86323817393,"(63877.267, 68804.286]","(59764.7, 65985.991]","(61480.562, 68804.286]","(63877.267, 73267.267]","(17796.63, 68804.286]",*
65864.97112171166,"(63877.267, 68804.286]","(59764.7, 65985.991]","(61480.562, 68804.286]","(63877.267, 73267.267]","(17796.63, 68804.286]",*
65866.4525675225,"(63877.267, 68804.286]","(59764.7, 65985.991]","(61480.562, 68804.286]","(63877.267, 73267.267]","(17796.63, 68804.286]",*
65873.93940622278,"(63877.267, 68804.286]","(59764.7, 65985.991]","(61480.562, 68804.286]","(63877.267, 73267.267]","(17796.63, 68804.286]",*
65885.13575905452,"(63877.267, 68804.286]","(59764.7, 65985.991]","(61480.562, 68804.286]","(63877.267, 73267.267]","(17796.63, 68804.286]",*
65893.44773400544,"(63877.267, 68804.286]","(59764.7, 65985.991]","(61480.562, 68804.286]","(63877.267, 73267.267]","(17796.63, 68804.286]",*
65896.42207398957,"(63877.267, 68804.286]","(59764.7, 65985.991]","(61480.562, 68804.286]","(63877.267, 73267.267]","(17796.63, 68804.286]",*
65897.66157033308,"(63877.267, 68804.286]","(59764.7, 65985.991]","(61480.562, 68804.286]","(63877.267, 73267.267]","(17796.63, 68804.286]",*
65901.03034686972,"(63877.267, 68804.286]","(59764.7, 65985.991]","(61480.562, 68804.286]","(63877.267, 73267.267]","(17796.63, 68804.286]",*
65901.47709176518,"(63877.267, 68804.286]","(59764.7, 65985.991]","(61480.562, 68804.286]","(63877.267, 73267.267]","(17796.63, 68804.286]",*
65903.25065777934,"(63877.267, 68804.286]","(59764.7, 65985.991]","(61480.562, 68804.286]","(63877.267, 73267.267]","(17796.63, 68804.286]",*
65904.80993466798,"(63877.267, 68804.286]","(59764.7, 65985.991]","(61480.562, 68804.286]","(63877.267, 73267.267]","(17796.63, 68804.286]",*
65907.94667875711,"(63877.267, 68804.286]","(59764.7, 65985.991]","(61480.562, 68804.286]","(63877.267, 73267.267]","(17796.63, 68804.286]",*
65908.73974796159,"(63877.267, 68804.286]","(59764.7, 65985.991]","(61480.562, 68804.286]","(63877.267, 73267.267]","(17796.63, 68804.286]",*
65913.86160972367,"(63877.267, 68804.286]","(59764.7, 65985.991]","(61480.562, 68804.286]","(63877.267, 73267.267]","(17796.63, 68804.286]",*
65925.8537962682,"(63877.267, 68804.286]","(59764.7, 65985.991]","(61480.562, 68804.286]","(63877.267, 73267.267]","(17796.63, 68804.286]",*
65935.5756085309,"(63877.267, 68804.286]","(59764.7, 65985.991]","(61480.562, 68804.286]","(63877.267, 73267.267]","(17796.63, 68804.286]",*
65935.61260941223,"(63877.267, 68804.286]","(59764.7, 65985.991]","(61480.562, 68804.286]","(63877.267, 73267.267]","(17796.63, 68804.286]",*
65939.88494535041,"(63877.267, 68804.286]","(59764.7, 65985.991]","(61480.562, 68804.286]","(63877.267, 73267.267]","(17796.63, 68804.286]",*
65948.91814072343,"(63877.267, 68804.286]","(59764.7, 65985.991]","(61480.562, 68804.286]","(63877.267, 73267.267]","(17796.63, 68804.286]",*
65950.34701683298,"(63877.267, 68804.286]","(59764.7, 65985.991]","(61480.562, 68804.286]","(63877.267, 73267.267]","(17796.63, 68804.286]",*
65959.78115654303,"(63877.267, 68804.286]","(59764.7, 65985.991]","(61480.562, 68804.286]","(63877.267, 73267.267]","(17796.63, 68804.286]",*
65966.01720771872,"(63877.267, 68804.286]","(59764.7, 65985.991]","(61480.562, 68804.286]","(63877.267, 73267.267]","(17796.63, 68804.286]",*
65967.76930857648,"(63877.267, 68804.286]","(59764.7, 65985.991]","(61480.562, 68804.286]","(63877.267, 73267.267]","(17796.63, 68804.286]",*
65969.70703570785,"(63877.267, 68804.286]","(59764.7, 65985.991]","(61480.562, 68804.286]","(63877.267, 73267.267]","(17796.63, 68804.286]",*
65973.38432002487,"(63877.267, 68804.286]","(59764.7, 65985.991]","(61480.562, 68804.286]","(63877.267, 73267.267]","(17796.63, 68804.286]",*
65984.2969071486,"(63877.267, 68804.286]","(59764.7, 65985.991]","(61480.562, 68804.286]","(63877.267, 73267.267]","(17796.63, 68804.286]",*
65984.75064485827,"(63877.267, 68804.286]","(59764.7, 65985.991]","(61480.562, 68804.286]","(63877.267, 73267.267]","(17796.63, 68804.286]",*
65986.81793940437,"(63877.267, 68804.286]","(65985.991, 71341.455]","(61480.562, 68804.286]","(63877.267, 73267.267]","(17796.63, 68804.286]",*
65987.71143737834,"(63877.267, 68804.286]","(65985.991, 71341.455]","(61480.562, 68804.286]","(63877.267, 73267.267]","(17796.63, 68804.286]",*
66005.3109157367,"(63877.267, 68804.286]","(65985.991, 71341.455]","(61480.562, 68804.286]","(63877.267, 73267.267]","(17796.63, 68804.286]",*
66006.17955972417,"(63877.267, 68804.286]","(65985.991, 71341.455]","(61480.562, 68804.286]","(63877.267, 73267.267]","(17796.63, 68804.286]",*
66007.93861320236,"(63877.267, 68804.286]","(65985.991, 71341.455]","(61480.562, 68804.286]","(63877.267, 73267.267]","(17796.63, 68804.286]",*
66026.61208069729,"(63877.267, 68804.286]","(65985.991, 71341.455]","(61480.562, 68804.286]","(63877.267, 73267.267]","(17796.63, 68804.286]",*
66036.41540869608,"(63877.267, 68804.286]","(65985.991, 71341.455]","(61480.562, 68804.286]","(63877.267, 73267.267]","(17796.63, 68804.286]",*
66036.73711153322,"(63877.267, 68804.286]","(65985.991, 71341.455]","(61480.562, 68804.286]","(63877.267, 73267.267]","(17796.63, 68804.286]",*
66039.62218429777,"(63877.267, 68804.286]","(65985.991, 71341.455]","(61480.562, 68804.286]","(63877.267, 73267.267]","(17796.63, 68804.286]",*
66039.73843530688,"(63877.267, 68804.286]","(65985.991, 71341.455]","(61480.562, 68804.286]","(63877.267, 73267.267]","(17796.63, 68804.286]",*
66041.12357953933,"(63877.267, 68804.286]","(65985.991, 71341.455]","(61480.562, 68804.286]","(63877.267, 73267.267]","(17796.63, 68804.286]",*
66047.05353450679,"(63877.267, 68804.286]","(65985.991, 71341.455]","(61480.562, 68804.286]","(63877.267, 73267.267]","(17796.63, 68804.286]",*
66051.5497696643,"(63877.267, 68804.286]","(65985.991, 71341.455]","(61480.562, 68804.286]","(63877.267, 73267.267]","(17796.63, 68804.286]",*
66057.18198514079,"(63877.267, 68804.286]","(65985.991, 71341.455]","(61480.562, 68804.286]","(63877.267, 73267.267]","(17796.63, 68804.286]",*
66064.53282345735,"(63877.267, 68804.286]","(65985.991, 71341.455]","(61480.562, 68804.286]","(63877.267, 73267.267]","(17796.63, 68804.286]",*
66068.33137310331,"(63877.267, 68804.286]","(65985.991, 71341.455]","(61480.562, 68804.286]","(63877.267, 73267.267]","(17796.63, 68804.286]",*
66071.92533414812,"(63877.267, 68804.286]","(65985.991, 71341.455]","(61480.562, 68804.286]","(63877.267, 73267.267]","(17796.63, 68804.286]",*
66083.1659010237,"(63877.267, 68804.286]","(65985.991, 71341.455]","(61480.562, 68804.286]","(63877.267, 73267.267]","(17796.63, 68804.286]",*
66097.62202828031,"(63877.267, 68804.286]","(65985.991, 71341.455]","(61480.562, 68804.286]","(63877.267, 73267.267]","(17796.63, 68804.286]",*
66098.5707230868,"(63877.267, 68804.286]","(65985.991, 71341.455]","(61480.562, 68804.286]","(63877.267, 73267.267]","(17796.63, 68804.286]",*
66112.5364541517,"(63877.267, 68804.286]","(65985.991, 71341.455]","(61480.562, 68804.286]","(63877.267, 73267.267]","(17796.63, 68804.286]",*
66120.41946655294,"(63877.267, 68804.286]","(65985.991, 71341.455]","(61480.562, 68804.286]","(63877.267, 73267.267]","(17796.63, 68804.286]",*
66126.8056058556,"(63877.267, 68804.286]","(65985.991, 71341.455]","(61480.562, 68804.286]","(63877.267, 73267.267]","(17796.63, 68804.286]",*
66131.00222863031,"(63877.267, 68804.286]","(65985.991, 71341.455]","(61480.562, 68804.286]","(63877.267, 73267.267]","(17796.63, 68804.286]",*
66138.17282013534,"(63877.267, 68804.286]","(65985.991, 71341.455]","(61480.562, 68804.286]","(63877.267, 73267.267]","(17796.63, 68804.286]",*
66141.19159648364,"(63877.267, 68804.286]","(65985.991, 71341.455]","(61480.562, 68804.286]","(63877.267, 73267.267]","(17796.63, 68804.286]",*
66148.03831581178,"(63877.267, 68804.286]","(65985.991, 71341.455]","(61480.562, 68804.286]","(63877.267, 73267.267]","(17796.63, 68804.286]",*
66148.99082473629,"(63877.267, 68804.286]","(65985.991, 71341.455]","(61480.562, 68804.286]","(63877.267, 73267.267]","(17796.63, 68804.286]",*
66158.88158501312,"(63877.267, 68804.286]","(65985.991, 71341.455]","(61480.562, 68804.286]","(63877.267, 73267.267]","(17796.63, 68804.286]",*
66169.90517803133,"(63877.267, 68804.286]","(65985.991, 71341.455]","(61480.562, 68804.286]","(63877.267, 73267.267]","(17796.63, 68804.286]",*
66181.91715112494,"(63877.267, 68804.286]","(65985.991, 71341.455]","(61480.562, 68804.286]","(63877.267, 73267.267]","(17796.63, 68804.286]",*
66189.96557606246,"(63877.267, 68804.286]","(65985.991, 71341.455]","(61480.562, 68804.286]","(63877.267, 73267.267]","(17796.63, 68804.286]",*
66195.33771400928,"(63877.267, 68804.286]","(65985.991, 71341.455]","(61480.562, 68804.286]","(63877.267, 73267.267]","(17796.63, 68804.286]",*
66197.49128664308,"(63877.267, 68804.286]","(65985.991, 71341.455]","(61480.562, 68804.286]","(63877.267, 73267.267]","(17796.63, 68804.286]",*
66197.67376650736,"(63877.267, 68804.286]","(65985.991, 71341.455]","(61480.562, 68804.286]","(63877.267, 73267.267]","(17796.63, 68804.286]",*
66204.56507433808,"(63877.267, 68804.286]","(65985.991, 71341.455]","(61480.562, 68804.286]","(63877.267, 73267.267]","(17796.63, 68804.286]",*
66208.81993201477,"(63877.267, 68804.286]","(65985.991, 71341.455]","(61480.562, 68804.286]","(63877.267, 73267.267]","(17796.63, 68804.286]",*
66214.17376385246,"(63877.267, 68804.286]","(65985.991, 71341.455]","(61480.562, 68804.286]","(63877.267, 73267.267]","(17796.63, 68804.286]",*
66225.90480188151,"(63877.267, 68804.286]","(65985.991, 71341.455]","(61480.562, 68804.286]","(63877.267, 73267.267]","(17796.63, 68804.286]",*
66233.86225861686,"(63877.267, 68804.286]","(65985.991, 71341.455]","(61480.562, 68804.286]","(63877.267, 73267.267]","(17796.63, 68804.286]",*
66234.68080686398,"(63877.267, 68804.286]","(65985.991, 71341.455]","(61480.562, 68804.286]","(63877.267, 73267.267]","(17796.63, 68804.286]",*
66235.88812268258,"(63877.267, 68804.286]","(65985.991, 71341.455]","(61480.562, 68804.286]","(63877.267, 73267.267]","(17796.63, 68804.286]",*
66236.42588292956,"(63877.267, 68804.286]","(65985.991, 71341.455]","(61480.562, 68804.286]","(63877.267, 73267.267]","(17796.63, 68804.286]",*
66236.84056096907,"(63877.267, 68804.286]","(65985.991, 71341.455]","(61480.562, 68804.286]","(63877.267, 73267.267]","(17796.63, 68804.286]",*
66250.3166850213,"(63877.267, 68804.286]","(65985.991, 71341.455]","(61480.562, 68804.286]","(63877.267, 73267.267]","(17796.63, 68804.286]",*
66252.14478922784,"(63877.267, 68804.286]","(65985.991, 71341.455]","(61480.562, 68804.286]","(63877.267, 73267.267]","(17796.63, 68804.286]",*
66261.61648744928,"(63877.267, 68804.286]","(65985.991, 71341.455]","(61480.562, 68804.286]","(63877.267, 73267.267]","(17796.63, 68804.286]",*
66262.19252523738,"(63877.267, 68804.286]","(65985.991, 71341.455]","(61480.562, 68804.286]","(63877.267, 73267.267]","(17796.63, 68804.286]",*
66263.91050116325,"(63877.267, 68804.286]","(65985.991, 71341.455]","(61480.562, 68804.286]","(63877.267, 73267.267]","(17796.63, 68804.286]",*
66269.51276858464,"(63877.267, 68804.286]","(65985.991, 71341.455]","(61480.562, 68804.286]","(63877.267, 73267.267]","(17796.63, 68804.286]",*
66273.74016475452,"(63877.267, 68804.286]","(65985.991, 71341.455]","(61480.562, 68804.286]","(63877.267, 73267.267]","(17796.63, 68804.286]",*
66274.45554081336,"(63877.267, 68804.286]","(65985.991, 71341.455]","(61480.562, 68804.286]","(63877.267, 73267.267]","(17796.63, 68804.286]",*
66293.88440213716,"(63877.267, 68804.286]","(65985.991, 71341.455]","(61480.562, 68804.286]","(63877.267, 73267.267]","(17796.63, 68804.286]",*
66295.08115542778,"(63877.267, 68804.286]","(65985.991, 71341.455]","(61480.562, 68804.286]","(63877.267, 73267.267]","(17796.63, 68804.286]",*
66300.5052834895,"(63877.267, 68804.286]","(65985.991, 71341.455]","(61480.562, 68804.286]","(63877.267, 73267.267]","(17796.63, 68804.286]",*
66300.5819244966,"(63877.267, 68804.286]","(65985.991, 71341.455]","(61480.562, 68804.286]","(63877.267, 73267.267]","(17796.63, 68804.286]",*
66320.45081546318,"(63877.267, 68804.286]","(65985.991, 71341.455]","(61480.562, 68804.286]","(63877.267, 73267.267]","(17796.63, 68804.286]",*
66320.99447916498,"(63877.267, 68804.286]","(65985.991, 71341.455]","(61480.562, 68804.286]","(63877.267, 73267.267]","(17796.63, 68804.286]",*
66330.60572270393,"(63877.267, 68804.286]","(65985.991, 71341.455]","(61480.562, 68804.286]","(63877.267, 73267.267]","(17796.63, 68804.286]",*
66342.48968113726,"(63877.267, 68804.286]","(65985.991, 71341.455]","(61480.562, 68804.286]","(63877.267, 73267.267]","(17796.63, 68804.286]",*
66347.04470785579,"(63877.267, 68804.286]","(65985.991, 71341.455]","(61480.562, 68804.286]","(63877.267, 73267.267]","(17796.63, 68804.286]",*
66356.05996112767,"(63877.267, 68804.286]","(65985.991, 71341.455]","(61480.562, 68804.286]","(63877.267, 73267.267]","(17796.63, 68804.286]",*
66357.52841687293,"(63877.267, 68804.286]","(65985.991, 71341.455]","(61480.562, 68804.286]","(63877.267, 73267.267]","(17796.63, 68804.286]",*
66357.88016990162,"(63877.267, 68804.286]","(65985.991, 71341.455]","(61480.562, 68804.286]","(63877.267, 73267.267]","(17796.63, 68804.286]",*
66359.15484785139,"(63877.267, 68804.286]","(65985.991, 71341.455]","(61480.562, 68804.286]","(63877.267, 73267.267]","(17796.63, 68804.286]",*
66369.75098183098,"(63877.267, 68804.286]","(65985.991, 71341.455]","(61480.562, 68804.286]","(63877.267, 73267.267]","(17796.63, 68804.286]",*
66374.6873331831,"(63877.267, 68804.286]","(65985.991, 71341.455]","(61480.562, 68804.286]","(63877.267, 73267.267]","(17796.63, 68804.286]",*
66387.68380232947,"(63877.267, 68804.286]","(65985.991, 71341.455]","(61480.562, 68804.286]","(63877.267, 73267.267]","(17796.63, 68804.286]",*
66392.5709860294,"(63877.267, 68804.286]","(65985.991, 71341.455]","(61480.562, 68804.286]","(63877.267, 73267.267]","(17796.63, 68804.286]",*
66394.87158584829,"(63877.267, 68804.286]","(65985.991, 71341.455]","(61480.562, 68804.286]","(63877.267, 73267.267]","(17796.63, 68804.286]",*
66397.44098654899,"(63877.267, 68804.286]","(65985.991, 71341.455]","(61480.562, 68804.286]","(63877.267, 73267.267]","(17796.63, 68804.286]",*
66398.40359734715,"(63877.267, 68804.286]","(65985.991, 71341.455]","(61480.562, 68804.286]","(63877.267, 73267.267]","(17796.63, 68804.286]",*
66404.1655015575,"(63877.267, 68804.286]","(65985.991, 71341.455]","(61480.562, 68804.286]","(63877.267, 73267.267]","(17796.63, 68804.286]",*
66404.59679386688,"(63877.267, 68804.286]","(65985.991, 71341.455]","(61480.562, 68804.286]","(63877.267, 73267.267]","(17796.63, 68804.286]",*
66407.24046825929,"(63877.267, 68804.286]","(65985.991, 71341.455]","(61480.562, 68804.286]","(63877.267, 73267.267]","(17796.63, 68804.286]",*
66407.79144693594,"(63877.267, 68804.286]","(65985.991, 71341.455]","(61480.562, 68804.286]","(63877.267, 73267.267]","(17796.63, 68804.286]",*
66408.80702504407,"(63877.267, 68804.286]","(65985.991, 71341.455]","(61480.562, 68804.286]","(63877.267, 73267.267]","(17796.63, 68804.286]",*
66409.68677154966,"(63877.267, 68804.286]","(65985.991, 71341.455]","(61480.562, 68804.286]","(63877.267, 73267.267]","(17796.63, 68804.286]",*
66412.826645403,"(63877.267, 68804.286]","(65985.991, 71341.455]","(61480.562, 68804.286]","(63877.267, 73267.267]","(17796.63, 68804.286]",*
66418.43057031604,"(63877.267, 68804.286]","(65985.991, 71341.455]","(61480.562, 68804.286]","(63877.267, 73267.267]","(17796.63, 68804.286]",*
66422.91905176673,"(63877.267, 68804.286]","(65985.991, 71341.455]","(61480.562, 68804.286]","(63877.267, 73267.267]","(17796.63, 68804.286]",*
66426.89344066067,"(63877.267, 68804.286]","(65985.991, 71341.455]","(61480.562, 68804.286]","(63877.267, 73267.267]","(17796.63, 68804.286]",*
66435.50400794836,"(63877.267, 68804.286]","(65985.991, 71341.455]","(61480.562, 68804.286]","(63877.267, 73267.267]","(17796.63, 68804.286]",*
66447.48322221053,"(63877.267, 68804.286]","(65985.991, 71341.455]","(61480.562, 68804.286]","(63877.267, 73267.267]","(17796.63, 68804.286]",*
66449.93044210004,"(63877.267, 68804.286]","(65985.991, 71341.455]","(61480.562, 68804.286]","(63877.267, 73267.267]","(17796.63, 68804.286]",*
66461.46668732808,"(63877.267, 68804.286]","(65985.991, 71341.455]","(61480.562, 68804.286]","(63877.267, 73267.267]","(17796.63, 68804.286]",*
66465.36590945706,"(63877.267, 68804.286]","(65985.991, 71341.455]","(61480.562, 68804.286]","(63877.267, 73267.267]","(17796.63, 68804.286]",*
66467.92305131779,"(63877.267, 68804.286]","(65985.991, 71341.455]","(61480.562, 68804.286]","(63877.267, 73267.267]","(17796.63, 68804.286]",*
66469.31797122938,"(63877.267, 68804.286]","(65985.991, 71341.455]","(61480.562, 68804.286]","(63877.267, 73267.267]","(17796.63, 68804.286]",*
66469.36947305646,"(63877.267, 68804.286]","(65985.991, 71341.455]","(61480.562, 68804.286]","(63877.267, 73267.267]","(17796.63, 68804.286]",*
66477.26279229036,"(63877.267, 68804.286]","(65985.991, 71341.455]","(61480.562, 68804.286]","(63877.267, 73267.267]","(17796.63, 68804.286]",*
66484.04819478332,"(63877.267, 68804.286]","(65985.991, 71341.455]","(61480.562, 68804.286]","(63877.267, 73267.267]","(17796.63, 68804.286]",*
66484.84424196162,"(63877.267, 68804.286]","(65985.991, 71341.455]","(61480.562, 68804.286]","(63877.267, 73267.267]","(17796.63, 68804.286]",*
66490.83326926139,"(63877.267, 68804.286]","(65985.991, 71341.455]","(61480.562, 68804.286]","(63877.267, 73267.267]","(17796.63, 68804.286]",*
66496.72623104608,"(63877.267, 68804.286]","(65985.991, 71341.455]","(61480.562, 68804.286]","(63877.267, 73267.267]","(17796.63, 68804.286]",*
66510.0093229711,"(63877.267, 68804.286]","(65985.991, 71341.455]","(61480.562, 68804.286]","(63877.267, 73267.267]","(17796.63, 68804.286]",*
66513.88444791967,"(63877.267, 68804.286]","(65985.991, 71341.455]","(61480.562, 68804.286]","(63877.267, 73267.267]","(17796.63, 68804.286]",*
66524.47101987162,"(63877.267, 68804.286]","(65985.991, 71341.455]","(61480.562, 68804.286]","(63877.267, 73267.267]","(17796.63, 68804.286]",*
66537.2527167054,"(63877.267, 68804.286]","(65985.991, 71341.455]","(61480.562, 68804.286]","(63877.267, 73267.267]","(17796.63, 68804.286]",*
66537.59486820878,"(63877.267, 68804.286]","(65985.991, 71341.455]","(61480.562, 68804.286]","(63877.267, 73267.267]","(17796.63, 68804.286]",*
66544.73679283465,"(63877.267, 68804.286]","(65985.991, 71341.455]","(61480.562, 68804.286]","(63877.267, 73267.267]","(17796.63, 68804.286]",*
66547.01645362453,"(63877.267, 68804.286]","(65985.991, 71341.455]","(61480.562, 68804.286]","(63877.267, 73267.267]","(17796.63, 68804.286]",*
66547.18175159235,"(63877.267, 68804.286]","(65985.991, 71341.455]","(61480.562, 68804.286]","(63877.267, 73267.267]","(17796.63, 68804.286]",*
66553.3991186278,"(63877.267, 68804.286]","(65985.991, 71341.455]","(61480.562, 68804.286]","(63877.267, 73267.267]","(17796.63, 68804.286]",*
66556.38764965779,"(63877.267, 68804.286]","(65985.991, 71341.455]","(61480.562, 68804.286]","(63877.267, 73267.267]","(17796.63, 68804.286]",*
66565.72872368696,"(63877.267, 68804.286]","(65985.991, 71341.455]","(61480.562, 68804.286]","(63877.267, 73267.267]","(17796.63, 68804.286]",*
66571.3861217974,"(63877.267, 68804.286]","(65985.991, 71341.455]","(61480.562, 68804.286]","(63877.267, 73267.267]","(17796.63, 68804.286]",*
66574.70999393109,"(63877.267, 68804.286]","(65985.991, 71341.455]","(61480.562, 68804.286]","(63877.267, 73267.267]","(17796.63, 68804.286]",*
66579.51999131746,"(63877.267, 68804.286]","(65985.991, 71341.455]","(61480.562, 68804.286]","(63877.267, 73267.267]","(17796.63, 68804.286]",*
66581.5748315319,"(63877.267, 68804.286]","(65985.991, 71341.455]","(61480.562, 68804.286]","(63877.267, 73267.267]","(17796.63, 68804.286]",*
66585.70577506116,"(63877.267, 68804.286]","(65985.991, 71341.455]","(61480.562, 68804.286]","(63877.267, 73267.267]","(17796.63, 68804.286]",*
66592.69314325735,"(63877.267, 68804.286]","(65985.991, 71341.455]","(61480.562, 68804.286]","(63877.267, 73267.267]","(17796.63, 68804.286]",*
66595.66323861692,"(63877.267, 68804.286]","(65985.991, 71341.455]","(61480.562, 68804.286]","(63877.267, 73267.267]","(17796.63, 68804.286]",*
66614.62913092693,"(63877.267, 68804.286]","(65985.991, 71341.455]","(61480.562, 68804.286]","(63877.267, 73267.267]","(17796.63, 68804.286]",*
66615.88991574867,"(63877.267, 68804.286]","(65985.991, 71341.455]","(61480.562, 68804.286]","(63877.267, 73267.267]","(17796.63, 68804.286]",*
66616.19450839261,"(63877.267, 68804.286]","(65985.991, 71341.455]","(61480.562, 68804.286]","(63877.267, 73267.267]","(17796.63, 68804.286]",*
66623.69236631319,"(63877.267, 68804.286]","(65985.991, 71341.455]","(61480.562, 68804.286]","(63877.267, 73267.267]","(17796.63, 68804.286]",*
66626.5396448812,"(63877.267, 68804.286]","(65985.991, 71341.455]","(61480.562, 68804.286]","(63877.267, 73267.267]","(17796.63, 68804.286]",*
66629.25455604188,"(63877.267, 68804.286]","(65985.991, 71341.455]","(61480.562, 68804.286]","(63877.267, 73267.267]","(17796.63, 68804.286]",*
66631.10885680755,"(63877.267, 68804.286]","(65985.991, 71341.455]","(61480.562, 68804.286]","(63877.267, 73267.267]","(17796.63, 68804.286]",*
66638.86604448562,"(63877.267, 68804.286]","(65985.991, 71341.455]","(61480.562, 68804.286]","(63877.267, 73267.267]","(17796.63, 68804.286]",*
66642.82031894012,"(63877.267, 68804.286]","(65985.991, 71341.455]","(61480.562, 68804.286]","(63877.267, 73267.267]","(17796.63, 68804.286]",*
66643.3146336998,"(63877.267, 68804.286]","(65985.991, 71341.455]","(61480.562, 68804.286]","(63877.267, 73267.267]","(17796.63, 68804.286]",*
66644.29034248486,"(63877.267, 68804.286]","(65985.991, 71341.455]","(61480.562, 68804.286]","(63877.267, 73267.267]","(17796.63, 68804.286]",*
66651.60029829697,"(63877.267, 68804.286]","(65985.991, 71341.455]","(61480.562, 68804.286]","(63877.267, 73267.267]","(17796.63, 68804.286]",*
66655.96644683307,"(63877.267, 68804.286]","(65985.991, 71341.455]","(61480.562, 68804.286]","(63877.267, 73267.267]","(17796.63, 68804.286]",*
66658.96790940814,"(63877.267, 68804.286]","(65985.991, 71341.455]","(61480.562, 68804.286]","(63877.267, 73267.267]","(17796.63, 68804.286]",*
66667.32548539343,"(63877.267, 68804.286]","(65985.991, 71341.455]","(61480.562, 68804.286]","(63877.267, 73267.267]","(17796.63, 68804.286]",*
66668.09352103536,"(63877.267, 68804.286]","(65985.991, 71341.455]","(61480.562, 68804.286]","(63877.267, 73267.267]","(17796.63, 68804.286]",*
66678.06216651265,"(63877.267, 68804.286]","(65985.991, 71341.455]","(61480.562, 68804.286]","(63877.267, 73267.267]","(17796.63, 68804.286]",*
66684.34727165822,"(63877.267, 68804.286]","(65985.991, 71341.455]","(61480.562, 68804.286]","(63877.267, 73267.267]","(17796.63, 68804.286]",*
66690.97246773285,"(63877.267, 68804.286]","(65985.991, 71341.455]","(61480.562, 68804.286]","(63877.267, 73267.267]","(17796.63, 68804.286]",*
66697.53134285237,"(63877.267, 68804.286]","(65985.991, 71341.455]","(61480.562, 68804.286]","(63877.267, 73267.267]","(17796.63, 68804.286]",*
66698.24733240019,"(63877.267, 68804.286]","(65985.991, 71341.455]","(61480.562, 68804.286]","(63877.267, 73267.267]","(17796.63, 68804.286]",*
66698.739727487,"(63877.267, 68804.286]","(65985.991, 71341.455]","(61480.562, 68804.286]","(63877.267, 73267.267]","(17796.63, 68804.286]",*
66701.76617365182,"(63877.267, 68804.286]","(65985.991, 71341.455]","(61480.562, 68804.286]","(63877.267, 73267.267]","(17796.63, 68804.286]",*
66703.77521695137,"(63877.267, 68804.286]","(65985.991, 71341.455]","(61480.562, 68804.286]","(63877.267, 73267.267]","(17796.63, 68804.286]",*
66706.07453415793,"(63877.267, 68804.286]","(65985.991, 71341.455]","(61480.562, 68804.286]","(63877.267, 73267.267]","(17796.63, 68804.286]",*
66710.0243044197,"(63877.267, 68804.286]","(65985.991, 71341.455]","(61480.562, 68804.286]","(63877.267, 73267.267]","(17796.63, 68804.286]",*
66714.67588032612,"(63877.267, 68804.286]","(65985.991, 71341.455]","(61480.562, 68804.286]","(63877.267, 73267.267]","(17796.63, 68804.286]",*
66718.40188706515,"(63877.267, 68804.286]","(65985.991, 71341.455]","(61480.562, 68804.286]","(63877.267, 73267.267]","(17796.63, 68804.286]",*
66733.63181139683,"(63877.267, 68804.286]","(65985.991, 71341.455]","(61480.562, 68804.286]","(63877.267, 73267.267]","(17796.63, 68804.286]",*
66736.98871470982,"(63877.267, 68804.286]","(65985.991, 71341.455]","(61480.562, 68804.286]","(63877.267, 73267.267]","(17796.63, 68804.286]",*
66749.5692031047,"(63877.267, 68804.286]","(65985.991, 71341.455]","(61480.562, 68804.286]","(63877.267, 73267.267]","(17796.63, 68804.286]",*
66760.70176044981,"(63877.267, 68804.286]","(65985.991, 71341.455]","(61480.562, 68804.286]","(63877.267, 73267.267]","(17796.63, 68804.286]",*
66764.39845179237,"(63877.267, 68804.286]","(65985.991, 71341.455]","(61480.562, 68804.286]","(63877.267, 73267.267]","(17796.63, 68804.286]",*
66765.44515549108,"(63877.267, 68804.286]","(65985.991, 71341.455]","(61480.562, 68804.286]","(63877.267, 73267.267]","(17796.63, 68804.286]",*
66767.89811345843,"(63877.267, 68804.286]","(65985.991, 71341.455]","(61480.562, 68804.286]","(63877.267, 73267.267]","(17796.63, 68804.286]",*
66770.22002635723,"(63877.267, 68804.286]","(65985.991, 71341.455]","(61480.562, 68804.286]","(63877.267, 73267.267]","(17796.63, 68804.286]",*
66774.18194550074,"(63877.267, 68804.286]","(65985.991, 71341.455]","(61480.562, 68804.286]","(63877.267, 73267.267]","(17796.63, 68804.286]",*
66774.99581728588,"(63877.267, 68804.286]","(65985.991, 71341.455]","(61480.562, 68804.286]","(63877.267, 73267.267]","(17796.63, 68804.286]",*
66778.10238475651,"(63877.267, 68804.286]","(65985.991, 71341.455]","(61480.562, 68804.286]","(63877.267, 73267.267]","(17796.63, 68804.286]",*
66785.24639089005,"(63877.267, 68804.286]","(65985.991, 71341.455]","(61480.562, 68804.286]","(63877.267, 73267.267]","(17796.63, 68804.286]",*
66786.96917827075,"(63877.267, 68804.286]","(65985.991, 71341.455]","(61480.562, 68804.286]","(63877.267, 73267.267]","(17796.63, 68804.286]",*
66789.16180590063,"(63877.267, 68804.286]","(65985.991, 71341.455]","(61480.562, 68804.286]","(63877.267, 73267.267]","(17796.63, 68804.286]",*
66790.96033161497,"(63877.267, 68804.286]","(65985.991, 71341.455]","(61480.562, 68804.286]","(63877.267, 73267.267]","(17796.63, 68804.286]",*
66803.01636475892,"(63877.267, 68804.286]","(65985.991, 71341.455]","(61480.562, 68804.286]","(63877.267, 73267.267]","(17796.63, 68804.286]",*
66811.70124578249,"(63877.267, 68804.286]","(65985.991, 71341.455]","(61480.562, 68804.286]","(63877.267, 73267.267]","(17796.63, 68804.286]",*
66821.63119820511,"(63877.267, 68804.286]","(65985.991, 71341.455]","(61480.562, 68804.286]","(63877.267, 73267.267]","(17796.63, 68804.286]",*
66823.43289984402,"(63877.267, 68804.286]","(65985.991, 71341.455]","(61480.562, 68804.286]","(63877.267, 73267.267]","(17796.63, 68804.286]",*
66829.18387935273,"(63877.267, 68804.286]","(65985.991, 71341.455]","(61480.562, 68804.286]","(63877.267, 73267.267]","(17796.63, 68804.286]",*
66832.28774950224,"(63877.267, 68804.286]","(65985.991, 71341.455]","(61480.562, 68804.286]","(63877.267, 73267.267]","(17796.63, 68804.286]",*
66832.30744829756,"(63877.267, 68804.286]","(65985.991, 71341.455]","(61480.562, 68804.286]","(63877.267, 73267.267]","(17796.63, 68804.286]",*
66835.22011827826,"(63877.267, 68804.286]","(65985.991, 71341.455]","(61480.562, 68804.286]","(63877.267, 73267.267]","(17796.63, 68804.286]",*
66840.69531523029,"(63877.267, 68804.286]","(65985.991, 71341.455]","(61480.562, 68804.286]","(63877.267, 73267.267]","(17796.63, 68804.286]",*
66854.3876243394,"(63877.267, 68804.286]","(65985.991, 71341.455]","(61480.562, 68804.286]","(63877.267, 73267.267]","(17796.63, 68804.286]",*
66860.59190903595,"(63877.267, 68804.286]","(65985.991, 71341.455]","(61480.562, 68804.286]","(63877.267, 73267.267]","(17796.63, 68804.286]",*
66862.87691915232,"(63877.267, 68804.286]","(65985.991, 71341.455]","(61480.562, 68804.286]","(63877.267, 73267.267]","(17796.63, 68804.286]",*
66866.4966013808,"(63877.267, 68804.286]","(65985.991, 71341.455]","(61480.562, 68804.286]","(63877.267, 73267.267]","(17796.63, 68804.286]",*
66875.72690226247,"(63877.267, 68804.286]","(65985.991, 71341.455]","(61480.562, 68804.286]","(63877.267, 73267.267]","(17796.63, 68804.286]",*
66878.86080331268,"(63877.267, 68804.286]","(65985.991, 71341.455]","(61480.562, 68804.286]","(63877.267, 73267.267]","(17796.63, 68804.286]",*
66887.15243037892,"(63877.267, 68804.286]","(65985.991, 71341.455]","(61480.562, 68804.286]","(63877.267, 73267.267]","(17796.63, 68804.286]",*
66889.0994058662,"(63877.267, 68804.286]","(65985.991, 71341.455]","(61480.562, 68804.286]","(63877.267, 73267.267]","(17796.63, 68804.286]",*
66894.11695045161,"(63877.267, 68804.286]","(65985.991, 71341.455]","(61480.562, 68804.286]","(63877.267, 73267.267]","(17796.63, 68804.286]",*
66909.67316695291,"(63877.267, 68804.286]","(65985.991, 71341.455]","(61480.562, 68804.286]","(63877.267, 73267.267]","(17796.63, 68804.286]",*
66915.88588132916,"(63877.267, 68804.286]","(65985.991, 71341.455]","(61480.562, 68804.286]","(63877.267, 73267.267]","(17796.63, 68804.286]",*
66919.64032259505,"(63877.267, 68804.286]","(65985.991, 71341.455]","(61480.562, 68804.286]","(63877.267, 73267.267]","(17796.63, 68804.286]",*
66919.91547589921,"(63877.267, 68804.286]","(65985.991, 71341.455]","(61480.562, 68804.286]","(63877.267, 73267.267]","(17796.63, 68804.286]",*
66925.19934882202,"(63877.267, 68804.286]","(65985.991, 71341.455]","(61480.562, 68804.286]","(63877.267, 73267.267]","(17796.63, 68804.286]",*
66933.16527328207,"(63877.267, 68804.286]","(65985.991, 71341.455]","(61480.562, 68804.286]","(63877.267, 73267.267]","(17796.63, 68804.286]",*
66935.47507577445,"(63877.267, 68804.286]","(65985.991, 71341.455]","(61480.562, 68804.286]","(63877.267, 73267.267]","(17796.63, 68804.286]",*
66943.79999336343,"(63877.267, 68804.286]","(65985.991, 71341.455]","(61480.562, 68804.286]","(63877.267, 73267.267]","(17796.63, 68804.286]",*
66949.00120493675,"(63877.267, 68804.286]","(65985.991, 71341.455]","(61480.562, 68804.286]","(63877.267, 73267.267]","(17796.63, 68804.286]",*
66959.3398311588,"(63877.267, 68804.286]","(65985.991, 71341.455]","(61480.562, 68804.286]","(63877.267, 73267.267]","(17796.63, 68804.286]",*
66961.66441542987,"(63877.267, 68804.286]","(65985.991, 71341.455]","(61480.562, 68804.286]","(63877.267, 73267.267]","(17796.63, 68804.286]",*
66964.38136158796,"(63877.267, 68804.286]","(65985.991, 71341.455]","(61480.562, 68804.286]","(63877.267, 73267.267]","(17796.63, 68804.286]",*
66965.04470181392,"(63877.267, 68804.286]","(65985.991, 71341.455]","(61480.562, 68804.286]","(63877.267, 73267.267]","(17796.63, 68804.286]",*
66967.39846486744,"(63877.267, 68804.286]","(65985.991, 71341.455]","(61480.562, 68804.286]","(63877.267, 73267.267]","(17796.63, 68804.286]",*
66987.51036721624,"(63877.267, 68804.286]","(65985.991, 71341.455]","(61480.562, 68804.286]","(63877.267, 73267.267]","(17796.63, 68804.286]",*
66989.50469069876,"(63877.267, 68804.286]","(65985.991, 71341.455]","(61480.562, 68804.286]","(63877.267, 73267.267]","(17796.63, 68804.286]",*
66989.73177792282,"(63877.267, 68804.286]","(65985.991, 71341.455]","(61480.562, 68804.286]","(63877.267, 73267.267]","(17796.63, 68804.286]",*
66997.40260577473,"(63877.267, 68804.286]","(65985.991, 71341.455]","(61480.562, 68804.286]","(63877.267, 73267.267]","(17796.63, 68804.286]",*
67003.62955780247,"(63877.267, 68804.286]","(65985.991, 71341.455]","(61480.562, 68804.286]","(63877.267, 73267.267]","(17796.63, 68804.286]",*
67006.3622043569,"(63877.267, 68804.286]","(65985.991, 71341.455]","(61480.562, 68804.286]","(63877.267, 73267.267]","(17796.63, 68804.286]",*
67009.81567374436,"(63877.267, 68804.286]","(65985.991, 71341.455]","(61480.562, 68804.286]","(63877.267, 73267.267]","(17796.63, 68804.286]",*
67019.07404739733,"(63877.267, 68804.286]","(65985.991, 71341.455]","(61480.562, 68804.286]","(63877.267, 73267.267]","(17796.63, 68804.286]",*
67022.7792237556,"(63877.267, 68804.286]","(65985.991, 71341.455]","(61480.562, 68804.286]","(63877.267, 73267.267]","(17796.63, 68804.286]",*
67026.44048519948,"(63877.267, 68804.286]","(65985.991, 71341.455]","(61480.562, 68804.286]","(63877.267, 73267.267]","(17796.63, 68804.286]",*
67037.26910439454,"(63877.267, 68804.286]","(65985.991, 71341.455]","(61480.562, 68804.286]","(63877.267, 73267.267]","(17796.63, 68804.286]",*
67041.96766072442,"(63877.267, 68804.286]","(65985.991, 71341.455]","(61480.562, 68804.286]","(63877.267, 73267.267]","(17796.63, 68804.286]",*
67043.19534582624,"(63877.267, 68804.286]","(65985.991, 71341.455]","(61480.562, 68804.286]","(63877.267, 73267.267]","(17796.63, 68804.286]",*
67043.21229251963,"(63877.267, 68804.286]","(65985.991, 71341.455]","(61480.562, 68804.286]","(63877.267, 73267.267]","(17796.63, 68804.286]",*
67047.18100399096,"(63877.267, 68804.286]","(65985.991, 71341.455]","(61480.562, 68804.286]","(63877.267, 73267.267]","(17796.63, 68804.286]",*
67051.2502651522,"(63877.267, 68804.286]","(65985.991, 71341.455]","(61480.562, 68804.286]","(63877.267, 73267.267]","(17796.63, 68804.286]",*
67055.44683876183,"(63877.267, 68804.286]","(65985.991, 71341.455]","(61480.562, 68804.286]","(63877.267, 73267.267]","(17796.63, 68804.286]",*
67056.84048037339,"(63877.267, 68804.286]","(65985.991, 71341.455]","(61480.562, 68804.286]","(63877.267, 73267.267]","(17796.63, 68804.286]",*
67059.9176861546,"(63877.267, 68804.286]","(65985.991, 71341.455]","(61480.562, 68804.286]","(63877.267, 73267.267]","(17796.63, 68804.286]",*
67059.96664351426,"(63877.267, 68804.286]","(65985.991, 71341.455]","(61480.562, 68804.286]","(63877.267, 73267.267]","(17796.63, 68804.286]",*
67071.83061713638,"(63877.267, 68804.286]","(65985.991, 71341.455]","(61480.562, 68804.286]","(63877.267, 73267.267]","(17796.63, 68804.286]",*
67076.05239168524,"(63877.267, 68804.286]","(65985.991, 71341.455]","(61480.562, 68804.286]","(63877.267, 73267.267]","(17796.63, 68804.286]",*
67076.2677887763,"(63877.267, 68804.286]","(65985.991, 71341.455]","(61480.562, 68804.286]","(63877.267, 73267.267]","(17796.63, 68804.286]",*
67079.97603720162,"(63877.267, 68804.286]","(65985.991, 71341.455]","(61480.562, 68804.286]","(63877.267, 73267.267]","(17796.63, 68804.286]",*
67082.0258650918,"(63877.267, 68804.286]","(65985.991, 71341.455]","(61480.562, 68804.286]","(63877.267, 73267.267]","(17796.63, 68804.286]",*
67094.11420284085,"(63877.267, 68804.286]","(65985.991, 71341.455]","(61480.562, 68804.286]","(63877.267, 73267.267]","(17796.63, 68804.286]",*
67094.19707241189,"(63877.267, 68804.286]","(65985.991, 71341.455]","(61480.562, 68804.286]","(63877.267, 73267.267]","(17796.63, 68804.286]",*
67097.09212004836,"(63877.267, 68804.286]","(65985.991, 71341.455]","(61480.562, 68804.286]","(63877.267, 73267.267]","(17796.63, 68804.286]",*
67100.06890737066,"(63877.267, 68804.286]","(65985.991, 71341.455]","(61480.562, 68804.286]","(63877.267, 73267.267]","(17796.63, 68804.286]",*
67110.33437690776,"(63877.267, 68804.286]","(65985.991, 71341.455]","(61480.562, 68804.286]","(63877.267, 73267.267]","(17796.63, 68804.286]",*
67123.33363278574,"(63877.267, 68804.286]","(65985.991, 71341.455]","(61480.562, 68804.286]","(63877.267, 73267.267]","(17796.63, 68804.286]",*
67123.99452276225,"(63877.267, 68804.286]","(65985.991, 71341.455]","(61480.562, 68804.286]","(63877.267, 73267.267]","(17796.63, 68804.286]",*
67125.14983278544,"(63877.267, 68804.286]","(65985.991, 71341.455]","(61480.562, 68804.286]","(63877.267, 73267.267]","(17796.63, 68804.286]",*
67128.93472031949,"(63877.267, 68804.286]","(65985.991, 71341.455]","(61480.562, 68804.286]","(63877.267, 73267.267]","(17796.63, 68804.286]",*
67136.07549868233,"(63877.267, 68804.286]","(65985.991, 71341.455]","(61480.562, 68804.286]","(63877.267, 73267.267]","(17796.63, 68804.286]",*
67143.75045404144,"(63877.267, 68804.286]","(65985.991, 71341.455]","(61480.562, 68804.286]","(63877.267, 73267.267]","(17796.63, 68804.286]",*
67150.06068981525,"(63877.267, 68804.286]","(65985.991, 71341.455]","(61480.562, 68804.286]","(63877.267, 73267.267]","(17796.63, 68804.286]",*
67160.85009495738,"(63877.267, 68804.286]","(65985.991, 71341.455]","(61480.562, 68804.286]","(63877.267, 73267.267]","(17796.63, 68804.286]",*
67168.16617450656,"(63877.267, 68804.286]","(65985.991, 71341.455]","(61480.562, 68804.286]","(63877.267, 73267.267]","(17796.63, 68804.286]",*
67176.77037569997,"(63877.267, 68804.286]","(65985.991, 71341.455]","(61480.562, 68804.286]","(63877.267, 73267.267]","(17796.63, 68804.286]",*
67186.262371887,"(63877.267, 68804.286]","(65985.991, 71341.455]","(61480.562, 68804.286]","(63877.267, 73267.267]","(17796.63, 68804.286]",*
67187.99149972407,"(63877.267, 68804.286]","(65985.991, 71341.455]","(61480.562, 68804.286]","(63877.267, 73267.267]","(17796.63, 68804.286]",*
67196.12541976728,"(63877.267, 68804.286]","(65985.991, 71341.455]","(61480.562, 68804.286]","(63877.267, 73267.267]","(17796.63, 68804.286]",*
67203.28573801894,"(63877.267, 68804.286]","(65985.991, 71341.455]","(61480.562, 68804.286]","(63877.267, 73267.267]","(17796.63, 68804.286]",*
67217.48614399192,"(63877.267, 68804.286]","(65985.991, 71341.455]","(61480.562, 68804.286]","(63877.267, 73267.267]","(17796.63, 68804.286]",*
67229.36692505403,"(63877.267, 68804.286]","(65985.991, 71341.455]","(61480.562, 68804.286]","(63877.267, 73267.267]","(17796.63, 68804.286]",*
67258.58755677874,"(63877.267, 68804.286]","(65985.991, 71341.455]","(61480.562, 68804.286]","(63877.267, 73267.267]","(17796.63, 68804.286]",*
67269.99554344284,"(63877.267, 68804.286]","(65985.991, 71341.455]","(61480.562, 68804.286]","(63877.267, 73267.267]","(17796.63, 68804.286]",*
67270.83974458536,"(63877.267, 68804.286]","(65985.991, 71341.455]","(61480.562, 68804.286]","(63877.267, 73267.267]","(17796.63, 68804.286]",*
67282.57297263246,"(63877.267, 68804.286]","(65985.991, 71341.455]","(61480.562, 68804.286]","(63877.267, 73267.267]","(17796.63, 68804.286]",*
67284.4748478908,"(63877.267, 68804.286]","(65985.991, 71341.455]","(61480.562, 68804.286]","(63877.267, 73267.267]","(17796.63, 68804.286]",*
67285.32054188482,"(63877.267, 68804.286]","(65985.991, 71341.455]","(61480.562, 68804.286]","(63877.267, 73267.267]","(17796.63, 68804.286]",*
67292.60386556323,"(63877.267, 68804.286]","(65985.991, 71341.455]","(61480.562, 68804.286]","(63877.267, 73267.267]","(17796.63, 68804.286]",*
67295.01745480392,"(63877.267, 68804.286]","(65985.991, 71341.455]","(61480.562, 68804.286]","(63877.267, 73267.267]","(17796.63, 68804.286]",*
67305.62474521491,"(63877.267, 68804.286]","(65985.991, 71341.455]","(61480.562, 68804.286]","(63877.267, 73267.267]","(17796.63, 68804.286]",*
67310.03695278612,"(63877.267, 68804.286]","(65985.991, 71341.455]","(61480.562, 68804.286]","(63877.267, 73267.267]","(17796.63, 68804.286]",*
67314.74487545372,"(63877.267, 68804.286]","(65985.991, 71341.455]","(61480.562, 68804.286]","(63877.267, 73267.267]","(17796.63, 68804.286]",*
67315.59537240112,"(63877.267, 68804.286]","(65985.991, 71341.455]","(61480.562, 68804.286]","(63877.267, 73267.267]","(17796.63, 68804.286]",*
67331.10427897269,"(63877.267, 68804.286]","(65985.991, 71341.455]","(61480.562, 68804.286]","(63877.267, 73267.267]","(17796.63, 68804.286]",*
67335.75772999803,"(63877.267, 68804.286]","(65985.991, 71341.455]","(61480.562, 68804.286]","(63877.267, 73267.267]","(17796.63, 68804.286]",*
67348.10334296015,"(63877.267, 68804.286]","(65985.991, 71341.455]","(61480.562, 68804.286]","(63877.267, 73267.267]","(17796.63, 68804.286]",*
67350.16774285879,"(63877.267, 68804.286]","(65985.991, 71341.455]","(61480.562, 68804.286]","(63877.267, 73267.267]","(17796.63, 68804.286]",*
67351.23818568363,"(63877.267, 68804.286]","(65985.991, 71341.455]","(61480.562, 68804.286]","(63877.267, 73267.267]","(17796.63, 68804.286]",*
67362.46375491613,"(63877.267, 68804.286]","(65985.991, 71341.455]","(61480.562, 68804.286]","(63877.267, 73267.267]","(17796.63, 68804.286]",*
67367.20560252767,"(63877.267, 68804.286]","(65985.991, 71341.455]","(61480.562, 68804.286]","(63877.267, 73267.267]","(17796.63, 68804.286]",*
67367.26808279865,"(63877.267, 68804.286]","(65985.991, 71341.455]","(61480.562, 68804.286]","(63877.267, 73267.267]","(17796.63, 68804.286]",*
67371.42085657586,"(63877.267, 68804.286]","(65985.991, 71341.455]","(61480.562, 68804.286]","(63877.267, 73267.267]","(17796.63, 68804.286]",*
67384.00037347179,"(63877.267, 68804.286]","(65985.991, 71341.455]","(61480.562, 68804.286]","(63877.267, 73267.267]","(17796.63, 68804.286]",*
67389.9048162452,"(63877.267, 68804.286]","(65985.991, 71341.455]","(61480.562, 68804.286]","(63877.267, 73267.267]","(17796.63, 68804.286]",*
67395.32974648777,"(63877.267, 68804.286]","(65985.991, 71341.455]","(61480.562, 68804.286]","(63877.267, 73267.267]","(17796.63, 68804.286]",*
67396.96810540772,"(63877.267, 68804.286]","(65985.991, 71341.455]","(61480.562, 68804.286]","(63877.267, 73267.267]","(17796.63, 68804.286]",*
67417.11234837449,"(63877.267, 68804.286]","(65985.991, 71341.455]","(61480.562, 68804.286]","(63877.267, 73267.267]","(17796.63, 68804.286]",*
67421.66704546691,"(63877.267, 68804.286]","(65985.991, 71341.455]","(61480.562, 68804.286]","(63877.267, 73267.267]","(17796.63, 68804.286]",*
67424.18822104644,"(63877.267, 68804.286]","(65985.991, 71341.455]","(61480.562, 68804.286]","(63877.267, 73267.267]","(17796.63, 68804.286]",*
67424.49083439031,"(63877.267, 68804.286]","(65985.991, 71341.455]","(61480.562, 68804.286]","(63877.267, 73267.267]","(17796.63, 68804.286]",*
67428.64355979198,"(63877.267, 68804.286]","(65985.991, 71341.455]","(61480.562, 68804.286]","(63877.267, 73267.267]","(17796.63, 68804.286]",*
67433.3999444007,"(63877.267, 68804.286]","(65985.991, 71341.455]","(61480.562, 68804.286]","(63877.267, 73267.267]","(17796.63, 68804.286]",*
67437.25036335622,"(63877.267, 68804.286]","(65985.991, 71341.455]","(61480.562, 68804.286]","(63877.267, 73267.267]","(17796.63, 68804.286]",*
67445.13841020402,"(63877.267, 68804.286]","(65985.991, 71341.455]","(61480.562, 68804.286]","(63877.267, 73267.267]","(17796.63, 68804.286]",*
67449.32909386177,"(63877.267, 68804.286]","(65985.991, 71341.455]","(61480.562, 68804.286]","(63877.267, 73267.267]","(17796.63, 68804.286]",*
67453.08130871902,"(63877.267, 68804.286]","(65985.991, 71341.455]","(61480.562, 68804.286]","(63877.267, 73267.267]","(17796.63, 68804.286]",*
67454.21309655275,"(63877.267, 68804.286]","(65985.991, 71341.455]","(61480.562, 68804.286]","(63877.267, 73267.267]","(17796.63, 68804.286]",*
67461.44622709202,"(63877.267, 68804.286]","(65985.991, 71341.455]","(61480.562, 68804.286]","(63877.267, 73267.267]","(17796.63, 68804.286]",*
67465.99561545312,"(63877.267, 68804.286]","(65985.991, 71341.455]","(61480.562, 68804.286]","(63877.267, 73267.267]","(17796.63, 68804.286]",*
67466.29858151799,"(63877.267, 68804.286]","(65985.991, 71341.455]","(61480.562, 68804.286]","(63877.267, 73267.267]","(17796.63, 68804.286]",*
67468.61518092551,"(63877.267, 68804.286]","(65985.991, 71341.455]","(61480.562, 68804.286]","(63877.267, 73267.267]","(17796.63, 68804.286]",*
67470.51038133014,"(63877.267, 68804.286]","(65985.991, 71341.455]","(61480.562, 68804.286]","(63877.267, 73267.267]","(17796.63, 68804.286]",*
67474.2798036669,"(63877.267, 68804.286]","(65985.991, 71341.455]","(61480.562, 68804.286]","(63877.267, 73267.267]","(17796.63, 68804.286]",*
67477.78818404296,"(63877.267, 68804.286]","(65985.991, 71341.455]","(61480.562, 68804.286]","(63877.267, 73267.267]","(17796.63, 68804.286]",*
67481.41473755352,"(63877.267, 68804.286]","(65985.991, 71341.455]","(61480.562, 68804.286]","(63877.267, 73267.267]","(17796.63, 68804.286]",*
67501.01708649995,"(63877.267, 68804.286]","(65985.991, 71341.455]","(61480.562, 68804.286]","(63877.267, 73267.267]","(17796.63, 68804.286]",*
67504.1784594896,"(63877.267, 68804.286]","(65985.991, 71341.455]","(61480.562, 68804.286]","(63877.267, 73267.267]","(17796.63, 68804.286]",*
67511.12733496088,"(63877.267, 68804.286]","(65985.991, 71341.455]","(61480.562, 68804.286]","(63877.267, 73267.267]","(17796.63, 68804.286]",*
67535.20757043753,"(63877.267, 68804.286]","(65985.991, 71341.455]","(61480.562, 68804.286]","(63877.267, 73267.267]","(17796.63, 68804.286]",*
67547.87106640745,"(63877.267, 68804.286]","(65985.991, 71341.455]","(61480.562, 68804.286]","(63877.267, 73267.267]","(17796.63, 68804.286]",*
67548.16810215081,"(63877.267, 68804.286]","(65985.991, 71341.455]","(61480.562, 68804.286]","(63877.267, 73267.267]","(17796.63, 68804.286]",*
67557.22184973635,"(63877.267, 68804.286]","(65985.991, 71341.455]","(61480.562, 68804.286]","(63877.267, 73267.267]","(17796.63, 68804.286]",*
67559.66671510454,"(63877.267, 68804.286]","(65985.991, 71341.455]","(61480.562, 68804.286]","(63877.267, 73267.267]","(17796.63, 68804.286]",*
67561.94206013891,"(63877.267, 68804.286]","(65985.991, 71341.455]","(61480.562, 68804.286]","(63877.267, 73267.267]","(17796.63, 68804.286]",*
67564.16592253369,"(63877.267, 68804.286]","(65985.991, 71341.455]","(61480.562, 68804.286]","(63877.267, 73267.267]","(17796.63, 68804.286]",*
67568.93163055391,"(63877.267, 68804.286]","(65985.991, 71341.455]","(61480.562, 68804.286]","(63877.267, 73267.267]","(17796.63, 68804.286]",*
67569.87705498308,"(63877.267, 68804.286]","(65985.991, 71341.455]","(61480.562, 68804.286]","(63877.267, 73267.267]","(17796.63, 68804.286]",*
67579.23479443134,"(63877.267, 68804.286]","(65985.991, 71341.455]","(61480.562, 68804.286]","(63877.267, 73267.267]","(17796.63, 68804.286]",*
67582.84413690664,"(63877.267, 68804.286]","(65985.991, 71341.455]","(61480.562, 68804.286]","(63877.267, 73267.267]","(17796.63, 68804.286]",*
67589.0488415116,"(63877.267, 68804.286]","(65985.991, 71341.455]","(61480.562, 68804.286]","(63877.267, 73267.267]","(17796.63, 68804.286]",*
67612.49203432509,"(63877.267, 68804.286]","(65985.991, 71341.455]","(61480.562, 68804.286]","(63877.267, 73267.267]","(17796.63, 68804.286]",*
67622.21961064836,"(63877.267, 68804.286]","(65985.991, 71341.455]","(61480.562, 68804.286]","(63877.267, 73267.267]","(17796.63, 68804.286]",*
67631.23514352605,"(63877.267, 68804.286]","(65985.991, 71341.455]","(61480.562, 68804.286]","(63877.267, 73267.267]","(17796.63, 68804.286]",*
67637.84066549227,"(63877.267, 68804.286]","(65985.991, 71341.455]","(61480.562, 68804.286]","(63877.267, 73267.267]","(17796.63, 68804.286]",*
67645.16718847759,"(63877.267, 68804.286]","(65985.991, 71341.455]","(61480.562, 68804.286]","(63877.267, 73267.267]","(17796.63, 68804.286]",*
67650.25779135869,"(63877.267, 68804.286]","(65985.991, 71341.455]","(61480.562, 68804.286]","(63877.267, 73267.267]","(17796.63, 68804.286]",*
67651.5332178697,"(63877.267, 68804.286]","(65985.991, 71341.455]","(61480.562, 68804.286]","(63877.267, 73267.267]","(17796.63, 68804.286]",*
67652.62265311979,"(63877.267, 68804.286]","(65985.991, 71341.455]","(61480.562, 68804.286]","(63877.267, 73267.267]","(17796.63, 68804.286]",*
67663.97161085249,"(63877.267, 68804.286]","(65985.991, 71341.455]","(61480.562, 68804.286]","(63877.267, 73267.267]","(17796.63, 68804.286]",*
67665.93962726869,"(63877.267, 68804.286]","(65985.991, 71341.455]","(61480.562, 68804.286]","(63877.267, 73267.267]","(17796.63, 68804.286]",*
67669.4697935595,"(63877.267, 68804.286]","(65985.991, 71341.455]","(61480.562, 68804.286]","(63877.267, 73267.267]","(17796.63, 68804.286]",*
67672.94127360423,"(63877.267, 68804.286]","(65985.991, 71341.455]","(61480.562, 68804.286]","(63877.267, 73267.267]","(17796.63, 68804.286]",*
67682.72889481779,"(63877.267, 68804.286]","(65985.991, 71341.455]","(61480.562, 68804.286]","(63877.267, 73267.267]","(17796.63, 68804.286]",*
67683.20307373602,"(63877.267, 68804.286]","(65985.991, 71341.455]","(61480.562, 68804.286]","(63877.267, 73267.267]","(17796.63, 68804.286]",*
67684.42502810081,"(63877.267, 68804.286]","(65985.991, 71341.455]","(61480.562, 68804.286]","(63877.267, 73267.267]","(17796.63, 68804.286]",*
67706.81948841647,"(63877.267, 68804.286]","(65985.991, 71341.455]","(61480.562, 68804.286]","(63877.267, 73267.267]","(17796.63, 68804.286]",*
67710.11297939776,"(63877.267, 68804.286]","(65985.991, 71341.455]","(61480.562, 68804.286]","(63877.267, 73267.267]","(17796.63, 68804.286]",*
67712.81276914553,"(63877.267, 68804.286]","(65985.991, 71341.455]","(61480.562, 68804.286]","(63877.267, 73267.267]","(17796.63, 68804.286]",*
67715.2170072369,"(63877.267, 68804.286]","(65985.991, 71341.455]","(61480.562, 68804.286]","(63877.267, 73267.267]","(17796.63, 68804.286]",*
67716.74822238079,"(63877.267, 68804.286]","(65985.991, 71341.455]","(61480.562, 68804.286]","(63877.267, 73267.267]","(17796.63, 68804.286]",*
67722.84636316048,"(63877.267, 68804.286]","(65985.991, 71341.455]","(61480.562, 68804.286]","(63877.267, 73267.267]","(17796.63, 68804.286]",*
67724.04774613322,"(63877.267, 68804.286]","(65985.991, 71341.455]","(61480.562, 68804.286]","(63877.267, 73267.267]","(17796.63, 68804.286]",*
67726.1929175895,"(63877.267, 68804.286]","(65985.991, 71341.455]","(61480.562, 68804.286]","(63877.267, 73267.267]","(17796.63, 68804.286]",*
67732.53824571299,"(63877.267, 68804.286]","(65985.991, 71341.455]","(61480.562, 68804.286]","(63877.267, 73267.267]","(17796.63, 68804.286]",*
67742.54925675812,"(63877.267, 68804.286]","(65985.991, 71341.455]","(61480.562, 68804.286]","(63877.267, 73267.267]","(17796.63, 68804.286]",*
67754.68697037107,"(63877.267, 68804.286]","(65985.991, 71341.455]","(61480.562, 68804.286]","(63877.267, 73267.267]","(17796.63, 68804.286]",*
67769.82559099872,"(63877.267, 68804.286]","(65985.991, 71341.455]","(61480.562, 68804.286]","(63877.267, 73267.267]","(17796.63, 68804.286]",*
67770.04145051012,"(63877.267, 68804.286]","(65985.991, 71341.455]","(61480.562, 68804.286]","(63877.267, 73267.267]","(17796.63, 68804.286]",*
67775.54642323844,"(63877.267, 68804.286]","(65985.991, 71341.455]","(61480.562, 68804.286]","(63877.267, 73267.267]","(17796.63, 68804.286]",*
67781.08774872201,"(63877.267, 68804.286]","(65985.991, 71341.455]","(61480.562, 68804.286]","(63877.267, 73267.267]","(17796.63, 68804.286]",*
67782.87109404437,"(63877.267, 68804.286]","(65985.991, 71341.455]","(61480.562, 68804.286]","(63877.267, 73267.267]","(17796.63, 68804.286]",*
67785.932984638,"(63877.267, 68804.286]","(65985.991, 71341.455]","(61480.562, 68804.286]","(63877.267, 73267.267]","(17796.63, 68804.286]",*
67794.2947713944,"(63877.267, 68804.286]","(65985.991, 71341.455]","(61480.562, 68804.286]","(63877.267, 73267.267]","(17796.63, 68804.286]",*
67802.30909037718,"(63877.267, 68804.286]","(65985.991, 71341.455]","(61480.562, 68804.286]","(63877.267, 73267.267]","(17796.63, 68804.286]",*
67813.67657888071,"(63877.267, 68804.286]","(65985.991, 71341.455]","(61480.562, 68804.286]","(63877.267, 73267.267]","(17796.63, 68804.286]",*
67814.41733795527,"(63877.267, 68804.286]","(65985.991, 71341.455]","(61480.562, 68804.286]","(63877.267, 73267.267]","(17796.63, 68804.286]",*
67814.85878309303,"(63877.267, 68804.286]","(65985.991, 71341.455]","(61480.562, 68804.286]","(63877.267, 73267.267]","(17796.63, 68804.286]",*
67819.25457569832,"(63877.267, 68804.286]","(65985.991, 71341.455]","(61480.562, 68804.286]","(63877.267, 73267.267]","(17796.63, 68804.286]",*
67821.02654358692,"(63877.267, 68804.286]","(65985.991, 71341.455]","(61480.562, 68804.286]","(63877.267, 73267.267]","(17796.63, 68804.286]",*
67828.47985511489,"(63877.267, 68804.286]","(65985.991, 71341.455]","(61480.562, 68804.286]","(63877.267, 73267.267]","(17796.63, 68804.286]",*
67828.91265907566,"(63877.267, 68804.286]","(65985.991, 71341.455]","(61480.562, 68804.286]","(63877.267, 73267.267]","(17796.63, 68804.286]",*
67830.62875165664,"(63877.267, 68804.286]","(65985.991, 71341.455]","(61480.562, 68804.286]","(63877.267, 73267.267]","(17796.63, 68804.286]",*
67839.3814705371,"(63877.267, 68804.286]","(65985.991, 71341.455]","(61480.562, 68804.286]","(63877.267, 73267.267]","(17796.63, 68804.286]",*
67839.53007222195,"(63877.267, 68804.286]","(65985.991, 71341.455]","(61480.562, 68804.286]","(63877.267, 73267.267]","(17796.63, 68804.286]",*
67846.04865589231,"(63877.267, 68804.286]","(65985.991, 71341.455]","(61480.562, 68804.286]","(63877.267, 73267.267]","(17796.63, 68804.286]",*
67855.24518382837,"(63877.267, 68804.286]","(65985.991, 71341.455]","(61480.562, 68804.286]","(63877.267, 73267.267]","(17796.63, 68804.286]",*
67858.50166148807,"(63877.267, 68804.286]","(65985.991, 71341.455]","(61480.562, 68804.286]","(63877.267, 73267.267]","(17796.63, 68804.286]",*
67866.89992852937,"(63877.267, 68804.286]","(65985.991, 71341.455]","(61480.562, 68804.286]","(63877.267, 73267.267]","(17796.63, 68804.286]",*
67868.79881345258,"(63877.267, 68804.286]","(65985.991, 71341.455]","(61480.562, 68804.286]","(63877.267, 73267.267]","(17796.63, 68804.286]",*
67877.0233374628,"(63877.267, 68804.286]","(65985.991, 71341.455]","(61480.562, 68804.286]","(63877.267, 73267.267]","(17796.63, 68804.286]",*
67877.02913420956,"(63877.267, 68804.286]","(65985.991, 71341.455]","(61480.562, 68804.286]","(63877.267, 73267.267]","(17796.63, 68804.286]",*
67883.12866759209,"(63877.267, 68804.286]","(65985.991, 71341.455]","(61480.562, 68804.286]","(63877.267, 73267.267]","(17796.63, 68804.286]",*
67907.05876543059,"(63877.267, 68804.286]","(65985.991, 71341.455]","(61480.562, 68804.286]","(63877.267, 73267.267]","(17796.63, 68804.286]",*
67907.47348333886,"(63877.267, 68804.286]","(65985.991, 71341.455]","(61480.562, 68804.286]","(63877.267, 73267.267]","(17796.63, 68804.286]",*
67908.17053428605,"(63877.267, 68804.286]","(65985.991, 71341.455]","(61480.562, 68804.286]","(63877.267, 73267.267]","(17796.63, 68804.286]",*
67909.3834884142,"(63877.267, 68804.286]","(65985.991, 71341.455]","(61480.562, 68804.286]","(63877.267, 73267.267]","(17796.63, 68804.286]",*
67910.94912846226,"(63877.267, 68804.286]","(65985.991, 71341.455]","(61480.562, 68804.286]","(63877.267, 73267.267]","(17796.63, 68804.286]",*
67920.17994833487,"(63877.267, 68804.286]","(65985.991, 71341.455]","(61480.562, 68804.286]","(63877.267, 73267.267]","(17796.63, 68804.286]",*
67922.60482540929,"(63877.267, 68804.286]","(65985.991, 71341.455]","(61480.562, 68804.286]","(63877.267, 73267.267]","(17796.63, 68804.286]",*
67932.0103162986,"(63877.267, 68804.286]","(65985.991, 71341.455]","(61480.562, 68804.286]","(63877.267, 73267.267]","(17796.63, 68804.286]",*
67933.03111605797,"(63877.267, 68804.286]","(65985.991, 71341.455]","(61480.562, 68804.286]","(63877.267, 73267.267]","(17796.63, 68804.286]",*
67946.71467561321,"(63877.267, 68804.286]","(65985.991, 71341.455]","(61480.562, 68804.286]","(63877.267, 73267.267]","(17796.63, 68804.286]",*
67947.3974493343,"(63877.267, 68804.286]","(65985.991, 71341.455]","(61480.562, 68804.286]","(63877.267, 73267.267]","(17796.63, 68804.286]",*
67951.74853432902,"(63877.267, 68804.286]","(65985.991, 71341.455]","(61480.562, 68804.286]","(63877.267, 73267.267]","(17796.63, 68804.286]",*
67952.40463758109,"(63877.267, 68804.286]","(65985.991, 71341.455]","(61480.562, 68804.286]","(63877.267, 73267.267]","(17796.63, 68804.286]",*
67964.83177672146,"(63877.267, 68804.286]","(65985.991, 71341.455]","(61480.562, 68804.286]","(63877.267, 73267.267]","(17796.63, 68804.286]",*
67972.63008453081,"(63877.267, 68804.286]","(65985.991, 71341.455]","(61480.562, 68804.286]","(63877.267, 73267.267]","(17796.63, 68804.286]",*
67977.38496135897,"(63877.267, 68804.286]","(65985.991, 71341.455]","(61480.562, 68804.286]","(63877.267, 73267.267]","(17796.63, 68804.286]",*
67980.38878192916,"(63877.267, 68804.286]","(65985.991, 71341.455]","(61480.562, 68804.286]","(63877.267, 73267.267]","(17796.63, 68804.286]",*
68001.19526197802,"(63877.267, 68804.286]","(65985.991, 71341.455]","(61480.562, 68804.286]","(63877.267, 73267.267]","(17796.63, 68804.286]",*
68001.33123508695,"(63877.267, 68804.286]","(65985.991, 71341.455]","(61480.562, 68804.286]","(63877.267, 73267.267]","(17796.63, 68804.286]",*
68006.70919370647,"(63877.267, 68804.286]","(65985.991, 71341.455]","(61480.562, 68804.286]","(63877.267, 73267.267]","(17796.63, 68804.286]",*
68008.61543357848,"(63877.267, 68804.286]","(65985.991, 71341.455]","(61480.562, 68804.286]","(63877.267, 73267.267]","(17796.63, 68804.286]",*
68025.57066263781,"(63877.267, 68804.286]","(65985.991, 71341.455]","(61480.562, 68804.286]","(63877.267, 73267.267]","(17796.63, 68804.286]",*
68035.5621222826,"(63877.267, 68804.286]","(65985.991, 71341.455]","(61480.562, 68804.286]","(63877.267, 73267.267]","(17796.63, 68804.286]",*
68056.30226119014,"(63877.267, 68804.286]","(65985.991, 71341.455]","(61480.562, 68804.286]","(63877.267, 73267.267]","(17796.63, 68804.286]",*
68057.06580158105,"(63877.267, 68804.286]","(65985.991, 71341.455]","(61480.562, 68804.286]","(63877.267, 73267.267]","(17796.63, 68804.286]",*
68060.44391098665,"(63877.267, 68804.286]","(65985.991, 71341.455]","(61480.562, 68804.286]","(63877.267, 73267.267]","(17796.63, 68804.286]",*
68061.81429892038,"(63877.267, 68804.286]","(65985.991, 71341.455]","(61480.562, 68804.286]","(63877.267, 73267.267]","(17796.63, 68804.286]",*
68071.43316917532,"(63877.267, 68804.286]","(65985.991, 71341.455]","(61480.562, 68804.286]","(63877.267, 73267.267]","(17796.63, 68804.286]",*
68074.42796667322,"(63877.267, 68804.286]","(65985.991, 71341.455]","(61480.562, 68804.286]","(63877.267, 73267.267]","(17796.63, 68804.286]",*
68089.56110508156,"(63877.267, 68804.286]","(65985.991, 71341.455]","(61480.562, 68804.286]","(63877.267, 73267.267]","(17796.63, 68804.286]",*
68091.1796758218,"(63877.267, 68804.286]","(65985.991, 71341.455]","(61480.562, 68804.286]","(63877.267, 73267.267]","(17796.63, 68804.286]",*
68099.65343815798,"(63877.267, 68804.286]","(65985.991, 71341.455]","(61480.562, 68804.286]","(63877.267, 73267.267]","(17796.63, 68804.286]",*
68101.1242924101,"(63877.267, 68804.286]","(65985.991, 71341.455]","(61480.562, 68804.286]","(63877.267, 73267.267]","(17796.63, 68804.286]",*
68104.65855749702,"(63877.267, 68804.286]","(65985.991, 71341.455]","(61480.562, 68804.286]","(63877.267, 73267.267]","(17796.63, 68804.286]",*
68113.31124017591,"(63877.267, 68804.286]","(65985.991, 71341.455]","(61480.562, 68804.286]","(63877.267, 73267.267]","(17796.63, 68804.286]",*
68114.18083239057,"(63877.267, 68804.286]","(65985.991, 71341.455]","(61480.562, 68804.286]","(63877.267, 73267.267]","(17796.63, 68804.286]",*
68144.43600405929,"(63877.267, 68804.286]","(65985.991, 71341.455]","(61480.562, 68804.286]","(63877.267, 73267.267]","(17796.63, 68804.286]",*
68145.92038573086,"(63877.267, 68804.286]","(65985.991, 71341.455]","(61480.562, 68804.286]","(63877.267, 73267.267]","(17796.63, 68804.286]",*
68162.68392566858,"(63877.267, 68804.286]","(65985.991, 71341.455]","(61480.562, 68804.286]","(63877.267, 73267.267]","(17796.63, 68804.286]",*
68163.11524025706,"(63877.267, 68804.286]","(65985.991, 71341.455]","(61480.562, 68804.286]","(63877.267, 73267.267]","(17796.63, 68804.286]",*
68167.07984417693,"(63877.267, 68804.286]","(65985.991, 71341.455]","(61480.562, 68804.286]","(63877.267, 73267.267]","(17796.63, 68804.286]",*
68173.77438815025,"(63877.267, 68804.286]","(65985.991, 71341.455]","(61480.562, 68804.286]","(63877.267, 73267.267]","(17796.63, 68804.286]",*
68176.06978076082,"(63877.267, 68804.286]","(65985.991, 71341.455]","(61480.562, 68804.286]","(63877.267, 73267.267]","(17796.63, 68804.286]",*
68177.40477257094,"(63877.267, 68804.286]","(65985.991, 71341.455]","(61480.562, 68804.286]","(63877.267, 73267.267]","(17796.63, 68804.286]",*
68182.46514326282,"(63877.267, 68804.286]","(65985.991, 71341.455]","(61480.562, 68804.286]","(63877.267, 73267.267]","(17796.63, 68804.286]",*
68186.03169056593,"(63877.267, 68804.286]","(65985.991, 71341.455]","(61480.562, 68804.286]","(63877.267, 73267.267]","(17796.63, 68804.286]",*
68192.53017411986,"(63877.267, 68804.286]","(65985.991, 71341.455]","(61480.562, 68804.286]","(63877.267, 73267.267]","(17796.63, 68804.286]",*
68195.03374937145,"(63877.267, 68804.286]","(65985.991, 71341.455]","(61480.562, 68804.286]","(63877.267, 73267.267]","(17796.63, 68804.286]",*
68201.41248629357,"(63877.267, 68804.286]","(65985.991, 71341.455]","(61480.562, 68804.286]","(63877.267, 73267.267]","(17796.63, 68804.286]",*
68210.63013143494,"(63877.267, 68804.286]","(65985.991, 71341.455]","(61480.562, 68804.286]","(63877.267, 73267.267]","(17796.63, 68804.286]",*
68211.28951492181,"(63877.267, 68804.286]","(65985.991, 71341.455]","(61480.562, 68804.286]","(63877.267, 73267.267]","(17796.63, 68804.286]",*
68214.14095022637,"(63877.267, 68804.286]","(65985.991, 71341.455]","(61480.562, 68804.286]","(63877.267, 73267.267]","(17796.63, 68804.286]",*
68217.68308795562,"(63877.267, 68804.286]","(65985.991, 71341.455]","(61480.562, 68804.286]","(63877.267, 73267.267]","(17796.63, 68804.286]",*
68219.51471767848,"(63877.267, 68804.286]","(65985.991, 71341.455]","(61480.562, 68804.286]","(63877.267, 73267.267]","(17796.63, 68804.286]",*
68222.74258291932,"(63877.267, 68804.286]","(65985.991, 71341.455]","(61480.562, 68804.286]","(63877.267, 73267.267]","(17796.63, 68804.286]",*
68227.88156939973,"(63877.267, 68804.286]","(65985.991, 71341.455]","(61480.562, 68804.286]","(63877.267, 73267.267]","(17796.63, 68804.286]",*
68246.92782680782,"(63877.267, 68804.286]","(65985.991, 71341.455]","(61480.562, 68804.286]","(63877.267, 73267.267]","(17796.63, 68804.286]",*
68251.83532679388,"(63877.267, 68804.286]","(65985.991, 71341.455]","(61480.562, 68804.286]","(63877.267, 73267.267]","(17796.63, 68804.286]",*
68254.59596646045,"(63877.267, 68804.286]","(65985.991, 71341.455]","(61480.562, 68804.286]","(63877.267, 73267.267]","(17796.63, 68804.286]",*
68258.10604983888,"(63877.267, 68804.286]","(65985.991, 71341.455]","(61480.562, 68804.286]","(63877.267, 73267.267]","(17796.63, 68804.286]",*
68259.16033950089,"(63877.267, 68804.286]","(65985.991, 71341.455]","(61480.562, 68804.286]","(63877.267, 73267.267]","(17796.63, 68804.286]",*
68267.50282018096,"(63877.267, 68804.286]","(65985.991, 71341.455]","(61480.562, 68804.286]","(63877.267, 73267.267]","(17796.63, 68804.286]",*
68270.75669370065,"(63877.267, 68804.286]","(65985.991, 71341.455]","(61480.562, 68804.286]","(63877.267, 73267.267]","(17796.63, 68804.286]",*
68272.31964943168,"(63877.267, 68804.286]","(65985.991, 71341.455]","(61480.562, 68804.286]","(63877.267, 73267.267]","(17796.63, 68804.286]",*
68275.58119560039,"(63877.267, 68804.286]","(65985.991, 71341.455]","(61480.562, 68804.286]","(63877.267, 73267.267]","(17796.63, 68804.286]",*
68277.6727800225,"(63877.267, 68804.286]","(65985.991, 71341.455]","(61480.562, 68804.286]","(63877.267, 73267.267]","(17796.63, 68804.286]",*
68279.73797707252,"(63877.267, 68804.286]","(65985.991, 71341.455]","(61480.562, 68804.286]","(63877.267, 73267.267]","(17796.63, 68804.286]",*
68294.30752745943,"(63877.267, 68804.286]","(65985.991, 71341.455]","(61480.562, 68804.286]","(63877.267, 73267.267]","(17796.63, 68804.286]",*
68297.51804597377,"(63877.267, 68804.286]","(65985.991, 71341.455]","(61480.562, 68804.286]","(63877.267, 73267.267]","(17796.63, 68804.286]",*
68305.75377126309,"(63877.267, 68804.286]","(65985.991, 71341.455]","(61480.562, 68804.286]","(63877.267, 73267.267]","(17796.63, 68804.286]",*
68311.92623248845,"(63877.267, 68804.286]","(65985.991, 71341.455]","(61480.562, 68804.286]","(63877.267, 73267.267]","(17796.63, 68804.286]",*
68311.99650155718,"(63877.267, 68804.286]","(65985.991, 71341.455]","(61480.562, 68804.286]","(63877.267, 73267.267]","(17796.63, 68804.286]",*
68334.78256475009,"(63877.267, 68804.286]","(65985.991, 71341.455]","(61480.562, 68804.286]","(63877.267, 73267.267]","(17796.63, 68804.286]",*
68335.7262947468,"(63877.267, 68804.286]","(65985.991, 71341.455]","(61480.562, 68804.286]","(63877.267, 73267.267]","(17796.63, 68804.286]",*
68342.25967172427,"(63877.267, 68804.286]","(65985.991, 71341.455]","(61480.562, 68804.286]","(63877.267, 73267.267]","(17796.63, 68804.286]",*
68343.15409141897,"(63877.267, 68804.286]","(65985.991, 71341.455]","(61480.562, 68804.286]","(63877.267, 73267.267]","(17796.63, 68804.286]",*
68353.72575088842,"(63877.267, 68804.286]","(65985.991, 71341.455]","(61480.562, 68804.286]","(63877.267, 73267.267]","(17796.63, 68804.286]",*
68355.4421741828,"(63877.267, 68804.286]","(65985.991, 71341.455]","(61480.562, 68804.286]","(63877.267, 73267.267]","(17796.63, 68804.286]",*
68363.25907423165,"(63877.267, 68804.286]","(65985.991, 71341.455]","(61480.562, 68804.286]","(63877.267, 73267.267]","(17796.63, 68804.286]",*
68366.34148998611,"(63877.267, 68804.286]","(65985.991, 71341.455]","(61480.562, 68804.286]","(63877.267, 73267.267]","(17796.63, 68804.286]",*
68368.03677705594,"(63877.267, 68804.286]","(65985.991, 71341.455]","(61480.562, 68804.286]","(63877.267, 73267.267]","(17796.63, 68804.286]",*
68368.40084251894,"(63877.267, 68804.286]","(65985.991, 71341.455]","(61480.562, 68804.286]","(63877.267, 73267.267]","(17796.63, 68804.286]",*
68375.01614520725,"(63877.267, 68804.286]","(65985.991, 71341.455]","(61480.562, 68804.286]","(63877.267, 73267.267]","(17796.63, 68804.286]",*
68377.38138276852,"(63877.267, 68804.286]","(65985.991, 71341.455]","(61480.562, 68804.286]","(63877.267, 73267.267]","(17796.63, 68804.286]",*
68383.1969829763,"(63877.267, 68804.286]","(65985.991, 71341.455]","(61480.562, 68804.286]","(63877.267, 73267.267]","(17796.63, 68804.286]",*
68386.8224670265,"(63877.267, 68804.286]","(65985.991, 71341.455]","(61480.562, 68804.286]","(63877.267, 73267.267]","(17796.63, 68804.286]",*
68386.98249734813,"(63877.267, 68804.286]","(65985.991, 71341.455]","(61480.562, 68804.286]","(63877.267, 73267.267]","(17796.63, 68804.286]",*
68398.36246469943,"(63877.267, 68804.286]","(65985.991, 71341.455]","(61480.562, 68804.286]","(63877.267, 73267.267]","(17796.63, 68804.286]",*
68400.24174804793,"(63877.267, 68804.286]","(65985.991, 71341.455]","(61480.562, 68804.286]","(63877.267, 73267.267]","(17796.63, 68804.286]",*
68419.10386529946,"(63877.267, 68804.286]","(65985.991, 71341.455]","(61480.562, 68804.286]","(63877.267, 73267.267]","(17796.63, 68804.286]",*
68419.33249880339,"(63877.267, 68804.286]","(65985.991, 71341.455]","(61480.562, 68804.286]","(63877.267, 73267.267]","(17796.63, 68804.286]",*
68423.02318718063,"(63877.267, 68804.286]","(65985.991, 71341.455]","(61480.562, 68804.286]","(63877.267, 73267.267]","(17796.63, 68804.286]",*
68428.39427506327,"(63877.267, 68804.286]","(65985.991, 71341.455]","(61480.562, 68804.286]","(63877.267, 73267.267]","(17796.63, 68804.286]",*
68444.72498158785,"(63877.267, 68804.286]","(65985.991, 71341.455]","(61480.562, 68804.286]","(63877.267, 73267.267]","(17796.63, 68804.286]",*
68449.04732112933,"(63877.267, 68804.286]","(65985.991, 71341.455]","(61480.562, 68804.286]","(63877.267, 73267.267]","(17796.63, 68804.286]",*
68450.26241587175,"(63877.267, 68804.286]","(65985.991, 71341.455]","(61480.562, 68804.286]","(63877.267, 73267.267]","(17796.63, 68804.286]",*
68450.34379487834,"(63877.267, 68804.286]","(65985.991, 71341.455]","(61480.562, 68804.286]","(63877.267, 73267.267]","(17796.63, 68804.286]",*
68467.21724900353,"(63877.267, 68804.286]","(65985.991, 71341.455]","(61480.562, 68804.286]","(63877.267, 73267.267]","(17796.63, 68804.286]",*
68473.86311581227,"(63877.267, 68804.286]","(65985.991, 71341.455]","(61480.562, 68804.286]","(63877.267, 73267.267]","(17796.63, 68804.286]",*
68482.91036241828,"(63877.267, 68804.286]","(65985.991, 71341.455]","(61480.562, 68804.286]","(63877.267, 73267.267]","(17796.63, 68804.286]",*
68488.13117301985,"(63877.267, 68804.286]","(65985.991, 71341.455]","(61480.562, 68804.286]","(63877.267, 73267.267]","(17796.63, 68804.286]",*
68488.61746216609,"(63877.267, 68804.286]","(65985.991, 71341.455]","(61480.562, 68804.286]","(63877.267, 73267.267]","(17796.63, 68804.286]",*
68494.98255210553,"(63877.267, 68804.286]","(65985.991, 71341.455]","(61480.562, 68804.286]","(63877.267, 73267.267]","(17796.63, 68804.286]",*
68500.81624062688,"(63877.267, 68804.286]","(65985.991, 71341.455]","(61480.562, 68804.286]","(63877.267, 73267.267]","(17796.63, 68804.286]",*
68503.4855372007,"(63877.267, 68804.286]","(65985.991, 71341.455]","(61480.562, 68804.286]","(63877.267, 73267.267]","(17796.63, 68804.286]",*
68508.32406170748,"(63877.267, 68804.286]","(65985.991, 71341.455]","(61480.562, 68804.286]","(63877.267, 73267.267]","(17796.63, 68804.286]",*
68524.1943556286,"(63877.267, 68804.286]","(65985.991, 71341.455]","(61480.562, 68804.286]","(63877.267, 73267.267]","(17796.63, 68804.286]",*
68527.33549941181,"(63877.267, 68804.286]","(65985.991, 71341.455]","(61480.562, 68804.286]","(63877.267, 73267.267]","(17796.63, 68804.286]",*
68527.54130886702,"(63877.267, 68804.286]","(65985.991, 71341.455]","(61480.562, 68804.286]","(63877.267, 73267.267]","(17796.63, 68804.286]",*
68535.89223166612,"(63877.267, 68804.286]","(65985.991, 71341.455]","(61480.562, 68804.286]","(63877.267, 73267.267]","(17796.63, 68804.286]",*
68561.66042880036,"(63877.267, 68804.286]","(65985.991, 71341.455]","(61480.562, 68804.286]","(63877.267, 73267.267]","(17796.63, 68804.286]",*
68562.02452784657,"(63877.267, 68804.286]","(65985.991, 71341.455]","(61480.562, 68804.286]","(63877.267, 73267.267]","(17796.63, 68804.286]",*
68570.08228028932,"(63877.267, 68804.286]","(65985.991, 71341.455]","(61480.562, 68804.286]","(63877.267, 73267.267]","(17796.63, 68804.286]",*
68577.1097331161,"(63877.267, 68804.286]","(65985.991, 71341.455]","(61480.562, 68804.286]","(63877.267, 73267.267]","(17796.63, 68804.286]",*
68595.99771837084,"(63877.267, 68804.286]","(65985.991, 71341.455]","(61480.562, 68804.286]","(63877.267, 73267.267]","(17796.63, 68804.286]",*
68597.93033932641,"(63877.267, 68804.286]","(65985.991, 71341.455]","(61480.562, 68804.286]","(63877.267, 73267.267]","(17796.63, 68804.286]",*
68599.04341313866,"(63877.267, 68804.286]","(65985.991, 71341.455]","(61480.562, 68804.286]","(63877.267, 73267.267]","(17796.63, 68804.286]",*
68599.73827340918,"(63877.267, 68804.286]","(65985.991, 71341.455]","(61480.562, 68804.286]","(63877.267, 73267.267]","(17796.63, 68804.286]",*
68600.04160479335,"(63877.267, 68804.286]","(65985.991, 71341.455]","(61480.562, 68804.286]","(63877.267, 73267.267]","(17796.63, 68804.286]",*
68603.8894211404,"(63877.267, 68804.286]","(65985.991, 71341.455]","(61480.562, 68804.286]","(63877.267, 73267.267]","(17796.63, 68804.286]",*
68606.87004646135,"(63877.267, 68804.286]","(65985.991, 71341.455]","(61480.562, 68804.286]","(63877.267, 73267.267]","(17796.63, 68804.286]",*
68613.00933431683,"(63877.267, 68804.286]","(65985.991, 71341.455]","(61480.562, 68804.286]","(63877.267, 73267.267]","(17796.63, 68804.286]",*
68615.76708529274,"(63877.267, 68804.286]","(65985.991, 71341.455]","(61480.562, 68804.286]","(63877.267, 73267.267]","(17796.63, 68804.286]",*
68631.712533481,"(63877.267, 68804.286]","(65985.991, 71341.455]","(61480.562, 68804.286]","(63877.267, 73267.267]","(17796.63, 68804.286]",*
68636.51425950657,"(63877.267, 68804.286]","(65985.991, 71341.455]","(61480.562, 68804.286]","(63877.267, 73267.267]","(17796.63, 68804.286]",*
68638.10784597603,"(63877.267, 68804.286]","(65985.991, 71341.455]","(61480.562, 68804.286]","(63877.267, 73267.267]","(17796.63, 68804.286]",*
68652.60921090658,"(63877.267, 68804.286]","(65985.991, 71341.455]","(61480.562, 68804.286]","(63877.267, 73267.267]","(17796.63, 68804.286]",*
68654.10152947911,"(63877.267, 68804.286]","(65985.991, 71341.455]","(61480.562, 68804.286]","(63877.267, 73267.267]","(17796.63, 68804.286]",*
68656.90677322309,"(63877.267, 68804.286]","(65985.991, 71341.455]","(61480.562, 68804.286]","(63877.267, 73267.267]","(17796.63, 68804.286]",*
68661.24746362834,"(63877.267, 68804.286]","(65985.991, 71341.455]","(61480.562, 68804.286]","(63877.267, 73267.267]","(17796.63, 68804.286]",*
68662.41461200299,"(63877.267, 68804.286]","(65985.991, 71341.455]","(61480.562, 68804.286]","(63877.267, 73267.267]","(17796.63, 68804.286]",*
68672.56080126723,"(63877.267, 68804.286]","(65985.991, 71341.455]","(61480.562, 68804.286]","(63877.267, 73267.267]","(17796.63, 68804.286]",*
68681.08126328001,"(63877.267, 68804.286]","(65985.991, 71341.455]","(61480.562, 68804.286]","(63877.267, 73267.267]","(17796.63, 68804.286]",*
68694.50965841403,"(63877.267, 68804.286]","(65985.991, 71341.455]","(61480.562, 68804.286]","(63877.267, 73267.267]","(17796.63, 68804.286]",*
68696.3472622258,"(63877.267, 68804.286]","(65985.991, 71341.455]","(61480.562, 68804.286]","(63877.267, 73267.267]","(17796.63, 68804.286]",*
68700.26772774284,"(63877.267, 68804.286]","(65985.991, 71341.455]","(61480.562, 68804.286]","(63877.267, 73267.267]","(17796.63, 68804.286]",*
68704.61173657209,"(63877.267, 68804.286]","(65985.991, 71341.455]","(61480.562, 68804.286]","(63877.267, 73267.267]","(17796.63, 68804.286]",*
68709.10048960536,"(63877.267, 68804.286]","(65985.991, 71341.455]","(61480.562, 68804.286]","(63877.267, 73267.267]","(17796.63, 68804.286]",*
68709.27916420356,"(63877.267, 68804.286]","(65985.991, 71341.455]","(61480.562, 68804.286]","(63877.267, 73267.267]","(17796.63, 68804.286]",*
68720.76688140351,"(63877.267, 68804.286]","(65985.991, 71341.455]","(61480.562, 68804.286]","(63877.267, 73267.267]","(17796.63, 68804.286]",*
68720.92171232718,"(63877.267, 68804.286]","(65985.991, 71341.455]","(61480.562, 68804.286]","(63877.267, 73267.267]","(17796.63, 68804.286]",*
68728.22706472696,"(63877.267, 68804.286]","(65985.991, 71341.455]","(61480.562, 68804.286]","(63877.267, 73267.267]","(17796.63, 68804.286]",*
68735.43660772723,"(63877.267, 68804.286]","(65985.991, 71341.455]","(61480.562, 68804.286]","(63877.267, 73267.267]","(17796.63, 68804.286]",*
68737.5987113764,"(63877.267, 68804.286]","(65985.991, 71341.455]","(61480.562, 68804.286]","(63877.267, 73267.267]","(17796.63, 68804.286]",*
68738.36521464473,"(63877.267, 68804.286]","(65985.991, 71341.455]","(61480.562, 68804.286]","(63877.267, 73267.267]","(17796.63, 68804.286]",*
68742.98731615549,"(63877.267, 68804.286]","(65985.991, 71341.455]","(61480.562, 68804.286]","(63877.267, 73267.267]","(17796.63, 68804.286]",*
68751.0832549764,"(63877.267, 68804.286]","(65985.991, 71341.455]","(61480.562, 68804.286]","(63877.267, 73267.267]","(17796.63, 68804.286]",*
68776.66670403742,"(63877.267, 68804.286]","(65985.991, 71341.455]","(61480.562, 68804.286]","(63877.267, 73267.267]","(17796.63, 68804.286]",*
68779.1742956941,"(63877.267, 68804.286]","(65985.991, 71341.455]","(61480.562, 68804.286]","(63877.267, 73267.267]","(17796.63, 68804.286]",*
68780.90721760201,"(63877.267, 68804.286]","(65985.991, 71341.455]","(61480.562, 68804.286]","(63877.267, 73267.267]","(17796.63, 68804.286]",*
68785.20331161434,"(63877.267, 68804.286]","(65985.991, 71341.455]","(61480.562, 68804.286]","(63877.267, 73267.267]","(17796.63, 68804.286]",*
68785.85473646599,"(63877.267, 68804.286]","(65985.991, 71341.455]","(61480.562, 68804.286]","(63877.267, 73267.267]","(17796.63, 68804.286]",*
68789.32900775905,"(63877.267, 68804.286]","(65985.991, 71341.455]","(61480.562, 68804.286]","(63877.267, 73267.267]","(17796.63, 68804.286]",*
68791.79168848526,"(63877.267, 68804.286]","(65985.991, 71341.455]","(61480.562, 68804.286]","(63877.267, 73267.267]","(17796.63, 68804.286]",*
68803.55207659505,"(63877.267, 68804.286]","(65985.991, 71341.455]","(61480.562, 68804.286]","(63877.267, 73267.267]","(17796.63, 68804.286]",*
68805.02073083728,"(68804.286, 73267.267]","(65985.991, 71341.455]","(68804.286, 75783.339]","(63877.267, 73267.267]","(68804.286, 107701.748]",*
68811.67169646165,"(68804.286, 73267.267]","(65985.991, 71341.455]","(68804.286, 75783.339]","(63877.267, 73267.267]","(68804.286, 107701.748]",*
68814.92560741428,"(68804.286, 73267.267]","(65985.991, 71341.455]","(68804.286, 75783.339]","(63877.267, 73267.267]","(68804.286, 107701.748]",*
68816.87079308412,"(68804.286, 73267.267]","(65985.991, 71341.455]","(68804.286, 75783.339]","(63877.267, 73267.267]","(68804.286, 107701.748]",*
68817.20235615308,"(68804.286, 73267.267]","(65985.991, 71341.455]","(68804.286, 75783.339]","(63877.267, 73267.267]","(68804.286, 107701.748]",*
68827.55503334355,"(68804.286, 73267.267]","(65985.991, 71341.455]","(68804.286, 75783.339]","(63877.267, 73267.267]","(68804.286, 107701.748]",*
68844.76424875809,"(68804.286, 73267.267]","(65985.991, 71341.455]","(68804.286, 75783.339]","(63877.267, 73267.267]","(68804.286, 107701.748]",*
68848.19668245966,"(68804.286, 73267.267]","(65985.991, 71341.455]","(68804.286, 75783.339]","(63877.267, 73267.267]","(68804.286, 107701.748]",*
68851.40200053385,"(68804.286, 73267.267]","(65985.991, 71341.455]","(68804.286, 75783.339]","(63877.267, 73267.267]","(68804.286, 107701.748]",*
68854.09085220807,"(68804.286, 73267.267]","(65985.991, 71341.455]","(68804.286, 75783.339]","(63877.267, 73267.267]","(68804.286, 107701.748]",*
68858.03161618678,"(68804.286, 73267.267]","(65985.991, 71341.455]","(68804.286, 75783.339]","(63877.267, 73267.267]","(68804.286, 107701.748]",*
68860.5858087625,"(68804.286, 73267.267]","(65985.991, 71341.455]","(68804.286, 75783.339]","(63877.267, 73267.267]","(68804.286, 107701.748]",*
68864.28229521557,"(68804.286, 73267.267]","(65985.991, 71341.455]","(68804.286, 75783.339]","(63877.267, 73267.267]","(68804.286, 107701.748]",*
68870.37884094006,"(68804.286, 73267.267]","(65985.991, 71341.455]","(68804.286, 75783.339]","(63877.267, 73267.267]","(68804.286, 107701.748]",*
68871.4473770179,"(68804.286, 73267.267]","(65985.991, 71341.455]","(68804.286, 75783.339]","(63877.267, 73267.267]","(68804.286, 107701.748]",*
68885.98660700365,"(68804.286, 73267.267]","(65985.991, 71341.455]","(68804.286, 75783.339]","(63877.267, 73267.267]","(68804.286, 107701.748]",*
68891.12412277033,"(68804.286, 73267.267]","(65985.991, 71341.455]","(68804.286, 75783.339]","(63877.267, 73267.267]","(68804.286, 107701.748]",*
68894.84506915275,"(68804.286, 73267.267]","(65985.991, 71341.455]","(68804.286, 75783.339]","(63877.267, 73267.267]","(68804.286, 107701.748]",*
68895.75494179383,"(68804.286, 73267.267]","(65985.991, 71341.455]","(68804.286, 75783.339]","(63877.267, 73267.267]","(68804.286, 107701.748]",*
68896.04856078919,"(68804.286, 73267.267]","(65985.991, 71341.455]","(68804.286, 75783.339]","(63877.267, 73267.267]","(68804.286, 107701.748]",*
68898.34591339418,"(68804.286, 73267.267]","(65985.991, 71341.455]","(68804.286, 75783.339]","(63877.267, 73267.267]","(68804.286, 107701.748]",*
68901.14428114702,"(68804.286, 73267.267]","(65985.991, 71341.455]","(68804.286, 75783.339]","(63877.267, 73267.267]","(68804.286, 107701.748]",*
68906.6085220087,"(68804.286, 73267.267]","(65985.991, 71341.455]","(68804.286, 75783.339]","(63877.267, 73267.267]","(68804.286, 107701.748]",*
68907.0057306475,"(68804.286, 73267.267]","(65985.991, 71341.455]","(68804.286, 75783.339]","(63877.267, 73267.267]","(68804.286, 107701.748]",*
68916.65375504928,"(68804.286, 73267.267]","(65985.991, 71341.455]","(68804.286, 75783.339]","(63877.267, 73267.267]","(68804.286, 107701.748]",*
68923.68486114165,"(68804.286, 73267.267]","(65985.991, 71341.455]","(68804.286, 75783.339]","(63877.267, 73267.267]","(68804.286, 107701.748]",*
68929.15807448354,"(68804.286, 73267.267]","(65985.991, 71341.455]","(68804.286, 75783.339]","(63877.267, 73267.267]","(68804.286, 107701.748]",*
68934.61662641421,"(68804.286, 73267.267]","(65985.991, 71341.455]","(68804.286, 75783.339]","(63877.267, 73267.267]","(68804.286, 107701.748]",*
68935.21955714918,"(68804.286, 73267.267]","(65985.991, 71341.455]","(68804.286, 75783.339]","(63877.267, 73267.267]","(68804.286, 107701.748]",*
68944.99771206899,"(68804.286, 73267.267]","(65985.991, 71341.455]","(68804.286, 75783.339]","(63877.267, 73267.267]","(68804.286, 107701.748]",*
68945.1687064963,"(68804.286, 73267.267]","(65985.991, 71341.455]","(68804.286, 75783.339]","(63877.267, 73267.267]","(68804.286, 107701.748]",*
68948.40632844385,"(68804.286, 73267.267]","(65985.991, 71341.455]","(68804.286, 75783.339]","(63877.267, 73267.267]","(68804.286, 107701.748]",*
68953.48361022041,"(68804.286, 73267.267]","(65985.991, 71341.455]","(68804.286, 75783.339]","(63877.267, 73267.267]","(68804.286, 107701.748]",*
68958.02128051907,"(68804.286, 73267.267]","(65985.991, 71341.455]","(68804.286, 75783.339]","(63877.267, 73267.267]","(68804.286, 107701.748]",*
68964.67685873398,"(68804.286, 73267.267]","(65985.991, 71341.455]","(68804.286, 75783.339]","(63877.267, 73267.267]","(68804.286, 107701.748]",*
68966.97556566182,"(68804.286, 73267.267]","(65985.991, 71341.455]","(68804.286, 75783.339]","(63877.267, 73267.267]","(68804.286, 107701.748]",*
68970.3603351755,"(68804.286, 73267.267]","(65985.991, 71341.455]","(68804.286, 75783.339]","(63877.267, 73267.267]","(68804.286, 107701.748]",*
68974.10287044395,"(68804.286, 73267.267]","(65985.991, 71341.455]","(68804.286, 75783.339]","(63877.267, 73267.267]","(68804.286, 107701.748]",*
68985.1527375576,"(68804.286, 73267.267]","(65985.991, 71341.455]","(68804.286, 75783.339]","(63877.267, 73267.267]","(68804.286, 107701.748]",*
68988.29046046903,"(68804.286, 73267.267]","(65985.991, 71341.455]","(68804.286, 75783.339]","(63877.267, 73267.267]","(68804.286, 107701.748]",*
68989.31220946508,"(68804.286, 73267.267]","(65985.991, 71341.455]","(68804.286, 75783.339]","(63877.267, 73267.267]","(68804.286, 107701.748]",*
68994.06553420999,"(68804.286, 73267.267]","(65985.991, 71341.455]","(68804.286, 75783.339]","(63877.267, 73267.267]","(68804.286, 107701.748]",*
68994.17844587861,"(68804.286, 73267.267]","(65985.991, 71341.455]","(68804.286, 75783.339]","(63877.267, 73267.267]","(68804.286, 107701.748]",*
68998.52312590544,"(68804.286, 73267.267]","(65985.991, 71341.455]","(68804.286, 75783.339]","(63877.267, 73267.267]","(68804.286, 107701.748]",*
69012.76983646475,"(68804.286, 73267.267]","(65985.991, 71341.455]","(68804.286, 75783.339]","(63877.267, 73267.267]","(68804.286, 107701.748]",*
69013.36835499352,"(68804.286, 73267.267]","(65985.991, 71341.455]","(68804.286, 75783.339]","(63877.267, 73267.267]","(68804.286, 107701.748]",*
69017.18280012655,"(68804.286, 73267.267]","(65985.991, 71341.455]","(68804.286, 75783.339]","(63877.267, 73267.267]","(68804.286, 107701.748]",*
69017.58124576934,"(68804.286, 73267.267]","(65985.991, 71341.455]","(68804.286, 75783.339]","(63877.267, 73267.267]","(68804.286, 107701.748]",*
69031.9088775756,"(68804.286, 73267.267]","(65985.991, 71341.455]","(68804.286, 75783.339]","(63877.267, 73267.267]","(68804.286, 107701.748]",*
69044.94211975549,"(68804.286, 73267.267]","(65985.991, 71341.455]","(68804.286, 75783.339]","(63877.267, 73267.267]","(68804.286, 107701.748]",*
69048.16297064968,"(68804.286, 73267.267]","(65985.991, 71341.455]","(68804.286, 75783.339]","(63877.267, 73267.267]","(68804.286, 107701.748]",*
69048.78809279887,"(68804.286, 73267.267]","(65985.991, 71341.455]","(68804.286, 75783.339]","(63877.267, 73267.267]","(68804.286, 107701.748]",*
69059.56222168457,"(68804.286, 73267.267]","(65985.991, 71341.455]","(68804.286, 75783.339]","(63877.267, 73267.267]","(68804.286, 107701.748]",*
69071.89936002925,"(68804.286, 73267.267]","(65985.991, 71341.455]","(68804.286, 75783.339]","(63877.267, 73267.267]","(68804.286, 107701.748]",*
69084.55162979437,"(68804.286, 73267.267]","(65985.991, 71341.455]","(68804.286, 75783.339]","(63877.267, 73267.267]","(68804.286, 107701.748]",*
69086.60579335001,"(68804.286, 73267.267]","(65985.991, 71341.455]","(68804.286, 75783.339]","(63877.267, 73267.267]","(68804.286, 107701.748]",*
69089.8733361339,"(68804.286, 73267.267]","(65985.991, 71341.455]","(68804.286, 75783.339]","(63877.267, 73267.267]","(68804.286, 107701.748]",*
69091.41138473687,"(68804.286, 73267.267]","(65985.991, 71341.455]","(68804.286, 75783.339]","(63877.267, 73267.267]","(68804.286, 107701.748]",*
69099.4035122311,"(68804.286, 73267.267]","(65985.991, 71341.455]","(68804.286, 75783.339]","(63877.267, 73267.267]","(68804.286, 107701.748]",*
69100.99030535982,"(68804.286, 73267.267]","(65985.991, 71341.455]","(68804.286, 75783.339]","(63877.267, 73267.267]","(68804.286, 107701.748]",*
69113.25391079241,"(68804.286, 73267.267]","(65985.991, 71341.455]","(68804.286, 75783.339]","(63877.267, 73267.267]","(68804.286, 107701.748]",*
69120.09298780674,"(68804.286, 73267.267]","(65985.991, 71341.455]","(68804.286, 75783.339]","(63877.267, 73267.267]","(68804.286, 107701.748]",*
69139.68322011232,"(68804.286, 73267.267]","(65985.991, 71341.455]","(68804.286, 75783.339]","(63877.267, 73267.267]","(68804.286, 107701.748]",*
69143.47075890648,"(68804.286, 73267.267]","(65985.991, 71341.455]","(68804.286, 75783.339]","(63877.267, 73267.267]","(68804.286, 107701.748]",*
69144.74570743984,"(68804.286, 73267.267]","(65985.991, 71341.455]","(68804.286, 75783.339]","(63877.267, 73267.267]","(68804.286, 107701.748]",*
69147.21857560807,"(68804.286, 73267.267]","(65985.991, 71341.455]","(68804.286, 75783.339]","(63877.267, 73267.267]","(68804.286, 107701.748]",*
69154.76202434115,"(68804.286, 73267.267]","(65985.991, 71341.455]","(68804.286, 75783.339]","(63877.267, 73267.267]","(68804.286, 107701.748]",*
69155.64581411946,"(68804.286, 73267.267]","(65985.991, 71341.455]","(68804.286, 75783.339]","(63877.267, 73267.267]","(68804.286, 107701.748]",*
69167.94746599563,"(68804.286, 73267.267]","(65985.991, 71341.455]","(68804.286, 75783.339]","(63877.267, 73267.267]","(68804.286, 107701.748]",*
69173.67165539048,"(68804.286, 73267.267]","(65985.991, 71341.455]","(68804.286, 75783.339]","(63877.267, 73267.267]","(68804.286, 107701.748]",*
69179.70040901896,"(68804.286, 73267.267]","(65985.991, 71341.455]","(68804.286, 75783.339]","(63877.267, 73267.267]","(68804.286, 107701.748]",*
69180.01606879848,"(68804.286, 73267.267]","(65985.991, 71341.455]","(68804.286, 75783.339]","(63877.267, 73267.267]","(68804.286, 107701.748]",*
69185.70618027235,"(68804.286, 73267.267]","(65985.991, 71341.455]","(68804.286, 75783.339]","(63877.267, 73267.267]","(68804.286, 107701.748]",*
69186.62251764281,"(68804.286, 73267.267]","(65985.991, 71341.455]","(68804.286, 75783.339]","(63877.267, 73267.267]","(68804.286, 107701.748]",*
69200.66426913952,"(68804.286, 73267.267]","(65985.991, 71341.455]","(68804.286, 75783.339]","(63877.267, 73267.267]","(68804.286, 107701.748]",*
69201.43740523305,"(68804.286, 73267.267]","(65985.991, 71341.455]","(68804.286, 75783.339]","(63877.267, 73267.267]","(68804.286, 107701.748]",*
69206.55481134009,"(68804.286, 73267.267]","(65985.991, 71341.455]","(68804.286, 75783.339]","(63877.267, 73267.267]","(68804.286, 107701.748]",*
69208.50650810325,"(68804.286, 73267.267]","(65985.991, 71341.455]","(68804.286, 75783.339]","(63877.267, 73267.267]","(68804.286, 107701.748]",*
69227.60725503121,"(68804.286, 73267.267]","(65985.991, 71341.455]","(68804.286, 75783.339]","(63877.267, 73267.267]","(68804.286, 107701.748]",*
69230.74974049561,"(68804.286, 73267.267]","(65985.991, 71341.455]","(68804.286, 75783.339]","(63877.267, 73267.267]","(68804.286, 107701.748]",*
69232.94677629013,"(68804.286, 73267.267]","(65985.991, 71341.455]","(68804.286, 75783.339]","(63877.267, 73267.267]","(68804.286, 107701.748]",*
69234.72259539332,"(68804.286, 73267.267]","(65985.991, 71341.455]","(68804.286, 75783.339]","(63877.267, 73267.267]","(68804.286, 107701.748]",*
69236.93432560799,"(68804.286, 73267.267]","(65985.991, 71341.455]","(68804.286, 75783.339]","(63877.267, 73267.267]","(68804.286, 107701.748]",*
69240.13237600384,"(68804.286, 73267.267]","(65985.991, 71341.455]","(68804.286, 75783.339]","(63877.267, 73267.267]","(68804.286, 107701.748]",*
69245.88577860742,"(68804.286, 73267.267]","(65985.991, 71341.455]","(68804.286, 75783.339]","(63877.267, 73267.267]","(68804.286, 107701.748]",*
69246.15092082637,"(68804.286, 73267.267]","(65985.991, 71341.455]","(68804.286, 75783.339]","(63877.267, 73267.267]","(68804.286, 107701.748]",*
69248.29958792876,"(68804.286, 73267.267]","(65985.991, 71341.455]","(68804.286, 75783.339]","(63877.267, 73267.267]","(68804.286, 107701.748]",*
69248.80773561168,"(68804.286, 73267.267]","(65985.991, 71341.455]","(68804.286, 75783.339]","(63877.267, 73267.267]","(68804.286, 107701.748]",*
69253.90435140714,"(68804.286, 73267.267]","(65985.991, 71341.455]","(68804.286, 75783.339]","(63877.267, 73267.267]","(68804.286, 107701.748]",*
69266.0874272887,"(68804.286, 73267.267]","(65985.991, 71341.455]","(68804.286, 75783.339]","(63877.267, 73267.267]","(68804.286, 107701.748]",*
69266.79209853799,"(68804.286, 73267.267]","(65985.991, 71341.455]","(68804.286, 75783.339]","(63877.267, 73267.267]","(68804.286, 107701.748]",*
69269.9381526207,"(68804.286, 73267.267]","(65985.991, 71341.455]","(68804.286, 75783.339]","(63877.267, 73267.267]","(68804.286, 107701.748]",*
69273.77543120219,"(68804.286, 73267.267]","(65985.991, 71341.455]","(68804.286, 75783.339]","(63877.267, 73267.267]","(68804.286, 107701.748]",*
69275.04729227892,"(68804.286, 73267.267]","(65985.991, 71341.455]","(68804.286, 75783.339]","(63877.267, 73267.267]","(68804.286, 107701.748]",*
69277.75897757974,"(68804.286, 73267.267]","(65985.991, 71341.455]","(68804.286, 75783.339]","(63877.267, 73267.267]","(68804.286, 107701.748]",*
69277.8912498076,"(68804.286, 73267.267]","(65985.991, 71341.455]","(68804.286, 75783.339]","(63877.267, 73267.267]","(68804.286, 107701.748]",*
69280.31627168207,"(68804.286, 73267.267]","(65985.991, 71341.455]","(68804.286, 75783.339]","(63877.267, 73267.267]","(68804.286, 107701.748]",*
69284.25963691327,"(68804.286, 73267.267]","(65985.991, 71341.455]","(68804.286, 75783.339]","(63877.267, 73267.267]","(68804.286, 107701.748]",*
69284.90956557164,"(68804.286, 73267.267]","(65985.991, 71341.455]","(68804.286, 75783.339]","(63877.267, 73267.267]","(68804.286, 107701.748]",*
69285.68143476913,"(68804.286, 73267.267]","(65985.991, 71341.455]","(68804.286, 75783.339]","(63877.267, 73267.267]","(68804.286, 107701.748]",*
69288.09876931467,"(68804.286, 73267.267]","(65985.991, 71341.455]","(68804.286, 75783.339]","(63877.267, 73267.267]","(68804.286, 107701.748]",*
69289.18068350793,"(68804.286, 73267.267]","(65985.991, 71341.455]","(68804.286, 75783.339]","(63877.267, 73267.267]","(68804.286, 107701.748]",*
69304.57094804881,"(68804.286, 73267.267]","(65985.991, 71341.455]","(68804.286, 75783.339]","(63877.267, 73267.267]","(68804.286, 107701.748]",*
69306.95842002539,"(68804.286, 73267.267]","(65985.991, 71341.455]","(68804.286, 75783.339]","(63877.267, 73267.267]","(68804.286, 107701.748]",*
69312.9819156039,"(68804.286, 73267.267]","(65985.991, 71341.455]","(68804.286, 75783.339]","(63877.267, 73267.267]","(68804.286, 107701.748]",*
69313.96971697899,"(68804.286, 73267.267]","(65985.991, 71341.455]","(68804.286, 75783.339]","(63877.267, 73267.267]","(68804.286, 107701.748]",*
69316.79688850108,"(68804.286, 73267.267]","(65985.991, 71341.455]","(68804.286, 75783.339]","(63877.267, 73267.267]","(68804.286, 107701.748]",*
69320.32912039284,"(68804.286, 73267.267]","(65985.991, 71341.455]","(68804.286, 75783.339]","(63877.267, 73267.267]","(68804.286, 107701.748]",*
69325.09404662768,"(68804.286, 73267.267]","(65985.991, 71341.455]","(68804.286, 75783.339]","(63877.267, 73267.267]","(68804.286, 107701.748]",*
69327.26010043811,"(68804.286, 73267.267]","(65985.991, 71341.455]","(68804.286, 75783.339]","(63877.267, 73267.267]","(68804.286, 107701.748]",*
69327.7024593916,"(68804.286, 73267.267]","(65985.991, 71341.455]","(68804.286, 75783.339]","(63877.267, 73267.267]","(68804.286, 107701.748]",*
69330.74121982856,"(68804.286, 73267.267]","(65985.991, 71341.455]","(68804.286, 75783.339]","(63877.267, 73267.267]","(68804.286, 107701.748]",*
69333.68219114706,"(68804.286, 73267.267]","(65985.991, 71341.455]","(68804.286, 75783.339]","(63877.267, 73267.267]","(68804.286, 107701.748]",*
69336.42523436133,"(68804.286, 73267.267]","(65985.991, 71341.455]","(68804.286, 75783.339]","(63877.267, 73267.267]","(68804.286, 107701.748]",*
69340.56037186299,"(68804.286, 73267.267]","(65985.991, 71341.455]","(68804.286, 75783.339]","(63877.267, 73267.267]","(68804.286, 107701.748]",*
69342.37656545285,"(68804.286, 73267.267]","(65985.991, 71341.455]","(68804.286, 75783.339]","(63877.267, 73267.267]","(68804.286, 107701.748]",*
69342.70683990403,"(68804.286, 73267.267]","(65985.991, 71341.455]","(68804.286, 75783.339]","(63877.267, 73267.267]","(68804.286, 107701.748]",*
69343.00930853993,"(68804.286, 73267.267]","(65985.991, 71341.455]","(68804.286, 75783.339]","(63877.267, 73267.267]","(68804.286, 107701.748]",*
69345.7216735573,"(68804.286, 73267.267]","(65985.991, 71341.455]","(68804.286, 75783.339]","(63877.267, 73267.267]","(68804.286, 107701.748]",*
69350.18306975183,"(68804.286, 73267.267]","(65985.991, 71341.455]","(68804.286, 75783.339]","(63877.267, 73267.267]","(68804.286, 107701.748]",*
69350.79335739226,"(68804.286, 73267.267]","(65985.991, 71341.455]","(68804.286, 75783.339]","(63877.267, 73267.267]","(68804.286, 107701.748]",*
69351.47741870613,"(68804.286, 73267.267]","(65985.991, 71341.455]","(68804.286, 75783.339]","(63877.267, 73267.267]","(68804.286, 107701.748]",*
69360.1448084024,"(68804.286, 73267.267]","(65985.991, 71341.455]","(68804.286, 75783.339]","(63877.267, 73267.267]","(68804.286, 107701.748]",*
69361.55772196433,"(68804.286, 73267.267]","(65985.991, 71341.455]","(68804.286, 75783.339]","(63877.267, 73267.267]","(68804.286, 107701.748]",*
69370.93005284085,"(68804.286, 73267.267]","(65985.991, 71341.455]","(68804.286, 75783.339]","(63877.267, 73267.267]","(68804.286, 107701.748]",*
69376.19256862035,"(68804.286, 73267.267]","(65985.991, 71341.455]","(68804.286, 75783.339]","(63877.267, 73267.267]","(68804.286, 107701.748]",*
69379.23817174447,"(68804.286, 73267.267]","(65985.991, 71341.455]","(68804.286, 75783.339]","(63877.267, 73267.267]","(68804.286, 107701.748]",*
69380.01130521133,"(68804.286, 73267.267]","(65985.991, 71341.455]","(68804.286, 75783.339]","(63877.267, 73267.267]","(68804.286, 107701.748]",*
69380.83776857436,"(68804.286, 73267.267]","(65985.991, 71341.455]","(68804.286, 75783.339]","(63877.267, 73267.267]","(68804.286, 107701.748]",*
69384.37075447504,"(68804.286, 73267.267]","(65985.991, 71341.455]","(68804.286, 75783.339]","(63877.267, 73267.267]","(68804.286, 107701.748]",*
69391.3801843616,"(68804.286, 73267.267]","(65985.991, 71341.455]","(68804.286, 75783.339]","(63877.267, 73267.267]","(68804.286, 107701.748]",*
69396.35827972088,"(68804.286, 73267.267]","(65985.991, 71341.455]","(68804.286, 75783.339]","(63877.267, 73267.267]","(68804.286, 107701.748]",*
69401.8472172649,"(68804.286, 73267.267]","(65985.991, 71341.455]","(68804.286, 75783.339]","(63877.267, 73267.267]","(68804.286, 107701.748]",*
69413.61339912718,"(68804.286, 73267.267]","(65985.991, 71341.455]","(68804.286, 75783.339]","(63877.267, 73267.267]","(68804.286, 107701.748]",*
69421.03241655503,"(68804.286, 73267.267]","(65985.991, 71341.455]","(68804.286, 75783.339]","(63877.267, 73267.267]","(68804.286, 107701.748]",*
69423.92860067426,"(68804.286, 73267.267]","(65985.991, 71341.455]","(68804.286, 75783.339]","(63877.267, 73267.267]","(68804.286, 107701.748]",*
69429.1857744442,"(68804.286, 73267.267]","(65985.991, 71341.455]","(68804.286, 75783.339]","(63877.267, 73267.267]","(68804.286, 107701.748]",*
69430.49061550916,"(68804.286, 73267.267]","(65985.991, 71341.455]","(68804.286, 75783.339]","(63877.267, 73267.267]","(68804.286, 107701.748]",*
69431.96159376777,"(68804.286, 73267.267]","(65985.991, 71341.455]","(68804.286, 75783.339]","(63877.267, 73267.267]","(68804.286, 107701.748]",*
69436.14216058959,"(68804.286, 73267.267]","(65985.991, 71341.455]","(68804.286, 75783.339]","(63877.267, 73267.267]","(68804.286, 107701.748]",*
69438.70006102754,"(68804.286, 73267.267]","(65985.991, 71341.455]","(68804.286, 75783.339]","(63877.267, 73267.267]","(68804.286, 107701.748]",*
69439.942960083,"(68804.286, 73267.267]","(65985.991, 71341.455]","(68804.286, 75783.339]","(63877.267, 73267.267]","(68804.286, 107701.748]",*
69442.44538732343,"(68804.286, 73267.267]","(65985.991, 71341.455]","(68804.286, 75783.339]","(63877.267, 73267.267]","(68804.286, 107701.748]",*
69446.29705195047,"(68804.286, 73267.267]","(65985.991, 71341.455]","(68804.286, 75783.339]","(63877.267, 73267.267]","(68804.286, 107701.748]",*
69446.45521421457,"(68804.286, 73267.267]","(65985.991, 71341.455]","(68804.286, 75783.339]","(63877.267, 73267.267]","(68804.286, 107701.748]",*
69460.27825644697,"(68804.286, 73267.267]","(65985.991, 71341.455]","(68804.286, 75783.339]","(63877.267, 73267.267]","(68804.286, 107701.748]",*
69462.14892030608,"(68804.286, 73267.267]","(65985.991, 71341.455]","(68804.286, 75783.339]","(63877.267, 73267.267]","(68804.286, 107701.748]",*
69465.30978090188,"(68804.286, 73267.267]","(65985.991, 71341.455]","(68804.286, 75783.339]","(63877.267, 73267.267]","(68804.286, 107701.748]",*
69467.90130339426,"(68804.286, 73267.267]","(65985.991, 71341.455]","(68804.286, 75783.339]","(63877.267, 73267.267]","(68804.286, 107701.748]",*
69489.40342904833,"(68804.286, 73267.267]","(65985.991, 71341.455]","(68804.286, 75783.339]","(63877.267, 73267.267]","(68804.286, 107701.748]",*
69494.44746139323,"(68804.286, 73267.267]","(65985.991, 71341.455]","(68804.286, 75783.339]","(63877.267, 73267.267]","(68804.286, 107701.748]",*
69495.74927095107,"(68804.286, 73267.267]","(65985.991, 71341.455]","(68804.286, 75783.339]","(63877.267, 73267.267]","(68804.286, 107701.748]",*
69500.89346489572,"(68804.286, 73267.267]","(65985.991, 71341.455]","(68804.286, 75783.339]","(63877.267, 73267.267]","(68804.286, 107701.748]",*
69503.15044531865,"(68804.286, 73267.267]","(65985.991, 71341.455]","(68804.286, 75783.339]","(63877.267, 73267.267]","(68804.286, 107701.748]",*
69505.11150958698,"(68804.286, 73267.267]","(65985.991, 71341.455]","(68804.286, 75783.339]","(63877.267, 73267.267]","(68804.286, 107701.748]",*
69513.53892073044,"(68804.286, 73267.267]","(65985.991, 71341.455]","(68804.286, 75783.339]","(63877.267, 73267.267]","(68804.286, 107701.748]",*
69516.0935629785,"(68804.286, 73267.267]","(65985.991, 71341.455]","(68804.286, 75783.339]","(63877.267, 73267.267]","(68804.286, 107701.748]",*
69517.84436893454,"(68804.286, 73267.267]","(65985.991, 71341.455]","(68804.286, 75783.339]","(63877.267, 73267.267]","(68804.286, 107701.748]",*
69518.48172444303,"(68804.286, 73267.267]","(65985.991, 71341.455]","(68804.286, 75783.339]","(63877.267, 73267.267]","(68804.286, 107701.748]",*
69525.33075206897,"(68804.286, 73267.267]","(65985.991, 71341.455]","(68804.286, 75783.339]","(63877.267, 73267.267]","(68804.286, 107701.748]",*
69528.55743274771,"(68804.286, 73267.267]","(65985.991, 71341.455]","(68804.286, 75783.339]","(63877.267, 73267.267]","(68804.286, 107701.748]",*
69529.72623217331,"(68804.286, 73267.267]","(65985.991, 71341.455]","(68804.286, 75783.339]","(63877.267, 73267.267]","(68804.286, 107701.748]",*
69544.12817233513,"(68804.286, 73267.267]","(65985.991, 71341.455]","(68804.286, 75783.339]","(63877.267, 73267.267]","(68804.286, 107701.748]",*
69551.51226003873,"(68804.286, 73267.267]","(65985.991, 71341.455]","(68804.286, 75783.339]","(63877.267, 73267.267]","(68804.286, 107701.748]",*
69559.49630028944,"(68804.286, 73267.267]","(65985.991, 71341.455]","(68804.286, 75783.339]","(63877.267, 73267.267]","(68804.286, 107701.748]",*
69566.74302579144,"(68804.286, 73267.267]","(65985.991, 71341.455]","(68804.286, 75783.339]","(63877.267, 73267.267]","(68804.286, 107701.748]",*
69569.81266753213,"(68804.286, 73267.267]","(65985.991, 71341.455]","(68804.286, 75783.339]","(63877.267, 73267.267]","(68804.286, 107701.748]",*
69577.13762233034,"(68804.286, 73267.267]","(65985.991, 71341.455]","(68804.286, 75783.339]","(63877.267, 73267.267]","(68804.286, 107701.748]",*
69582.53631341326,"(68804.286, 73267.267]","(65985.991, 71341.455]","(68804.286, 75783.339]","(63877.267, 73267.267]","(68804.286, 107701.748]",*
69584.65691092463,"(68804.286, 73267.267]","(65985.991, 71341.455]","(68804.286, 75783.339]","(63877.267, 73267.267]","(68804.286, 107701.748]",*
69585.89478953677,"(68804.286, 73267.267]","(65985.991, 71341.455]","(68804.286, 75783.339]","(63877.267, 73267.267]","(68804.286, 107701.748]",*
69586.47552990905,"(68804.286, 73267.267]","(65985.991, 71341.455]","(68804.286, 75783.339]","(63877.267, 73267.267]","(68804.286, 107701.748]",*
69603.22963860923,"(68804.286, 73267.267]","(65985.991, 71341.455]","(68804.286, 75783.339]","(63877.267, 73267.267]","(68804.286, 107701.748]",*
69603.6906571082,"(68804.286, 73267.267]","(65985.991, 71341.455]","(68804.286, 75783.339]","(63877.267, 73267.267]","(68804.286, 107701.748]",*
69604.42775449029,"(68804.286, 73267.267]","(65985.991, 71341.455]","(68804.286, 75783.339]","(63877.267, 73267.267]","(68804.286, 107701.748]",*
69604.52176965206,"(68804.286, 73267.267]","(65985.991, 71341.455]","(68804.286, 75783.339]","(63877.267, 73267.267]","(68804.286, 107701.748]",*
69605.54454964394,"(68804.286, 73267.267]","(65985.991, 71341.455]","(68804.286, 75783.339]","(63877.267, 73267.267]","(68804.286, 107701.748]",*
69605.56602204812,"(68804.286, 73267.267]","(65985.991, 71341.455]","(68804.286, 75783.339]","(63877.267, 73267.267]","(68804.286, 107701.748]",*
69607.13366543148,"(68804.286, 73267.267]","(65985.991, 71341.455]","(68804.286, 75783.339]","(63877.267, 73267.267]","(68804.286, 107701.748]",*
69609.59370282505,"(68804.286, 73267.267]","(65985.991, 71341.455]","(68804.286, 75783.339]","(63877.267, 73267.267]","(68804.286, 107701.748]",*
69610.97250172895,"(68804.286, 73267.267]","(65985.991, 71341.455]","(68804.286, 75783.339]","(63877.267, 73267.267]","(68804.286, 107701.748]",*
69611.0936021838,"(68804.286, 73267.267]","(65985.991, 71341.455]","(68804.286, 75783.339]","(63877.267, 73267.267]","(68804.286, 107701.748]",*
69612.39772492551,"(68804.286, 73267.267]","(65985.991, 71341.455]","(68804.286, 75783.339]","(63877.267, 73267.267]","(68804.286, 107701.748]",*
69616.213553575,"(68804.286, 73267.267]","(65985.991, 71341.455]","(68804.286, 75783.339]","(63877.267, 73267.267]","(68804.286, 107701.748]",*
69618.32901158254,"(68804.286, 73267.267]","(65985.991, 71341.455]","(68804.286, 75783.339]","(63877.267, 73267.267]","(68804.286, 107701.748]",*
69624.25526519057,"(68804.286, 73267.267]","(65985.991, 71341.455]","(68804.286, 75783.339]","(63877.267, 73267.267]","(68804.286, 107701.748]",*
69624.78633551428,"(68804.286, 73267.267]","(65985.991, 71341.455]","(68804.286, 75783.339]","(63877.267, 73267.267]","(68804.286, 107701.748]",*
69632.04045808854,"(68804.286, 73267.267]","(65985.991, 71341.455]","(68804.286, 75783.339]","(63877.267, 73267.267]","(68804.286, 107701.748]",*
69635.59874744869,"(68804.286, 73267.267]","(65985.991, 71341.455]","(68804.286, 75783.339]","(63877.267, 73267.267]","(68804.286, 107701.748]",*
69639.1408955885,"(68804.286, 73267.267]","(65985.991, 71341.455]","(68804.286, 75783.339]","(63877.267, 73267.267]","(68804.286, 107701.748]",*
69647.70864813948,"(68804.286, 73267.267]","(65985.991, 71341.455]","(68804.286, 75783.339]","(63877.267, 73267.267]","(68804.286, 107701.748]",*
69648.51395169468,"(68804.286, 73267.267]","(65985.991, 71341.455]","(68804.286, 75783.339]","(63877.267, 73267.267]","(68804.286, 107701.748]",*
69650.59170142381,"(68804.286, 73267.267]","(65985.991, 71341.455]","(68804.286, 75783.339]","(63877.267, 73267.267]","(68804.286, 107701.748]",*
69650.72902863957,"(68804.286, 73267.267]","(65985.991, 71341.455]","(68804.286, 75783.339]","(63877.267, 73267.267]","(68804.286, 107701.748]",*
69654.35501275351,"(68804.286, 73267.267]","(65985.991, 71341.455]","(68804.286, 75783.339]","(63877.267, 73267.267]","(68804.286, 107701.748]",*
69655.18395358021,"(68804.286, 73267.267]","(65985.991, 71341.455]","(68804.286, 75783.339]","(63877.267, 73267.267]","(68804.286, 107701.748]",*
69657.36279068029,"(68804.286, 73267.267]","(65985.991, 71341.455]","(68804.286, 75783.339]","(63877.267, 73267.267]","(68804.286, 107701.748]",*
69664.07576452776,"(68804.286, 73267.267]","(65985.991, 71341.455]","(68804.286, 75783.339]","(63877.267, 73267.267]","(68804.286, 107701.748]",*
69667.17920837186,"(68804.286, 73267.267]","(65985.991, 71341.455]","(68804.286, 75783.339]","(63877.267, 73267.267]","(68804.286, 107701.748]",*
69672.31100195443,"(68804.286, 73267.267]","(65985.991, 71341.455]","(68804.286, 75783.339]","(63877.267, 73267.267]","(68804.286, 107701.748]",*
69676.59651466626,"(68804.286, 73267.267]","(65985.991, 71341.455]","(68804.286, 75783.339]","(63877.267, 73267.267]","(68804.286, 107701.748]",*
69677.41931900122,"(68804.286, 73267.267]","(65985.991, 71341.455]","(68804.286, 75783.339]","(63877.267, 73267.267]","(68804.286, 107701.748]",*
69686.32016979335,"(68804.286, 73267.267]","(65985.991, 71341.455]","(68804.286, 75783.339]","(63877.267, 73267.267]","(68804.286, 107701.748]",*
69689.62969838548,"(68804.286, 73267.267]","(65985.991, 71341.455]","(68804.286, 75783.339]","(63877.267, 73267.267]","(68804.286, 107701.748]",*
69692.47332595229,"(68804.286, 73267.267]","(65985.991, 71341.455]","(68804.286, 75783.339]","(63877.267, 73267.267]","(68804.286, 107701.748]",*
69699.51876567467,"(68804.286, 73267.267]","(65985.991, 71341.455]","(68804.286, 75783.339]","(63877.267, 73267.267]","(68804.286, 107701.748]",*
69700.74130890776,"(68804.286, 73267.267]","(65985.991, 71341.455]","(68804.286, 75783.339]","(63877.267, 73267.267]","(68804.286, 107701.748]",*
69711.90393321839,"(68804.286, 73267.267]","(65985.991, 71341.455]","(68804.286, 75783.339]","(63877.267, 73267.267]","(68804.286, 107701.748]",*
69729.60586266218,"(68804.286, 73267.267]","(65985.991, 71341.455]","(68804.286, 75783.339]","(63877.267, 73267.267]","(68804.286, 107701.748]",*
69753.28541924468,"(68804.286, 73267.267]","(65985.991, 71341.455]","(68804.286, 75783.339]","(63877.267, 73267.267]","(68804.286, 107701.748]",*
69789.32740035282,"(68804.286, 73267.267]","(65985.991, 71341.455]","(68804.286, 75783.339]","(63877.267, 73267.267]","(68804.286, 107701.748]",*
69799.15197609921,"(68804.286, 73267.267]","(65985.991, 71341.455]","(68804.286, 75783.339]","(63877.267, 73267.267]","(68804.286, 107701.748]",*
69799.54988199932,"(68804.286, 73267.267]","(65985.991, 71341.455]","(68804.286, 75783.339]","(63877.267, 73267.267]","(68804.286, 107701.748]",*
69801.45175741432,"(68804.286, 73267.267]","(65985.991, 71341.455]","(68804.286, 75783.339]","(63877.267, 73267.267]","(68804.286, 107701.748]",*
69807.72335554905,"(68804.286, 73267.267]","(65985.991, 71341.455]","(68804.286, 75783.339]","(63877.267, 73267.267]","(68804.286, 107701.748]",*
69835.56399576584,"(68804.286, 73267.267]","(65985.991, 71341.455]","(68804.286, 75783.339]","(63877.267, 73267.267]","(68804.286, 107701.748]",*
69840.26899738128,"(68804.286, 73267.267]","(65985.991, 71341.455]","(68804.286, 75783.339]","(63877.267, 73267.267]","(68804.286, 107701.748]",*
69845.23818676027,"(68804.286, 73267.267]","(65985.991, 71341.455]","(68804.286, 75783.339]","(63877.267, 73267.267]","(68804.286, 107701.748]",*
69851.7058069032,"(68804.286, 73267.267]","(65985.991, 71341.455]","(68804.286, 75783.339]","(63877.267, 73267.267]","(68804.286, 107701.748]",*
69853.42417806572,"(68804.286, 73267.267]","(65985.991, 71341.455]","(68804.286, 75783.339]","(63877.267, 73267.267]","(68804.286, 107701.748]",*
69866.02451160245,"(68804.286, 73267.267]","(65985.991, 71341.455]","(68804.286, 75783.339]","(63877.267, 73267.267]","(68804.286, 107701.748]",*
69874.81342345214,"(68804.286, 73267.267]","(65985.991, 71341.455]","(68804.286, 75783.339]","(63877.267, 73267.267]","(68804.286, 107701.748]",*
69876.35717407223,"(68804.286, 73267.267]","(65985.991, 71341.455]","(68804.286, 75783.339]","(63877.267, 73267.267]","(68804.286, 107701.748]",*
69876.39825207094,"(68804.286, 73267.267]","(65985.991, 71341.455]","(68804.286, 75783.339]","(63877.267, 73267.267]","(68804.286, 107701.748]",*
69878.7741990808,"(68804.286, 73267.267]","(65985.991, 71341.455]","(68804.286, 75783.339]","(63877.267, 73267.267]","(68804.286, 107701.748]",*
69882.2739259536,"(68804.286, 73267.267]","(65985.991, 71341.455]","(68804.286, 75783.339]","(63877.267, 73267.267]","(68804.286, 107701.748]",*
69886.44882372546,"(68804.286, 73267.267]","(65985.991, 71341.455]","(68804.286, 75783.339]","(63877.267, 73267.267]","(68804.286, 107701.748]",*
69896.51919414403,"(68804.286, 73267.267]","(65985.991, 71341.455]","(68804.286, 75783.339]","(63877.267, 73267.267]","(68804.286, 107701.748]",*
69900.13395920537,"(68804.286, 73267.267]","(65985.991, 71341.455]","(68804.286, 75783.339]","(63877.267, 73267.267]","(68804.286, 107701.748]",*
69906.31966349926,"(68804.286, 73267.267]","(65985.991, 71341.455]","(68804.286, 75783.339]","(63877.267, 73267.267]","(68804.286, 107701.748]",*
69909.07865569185,"(68804.286, 73267.267]","(65985.991, 71341.455]","(68804.286, 75783.339]","(63877.267, 73267.267]","(68804.286, 107701.748]",*
69910.85188390661,"(68804.286, 73267.267]","(65985.991, 71341.455]","(68804.286, 75783.339]","(63877.267, 73267.267]","(68804.286, 107701.748]",*
69916.80939492985,"(68804.286, 73267.267]","(65985.991, 71341.455]","(68804.286, 75783.339]","(63877.267, 73267.267]","(68804.286, 107701.748]",*
69918.44185504262,"(68804.286, 73267.267]","(65985.991, 71341.455]","(68804.286, 75783.339]","(63877.267, 73267.267]","(68804.286, 107701.748]",*
69923.34866575833,"(68804.286, 73267.267]","(65985.991, 71341.455]","(68804.286, 75783.339]","(63877.267, 73267.267]","(68804.286, 107701.748]",*
69931.40110039002,"(68804.286, 73267.267]","(65985.991, 71341.455]","(68804.286, 75783.339]","(63877.267, 73267.267]","(68804.286, 107701.748]",*
69945.46179710116,"(68804.286, 73267.267]","(65985.991, 71341.455]","(68804.286, 75783.339]","(63877.267, 73267.267]","(68804.286, 107701.748]",*
69949.35407378765,"(68804.286, 73267.267]","(65985.991, 71341.455]","(68804.286, 75783.339]","(63877.267, 73267.267]","(68804.286, 107701.748]",*
69949.68724368716,"(68804.286, 73267.267]","(65985.991, 71341.455]","(68804.286, 75783.339]","(63877.267, 73267.267]","(68804.286, 107701.748]",*
69950.96252497884,"(68804.286, 73267.267]","(65985.991, 71341.455]","(68804.286, 75783.339]","(63877.267, 73267.267]","(68804.286, 107701.748]",*
69956.75188256106,"(68804.286, 73267.267]","(65985.991, 71341.455]","(68804.286, 75783.339]","(63877.267, 73267.267]","(68804.286, 107701.748]",*
69970.31801009917,"(68804.286, 73267.267]","(65985.991, 71341.455]","(68804.286, 75783.339]","(63877.267, 73267.267]","(68804.286, 107701.748]",*
69972.85224982894,"(68804.286, 73267.267]","(65985.991, 71341.455]","(68804.286, 75783.339]","(63877.267, 73267.267]","(68804.286, 107701.748]",*
69993.9633224381,"(68804.286, 73267.267]","(65985.991, 71341.455]","(68804.286, 75783.339]","(63877.267, 73267.267]","(68804.286, 107701.748]",*
70005.69443173909,"(68804.286, 73267.267]","(65985.991, 71341.455]","(68804.286, 75783.339]","(63877.267, 73267.267]","(68804.286, 107701.748]",*
70005.85362109821,"(68804.286, 73267.267]","(65985.991, 71341.455]","(68804.286, 75783.339]","(63877.267, 73267.267]","(68804.286, 107701.748]",*
70021.1615337363,"(68804.286, 73267.267]","(65985.991, 71341.455]","(68804.286, 75783.339]","(63877.267, 73267.267]","(68804.286, 107701.748]",*
70021.88143017597,"(68804.286, 73267.267]","(65985.991, 71341.455]","(68804.286, 75783.339]","(63877.267, 73267.267]","(68804.286, 107701.748]",*
70026.92524651324,"(68804.286, 73267.267]","(65985.991, 71341.455]","(68804.286, 75783.339]","(63877.267, 73267.267]","(68804.286, 107701.748]",*
70027.6471288086,"(68804.286, 73267.267]","(65985.991, 71341.455]","(68804.286, 75783.339]","(63877.267, 73267.267]","(68804.286, 107701.748]",*
70029.50970987263,"(68804.286, 73267.267]","(65985.991, 71341.455]","(68804.286, 75783.339]","(63877.267, 73267.267]","(68804.286, 107701.748]",*
70030.02061169033,"(68804.286, 73267.267]","(65985.991, 71341.455]","(68804.286, 75783.339]","(63877.267, 73267.267]","(68804.286, 107701.748]",*
70031.27303785269,"(68804.286, 73267.267]","(65985.991, 71341.455]","(68804.286, 75783.339]","(63877.267, 73267.267]","(68804.286, 107701.748]",*
70036.30431037993,"(68804.286, 73267.267]","(65985.991, 71341.455]","(68804.286, 75783.339]","(63877.267, 73267.267]","(68804.286, 107701.748]",*
70036.83153432561,"(68804.286, 73267.267]","(65985.991, 71341.455]","(68804.286, 75783.339]","(63877.267, 73267.267]","(68804.286, 107701.748]",*
70064.23657852202,"(68804.286, 73267.267]","(65985.991, 71341.455]","(68804.286, 75783.339]","(63877.267, 73267.267]","(68804.286, 107701.748]",*
70072.52185568771,"(68804.286, 73267.267]","(65985.991, 71341.455]","(68804.286, 75783.339]","(63877.267, 73267.267]","(68804.286, 107701.748]",*
70073.50299253473,"(68804.286, 73267.267]","(65985.991, 71341.455]","(68804.286, 75783.339]","(63877.267, 73267.267]","(68804.286, 107701.748]",*
70080.62755682306,"(68804.286, 73267.267]","(65985.991, 71341.455]","(68804.286, 75783.339]","(63877.267, 73267.267]","(68804.286, 107701.748]",*
70085.94760366887,"(68804.286, 73267.267]","(65985.991, 71341.455]","(68804.286, 75783.339]","(63877.267, 73267.267]","(68804.286, 107701.748]",*
70087.56612912437,"(68804.286, 73267.267]","(65985.991, 71341.455]","(68804.286, 75783.339]","(63877.267, 73267.267]","(68804.286, 107701.748]",*
70090.32108707106,"(68804.286, 73267.267]","(65985.991, 71341.455]","(68804.286, 75783.339]","(63877.267, 73267.267]","(68804.286, 107701.748]",*
70091.56059072293,"(68804.286, 73267.267]","(65985.991, 71341.455]","(68804.286, 75783.339]","(63877.267, 73267.267]","(68804.286, 107701.748]",*
70102.72634479968,"(68804.286, 73267.267]","(65985.991, 71341.455]","(68804.286, 75783.339]","(63877.267, 73267.267]","(68804.286, 107701.748]",*
70124.38688151218,"(68804.286, 73267.267]","(65985.991, 71341.455]","(68804.286, 75783.339]","(63877.267, 73267.267]","(68804.286, 107701.748]",*
70125.76584303078,"(68804.286, 73267.267]","(65985.991, 71341.455]","(68804.286, 75783.339]","(63877.267, 73267.267]","(68804.286, 107701.748]",*
70126.14994577461,"(68804.286, 73267.267]","(65985.991, 71341.455]","(68804.286, 75783.339]","(63877.267, 73267.267]","(68804.286, 107701.748]",*
70130.4079410266,"(68804.286, 73267.267]","(65985.991, 71341.455]","(68804.286, 75783.339]","(63877.267, 73267.267]","(68804.286, 107701.748]",*
70130.56062519428,"(68804.286, 73267.267]","(65985.991, 71341.455]","(68804.286, 75783.339]","(63877.267, 73267.267]","(68804.286, 107701.748]",*
70138.51255772641,"(68804.286, 73267.267]","(65985.991, 71341.455]","(68804.286, 75783.339]","(63877.267, 73267.267]","(68804.286, 107701.748]",*
70138.53362094196,"(68804.286, 73267.267]","(65985.991, 71341.455]","(68804.286, 75783.339]","(63877.267, 73267.267]","(68804.286, 107701.748]",*
70151.08661180457,"(68804.286, 73267.267]","(65985.991, 71341.455]","(68804.286, 75783.339]","(63877.267, 73267.267]","(68804.286, 107701.748]",*
70153.70128941837,"(68804.286, 73267.267]","(65985.991, 71341.455]","(68804.286, 75783.339]","(63877.267, 73267.267]","(68804.286, 107701.748]",*
70153.87583253485,"(68804.286, 73267.267]","(65985.991, 71341.455]","(68804.286, 75783.339]","(63877.267, 73267.267]","(68804.286, 107701.748]",*
70161.33285318223,"(68804.286, 73267.267]","(65985.991, 71341.455]","(68804.286, 75783.339]","(63877.267, 73267.267]","(68804.286, 107701.748]",*
70169.71055196793,"(68804.286, 73267.267]","(65985.991, 71341.455]","(68804.286, 75783.339]","(63877.267, 73267.267]","(68804.286, 107701.748]",*
70185.74428219849,"(68804.286, 73267.267]","(65985.991, 71341.455]","(68804.286, 75783.339]","(63877.267, 73267.267]","(68804.286, 107701.748]",*
70189.00591076643,"(68804.286, 73267.267]","(65985.991, 71341.455]","(68804.286, 75783.339]","(63877.267, 73267.267]","(68804.286, 107701.748]",*
70190.79644494488,"(68804.286, 73267.267]","(65985.991, 71341.455]","(68804.286, 75783.339]","(63877.267, 73267.267]","(68804.286, 107701.748]",*
70193.33979494288,"(68804.286, 73267.267]","(65985.991, 71341.455]","(68804.286, 75783.339]","(63877.267, 73267.267]","(68804.286, 107701.748]",*
70194.5721072069,"(68804.286, 73267.267]","(65985.991, 71341.455]","(68804.286, 75783.339]","(63877.267, 73267.267]","(68804.286, 107701.748]",*
70203.60017692938,"(68804.286, 73267.267]","(65985.991, 71341.455]","(68804.286, 75783.339]","(63877.267, 73267.267]","(68804.286, 107701.748]",*
70204.38624956246,"(68804.286, 73267.267]","(65985.991, 71341.455]","(68804.286, 75783.339]","(63877.267, 73267.267]","(68804.286, 107701.748]",*
70205.7215394983,"(68804.286, 73267.267]","(65985.991, 71341.455]","(68804.286, 75783.339]","(63877.267, 73267.267]","(68804.286, 107701.748]",*
70213.64600245218,"(68804.286, 73267.267]","(65985.991, 71341.455]","(68804.286, 75783.339]","(63877.267, 73267.267]","(68804.286, 107701.748]",*
70217.78034648858,"(68804.286, 73267.267]","(65985.991, 71341.455]","(68804.286, 75783.339]","(63877.267, 73267.267]","(68804.286, 107701.748]",*
70219.69037020477,"(68804.286, 73267.267]","(65985.991, 71341.455]","(68804.286, 75783.339]","(63877.267, 73267.267]","(68804.286, 107701.748]",*
70220.04442747017,"(68804.286, 73267.267]","(65985.991, 71341.455]","(68804.286, 75783.339]","(63877.267, 73267.267]","(68804.286, 107701.748]",*
70221.36201545339,"(68804.286, 73267.267]","(65985.991, 71341.455]","(68804.286, 75783.339]","(63877.267, 73267.267]","(68804.286, 107701.748]",*
70224.32049821432,"(68804.286, 73267.267]","(65985.991, 71341.455]","(68804.286, 75783.339]","(63877.267, 73267.267]","(68804.286, 107701.748]",*
70224.58213433396,"(68804.286, 73267.267]","(65985.991, 71341.455]","(68804.286, 75783.339]","(63877.267, 73267.267]","(68804.286, 107701.748]",*
70229.01584468901,"(68804.286, 73267.267]","(65985.991, 71341.455]","(68804.286, 75783.339]","(63877.267, 73267.267]","(68804.286, 107701.748]",*
70243.4351208891,"(68804.286, 73267.267]","(65985.991, 71341.455]","(68804.286, 75783.339]","(63877.267, 73267.267]","(68804.286, 107701.748]",*
70250.5687540925,"(68804.286, 73267.267]","(65985.991, 71341.455]","(68804.286, 75783.339]","(63877.267, 73267.267]","(68804.286, 107701.748]",*
70256.36020903348,"(68804.286, 73267.267]","(65985.991, 71341.455]","(68804.286, 75783.339]","(63877.267, 73267.267]","(68804.286, 107701.748]",*
70259.06839222697,"(68804.286, 73267.267]","(65985.991, 71341.455]","(68804.286, 75783.339]","(63877.267, 73267.267]","(68804.286, 107701.748]",*
70268.39878759008,"(68804.286, 73267.267]","(65985.991, 71341.455]","(68804.286, 75783.339]","(63877.267, 73267.267]","(68804.286, 107701.748]",*
70271.10419486102,"(68804.286, 73267.267]","(65985.991, 71341.455]","(68804.286, 75783.339]","(63877.267, 73267.267]","(68804.286, 107701.748]",*
70276.29632737621,"(68804.286, 73267.267]","(65985.991, 71341.455]","(68804.286, 75783.339]","(63877.267, 73267.267]","(68804.286, 107701.748]",*
70276.40492365975,"(68804.286, 73267.267]","(65985.991, 71341.455]","(68804.286, 75783.339]","(63877.267, 73267.267]","(68804.286, 107701.748]",*
70280.36135172554,"(68804.286, 73267.267]","(65985.991, 71341.455]","(68804.286, 75783.339]","(63877.267, 73267.267]","(68804.286, 107701.748]",*
70280.68819235449,"(68804.286, 73267.267]","(65985.991, 71341.455]","(68804.286, 75783.339]","(63877.267, 73267.267]","(68804.286, 107701.748]",*
70298.13951942167,"(68804.286, 73267.267]","(65985.991, 71341.455]","(68804.286, 75783.339]","(63877.267, 73267.267]","(68804.286, 107701.748]",*
70299.01630348907,"(68804.286, 73267.267]","(65985.991, 71341.455]","(68804.286, 75783.339]","(63877.267, 73267.267]","(68804.286, 107701.748]",*
70301.23793541756,"(68804.286, 73267.267]","(65985.991, 71341.455]","(68804.286, 75783.339]","(63877.267, 73267.267]","(68804.286, 107701.748]",*
70306.67990112561,"(68804.286, 73267.267]","(65985.991, 71341.455]","(68804.286, 75783.339]","(63877.267, 73267.267]","(68804.286, 107701.748]",*
70309.3068157357,"(68804.286, 73267.267]","(65985.991, 71341.455]","(68804.286, 75783.339]","(63877.267, 73267.267]","(68804.286, 107701.748]",*
70315.42926506118,"(68804.286, 73267.267]","(65985.991, 71341.455]","(68804.286, 75783.339]","(63877.267, 73267.267]","(68804.286, 107701.748]",*
70323.10328996276,"(68804.286, 73267.267]","(65985.991, 71341.455]","(68804.286, 75783.339]","(63877.267, 73267.267]","(68804.286, 107701.748]",*
70329.40988431938,"(68804.286, 73267.267]","(65985.991, 71341.455]","(68804.286, 75783.339]","(63877.267, 73267.267]","(68804.286, 107701.748]",*
70333.46047505629,"(68804.286, 73267.267]","(65985.991, 71341.455]","(68804.286, 75783.339]","(63877.267, 73267.267]","(68804.286, 107701.748]",*
70342.67105478283,"(68804.286, 73267.267]","(65985.991, 71341.455]","(68804.286, 75783.339]","(63877.267, 73267.267]","(68804.286, 107701.748]",*
70355.77480836824,"(68804.286, 73267.267]","(65985.991, 71341.455]","(68804.286, 75783.339]","(63877.267, 73267.267]","(68804.286, 107701.748]",*
70363.58025294676,"(68804.286, 73267.267]","(65985.991, 71341.455]","(68804.286, 75783.339]","(63877.267, 73267.267]","(68804.286, 107701.748]",*
70365.51451204001,"(68804.286, 73267.267]","(65985.991, 71341.455]","(68804.286, 75783.339]","(63877.267, 73267.267]","(68804.286, 107701.748]",*
70370.50367711937,"(68804.286, 73267.267]","(65985.991, 71341.455]","(68804.286, 75783.339]","(63877.267, 73267.267]","(68804.286, 107701.748]",*
70374.6530553593,"(68804.286, 73267.267]","(65985.991, 71341.455]","(68804.286, 75783.339]","(63877.267, 73267.267]","(68804.286, 107701.748]",*
70378.49162907043,"(68804.286, 73267.267]","(65985.991, 71341.455]","(68804.286, 75783.339]","(63877.267, 73267.267]","(68804.286, 107701.748]",*
70394.95155020307,"(68804.286, 73267.267]","(65985.991, 71341.455]","(68804.286, 75783.339]","(63877.267, 73267.267]","(68804.286, 107701.748]",*
70404.49610371923,"(68804.286, 73267.267]","(65985.991, 71341.455]","(68804.286, 75783.339]","(63877.267, 73267.267]","(68804.286, 107701.748]",*
70421.4764876077,"(68804.286, 73267.267]","(65985.991, 71341.455]","(68804.286, 75783.339]","(63877.267, 73267.267]","(68804.286, 107701.748]",*
70422.29342221883,"(68804.286, 73267.267]","(65985.991, 71341.455]","(68804.286, 75783.339]","(63877.267, 73267.267]","(68804.286, 107701.748]",*
70438.39363061765,"(68804.286, 73267.267]","(65985.991, 71341.455]","(68804.286, 75783.339]","(63877.267, 73267.267]","(68804.286, 107701.748]",*
70444.46273278874,"(68804.286, 73267.267]","(65985.991, 71341.455]","(68804.286, 75783.339]","(63877.267, 73267.267]","(68804.286, 107701.748]",*
70472.79237843532,"(68804.286, 73267.267]","(65985.991, 71341.455]","(68804.286, 75783.339]","(63877.267, 73267.267]","(68804.286, 107701.748]",*
70486.89974758256,"(68804.286, 73267.267]","(65985.991, 71341.455]","(68804.286, 75783.339]","(63877.267, 73267.267]","(68804.286, 107701.748]",*
70488.78280531155,"(68804.286, 73267.267]","(65985.991, 71341.455]","(68804.286, 75783.339]","(63877.267, 73267.267]","(68804.286, 107701.748]",*
70489.29299690784,"(68804.286, 73267.267]","(65985.991, 71341.455]","(68804.286, 75783.339]","(63877.267, 73267.267]","(68804.286, 107701.748]",*
70506.22247025804,"(68804.286, 73267.267]","(65985.991, 71341.455]","(68804.286, 75783.339]","(63877.267, 73267.267]","(68804.286, 107701.748]",*
70507.74701904645,"(68804.286, 73267.267]","(65985.991, 71341.455]","(68804.286, 75783.339]","(63877.267, 73267.267]","(68804.286, 107701.748]",*
70513.21223938587,"(68804.286, 73267.267]","(65985.991, 71341.455]","(68804.286, 75783.339]","(63877.267, 73267.267]","(68804.286, 107701.748]",*
70514.4257374634,"(68804.286, 73267.267]","(65985.991, 71341.455]","(68804.286, 75783.339]","(63877.267, 73267.267]","(68804.286, 107701.748]",*
70520.2727826636,"(68804.286, 73267.267]","(65985.991, 71341.455]","(68804.286, 75783.339]","(63877.267, 73267.267]","(68804.286, 107701.748]",*
70543.06722071178,"(68804.286, 73267.267]","(65985.991, 71341.455]","(68804.286, 75783.339]","(63877.267, 73267.267]","(68804.286, 107701.748]",*
70552.560277638,"(68804.286, 73267.267]","(65985.991, 71341.455]","(68804.286, 75783.339]","(63877.267, 73267.267]","(68804.286, 107701.748]",*
70553.46367319796,"(68804.286, 73267.267]","(65985.991, 71341.455]","(68804.286, 75783.339]","(63877.267, 73267.267]","(68804.286, 107701.748]",*
70553.92422449804,"(68804.286, 73267.267]","(65985.991, 71341.455]","(68804.286, 75783.339]","(63877.267, 73267.267]","(68804.286, 107701.748]",*
70558.83906865657,"(68804.286, 73267.267]","(65985.991, 71341.455]","(68804.286, 75783.339]","(63877.267, 73267.267]","(68804.286, 107701.748]",*
70561.55882280825,"(68804.286, 73267.267]","(65985.991, 71341.455]","(68804.286, 75783.339]","(63877.267, 73267.267]","(68804.286, 107701.748]",*
70562.35850589706,"(68804.286, 73267.267]","(65985.991, 71341.455]","(68804.286, 75783.339]","(63877.267, 73267.267]","(68804.286, 107701.748]",*
70564.46383656282,"(68804.286, 73267.267]","(65985.991, 71341.455]","(68804.286, 75783.339]","(63877.267, 73267.267]","(68804.286, 107701.748]",*
70564.72034744332,"(68804.286, 73267.267]","(65985.991, 71341.455]","(68804.286, 75783.339]","(63877.267, 73267.267]","(68804.286, 107701.748]",*
70564.86257638421,"(68804.286, 73267.267]","(65985.991, 71341.455]","(68804.286, 75783.339]","(63877.267, 73267.267]","(68804.286, 107701.748]",*
70580.43788857762,"(68804.286, 73267.267]","(65985.991, 71341.455]","(68804.286, 75783.339]","(63877.267, 73267.267]","(68804.286, 107701.748]",*
70586.59588864626,"(68804.286, 73267.267]","(65985.991, 71341.455]","(68804.286, 75783.339]","(63877.267, 73267.267]","(68804.286, 107701.748]",*
70591.17424288276,"(68804.286, 73267.267]","(65985.991, 71341.455]","(68804.286, 75783.339]","(63877.267, 73267.267]","(68804.286, 107701.748]",*
70594.15766407148,"(68804.286, 73267.267]","(65985.991, 71341.455]","(68804.286, 75783.339]","(63877.267, 73267.267]","(68804.286, 107701.748]",*
70596.85094545821,"(68804.286, 73267.267]","(65985.991, 71341.455]","(68804.286, 75783.339]","(63877.267, 73267.267]","(68804.286, 107701.748]",*
70602.25967010415,"(68804.286, 73267.267]","(65985.991, 71341.455]","(68804.286, 75783.339]","(63877.267, 73267.267]","(68804.286, 107701.748]",*
70604.49032720804,"(68804.286, 73267.267]","(65985.991, 71341.455]","(68804.286, 75783.339]","(63877.267, 73267.267]","(68804.286, 107701.748]",*
70607.28270871463,"(68804.286, 73267.267]","(65985.991, 71341.455]","(68804.286, 75783.339]","(63877.267, 73267.267]","(68804.286, 107701.748]",*
70608.37229447375,"(68804.286, 73267.267]","(65985.991, 71341.455]","(68804.286, 75783.339]","(63877.267, 73267.267]","(68804.286, 107701.748]",*
70614.71712042703,"(68804.286, 73267.267]","(65985.991, 71341.455]","(68804.286, 75783.339]","(63877.267, 73267.267]","(68804.286, 107701.748]",*
70618.26890346123,"(68804.286, 73267.267]","(65985.991, 71341.455]","(68804.286, 75783.339]","(63877.267, 73267.267]","(68804.286, 107701.748]",*
70619.16696646326,"(68804.286, 73267.267]","(65985.991, 71341.455]","(68804.286, 75783.339]","(63877.267, 73267.267]","(68804.286, 107701.748]",*
70627.73589828463,"(68804.286, 73267.267]","(65985.991, 71341.455]","(68804.286, 75783.339]","(63877.267, 73267.267]","(68804.286, 107701.748]",*
70632.60722277718,"(68804.286, 73267.267]","(65985.991, 71341.455]","(68804.286, 75783.339]","(63877.267, 73267.267]","(68804.286, 107701.748]",*
70643.17930953584,"(68804.286, 73267.267]","(65985.991, 71341.455]","(68804.286, 75783.339]","(63877.267, 73267.267]","(68804.286, 107701.748]",*
70651.68513923505,"(68804.286, 73267.267]","(65985.991, 71341.455]","(68804.286, 75783.339]","(63877.267, 73267.267]","(68804.286, 107701.748]",*
70657.39833482323,"(68804.286, 73267.267]","(65985.991, 71341.455]","(68804.286, 75783.339]","(63877.267, 73267.267]","(68804.286, 107701.748]",*
70658.46101851447,"(68804.286, 73267.267]","(65985.991, 71341.455]","(68804.286, 75783.339]","(63877.267, 73267.267]","(68804.286, 107701.748]",*
70670.58384342166,"(68804.286, 73267.267]","(65985.991, 71341.455]","(68804.286, 75783.339]","(63877.267, 73267.267]","(68804.286, 107701.748]",*
70670.87889394368,"(68804.286, 73267.267]","(65985.991, 71341.455]","(68804.286, 75783.339]","(63877.267, 73267.267]","(68804.286, 107701.748]",*
70673.84254351564,"(68804.286, 73267.267]","(65985.991, 71341.455]","(68804.286, 75783.339]","(63877.267, 73267.267]","(68804.286, 107701.748]",*
70689.36433873177,"(68804.286, 73267.267]","(65985.991, 71341.455]","(68804.286, 75783.339]","(63877.267, 73267.267]","(68804.286, 107701.748]",*
70692.37298794968,"(68804.286, 73267.267]","(65985.991, 71341.455]","(68804.286, 75783.339]","(63877.267, 73267.267]","(68804.286, 107701.748]",*
70696.01737278223,"(68804.286, 73267.267]","(65985.991, 71341.455]","(68804.286, 75783.339]","(63877.267, 73267.267]","(68804.286, 107701.748]",*
70696.40244940577,"(68804.286, 73267.267]","(65985.991, 71341.455]","(68804.286, 75783.339]","(63877.267, 73267.267]","(68804.286, 107701.748]",*
70698.54806011799,"(68804.286, 73267.267]","(65985.991, 71341.455]","(68804.286, 75783.339]","(63877.267, 73267.267]","(68804.286, 107701.748]",*
70698.78409003714,"(68804.286, 73267.267]","(65985.991, 71341.455]","(68804.286, 75783.339]","(63877.267, 73267.267]","(68804.286, 107701.748]",*
70713.64043311443,"(68804.286, 73267.267]","(65985.991, 71341.455]","(68804.286, 75783.339]","(63877.267, 73267.267]","(68804.286, 107701.748]",*
70716.54954468069,"(68804.286, 73267.267]","(65985.991, 71341.455]","(68804.286, 75783.339]","(63877.267, 73267.267]","(68804.286, 107701.748]",*
70719.52094885106,"(68804.286, 73267.267]","(65985.991, 71341.455]","(68804.286, 75783.339]","(63877.267, 73267.267]","(68804.286, 107701.748]",*
70720.29646304579,"(68804.286, 73267.267]","(65985.991, 71341.455]","(68804.286, 75783.339]","(63877.267, 73267.267]","(68804.286, 107701.748]",*
70739.46009573009,"(68804.286, 73267.267]","(65985.991, 71341.455]","(68804.286, 75783.339]","(63877.267, 73267.267]","(68804.286, 107701.748]",*
70743.19550733862,"(68804.286, 73267.267]","(65985.991, 71341.455]","(68804.286, 75783.339]","(63877.267, 73267.267]","(68804.286, 107701.748]",*
70745.90880476378,"(68804.286, 73267.267]","(65985.991, 71341.455]","(68804.286, 75783.339]","(63877.267, 73267.267]","(68804.286, 107701.748]",*
70754.59688403396,"(68804.286, 73267.267]","(65985.991, 71341.455]","(68804.286, 75783.339]","(63877.267, 73267.267]","(68804.286, 107701.748]",*
70759.85580379449,"(68804.286, 73267.267]","(65985.991, 71341.455]","(68804.286, 75783.339]","(63877.267, 73267.267]","(68804.286, 107701.748]",*
70763.24751076661,"(68804.286, 73267.267]","(65985.991, 71341.455]","(68804.286, 75783.339]","(63877.267, 73267.267]","(68804.286, 107701.748]",*
70763.42359718741,"(68804.286, 73267.267]","(65985.991, 71341.455]","(68804.286, 75783.339]","(63877.267, 73267.267]","(68804.286, 107701.748]",*
70767.3296633236,"(68804.286, 73267.267]","(65985.991, 71341.455]","(68804.286, 75783.339]","(63877.267, 73267.267]","(68804.286, 107701.748]",*
70775.43488415884,"(68804.286, 73267.267]","(65985.991, 71341.455]","(68804.286, 75783.339]","(63877.267, 73267.267]","(68804.286, 107701.748]",*
70784.05258278905,"(68804.286, 73267.267]","(65985.991, 71341.455]","(68804.286, 75783.339]","(63877.267, 73267.267]","(68804.286, 107701.748]",*
70791.51907439635,"(68804.286, 73267.267]","(65985.991, 71341.455]","(68804.286, 75783.339]","(63877.267, 73267.267]","(68804.286, 107701.748]",*
70793.71966575665,"(68804.286, 73267.267]","(65985.991, 71341.455]","(68804.286, 75783.339]","(63877.267, 73267.267]","(68804.286, 107701.748]",*
70795.29884922347,"(68804.286, 73267.267]","(65985.991, 71341.455]","(68804.286, 75783.339]","(63877.267, 73267.267]","(68804.286, 107701.748]",*
70799.77310582844,"(68804.286, 73267.267]","(65985.991, 71341.455]","(68804.286, 75783.339]","(63877.267, 73267.267]","(68804.286, 107701.748]",*
70805.61068360135,"(68804.286, 73267.267]","(65985.991, 71341.455]","(68804.286, 75783.339]","(63877.267, 73267.267]","(68804.286, 107701.748]",*
70817.39831213257,"(68804.286, 73267.267]","(65985.991, 71341.455]","(68804.286, 75783.339]","(63877.267, 73267.267]","(68804.286, 107701.748]",*
70825.69669707905,"(68804.286, 73267.267]","(65985.991, 71341.455]","(68804.286, 75783.339]","(63877.267, 73267.267]","(68804.286, 107701.748]",*
70829.57800838354,"(68804.286, 73267.267]","(65985.991, 71341.455]","(68804.286, 75783.339]","(63877.267, 73267.267]","(68804.286, 107701.748]",*
70834.02071071153,"(68804.286, 73267.267]","(65985.991, 71341.455]","(68804.286, 75783.339]","(63877.267, 73267.267]","(68804.286, 107701.748]",*
70836.01134647628,"(68804.286, 73267.267]","(65985.991, 71341.455]","(68804.286, 75783.339]","(63877.267, 73267.267]","(68804.286, 107701.748]",*
70839.3459756184,"(68804.286, 73267.267]","(65985.991, 71341.455]","(68804.286, 75783.339]","(63877.267, 73267.267]","(68804.286, 107701.748]",*
70841.99649001719,"(68804.286, 73267.267]","(65985.991, 71341.455]","(68804.286, 75783.339]","(63877.267, 73267.267]","(68804.286, 107701.748]",*
70842.2172001554,"(68804.286, 73267.267]","(65985.991, 71341.455]","(68804.286, 75783.339]","(63877.267, 73267.267]","(68804.286, 107701.748]",*
70844.20552108946,"(68804.286, 73267.267]","(65985.991, 71341.455]","(68804.286, 75783.339]","(63877.267, 73267.267]","(68804.286, 107701.748]",*
70848.78865873713,"(68804.286, 73267.267]","(65985.991, 71341.455]","(68804.286, 75783.339]","(63877.267, 73267.267]","(68804.286, 107701.748]",*
70850.13050242246,"(68804.286, 73267.267]","(65985.991, 71341.455]","(68804.286, 75783.339]","(63877.267, 73267.267]","(68804.286, 107701.748]",*
70850.16581531703,"(68804.286, 73267.267]","(65985.991, 71341.455]","(68804.286, 75783.339]","(63877.267, 73267.267]","(68804.286, 107701.748]",*
70850.39991983793,"(68804.286, 73267.267]","(65985.991, 71341.455]","(68804.286, 75783.339]","(63877.267, 73267.267]","(68804.286, 107701.748]",*
70851.59901259278,"(68804.286, 73267.267]","(65985.991, 71341.455]","(68804.286, 75783.339]","(63877.267, 73267.267]","(68804.286, 107701.748]",*
70866.71678758075,"(68804.286, 73267.267]","(65985.991, 71341.455]","(68804.286, 75783.339]","(63877.267, 73267.267]","(68804.286, 107701.748]",*
70872.17512078473,"(68804.286, 73267.267]","(65985.991, 71341.455]","(68804.286, 75783.339]","(63877.267, 73267.267]","(68804.286, 107701.748]",*
70877.19634405426,"(68804.286, 73267.267]","(65985.991, 71341.455]","(68804.286, 75783.339]","(63877.267, 73267.267]","(68804.286, 107701.748]",*
70877.37574291864,"(68804.286, 73267.267]","(65985.991, 71341.455]","(68804.286, 75783.339]","(63877.267, 73267.267]","(68804.286, 107701.748]",*
70879.908301065,"(68804.286, 73267.267]","(65985.991, 71341.455]","(68804.286, 75783.339]","(63877.267, 73267.267]","(68804.286, 107701.748]",*
70881.43560623728,"(68804.286, 73267.267]","(65985.991, 71341.455]","(68804.286, 75783.339]","(63877.267, 73267.267]","(68804.286, 107701.748]",*
70885.42081853643,"(68804.286, 73267.267]","(65985.991, 71341.455]","(68804.286, 75783.339]","(63877.267, 73267.267]","(68804.286, 107701.748]",*
70885.51170433697,"(68804.286, 73267.267]","(65985.991, 71341.455]","(68804.286, 75783.339]","(63877.267, 73267.267]","(68804.286, 107701.748]",*
70894.14113477801,"(68804.286, 73267.267]","(65985.991, 71341.455]","(68804.286, 75783.339]","(63877.267, 73267.267]","(68804.286, 107701.748]",*
70902.30486748338,"(68804.286, 73267.267]","(65985.991, 71341.455]","(68804.286, 75783.339]","(63877.267, 73267.267]","(68804.286, 107701.748]",*
70912.89172862061,"(68804.286, 73267.267]","(65985.991, 71341.455]","(68804.286, 75783.339]","(63877.267, 73267.267]","(68804.286, 107701.748]",*
70921.56856864705,"(68804.286, 73267.267]","(65985.991, 71341.455]","(68804.286, 75783.339]","(63877.267, 73267.267]","(68804.286, 107701.748]",*
70933.39880461908,"(68804.286, 73267.267]","(65985.991, 71341.455]","(68804.286, 75783.339]","(63877.267, 73267.267]","(68804.286, 107701.748]",*
70934.93726006128,"(68804.286, 73267.267]","(65985.991, 71341.455]","(68804.286, 75783.339]","(63877.267, 73267.267]","(68804.286, 107701.748]",*
70944.65344867787,"(68804.286, 73267.267]","(65985.991, 71341.455]","(68804.286, 75783.339]","(63877.267, 73267.267]","(68804.286, 107701.748]",*
70946.91098884349,"(68804.286, 73267.267]","(65985.991, 71341.455]","(68804.286, 75783.339]","(63877.267, 73267.267]","(68804.286, 107701.748]",*
70950.4299867153,"(68804.286, 73267.267]","(65985.991, 71341.455]","(68804.286, 75783.339]","(63877.267, 73267.267]","(68804.286, 107701.748]",*
70951.86811730615,"(68804.286, 73267.267]","(65985.991, 71341.455]","(68804.286, 75783.339]","(63877.267, 73267.267]","(68804.286, 107701.748]",*
70956.9997153261,"(68804.286, 73267.267]","(65985.991, 71341.455]","(68804.286, 75783.339]","(63877.267, 73267.267]","(68804.286, 107701.748]",*
70961.58131172307,"(68804.286, 73267.267]","(65985.991, 71341.455]","(68804.286, 75783.339]","(63877.267, 73267.267]","(68804.286, 107701.748]",*
70965.06765225787,"(68804.286, 73267.267]","(65985.991, 71341.455]","(68804.286, 75783.339]","(63877.267, 73267.267]","(68804.286, 107701.748]",*
70969.90210264188,"(68804.286, 73267.267]","(65985.991, 71341.455]","(68804.286, 75783.339]","(63877.267, 73267.267]","(68804.286, 107701.748]",*
70972.24050888182,"(68804.286, 73267.267]","(65985.991, 71341.455]","(68804.286, 75783.339]","(63877.267, 73267.267]","(68804.286, 107701.748]",*
70975.97109649476,"(68804.286, 73267.267]","(65985.991, 71341.455]","(68804.286, 75783.339]","(63877.267, 73267.267]","(68804.286, 107701.748]",*
70981.27868890861,"(68804.286, 73267.267]","(65985.991, 71341.455]","(68804.286, 75783.339]","(63877.267, 73267.267]","(68804.286, 107701.748]",*
70990.80491366566,"(68804.286, 73267.267]","(65985.991, 71341.455]","(68804.286, 75783.339]","(63877.267, 73267.267]","(68804.286, 107701.748]",*
71020.73745967781,"(68804.286, 73267.267]","(65985.991, 71341.455]","(68804.286, 75783.339]","(63877.267, 73267.267]","(68804.286, 107701.748]",*
71028.17589616719,"(68804.286, 73267.267]","(65985.991, 71341.455]","(68804.286, 75783.339]","(63877.267, 73267.267]","(68804.286, 107701.748]",*
71043.31324903708,"(68804.286, 73267.267]","(65985.991, 71341.455]","(68804.286, 75783.339]","(63877.267, 73267.267]","(68804.286, 107701.748]",*
71045.19192086741,"(68804.286, 73267.267]","(65985.991, 71341.455]","(68804.286, 75783.339]","(63877.267, 73267.267]","(68804.286, 107701.748]",*
71052.46166273355,"(68804.286, 73267.267]","(65985.991, 71341.455]","(68804.286, 75783.339]","(63877.267, 73267.267]","(68804.286, 107701.748]",*
71053.69195811628,"(68804.286, 73267.267]","(65985.991, 71341.455]","(68804.286, 75783.339]","(63877.267, 73267.267]","(68804.286, 107701.748]",*
71060.40601468351,"(68804.286, 73267.267]","(65985.991, 71341.455]","(68804.286, 75783.339]","(63877.267, 73267.267]","(68804.286, 107701.748]",*
71062.07956755254,"(68804.286, 73267.267]","(65985.991, 71341.455]","(68804.286, 75783.339]","(63877.267, 73267.267]","(68804.286, 107701.748]",*
71066.80865211024,"(68804.286, 73267.267]","(65985.991, 71341.455]","(68804.286, 75783.339]","(63877.267, 73267.267]","(68804.286, 107701.748]",*
71068.99611445106,"(68804.286, 73267.267]","(65985.991, 71341.455]","(68804.286, 75783.339]","(63877.267, 73267.267]","(68804.286, 107701.748]",*
71074.79940728465,"(68804.286, 73267.267]","(65985.991, 71341.455]","(68804.286, 75783.339]","(63877.267, 73267.267]","(68804.286, 107701.748]",*
71082.11277672213,"(68804.286, 73267.267]","(65985.991, 71341.455]","(68804.286, 75783.339]","(63877.267, 73267.267]","(68804.286, 107701.748]",*
71088.66890814947,"(68804.286, 73267.267]","(65985.991, 71341.455]","(68804.286, 75783.339]","(63877.267, 73267.267]","(68804.286, 107701.748]",*
71090.64684727768,"(68804.286, 73267.267]","(65985.991, 71341.455]","(68804.286, 75783.339]","(63877.267, 73267.267]","(68804.286, 107701.748]",*
71093.69196029415,"(68804.286, 73267.267]","(65985.991, 71341.455]","(68804.286, 75783.339]","(63877.267, 73267.267]","(68804.286, 107701.748]",*
71103.17572050508,"(68804.286, 73267.267]","(65985.991, 71341.455]","(68804.286, 75783.339]","(63877.267, 73267.267]","(68804.286, 107701.748]",*
71105.29155932335,"(68804.286, 73267.267]","(65985.991, 71341.455]","(68804.286, 75783.339]","(63877.267, 73267.267]","(68804.286, 107701.748]",*
71106.73804072522,"(68804.286, 73267.267]","(65985.991, 71341.455]","(68804.286, 75783.339]","(63877.267, 73267.267]","(68804.286, 107701.748]",*
71108.05396693217,"(68804.286, 73267.267]","(65985.991, 71341.455]","(68804.286, 75783.339]","(63877.267, 73267.267]","(68804.286, 107701.748]",*
71112.35029648067,"(68804.286, 73267.267]","(65985.991, 71341.455]","(68804.286, 75783.339]","(63877.267, 73267.267]","(68804.286, 107701.748]",*
71114.02234908435,"(68804.286, 73267.267]","(65985.991, 71341.455]","(68804.286, 75783.339]","(63877.267, 73267.267]","(68804.286, 107701.748]",*
71117.40594847302,"(68804.286, 73267.267]","(65985.991, 71341.455]","(68804.286, 75783.339]","(63877.267, 73267.267]","(68804.286, 107701.748]",*
71123.43281553731,"(68804.286, 73267.267]","(65985.991, 71341.455]","(68804.286, 75783.339]","(63877.267, 73267.267]","(68804.286, 107701.748]",*
71131.38105540088,"(68804.286, 73267.267]","(65985.991, 71341.455]","(68804.286, 75783.339]","(63877.267, 73267.267]","(68804.286, 107701.748]",*
71135.38992080452,"(68804.286, 73267.267]","(65985.991, 71341.455]","(68804.286, 75783.339]","(63877.267, 73267.267]","(68804.286, 107701.748]",*
71145.21270418004,"(68804.286, 73267.267]","(65985.991, 71341.455]","(68804.286, 75783.339]","(63877.267, 73267.267]","(68804.286, 107701.748]",*
71146.48932707794,"(68804.286, 73267.267]","(65985.991, 71341.455]","(68804.286, 75783.339]","(63877.267, 73267.267]","(68804.286, 107701.748]",*
71146.50804144409,"(68804.286, 73267.267]","(65985.991, 71341.455]","(68804.286, 75783.339]","(63877.267, 73267.267]","(68804.286, 107701.748]",*
71152.7561716621,"(68804.286, 73267.267]","(65985.991, 71341.455]","(68804.286, 75783.339]","(63877.267, 73267.267]","(68804.286, 107701.748]",*
71155.1399501188,"(68804.286, 73267.267]","(65985.991, 71341.455]","(68804.286, 75783.339]","(63877.267, 73267.267]","(68804.286, 107701.748]",*
71158.05819010707,"(68804.286, 73267.267]","(65985.991, 71341.455]","(68804.286, 75783.339]","(63877.267, 73267.267]","(68804.286, 107701.748]",*
71162.38124480445,"(68804.286, 73267.267]","(65985.991, 71341.455]","(68804.286, 75783.339]","(63877.267, 73267.267]","(68804.286, 107701.748]",*
71167.03414492463,"(68804.286, 73267.267]","(65985.991, 71341.455]","(68804.286, 75783.339]","(63877.267, 73267.267]","(68804.286, 107701.748]",*
71172.48906137358,"(68804.286, 73267.267]","(65985.991, 71341.455]","(68804.286, 75783.339]","(63877.267, 73267.267]","(68804.286, 107701.748]",*
71178.05105730184,"(68804.286, 73267.267]","(65985.991, 71341.455]","(68804.286, 75783.339]","(63877.267, 73267.267]","(68804.286, 107701.748]",*
71183.73750529332,"(68804.286, 73267.267]","(65985.991, 71341.455]","(68804.286, 75783.339]","(63877.267, 73267.267]","(68804.286, 107701.748]",*
71188.83351044313,"(68804.286, 73267.267]","(65985.991, 71341.455]","(68804.286, 75783.339]","(63877.267, 73267.267]","(68804.286, 107701.748]",*
71195.26283755674,"(68804.286, 73267.267]","(65985.991, 71341.455]","(68804.286, 75783.339]","(63877.267, 73267.267]","(68804.286, 107701.748]",*
71202.9569203271,"(68804.286, 73267.267]","(65985.991, 71341.455]","(68804.286, 75783.339]","(63877.267, 73267.267]","(68804.286, 107701.748]",*
71208.26930123424,"(68804.286, 73267.267]","(65985.991, 71341.455]","(68804.286, 75783.339]","(63877.267, 73267.267]","(68804.286, 107701.748]",*
71222.59783093719,"(68804.286, 73267.267]","(65985.991, 71341.455]","(68804.286, 75783.339]","(63877.267, 73267.267]","(68804.286, 107701.748]",*
71227.38881469192,"(68804.286, 73267.267]","(65985.991, 71341.455]","(68804.286, 75783.339]","(63877.267, 73267.267]","(68804.286, 107701.748]",*
71229.35796446473,"(68804.286, 73267.267]","(65985.991, 71341.455]","(68804.286, 75783.339]","(63877.267, 73267.267]","(68804.286, 107701.748]",*
71232.91398344806,"(68804.286, 73267.267]","(65985.991, 71341.455]","(68804.286, 75783.339]","(63877.267, 73267.267]","(68804.286, 107701.748]",*
71240.25164055484,"(68804.286, 73267.267]","(65985.991, 71341.455]","(68804.286, 75783.339]","(63877.267, 73267.267]","(68804.286, 107701.748]",*
71244.17074686576,"(68804.286, 73267.267]","(65985.991, 71341.455]","(68804.286, 75783.339]","(63877.267, 73267.267]","(68804.286, 107701.748]",*
71254.79956536977,"(68804.286, 73267.267]","(65985.991, 71341.455]","(68804.286, 75783.339]","(63877.267, 73267.267]","(68804.286, 107701.748]",*
71267.70624977183,"(68804.286, 73267.267]","(65985.991, 71341.455]","(68804.286, 75783.339]","(63877.267, 73267.267]","(68804.286, 107701.748]",*
71270.84203333054,"(68804.286, 73267.267]","(65985.991, 71341.455]","(68804.286, 75783.339]","(63877.267, 73267.267]","(68804.286, 107701.748]",*
71275.3148970881,"(68804.286, 73267.267]","(65985.991, 71341.455]","(68804.286, 75783.339]","(63877.267, 73267.267]","(68804.286, 107701.748]",*
71277.2684292701,"(68804.286, 73267.267]","(65985.991, 71341.455]","(68804.286, 75783.339]","(63877.267, 73267.267]","(68804.286, 107701.748]",*
71286.51244729891,"(68804.286, 73267.267]","(65985.991, 71341.455]","(68804.286, 75783.339]","(63877.267, 73267.267]","(68804.286, 107701.748]",*
71298.90667414536,"(68804.286, 73267.267]","(65985.991, 71341.455]","(68804.286, 75783.339]","(63877.267, 73267.267]","(68804.286, 107701.748]",*
71301.00706776923,"(68804.286, 73267.267]","(65985.991, 71341.455]","(68804.286, 75783.339]","(63877.267, 73267.267]","(68804.286, 107701.748]",*
71306.45729927486,"(68804.286, 73267.267]","(65985.991, 71341.455]","(68804.286, 75783.339]","(63877.267, 73267.267]","(68804.286, 107701.748]",*
71307.90298722478,"(68804.286, 73267.267]","(65985.991, 71341.455]","(68804.286, 75783.339]","(63877.267, 73267.267]","(68804.286, 107701.748]",*
71308.86038856805,"(68804.286, 73267.267]","(65985.991, 71341.455]","(68804.286, 75783.339]","(63877.267, 73267.267]","(68804.286, 107701.748]",*
71309.25017028641,"(68804.286, 73267.267]","(65985.991, 71341.455]","(68804.286, 75783.339]","(63877.267, 73267.267]","(68804.286, 107701.748]",*
71313.03133763613,"(68804.286, 73267.267]","(65985.991, 71341.455]","(68804.286, 75783.339]","(63877.267, 73267.267]","(68804.286, 107701.748]",*
71316.62465041465,"(68804.286, 73267.267]","(65985.991, 71341.455]","(68804.286, 75783.339]","(63877.267, 73267.267]","(68804.286, 107701.748]",*
71320.86779564744,"(68804.286, 73267.267]","(65985.991, 71341.455]","(68804.286, 75783.339]","(63877.267, 73267.267]","(68804.286, 107701.748]",*
71322.71325108483,"(68804.286, 73267.267]","(65985.991, 71341.455]","(68804.286, 75783.339]","(63877.267, 73267.267]","(68804.286, 107701.748]",*
71323.14013446175,"(68804.286, 73267.267]","(65985.991, 71341.455]","(68804.286, 75783.339]","(63877.267, 73267.267]","(68804.286, 107701.748]",*
71324.30444571162,"(68804.286, 73267.267]","(65985.991, 71341.455]","(68804.286, 75783.339]","(63877.267, 73267.267]","(68804.286, 107701.748]",*
71327.71760838272,"(68804.286, 73267.267]","(65985.991, 71341.455]","(68804.286, 75783.339]","(63877.267, 73267.267]","(68804.286, 107701.748]",*
71328.70444051376,"(68804.286, 73267.267]","(65985.991, 71341.455]","(68804.286, 75783.339]","(63877.267, 73267.267]","(68804.286, 107701.748]",*
71328.91388151943,"(68804.286, 73267.267]","(65985.991, 71341.455]","(68804.286, 75783.339]","(63877.267, 73267.267]","(68804.286, 107701.748]",*
71329.00273031463,"(68804.286, 73267.267]","(65985.991, 71341.455]","(68804.286, 75783.339]","(63877.267, 73267.267]","(68804.286, 107701.748]",*
71332.5530261133,"(68804.286, 73267.267]","(65985.991, 71341.455]","(68804.286, 75783.339]","(63877.267, 73267.267]","(68804.286, 107701.748]",*
71336.15008440008,"(68804.286, 73267.267]","(65985.991, 71341.455]","(68804.286, 75783.339]","(63877.267, 73267.267]","(68804.286, 107701.748]",*
71336.78027624289,"(68804.286, 73267.267]","(65985.991, 71341.455]","(68804.286, 75783.339]","(63877.267, 73267.267]","(68804.286, 107701.748]",*
71348.46737659562,"(68804.286, 73267.267]","(71341.455, 77412.749]","(68804.286, 75783.339]","(63877.267, 73267.267]","(68804.286, 107701.748]",*
71348.72651800103,"(68804.286, 73267.267]","(71341.455, 77412.749]","(68804.286, 75783.339]","(63877.267, 73267.267]","(68804.286, 107701.748]",*
71350.77627682306,"(68804.286, 73267.267]","(71341.455, 77412.749]","(68804.286, 75783.339]","(63877.267, 73267.267]","(68804.286, 107701.748]",*
71356.30273201472,"(68804.286, 73267.267]","(71341.455, 77412.749]","(68804.286, 75783.339]","(63877.267, 73267.267]","(68804.286, 107701.748]",*
71363.21381371014,"(68804.286, 73267.267]","(71341.455, 77412.749]","(68804.286, 75783.339]","(63877.267, 73267.267]","(68804.286, 107701.748]",*
71368.04401907847,"(68804.286, 73267.267]","(71341.455, 77412.749]","(68804.286, 75783.339]","(63877.267, 73267.267]","(68804.286, 107701.748]",*
71371.43363081018,"(68804.286, 73267.267]","(71341.455, 77412.749]","(68804.286, 75783.339]","(63877.267, 73267.267]","(68804.286, 107701.748]",*
71373.11518652992,"(68804.286, 73267.267]","(71341.455, 77412.749]","(68804.286, 75783.339]","(63877.267, 73267.267]","(68804.286, 107701.748]",*
71373.97903539959,"(68804.286, 73267.267]","(71341.455, 77412.749]","(68804.286, 75783.339]","(63877.267, 73267.267]","(68804.286, 107701.748]",*
71375.95176551284,"(68804.286, 73267.267]","(71341.455, 77412.749]","(68804.286, 75783.339]","(63877.267, 73267.267]","(68804.286, 107701.748]",*
71375.96616425527,"(68804.286, 73267.267]","(71341.455, 77412.749]","(68804.286, 75783.339]","(63877.267, 73267.267]","(68804.286, 107701.748]",*
71380.62142457017,"(68804.286, 73267.267]","(71341.455, 77412.749]","(68804.286, 75783.339]","(63877.267, 73267.267]","(68804.286, 107701.748]",*
71392.47388526525,"(68804.286, 73267.267]","(71341.455, 77412.749]","(68804.286, 75783.339]","(63877.267, 73267.267]","(68804.286, 107701.748]",*
71393.10376601151,"(68804.286, 73267.267]","(71341.455, 77412.749]","(68804.286, 75783.339]","(63877.267, 73267.267]","(68804.286, 107701.748]",*
71405.05933559398,"(68804.286, 73267.267]","(71341.455, 77412.749]","(68804.286, 75783.339]","(63877.267, 73267.267]","(68804.286, 107701.748]",*
71408.29574076342,"(68804.286, 73267.267]","(71341.455, 77412.749]","(68804.286, 75783.339]","(63877.267, 73267.267]","(68804.286, 107701.748]",*
71410.11092899053,"(68804.286, 73267.267]","(71341.455, 77412.749]","(68804.286, 75783.339]","(63877.267, 73267.267]","(68804.286, 107701.748]",*
71418.38193736311,"(68804.286, 73267.267]","(71341.455, 77412.749]","(68804.286, 75783.339]","(63877.267, 73267.267]","(68804.286, 107701.748]",*
71420.77509399093,"(68804.286, 73267.267]","(71341.455, 77412.749]","(68804.286, 75783.339]","(63877.267, 73267.267]","(68804.286, 107701.748]",*
71424.40600668853,"(68804.286, 73267.267]","(71341.455, 77412.749]","(68804.286, 75783.339]","(63877.267, 73267.267]","(68804.286, 107701.748]",*
71425.34861669173,"(68804.286, 73267.267]","(71341.455, 77412.749]","(68804.286, 75783.339]","(63877.267, 73267.267]","(68804.286, 107701.748]",*
71430.14215609663,"(68804.286, 73267.267]","(71341.455, 77412.749]","(68804.286, 75783.339]","(63877.267, 73267.267]","(68804.286, 107701.748]",*
71434.93306252258,"(68804.286, 73267.267]","(71341.455, 77412.749]","(68804.286, 75783.339]","(63877.267, 73267.267]","(68804.286, 107701.748]",*
71441.38889445207,"(68804.286, 73267.267]","(71341.455, 77412.749]","(68804.286, 75783.339]","(63877.267, 73267.267]","(68804.286, 107701.748]",*
71443.22364756696,"(68804.286, 73267.267]","(71341.455, 77412.749]","(68804.286, 75783.339]","(63877.267, 73267.267]","(68804.286, 107701.748]",*
71445.08457918133,"(68804.286, 73267.267]","(71341.455, 77412.749]","(68804.286, 75783.339]","(63877.267, 73267.267]","(68804.286, 107701.748]",*
71452.09168018027,"(68804.286, 73267.267]","(71341.455, 77412.749]","(68804.286, 75783.339]","(63877.267, 73267.267]","(68804.286, 107701.748]",*
71467.13015550697,"(68804.286, 73267.267]","(71341.455, 77412.749]","(68804.286, 75783.339]","(63877.267, 73267.267]","(68804.286, 107701.748]",*
71468.27169610963,"(68804.286, 73267.267]","(71341.455, 77412.749]","(68804.286, 75783.339]","(63877.267, 73267.267]","(68804.286, 107701.748]",*
71468.3504959454,"(68804.286, 73267.267]","(71341.455, 77412.749]","(68804.286, 75783.339]","(63877.267, 73267.267]","(68804.286, 107701.748]",*
71475.82648074065,"(68804.286, 73267.267]","(71341.455, 77412.749]","(68804.286, 75783.339]","(63877.267, 73267.267]","(68804.286, 107701.748]",*
71481.03492571937,"(68804.286, 73267.267]","(71341.455, 77412.749]","(68804.286, 75783.339]","(63877.267, 73267.267]","(68804.286, 107701.748]",*
71486.95568299232,"(68804.286, 73267.267]","(71341.455, 77412.749]","(68804.286, 75783.339]","(63877.267, 73267.267]","(68804.286, 107701.748]",*
71491.3810835551,"(68804.286, 73267.267]","(71341.455, 77412.749]","(68804.286, 75783.339]","(63877.267, 73267.267]","(68804.286, 107701.748]",*
71499.36518024388,"(68804.286, 73267.267]","(71341.455, 77412.749]","(68804.286, 75783.339]","(63877.267, 73267.267]","(68804.286, 107701.748]",*
71499.80664526345,"(68804.286, 73267.267]","(71341.455, 77412.749]","(68804.286, 75783.339]","(63877.267, 73267.267]","(68804.286, 107701.748]",*
71499.91565954227,"(68804.286, 73267.267]","(71341.455, 77412.749]","(68804.286, 75783.339]","(63877.267, 73267.267]","(68804.286, 107701.748]",*
71500.87164055192,"(68804.286, 73267.267]","(71341.455, 77412.749]","(68804.286, 75783.339]","(63877.267, 73267.267]","(68804.286, 107701.748]",*
71501.1388030428,"(68804.286, 73267.267]","(71341.455, 77412.749]","(68804.286, 75783.339]","(63877.267, 73267.267]","(68804.286, 107701.748]",*
71517.01424085675,"(68804.286, 73267.267]","(71341.455, 77412.749]","(68804.286, 75783.339]","(63877.267, 73267.267]","(68804.286, 107701.748]",*
71529.48250764735,"(68804.286, 73267.267]","(71341.455, 77412.749]","(68804.286, 75783.339]","(63877.267, 73267.267]","(68804.286, 107701.748]",*
71532.97910875722,"(68804.286, 73267.267]","(71341.455, 77412.749]","(68804.286, 75783.339]","(63877.267, 73267.267]","(68804.286, 107701.748]",*
71534.81598658643,"(68804.286, 73267.267]","(71341.455, 77412.749]","(68804.286, 75783.339]","(63877.267, 73267.267]","(68804.286, 107701.748]",*
71555.20941704174,"(68804.286, 73267.267]","(71341.455, 77412.749]","(68804.286, 75783.339]","(63877.267, 73267.267]","(68804.286, 107701.748]",*
71560.01988900668,"(68804.286, 73267.267]","(71341.455, 77412.749]","(68804.286, 75783.339]","(63877.267, 73267.267]","(68804.286, 107701.748]",*
71579.12640125254,"(68804.286, 73267.267]","(71341.455, 77412.749]","(68804.286, 75783.339]","(63877.267, 73267.267]","(68804.286, 107701.748]",*
71595.17728345886,"(68804.286, 73267.267]","(71341.455, 77412.749]","(68804.286, 75783.339]","(63877.267, 73267.267]","(68804.286, 107701.748]",*
71601.64105548908,"(68804.286, 73267.267]","(71341.455, 77412.749]","(68804.286, 75783.339]","(63877.267, 73267.267]","(68804.286, 107701.748]",*
71613.75150950918,"(68804.286, 73267.267]","(71341.455, 77412.749]","(68804.286, 75783.339]","(63877.267, 73267.267]","(68804.286, 107701.748]",*
71614.59305489378,"(68804.286, 73267.267]","(71341.455, 77412.749]","(68804.286, 75783.339]","(63877.267, 73267.267]","(68804.286, 107701.748]",*
71624.58536664362,"(68804.286, 73267.267]","(71341.455, 77412.749]","(68804.286, 75783.339]","(63877.267, 73267.267]","(68804.286, 107701.748]",*
71628.506435489,"(68804.286, 73267.267]","(71341.455, 77412.749]","(68804.286, 75783.339]","(63877.267, 73267.267]","(68804.286, 107701.748]",*
71635.47310063582,"(68804.286, 73267.267]","(71341.455, 77412.749]","(68804.286, 75783.339]","(63877.267, 73267.267]","(68804.286, 107701.748]",*
71639.29691297413,"(68804.286, 73267.267]","(71341.455, 77412.749]","(68804.286, 75783.339]","(63877.267, 73267.267]","(68804.286, 107701.748]",*
71642.46377505624,"(68804.286, 73267.267]","(71341.455, 77412.749]","(68804.286, 75783.339]","(63877.267, 73267.267]","(68804.286, 107701.748]",*
71650.45939904443,"(68804.286, 73267.267]","(71341.455, 77412.749]","(68804.286, 75783.339]","(63877.267, 73267.267]","(68804.286, 107701.748]",*
71663.05620048355,"(68804.286, 73267.267]","(71341.455, 77412.749]","(68804.286, 75783.339]","(63877.267, 73267.267]","(68804.286, 107701.748]",*
71663.29801005666,"(68804.286, 73267.267]","(71341.455, 77412.749]","(68804.286, 75783.339]","(63877.267, 73267.267]","(68804.286, 107701.748]",*
71663.87129316799,"(68804.286, 73267.267]","(71341.455, 77412.749]","(68804.286, 75783.339]","(63877.267, 73267.267]","(68804.286, 107701.748]",*
71668.30002639847,"(68804.286, 73267.267]","(71341.455, 77412.749]","(68804.286, 75783.339]","(63877.267, 73267.267]","(68804.286, 107701.748]",*
71670.44850025591,"(68804.286, 73267.267]","(71341.455, 77412.749]","(68804.286, 75783.339]","(63877.267, 73267.267]","(68804.286, 107701.748]",*
71676.06716283661,"(68804.286, 73267.267]","(71341.455, 77412.749]","(68804.286, 75783.339]","(63877.267, 73267.267]","(68804.286, 107701.748]",*
71677.30733032952,"(68804.286, 73267.267]","(71341.455, 77412.749]","(68804.286, 75783.339]","(63877.267, 73267.267]","(68804.286, 107701.748]",*
71684.09548729469,"(68804.286, 73267.267]","(71341.455, 77412.749]","(68804.286, 75783.339]","(63877.267, 73267.267]","(68804.286, 107701.748]",*
71701.8418033878,"(68804.286, 73267.267]","(71341.455, 77412.749]","(68804.286, 75783.339]","(63877.267, 73267.267]","(68804.286, 107701.748]",*
71713.79826282838,"(68804.286, 73267.267]","(71341.455, 77412.749]","(68804.286, 75783.339]","(63877.267, 73267.267]","(68804.286, 107701.748]",*
71714.70067643434,"(68804.286, 73267.267]","(71341.455, 77412.749]","(68804.286, 75783.339]","(63877.267, 73267.267]","(68804.286, 107701.748]",*
71717.19137078346,"(68804.286, 73267.267]","(71341.455, 77412.749]","(68804.286, 75783.339]","(63877.267, 73267.267]","(68804.286, 107701.748]",*
71717.86935173176,"(68804.286, 73267.267]","(71341.455, 77412.749]","(68804.286, 75783.339]","(63877.267, 73267.267]","(68804.286, 107701.748]",*
71721.42137723006,"(68804.286, 73267.267]","(71341.455, 77412.749]","(68804.286, 75783.339]","(63877.267, 73267.267]","(68804.286, 107701.748]",*
71735.97897219993,"(68804.286, 73267.267]","(71341.455, 77412.749]","(68804.286, 75783.339]","(63877.267, 73267.267]","(68804.286, 107701.748]",*
71739.61218172341,"(68804.286, 73267.267]","(71341.455, 77412.749]","(68804.286, 75783.339]","(63877.267, 73267.267]","(68804.286, 107701.748]",*
71743.48382252385,"(68804.286, 73267.267]","(71341.455, 77412.749]","(68804.286, 75783.339]","(63877.267, 73267.267]","(68804.286, 107701.748]",*
71758.58761708718,"(68804.286, 73267.267]","(71341.455, 77412.749]","(68804.286, 75783.339]","(63877.267, 73267.267]","(68804.286, 107701.748]",*
71769.85887506048,"(68804.286, 73267.267]","(71341.455, 77412.749]","(68804.286, 75783.339]","(63877.267, 73267.267]","(68804.286, 107701.748]",*
71776.61759587564,"(68804.286, 73267.267]","(71341.455, 77412.749]","(68804.286, 75783.339]","(63877.267, 73267.267]","(68804.286, 107701.748]",*
71778.0261758923,"(68804.286, 73267.267]","(71341.455, 77412.749]","(68804.286, 75783.339]","(63877.267, 73267.267]","(68804.286, 107701.748]",*
71784.01623646148,"(68804.286, 73267.267]","(71341.455, 77412.749]","(68804.286, 75783.339]","(63877.267, 73267.267]","(68804.286, 107701.748]",*
71784.47362488059,"(68804.286, 73267.267]","(71341.455, 77412.749]","(68804.286, 75783.339]","(63877.267, 73267.267]","(68804.286, 107701.748]",*
71786.92676076994,"(68804.286, 73267.267]","(71341.455, 77412.749]","(68804.286, 75783.339]","(63877.267, 73267.267]","(68804.286, 107701.748]",*
71792.28684957314,"(68804.286, 73267.267]","(71341.455, 77412.749]","(68804.286, 75783.339]","(63877.267, 73267.267]","(68804.286, 107701.748]",*
71793.86826126356,"(68804.286, 73267.267]","(71341.455, 77412.749]","(68804.286, 75783.339]","(63877.267, 73267.267]","(68804.286, 107701.748]",*
71795.85832907005,"(68804.286, 73267.267]","(71341.455, 77412.749]","(68804.286, 75783.339]","(63877.267, 73267.267]","(68804.286, 107701.748]",*
71798.4040301134,"(68804.286, 73267.267]","(71341.455, 77412.749]","(68804.286, 75783.339]","(63877.267, 73267.267]","(68804.286, 107701.748]",*
71799.86053364484,"(68804.286, 73267.267]","(71341.455, 77412.749]","(68804.286, 75783.339]","(63877.267, 73267.267]","(68804.286, 107701.748]",*
71806.3619496288,"(68804.286, 73267.267]","(71341.455, 77412.749]","(68804.286, 75783.339]","(63877.267, 73267.267]","(68804.286, 107701.748]",*
71813.75784204276,"(68804.286, 73267.267]","(71341.455, 77412.749]","(68804.286, 75783.339]","(63877.267, 73267.267]","(68804.286, 107701.748]",*
71816.25360876753,"(68804.286, 73267.267]","(71341.455, 77412.749]","(68804.286, 75783.339]","(63877.267, 73267.267]","(68804.286, 107701.748]",*
71816.27642579848,"(68804.286, 73267.267]","(71341.455, 77412.749]","(68804.286, 75783.339]","(63877.267, 73267.267]","(68804.286, 107701.748]",*
71824.15457547622,"(68804.286, 73267.267]","(71341.455, 77412.749]","(68804.286, 75783.339]","(63877.267, 73267.267]","(68804.286, 107701.748]",*
71830.74646203383,"(68804.286, 73267.267]","(71341.455, 77412.749]","(68804.286, 75783.339]","(63877.267, 73267.267]","(68804.286, 107701.748]",*
71833.17821139764,"(68804.286, 73267.267]","(71341.455, 77412.749]","(68804.286, 75783.339]","(63877.267, 73267.267]","(68804.286, 107701.748]",*
71833.87357938287,"(68804.286, 73267.267]","(71341.455, 77412.749]","(68804.286, 75783.339]","(63877.267, 73267.267]","(68804.286, 107701.748]",*
71843.75890388501,"(68804.286, 73267.267]","(71341.455, 77412.749]","(68804.286, 75783.339]","(63877.267, 73267.267]","(68804.286, 107701.748]",*
71850.31215975684,"(68804.286, 73267.267]","(71341.455, 77412.749]","(68804.286, 75783.339]","(63877.267, 73267.267]","(68804.286, 107701.748]",*
71857.57140891068,"(68804.286, 73267.267]","(71341.455, 77412.749]","(68804.286, 75783.339]","(63877.267, 73267.267]","(68804.286, 107701.748]",*
71868.45488517579,"(68804.286, 73267.267]","(71341.455, 77412.749]","(68804.286, 75783.339]","(63877.267, 73267.267]","(68804.286, 107701.748]",*
71893.42934261798,"(68804.286, 73267.267]","(71341.455, 77412.749]","(68804.286, 75783.339]","(63877.267, 73267.267]","(68804.286, 107701.748]",*
71893.47207708354,"(68804.286, 73267.267]","(71341.455, 77412.749]","(68804.286, 75783.339]","(63877.267, 73267.267]","(68804.286, 107701.748]",*
71901.33352668007,"(68804.286, 73267.267]","(71341.455, 77412.749]","(68804.286, 75783.339]","(63877.267, 73267.267]","(68804.286, 107701.748]",*
71902.80787818007,"(68804.286, 73267.267]","(71341.455, 77412.749]","(68804.286, 75783.339]","(63877.267, 73267.267]","(68804.286, 107701.748]",*
71905.13740603201,"(68804.286, 73267.267]","(71341.455, 77412.749]","(68804.286, 75783.339]","(63877.267, 73267.267]","(68804.286, 107701.748]",*
71915.14668577212,"(68804.286, 73267.267]","(71341.455, 77412.749]","(68804.286, 75783.339]","(63877.267, 73267.267]","(68804.286, 107701.748]",*
71918.66831565661,"(68804.286, 73267.267]","(71341.455, 77412.749]","(68804.286, 75783.339]","(63877.267, 73267.267]","(68804.286, 107701.748]",*
71920.06730495387,"(68804.286, 73267.267]","(71341.455, 77412.749]","(68804.286, 75783.339]","(63877.267, 73267.267]","(68804.286, 107701.748]",*
71920.67877719343,"(68804.286, 73267.267]","(71341.455, 77412.749]","(68804.286, 75783.339]","(63877.267, 73267.267]","(68804.286, 107701.748]",*
71922.83516873862,"(68804.286, 73267.267]","(71341.455, 77412.749]","(68804.286, 75783.339]","(63877.267, 73267.267]","(68804.286, 107701.748]",*
71930.60955322192,"(68804.286, 73267.267]","(71341.455, 77412.749]","(68804.286, 75783.339]","(63877.267, 73267.267]","(68804.286, 107701.748]",*
71938.00236740925,"(68804.286, 73267.267]","(71341.455, 77412.749]","(68804.286, 75783.339]","(63877.267, 73267.267]","(68804.286, 107701.748]",*
71939.3710407762,"(68804.286, 73267.267]","(71341.455, 77412.749]","(68804.286, 75783.339]","(63877.267, 73267.267]","(68804.286, 107701.748]",*
71946.5149869796,"(68804.286, 73267.267]","(71341.455, 77412.749]","(68804.286, 75783.339]","(63877.267, 73267.267]","(68804.286, 107701.748]",*
71965.6210309678,"(68804.286, 73267.267]","(71341.455, 77412.749]","(68804.286, 75783.339]","(63877.267, 73267.267]","(68804.286, 107701.748]",*
71967.92679880321,"(68804.286, 73267.267]","(71341.455, 77412.749]","(68804.286, 75783.339]","(63877.267, 73267.267]","(68804.286, 107701.748]",*
72000.91792776165,"(68804.286, 73267.267]","(71341.455, 77412.749]","(68804.286, 75783.339]","(63877.267, 73267.267]","(68804.286, 107701.748]",*
72006.81108661479,"(68804.286, 73267.267]","(71341.455, 77412.749]","(68804.286, 75783.339]","(63877.267, 73267.267]","(68804.286, 107701.748]",*
72007.4888035962,"(68804.286, 73267.267]","(71341.455, 77412.749]","(68804.286, 75783.339]","(63877.267, 73267.267]","(68804.286, 107701.748]",*
72009.19847289937,"(68804.286, 73267.267]","(71341.455, 77412.749]","(68804.286, 75783.339]","(63877.267, 73267.267]","(68804.286, 107701.748]",*
72010.79506939981,"(68804.286, 73267.267]","(71341.455, 77412.749]","(68804.286, 75783.339]","(63877.267, 73267.267]","(68804.286, 107701.748]",*
72029.31285513385,"(68804.286, 73267.267]","(71341.455, 77412.749]","(68804.286, 75783.339]","(63877.267, 73267.267]","(68804.286, 107701.748]",*
72055.68017220343,"(68804.286, 73267.267]","(71341.455, 77412.749]","(68804.286, 75783.339]","(63877.267, 73267.267]","(68804.286, 107701.748]",*
72079.17994097767,"(68804.286, 73267.267]","(71341.455, 77412.749]","(68804.286, 75783.339]","(63877.267, 73267.267]","(68804.286, 107701.748]",*
72083.34088447316,"(68804.286, 73267.267]","(71341.455, 77412.749]","(68804.286, 75783.339]","(63877.267, 73267.267]","(68804.286, 107701.748]",*
72095.4989835764,"(68804.286, 73267.267]","(71341.455, 77412.749]","(68804.286, 75783.339]","(63877.267, 73267.267]","(68804.286, 107701.748]",*
72096.85211189129,"(68804.286, 73267.267]","(71341.455, 77412.749]","(68804.286, 75783.339]","(63877.267, 73267.267]","(68804.286, 107701.748]",*
72099.66539036088,"(68804.286, 73267.267]","(71341.455, 77412.749]","(68804.286, 75783.339]","(63877.267, 73267.267]","(68804.286, 107701.748]",*
72102.19465049416,"(68804.286, 73267.267]","(71341.455, 77412.749]","(68804.286, 75783.339]","(63877.267, 73267.267]","(68804.286, 107701.748]",*
72102.55665351353,"(68804.286, 73267.267]","(71341.455, 77412.749]","(68804.286, 75783.339]","(63877.267, 73267.267]","(68804.286, 107701.748]",*
72107.42806883395,"(68804.286, 73267.267]","(71341.455, 77412.749]","(68804.286, 75783.339]","(63877.267, 73267.267]","(68804.286, 107701.748]",*
72110.50498821941,"(68804.286, 73267.267]","(71341.455, 77412.749]","(68804.286, 75783.339]","(63877.267, 73267.267]","(68804.286, 107701.748]",*
72117.83151603235,"(68804.286, 73267.267]","(71341.455, 77412.749]","(68804.286, 75783.339]","(63877.267, 73267.267]","(68804.286, 107701.748]",*
72119.15811690231,"(68804.286, 73267.267]","(71341.455, 77412.749]","(68804.286, 75783.339]","(63877.267, 73267.267]","(68804.286, 107701.748]",*
72120.35346836508,"(68804.286, 73267.267]","(71341.455, 77412.749]","(68804.286, 75783.339]","(63877.267, 73267.267]","(68804.286, 107701.748]",*
72121.3245615814,"(68804.286, 73267.267]","(71341.455, 77412.749]","(68804.286, 75783.339]","(63877.267, 73267.267]","(68804.286, 107701.748]",*
72124.77145870804,"(68804.286, 73267.267]","(71341.455, 77412.749]","(68804.286, 75783.339]","(63877.267, 73267.267]","(68804.286, 107701.748]",*
72137.83744039234,"(68804.286, 73267.267]","(71341.455, 77412.749]","(68804.286, 75783.339]","(63877.267, 73267.267]","(68804.286, 107701.748]",*
72138.87048244949,"(68804.286, 73267.267]","(71341.455, 77412.749]","(68804.286, 75783.339]","(63877.267, 73267.267]","(68804.286, 107701.748]",*
72139.64600345223,"(68804.286, 73267.267]","(71341.455, 77412.749]","(68804.286, 75783.339]","(63877.267, 73267.267]","(68804.286, 107701.748]",*
72143.4294921804,"(68804.286, 73267.267]","(71341.455, 77412.749]","(68804.286, 75783.339]","(63877.267, 73267.267]","(68804.286, 107701.748]",*
72145.96721315151,"(68804.286, 73267.267]","(71341.455, 77412.749]","(68804.286, 75783.339]","(63877.267, 73267.267]","(68804.286, 107701.748]",*
72173.33087171603,"(68804.286, 73267.267]","(71341.455, 77412.749]","(68804.286, 75783.339]","(63877.267, 73267.267]","(68804.286, 107701.748]",*
72175.28349942718,"(68804.286, 73267.267]","(71341.455, 77412.749]","(68804.286, 75783.339]","(63877.267, 73267.267]","(68804.286, 107701.748]",*
72177.59694773081,"(68804.286, 73267.267]","(71341.455, 77412.749]","(68804.286, 75783.339]","(63877.267, 73267.267]","(68804.286, 107701.748]",*
72196.33548541876,"(68804.286, 73267.267]","(71341.455, 77412.749]","(68804.286, 75783.339]","(63877.267, 73267.267]","(68804.286, 107701.748]",*
72197.37837689702,"(68804.286, 73267.267]","(71341.455, 77412.749]","(68804.286, 75783.339]","(63877.267, 73267.267]","(68804.286, 107701.748]",*
72200.0410450013,"(68804.286, 73267.267]","(71341.455, 77412.749]","(68804.286, 75783.339]","(63877.267, 73267.267]","(68804.286, 107701.748]",*
72204.15621550738,"(68804.286, 73267.267]","(71341.455, 77412.749]","(68804.286, 75783.339]","(63877.267, 73267.267]","(68804.286, 107701.748]",*
72232.36595172453,"(68804.286, 73267.267]","(71341.455, 77412.749]","(68804.286, 75783.339]","(63877.267, 73267.267]","(68804.286, 107701.748]",*
72240.12695843534,"(68804.286, 73267.267]","(71341.455, 77412.749]","(68804.286, 75783.339]","(63877.267, 73267.267]","(68804.286, 107701.748]",*
72242.59666224588,"(68804.286, 73267.267]","(71341.455, 77412.749]","(68804.286, 75783.339]","(63877.267, 73267.267]","(68804.286, 107701.748]",*
72245.33759988946,"(68804.286, 73267.267]","(71341.455, 77412.749]","(68804.286, 75783.339]","(63877.267, 73267.267]","(68804.286, 107701.748]",*
72251.03755476089,"(68804.286, 73267.267]","(71341.455, 77412.749]","(68804.286, 75783.339]","(63877.267, 73267.267]","(68804.286, 107701.748]",*
72252.60270676464,"(68804.286, 73267.267]","(71341.455, 77412.749]","(68804.286, 75783.339]","(63877.267, 73267.267]","(68804.286, 107701.748]",*
72257.5095710798,"(68804.286, 73267.267]","(71341.455, 77412.749]","(68804.286, 75783.339]","(63877.267, 73267.267]","(68804.286, 107701.748]",*
72259.58273381714,"(68804.286, 73267.267]","(71341.455, 77412.749]","(68804.286, 75783.339]","(63877.267, 73267.267]","(68804.286, 107701.748]",*
72261.20028523536,"(68804.286, 73267.267]","(71341.455, 77412.749]","(68804.286, 75783.339]","(63877.267, 73267.267]","(68804.286, 107701.748]",*
72263.21440861396,"(68804.286, 73267.267]","(71341.455, 77412.749]","(68804.286, 75783.339]","(63877.267, 73267.267]","(68804.286, 107701.748]",*
72264.48798563742,"(68804.286, 73267.267]","(71341.455, 77412.749]","(68804.286, 75783.339]","(63877.267, 73267.267]","(68804.286, 107701.748]",*
72283.94853234426,"(68804.286, 73267.267]","(71341.455, 77412.749]","(68804.286, 75783.339]","(63877.267, 73267.267]","(68804.286, 107701.748]",*
72288.67520295737,"(68804.286, 73267.267]","(71341.455, 77412.749]","(68804.286, 75783.339]","(63877.267, 73267.267]","(68804.286, 107701.748]",*
72310.09547626076,"(68804.286, 73267.267]","(71341.455, 77412.749]","(68804.286, 75783.339]","(63877.267, 73267.267]","(68804.286, 107701.748]",*
72314.50031174548,"(68804.286, 73267.267]","(71341.455, 77412.749]","(68804.286, 75783.339]","(63877.267, 73267.267]","(68804.286, 107701.748]",*
72314.85338936049,"(68804.286, 73267.267]","(71341.455, 77412.749]","(68804.286, 75783.339]","(63877.267, 73267.267]","(68804.286, 107701.748]",*
72317.80865595046,"(68804.286, 73267.267]","(71341.455, 77412.749]","(68804.286, 75783.339]","(63877.267, 73267.267]","(68804.286, 107701.748]",*
72324.61836524912,"(68804.286, 73267.267]","(71341.455, 77412.749]","(68804.286, 75783.339]","(63877.267, 73267.267]","(68804.286, 107701.748]",*
72330.22438683684,"(68804.286, 73267.267]","(71341.455, 77412.749]","(68804.286, 75783.339]","(63877.267, 73267.267]","(68804.286, 107701.748]",*
72331.67853554047,"(68804.286, 73267.267]","(71341.455, 77412.749]","(68804.286, 75783.339]","(63877.267, 73267.267]","(68804.286, 107701.748]",*
72332.05826014008,"(68804.286, 73267.267]","(71341.455, 77412.749]","(68804.286, 75783.339]","(63877.267, 73267.267]","(68804.286, 107701.748]",*
72353.58095482504,"(68804.286, 73267.267]","(71341.455, 77412.749]","(68804.286, 75783.339]","(63877.267, 73267.267]","(68804.286, 107701.748]",*
72363.20417479906,"(68804.286, 73267.267]","(71341.455, 77412.749]","(68804.286, 75783.339]","(63877.267, 73267.267]","(68804.286, 107701.748]",*
72386.54872592771,"(68804.286, 73267.267]","(71341.455, 77412.749]","(68804.286, 75783.339]","(63877.267, 73267.267]","(68804.286, 107701.748]",*
72391.49018872075,"(68804.286, 73267.267]","(71341.455, 77412.749]","(68804.286, 75783.339]","(63877.267, 73267.267]","(68804.286, 107701.748]",*
72392.88503561032,"(68804.286, 73267.267]","(71341.455, 77412.749]","(68804.286, 75783.339]","(63877.267, 73267.267]","(68804.286, 107701.748]",*
72399.30555714517,"(68804.286, 73267.267]","(71341.455, 77412.749]","(68804.286, 75783.339]","(63877.267, 73267.267]","(68804.286, 107701.748]",*
72405.47168708502,"(68804.286, 73267.267]","(71341.455, 77412.749]","(68804.286, 75783.339]","(63877.267, 73267.267]","(68804.286, 107701.748]",*
72405.65003146073,"(68804.286, 73267.267]","(71341.455, 77412.749]","(68804.286, 75783.339]","(63877.267, 73267.267]","(68804.286, 107701.748]",*
72409.66648651032,"(68804.286, 73267.267]","(71341.455, 77412.749]","(68804.286, 75783.339]","(63877.267, 73267.267]","(68804.286, 107701.748]",*
72415.42798751428,"(68804.286, 73267.267]","(71341.455, 77412.749]","(68804.286, 75783.339]","(63877.267, 73267.267]","(68804.286, 107701.748]",*
72416.48089734305,"(68804.286, 73267.267]","(71341.455, 77412.749]","(68804.286, 75783.339]","(63877.267, 73267.267]","(68804.286, 107701.748]",*
72432.26465833122,"(68804.286, 73267.267]","(71341.455, 77412.749]","(68804.286, 75783.339]","(63877.267, 73267.267]","(68804.286, 107701.748]",*
72432.70033866863,"(68804.286, 73267.267]","(71341.455, 77412.749]","(68804.286, 75783.339]","(63877.267, 73267.267]","(68804.286, 107701.748]",*
72441.3770144945,"(68804.286, 73267.267]","(71341.455, 77412.749]","(68804.286, 75783.339]","(63877.267, 73267.267]","(68804.286, 107701.748]",*
72443.69473006504,"(68804.286, 73267.267]","(71341.455, 77412.749]","(68804.286, 75783.339]","(63877.267, 73267.267]","(68804.286, 107701.748]",*
72445.03330307307,"(68804.286, 73267.267]","(71341.455, 77412.749]","(68804.286, 75783.339]","(63877.267, 73267.267]","(68804.286, 107701.748]",*
72449.80440788773,"(68804.286, 73267.267]","(71341.455, 77412.749]","(68804.286, 75783.339]","(63877.267, 73267.267]","(68804.286, 107701.748]",*
72466.08059392823,"(68804.286, 73267.267]","(71341.455, 77412.749]","(68804.286, 75783.339]","(63877.267, 73267.267]","(68804.286, 107701.748]",*
72469.54177826358,"(68804.286, 73267.267]","(71341.455, 77412.749]","(68804.286, 75783.339]","(63877.267, 73267.267]","(68804.286, 107701.748]",*
72472.36673578777,"(68804.286, 73267.267]","(71341.455, 77412.749]","(68804.286, 75783.339]","(63877.267, 73267.267]","(68804.286, 107701.748]",*
72474.89346293532,"(68804.286, 73267.267]","(71341.455, 77412.749]","(68804.286, 75783.339]","(63877.267, 73267.267]","(68804.286, 107701.748]",*
72481.0261918089,"(68804.286, 73267.267]","(71341.455, 77412.749]","(68804.286, 75783.339]","(63877.267, 73267.267]","(68804.286, 107701.748]",*
72485.19746024143,"(68804.286, 73267.267]","(71341.455, 77412.749]","(68804.286, 75783.339]","(63877.267, 73267.267]","(68804.286, 107701.748]",*
72487.49424145662,"(68804.286, 73267.267]","(71341.455, 77412.749]","(68804.286, 75783.339]","(63877.267, 73267.267]","(68804.286, 107701.748]",*
72488.15969029242,"(68804.286, 73267.267]","(71341.455, 77412.749]","(68804.286, 75783.339]","(63877.267, 73267.267]","(68804.286, 107701.748]",*
72490.81468855537,"(68804.286, 73267.267]","(71341.455, 77412.749]","(68804.286, 75783.339]","(63877.267, 73267.267]","(68804.286, 107701.748]",*
72493.20943517992,"(68804.286, 73267.267]","(71341.455, 77412.749]","(68804.286, 75783.339]","(63877.267, 73267.267]","(68804.286, 107701.748]",*
72515.91553193735,"(68804.286, 73267.267]","(71341.455, 77412.749]","(68804.286, 75783.339]","(63877.267, 73267.267]","(68804.286, 107701.748]",*
72531.13380238246,"(68804.286, 73267.267]","(71341.455, 77412.749]","(68804.286, 75783.339]","(63877.267, 73267.267]","(68804.286, 107701.748]",*
72533.05727370757,"(68804.286, 73267.267]","(71341.455, 77412.749]","(68804.286, 75783.339]","(63877.267, 73267.267]","(68804.286, 107701.748]",*
72547.04742016149,"(68804.286, 73267.267]","(71341.455, 77412.749]","(68804.286, 75783.339]","(63877.267, 73267.267]","(68804.286, 107701.748]",*
72551.36975553588,"(68804.286, 73267.267]","(71341.455, 77412.749]","(68804.286, 75783.339]","(63877.267, 73267.267]","(68804.286, 107701.748]",*
72554.53595200951,"(68804.286, 73267.267]","(71341.455, 77412.749]","(68804.286, 75783.339]","(63877.267, 73267.267]","(68804.286, 107701.748]",*
72556.20087877609,"(68804.286, 73267.267]","(71341.455, 77412.749]","(68804.286, 75783.339]","(63877.267, 73267.267]","(68804.286, 107701.748]",*
72568.71445513287,"(68804.286, 73267.267]","(71341.455, 77412.749]","(68804.286, 75783.339]","(63877.267, 73267.267]","(68804.286, 107701.748]",*
72581.89951488884,"(68804.286, 73267.267]","(71341.455, 77412.749]","(68804.286, 75783.339]","(63877.267, 73267.267]","(68804.286, 107701.748]",*
72583.25333779282,"(68804.286, 73267.267]","(71341.455, 77412.749]","(68804.286, 75783.339]","(63877.267, 73267.267]","(68804.286, 107701.748]",*
72606.04850226769,"(68804.286, 73267.267]","(71341.455, 77412.749]","(68804.286, 75783.339]","(63877.267, 73267.267]","(68804.286, 107701.748]",*
72614.15657636487,"(68804.286, 73267.267]","(71341.455, 77412.749]","(68804.286, 75783.339]","(63877.267, 73267.267]","(68804.286, 107701.748]",*
72618.53846192469,"(68804.286, 73267.267]","(71341.455, 77412.749]","(68804.286, 75783.339]","(63877.267, 73267.267]","(68804.286, 107701.748]",*
72630.00940418939,"(68804.286, 73267.267]","(71341.455, 77412.749]","(68804.286, 75783.339]","(63877.267, 73267.267]","(68804.286, 107701.748]",*
72630.65100649737,"(68804.286, 73267.267]","(71341.455, 77412.749]","(68804.286, 75783.339]","(63877.267, 73267.267]","(68804.286, 107701.748]",*
72640.26404655076,"(68804.286, 73267.267]","(71341.455, 77412.749]","(68804.286, 75783.339]","(63877.267, 73267.267]","(68804.286, 107701.748]",*
72646.5059918145,"(68804.286, 73267.267]","(71341.455, 77412.749]","(68804.286, 75783.339]","(63877.267, 73267.267]","(68804.286, 107701.748]",*
72646.94531617267,"(68804.286, 73267.267]","(71341.455, 77412.749]","(68804.286, 75783.339]","(63877.267, 73267.267]","(68804.286, 107701.748]",*
72654.57335668003,"(68804.286, 73267.267]","(71341.455, 77412.749]","(68804.286, 75783.339]","(63877.267, 73267.267]","(68804.286, 107701.748]",*
72654.98753607919,"(68804.286, 73267.267]","(71341.455, 77412.749]","(68804.286, 75783.339]","(63877.267, 73267.267]","(68804.286, 107701.748]",*
72655.35365221425,"(68804.286, 73267.267]","(71341.455, 77412.749]","(68804.286, 75783.339]","(63877.267, 73267.267]","(68804.286, 107701.748]",*
72655.6487281399,"(68804.286, 73267.267]","(71341.455, 77412.749]","(68804.286, 75783.339]","(63877.267, 73267.267]","(68804.286, 107701.748]",*
72656.92618068929,"(68804.286, 73267.267]","(71341.455, 77412.749]","(68804.286, 75783.339]","(63877.267, 73267.267]","(68804.286, 107701.748]",*
72660.15763628151,"(68804.286, 73267.267]","(71341.455, 77412.749]","(68804.286, 75783.339]","(63877.267, 73267.267]","(68804.286, 107701.748]",*
72661.75012733735,"(68804.286, 73267.267]","(71341.455, 77412.749]","(68804.286, 75783.339]","(63877.267, 73267.267]","(68804.286, 107701.748]",*
72662.41472464938,"(68804.286, 73267.267]","(71341.455, 77412.749]","(68804.286, 75783.339]","(63877.267, 73267.267]","(68804.286, 107701.748]",*
72662.61314133735,"(68804.286, 73267.267]","(71341.455, 77412.749]","(68804.286, 75783.339]","(63877.267, 73267.267]","(68804.286, 107701.748]",*
72682.75795715678,"(68804.286, 73267.267]","(71341.455, 77412.749]","(68804.286, 75783.339]","(63877.267, 73267.267]","(68804.286, 107701.748]",*
72683.5298750081,"(68804.286, 73267.267]","(71341.455, 77412.749]","(68804.286, 75783.339]","(63877.267, 73267.267]","(68804.286, 107701.748]",*
72687.73326997981,"(68804.286, 73267.267]","(71341.455, 77412.749]","(68804.286, 75783.339]","(63877.267, 73267.267]","(68804.286, 107701.748]",*
72692.59085928174,"(68804.286, 73267.267]","(71341.455, 77412.749]","(68804.286, 75783.339]","(63877.267, 73267.267]","(68804.286, 107701.748]",*
72695.1151374667,"(68804.286, 73267.267]","(71341.455, 77412.749]","(68804.286, 75783.339]","(63877.267, 73267.267]","(68804.286, 107701.748]",*
72727.22579228252,"(68804.286, 73267.267]","(71341.455, 77412.749]","(68804.286, 75783.339]","(63877.267, 73267.267]","(68804.286, 107701.748]",*
72745.45473052154,"(68804.286, 73267.267]","(71341.455, 77412.749]","(68804.286, 75783.339]","(63877.267, 73267.267]","(68804.286, 107701.748]",*
72747.12903299861,"(68804.286, 73267.267]","(71341.455, 77412.749]","(68804.286, 75783.339]","(63877.267, 73267.267]","(68804.286, 107701.748]",*
72748.51296470863,"(68804.286, 73267.267]","(71341.455, 77412.749]","(68804.286, 75783.339]","(63877.267, 73267.267]","(68804.286, 107701.748]",*
72750.48450966206,"(68804.286, 73267.267]","(71341.455, 77412.749]","(68804.286, 75783.339]","(63877.267, 73267.267]","(68804.286, 107701.748]",*
72750.56472715386,"(68804.286, 73267.267]","(71341.455, 77412.749]","(68804.286, 75783.339]","(63877.267, 73267.267]","(68804.286, 107701.748]",*
72752.21639106661,"(68804.286, 73267.267]","(71341.455, 77412.749]","(68804.286, 75783.339]","(63877.267, 73267.267]","(68804.286, 107701.748]",*
72752.68045012168,"(68804.286, 73267.267]","(71341.455, 77412.749]","(68804.286, 75783.339]","(63877.267, 73267.267]","(68804.286, 107701.748]",*
72757.63335564786,"(68804.286, 73267.267]","(71341.455, 77412.749]","(68804.286, 75783.339]","(63877.267, 73267.267]","(68804.286, 107701.748]",*
72764.93092249354,"(68804.286, 73267.267]","(71341.455, 77412.749]","(68804.286, 75783.339]","(63877.267, 73267.267]","(68804.286, 107701.748]",*
72770.16685595053,"(68804.286, 73267.267]","(71341.455, 77412.749]","(68804.286, 75783.339]","(63877.267, 73267.267]","(68804.286, 107701.748]",*
72778.91696704645,"(68804.286, 73267.267]","(71341.455, 77412.749]","(68804.286, 75783.339]","(63877.267, 73267.267]","(68804.286, 107701.748]",*
72780.15122894435,"(68804.286, 73267.267]","(71341.455, 77412.749]","(68804.286, 75783.339]","(63877.267, 73267.267]","(68804.286, 107701.748]",*
72788.16705802402,"(68804.286, 73267.267]","(71341.455, 77412.749]","(68804.286, 75783.339]","(63877.267, 73267.267]","(68804.286, 107701.748]",*
72791.27053599435,"(68804.286, 73267.267]","(71341.455, 77412.749]","(68804.286, 75783.339]","(63877.267, 73267.267]","(68804.286, 107701.748]",*
72792.14234056111,"(68804.286, 73267.267]","(71341.455, 77412.749]","(68804.286, 75783.339]","(63877.267, 73267.267]","(68804.286, 107701.748]",*
72792.67073986174,"(68804.286, 73267.267]","(71341.455, 77412.749]","(68804.286, 75783.339]","(63877.267, 73267.267]","(68804.286, 107701.748]",*
72805.14665188149,"(68804.286, 73267.267]","(71341.455, 77412.749]","(68804.286, 75783.339]","(63877.267, 73267.267]","(68804.286, 107701.748]",*
72813.80168675963,"(68804.286, 73267.267]","(71341.455, 77412.749]","(68804.286, 75783.339]","(63877.267, 73267.267]","(68804.286, 107701.748]",*
72814.15707573284,"(68804.286, 73267.267]","(71341.455, 77412.749]","(68804.286, 75783.339]","(63877.267, 73267.267]","(68804.286, 107701.748]",*
72821.247664235,"(68804.286, 73267.267]","(71341.455, 77412.749]","(68804.286, 75783.339]","(63877.267, 73267.267]","(68804.286, 107701.748]",*
72827.49079004177,"(68804.286, 73267.267]","(71341.455, 77412.749]","(68804.286, 75783.339]","(63877.267, 73267.267]","(68804.286, 107701.748]",*
72827.97131894053,"(68804.286, 73267.267]","(71341.455, 77412.749]","(68804.286, 75783.339]","(63877.267, 73267.267]","(68804.286, 107701.748]",*
72836.80987878358,"(68804.286, 73267.267]","(71341.455, 77412.749]","(68804.286, 75783.339]","(63877.267, 73267.267]","(68804.286, 107701.748]",*
72847.98841574941,"(68804.286, 73267.267]","(71341.455, 77412.749]","(68804.286, 75783.339]","(63877.267, 73267.267]","(68804.286, 107701.748]",*
72885.52311761642,"(68804.286, 73267.267]","(71341.455, 77412.749]","(68804.286, 75783.339]","(63877.267, 73267.267]","(68804.286, 107701.748]",*
72894.7371673531,"(68804.286, 73267.267]","(71341.455, 77412.749]","(68804.286, 75783.339]","(63877.267, 73267.267]","(68804.286, 107701.748]",*
72896.24800152278,"(68804.286, 73267.267]","(71341.455, 77412.749]","(68804.286, 75783.339]","(63877.267, 73267.267]","(68804.286, 107701.748]",*
72899.65820300586,"(68804.286, 73267.267]","(71341.455, 77412.749]","(68804.286, 75783.339]","(63877.267, 73267.267]","(68804.286, 107701.748]",*
72915.04025284851,"(68804.286, 73267.267]","(71341.455, 77412.749]","(68804.286, 75783.339]","(63877.267, 73267.267]","(68804.286, 107701.748]",*
72919.12901358423,"(68804.286, 73267.267]","(71341.455, 77412.749]","(68804.286, 75783.339]","(63877.267, 73267.267]","(68804.286, 107701.748]",*
72920.86775385813,"(68804.286, 73267.267]","(71341.455, 77412.749]","(68804.286, 75783.339]","(63877.267, 73267.267]","(68804.286, 107701.748]",*
72922.51127929548,"(68804.286, 73267.267]","(71341.455, 77412.749]","(68804.286, 75783.339]","(63877.267, 73267.267]","(68804.286, 107701.748]",*
72928.96580940753,"(68804.286, 73267.267]","(71341.455, 77412.749]","(68804.286, 75783.339]","(63877.267, 73267.267]","(68804.286, 107701.748]",*
72932.24930063555,"(68804.286, 73267.267]","(71341.455, 77412.749]","(68804.286, 75783.339]","(63877.267, 73267.267]","(68804.286, 107701.748]",*
72937.70837665969,"(68804.286, 73267.267]","(71341.455, 77412.749]","(68804.286, 75783.339]","(63877.267, 73267.267]","(68804.286, 107701.748]",*
72942.70505913401,"(68804.286, 73267.267]","(71341.455, 77412.749]","(68804.286, 75783.339]","(63877.267, 73267.267]","(68804.286, 107701.748]",*
72950.86353573822,"(68804.286, 73267.267]","(71341.455, 77412.749]","(68804.286, 75783.339]","(63877.267, 73267.267]","(68804.286, 107701.748]",*
72951.26067338778,"(68804.286, 73267.267]","(71341.455, 77412.749]","(68804.286, 75783.339]","(63877.267, 73267.267]","(68804.286, 107701.748]",*
72967.54123254515,"(68804.286, 73267.267]","(71341.455, 77412.749]","(68804.286, 75783.339]","(63877.267, 73267.267]","(68804.286, 107701.748]",*
72969.12127123054,"(68804.286, 73267.267]","(71341.455, 77412.749]","(68804.286, 75783.339]","(63877.267, 73267.267]","(68804.286, 107701.748]",*
72969.6733218016,"(68804.286, 73267.267]","(71341.455, 77412.749]","(68804.286, 75783.339]","(63877.267, 73267.267]","(68804.286, 107701.748]",*
72980.64967426671,"(68804.286, 73267.267]","(71341.455, 77412.749]","(68804.286, 75783.339]","(63877.267, 73267.267]","(68804.286, 107701.748]",*
72988.70596945556,"(68804.286, 73267.267]","(71341.455, 77412.749]","(68804.286, 75783.339]","(63877.267, 73267.267]","(68804.286, 107701.748]",*
72991.48164906315,"(68804.286, 73267.267]","(71341.455, 77412.749]","(68804.286, 75783.339]","(63877.267, 73267.267]","(68804.286, 107701.748]",*
72992.36051310218,"(68804.286, 73267.267]","(71341.455, 77412.749]","(68804.286, 75783.339]","(63877.267, 73267.267]","(68804.286, 107701.748]",*
72994.02314947754,"(68804.286, 73267.267]","(71341.455, 77412.749]","(68804.286, 75783.339]","(63877.267, 73267.267]","(68804.286, 107701.748]",*
73001.11124847466,"(68804.286, 73267.267]","(71341.455, 77412.749]","(68804.286, 75783.339]","(63877.267, 73267.267]","(68804.286, 107701.748]",*
73003.49570984353,"(68804.286, 73267.267]","(71341.455, 77412.749]","(68804.286, 75783.339]","(63877.267, 73267.267]","(68804.286, 107701.748]",*
73005.84732915094,"(68804.286, 73267.267]","(71341.455, 77412.749]","(68804.286, 75783.339]","(63877.267, 73267.267]","(68804.286, 107701.748]",*
73019.81771967358,"(68804.286, 73267.267]","(71341.455, 77412.749]","(68804.286, 75783.339]","(63877.267, 73267.267]","(68804.286, 107701.748]",*
73021.65256434781,"(68804.286, 73267.267]","(71341.455, 77412.749]","(68804.286, 75783.339]","(63877.267, 73267.267]","(68804.286, 107701.748]",*
73023.3256097092,"(68804.286, 73267.267]","(71341.455, 77412.749]","(68804.286, 75783.339]","(63877.267, 73267.267]","(68804.286, 107701.748]",*
73030.84296787789,"(68804.286, 73267.267]","(71341.455, 77412.749]","(68804.286, 75783.339]","(63877.267, 73267.267]","(68804.286, 107701.748]",*
73031.28456155505,"(68804.286, 73267.267]","(71341.455, 77412.749]","(68804.286, 75783.339]","(63877.267, 73267.267]","(68804.286, 107701.748]",*
73035.02575537213,"(68804.286, 73267.267]","(71341.455, 77412.749]","(68804.286, 75783.339]","(63877.267, 73267.267]","(68804.286, 107701.748]",*
73038.22482195137,"(68804.286, 73267.267]","(71341.455, 77412.749]","(68804.286, 75783.339]","(63877.267, 73267.267]","(68804.286, 107701.748]",*
73047.2532888012,"(68804.286, 73267.267]","(71341.455, 77412.749]","(68804.286, 75783.339]","(63877.267, 73267.267]","(68804.286, 107701.748]",*
73047.32581289779,"(68804.286, 73267.267]","(71341.455, 77412.749]","(68804.286, 75783.339]","(63877.267, 73267.267]","(68804.286, 107701.748]",*
73053.95321820086,"(68804.286, 73267.267]","(71341.455, 77412.749]","(68804.286, 75783.339]","(63877.267, 73267.267]","(68804.286, 107701.748]",*
73054.54949757797,"(68804.286, 73267.267]","(71341.455, 77412.749]","(68804.286, 75783.339]","(63877.267, 73267.267]","(68804.286, 107701.748]",*
73056.52611414072,"(68804.286, 73267.267]","(71341.455, 77412.749]","(68804.286, 75783.339]","(63877.267, 73267.267]","(68804.286, 107701.748]",*
73060.84622597464,"(68804.286, 73267.267]","(71341.455, 77412.749]","(68804.286, 75783.339]","(63877.267, 73267.267]","(68804.286, 107701.748]",*
73064.97996127995,"(68804.286, 73267.267]","(71341.455, 77412.749]","(68804.286, 75783.339]","(63877.267, 73267.267]","(68804.286, 107701.748]",*
73068.51810108553,"(68804.286, 73267.267]","(71341.455, 77412.749]","(68804.286, 75783.339]","(63877.267, 73267.267]","(68804.286, 107701.748]",*
73078.20408561832,"(68804.286, 73267.267]","(71341.455, 77412.749]","(68804.286, 75783.339]","(63877.267, 73267.267]","(68804.286, 107701.748]",*
73079.55071597343,"(68804.286, 73267.267]","(71341.455, 77412.749]","(68804.286, 75783.339]","(63877.267, 73267.267]","(68804.286, 107701.748]",*
73086.23820664003,"(68804.286, 73267.267]","(71341.455, 77412.749]","(68804.286, 75783.339]","(63877.267, 73267.267]","(68804.286, 107701.748]",*
73091.86674582321,"(68804.286, 73267.267]","(71341.455, 77412.749]","(68804.286, 75783.339]","(63877.267, 73267.267]","(68804.286, 107701.748]",*
73092.7413148558,"(68804.286, 73267.267]","(71341.455, 77412.749]","(68804.286, 75783.339]","(63877.267, 73267.267]","(68804.286, 107701.748]",*
73093.48649412041,"(68804.286, 73267.267]","(71341.455, 77412.749]","(68804.286, 75783.339]","(63877.267, 73267.267]","(68804.286, 107701.748]",*
73101.07879766863,"(68804.286, 73267.267]","(71341.455, 77412.749]","(68804.286, 75783.339]","(63877.267, 73267.267]","(68804.286, 107701.748]",*
73101.21864040077,"(68804.286, 73267.267]","(71341.455, 77412.749]","(68804.286, 75783.339]","(63877.267, 73267.267]","(68804.286, 107701.748]",*
73112.8481883044,"(68804.286, 73267.267]","(71341.455, 77412.749]","(68804.286, 75783.339]","(63877.267, 73267.267]","(68804.286, 107701.748]",*
73119.72041108189,"(68804.286, 73267.267]","(71341.455, 77412.749]","(68804.286, 75783.339]","(63877.267, 73267.267]","(68804.286, 107701.748]",*
73120.65721669863,"(68804.286, 73267.267]","(71341.455, 77412.749]","(68804.286, 75783.339]","(63877.267, 73267.267]","(68804.286, 107701.748]",*
73135.0216076232,"(68804.286, 73267.267]","(71341.455, 77412.749]","(68804.286, 75783.339]","(63877.267, 73267.267]","(68804.286, 107701.748]",*
73145.45969673296,"(68804.286, 73267.267]","(71341.455, 77412.749]","(68804.286, 75783.339]","(63877.267, 73267.267]","(68804.286, 107701.748]",*
73145.48575552239,"(68804.286, 73267.267]","(71341.455, 77412.749]","(68804.286, 75783.339]","(63877.267, 73267.267]","(68804.286, 107701.748]",*
73145.73021780259,"(68804.286, 73267.267]","(71341.455, 77412.749]","(68804.286, 75783.339]","(63877.267, 73267.267]","(68804.286, 107701.748]",*
73148.51334204621,"(68804.286, 73267.267]","(71341.455, 77412.749]","(68804.286, 75783.339]","(63877.267, 73267.267]","(68804.286, 107701.748]",*
73158.73965116896,"(68804.286, 73267.267]","(71341.455, 77412.749]","(68804.286, 75783.339]","(63877.267, 73267.267]","(68804.286, 107701.748]",*
73163.6634410467,"(68804.286, 73267.267]","(71341.455, 77412.749]","(68804.286, 75783.339]","(63877.267, 73267.267]","(68804.286, 107701.748]",*
73177.62460024521,"(68804.286, 73267.267]","(71341.455, 77412.749]","(68804.286, 75783.339]","(63877.267, 73267.267]","(68804.286, 107701.748]",*
73180.67337095084,"(68804.286, 73267.267]","(71341.455, 77412.749]","(68804.286, 75783.339]","(63877.267, 73267.267]","(68804.286, 107701.748]",*
73185.62020608578,"(68804.286, 73267.267]","(71341.455, 77412.749]","(68804.286, 75783.339]","(63877.267, 73267.267]","(68804.286, 107701.748]",*
73193.43592771658,"(68804.286, 73267.267]","(71341.455, 77412.749]","(68804.286, 75783.339]","(63877.267, 73267.267]","(68804.286, 107701.748]",*
73195.44656261889,"(68804.286, 73267.267]","(71341.455, 77412.749]","(68804.286, 75783.339]","(63877.267, 73267.267]","(68804.286, 107701.748]",*
73197.70765935887,"(68804.286, 73267.267]","(71341.455, 77412.749]","(68804.286, 75783.339]","(63877.267, 73267.267]","(68804.286, 107701.748]",*
73204.94213228808,"(68804.286, 73267.267]","(71341.455, 77412.749]","(68804.286, 75783.339]","(63877.267, 73267.267]","(68804.286, 107701.748]",*
73211.13624461992,"(68804.286, 73267.267]","(71341.455, 77412.749]","(68804.286, 75783.339]","(63877.267, 73267.267]","(68804.286, 107701.748]",*
73212.42379526973,"(68804.286, 73267.267]","(71341.455, 77412.749]","(68804.286, 75783.339]","(63877.267, 73267.267]","(68804.286, 107701.748]",*
73218.35136131226,"(68804.286, 73267.267]","(71341.455, 77412.749]","(68804.286, 75783.339]","(63877.267, 73267.267]","(68804.286, 107701.748]",*
73218.99740693858,"(68804.286, 73267.267]","(71341.455, 77412.749]","(68804.286, 75783.339]","(63877.267, 73267.267]","(68804.286, 107701.748]",*
73223.94230336191,"(68804.286, 73267.267]","(71341.455, 77412.749]","(68804.286, 75783.339]","(63877.267, 73267.267]","(68804.286, 107701.748]",*
73225.06629546855,"(68804.286, 73267.267]","(71341.455, 77412.749]","(68804.286, 75783.339]","(63877.267, 73267.267]","(68804.286, 107701.748]",*
73226.20051200867,"(68804.286, 73267.267]","(71341.455, 77412.749]","(68804.286, 75783.339]","(63877.267, 73267.267]","(68804.286, 107701.748]",*
73231.05159394718,"(68804.286, 73267.267]","(71341.455, 77412.749]","(68804.286, 75783.339]","(63877.267, 73267.267]","(68804.286, 107701.748]",*
73237.58305766311,"(68804.286, 73267.267]","(71341.455, 77412.749]","(68804.286, 75783.339]","(63877.267, 73267.267]","(68804.286, 107701.748]",*
73246.82218245724,"(68804.286, 73267.267]","(71341.455, 77412.749]","(68804.286, 75783.339]","(63877.267, 73267.267]","(68804.286, 107701.748]",*
73255.23111352684,"(68804.286, 73267.267]","(71341.455, 77412.749]","(68804.286, 75783.339]","(63877.267, 73267.267]","(68804.286, 107701.748]",*
73257.26545274205,"(68804.286, 73267.267]","(71341.455, 77412.749]","(68804.286, 75783.339]","(63877.267, 73267.267]","(68804.286, 107701.748]",*
73260.02316086993,"(68804.286, 73267.267]","(71341.455, 77412.749]","(68804.286, 75783.339]","(63877.267, 73267.267]","(68804.286, 107701.748]",*
73260.62822004143,"(68804.286, 73267.267]","(71341.455, 77412.749]","(68804.286, 75783.339]","(63877.267, 73267.267]","(68804.286, 107701.748]",*
73263.3348481634,"(68804.286, 73267.267]","(71341.455, 77412.749]","(68804.286, 75783.339]","(63877.267, 73267.267]","(68804.286, 107701.748]",*
73265.44988790638,"(68804.286, 73267.267]","(71341.455, 77412.749]","(68804.286, 75783.339]","(63877.267, 73267.267]","(68804.286, 107701.748]",*
73265.99934229569,"(68804.286, 73267.267]","(71341.455, 77412.749]","(68804.286, 75783.339]","(63877.267, 73267.267]","(68804.286, 107701.748]",*
73267.90029109761,"(73267.267, 78706.548]","(71341.455, 77412.749]","(68804.286, 75783.339]","(73267.267, 107701.748]","(68804.286, 107701.748]",*
73271.88723417037,"(73267.267, 78706.548]","(71341.455, 77412.749]","(68804.286, 75783.339]","(73267.267, 107701.748]","(68804.286, 107701.748]",*
73273.33403764093,"(73267.267, 78706.548]","(71341.455, 77412.749]","(68804.286, 75783.339]","(73267.267, 107701.748]","(68804.286, 107701.748]",*
73274.19304878834,"(73267.267, 78706.548]","(71341.455, 77412.749]","(68804.286, 75783.339]","(73267.267, 107701.748]","(68804.286, 107701.748]",*
73278.80440457586,"(73267.267, 78706.548]","(71341.455, 77412.749]","(68804.286, 75783.339]","(73267.267, 107701.748]","(68804.286, 107701.748]",*
73279.03090422413,"(73267.267, 78706.548]","(71341.455, 77412.749]","(68804.286, 75783.339]","(73267.267, 107701.748]","(68804.286, 107701.748]",*
73294.46146507688,"(73267.267, 78706.548]","(71341.455, 77412.749]","(68804.286, 75783.339]","(73267.267, 107701.748]","(68804.286, 107701.748]",*
73299.37847684909,"(73267.267, 78706.548]","(71341.455, 77412.749]","(68804.286, 75783.339]","(73267.267, 107701.748]","(68804.286, 107701.748]",*
73302.4374790608,"(73267.267, 78706.548]","(71341.455, 77412.749]","(68804.286, 75783.339]","(73267.267, 107701.748]","(68804.286, 107701.748]",*
73304.90270952907,"(73267.267, 78706.548]","(71341.455, 77412.749]","(68804.286, 75783.339]","(73267.267, 107701.748]","(68804.286, 107701.748]",*
73309.2400899409,"(73267.267, 78706.548]","(71341.455, 77412.749]","(68804.286, 75783.339]","(73267.267, 107701.748]","(68804.286, 107701.748]",*
73311.08803591854,"(73267.267, 78706.548]","(71341.455, 77412.749]","(68804.286, 75783.339]","(73267.267, 107701.748]","(68804.286, 107701.748]",*
73312.88817208516,"(73267.267, 78706.548]","(71341.455, 77412.749]","(68804.286, 75783.339]","(73267.267, 107701.748]","(68804.286, 107701.748]",*
73313.5453841825,"(73267.267, 78706.548]","(71341.455, 77412.749]","(68804.286, 75783.339]","(73267.267, 107701.748]","(68804.286, 107701.748]",*
73327.76494127419,"(73267.267, 78706.548]","(71341.455, 77412.749]","(68804.286, 75783.339]","(73267.267, 107701.748]","(68804.286, 107701.748]",*
73331.55111878383,"(73267.267, 78706.548]","(71341.455, 77412.749]","(68804.286, 75783.339]","(73267.267, 107701.748]","(68804.286, 107701.748]",*
73334.68386735166,"(73267.267, 78706.548]","(71341.455, 77412.749]","(68804.286, 75783.339]","(73267.267, 107701.748]","(68804.286, 107701.748]",*
73340.58109201699,"(73267.267, 78706.548]","(71341.455, 77412.749]","(68804.286, 75783.339]","(73267.267, 107701.748]","(68804.286, 107701.748]",*
73345.67318703361,"(73267.267, 78706.548]","(71341.455, 77412.749]","(68804.286, 75783.339]","(73267.267, 107701.748]","(68804.286, 107701.748]",*
73355.69290584215,"(73267.267, 78706.548]","(71341.455, 77412.749]","(68804.286, 75783.339]","(73267.267, 107701.748]","(68804.286, 107701.748]",*
73367.04599083934,"(73267.267, 78706.548]","(71341.455, 77412.749]","(68804.286, 75783.339]","(73267.267, 107701.748]","(68804.286, 107701.748]",*
73370.47438292061,"(73267.267, 78706.548]","(71341.455, 77412.749]","(68804.286, 75783.339]","(73267.267, 107701.748]","(68804.286, 107701.748]",*
73370.74215275896,"(73267.267, 78706.548]","(71341.455, 77412.749]","(68804.286, 75783.339]","(73267.267, 107701.748]","(68804.286, 107701.748]",*
73376.98596028474,"(73267.267, 78706.548]","(71341.455, 77412.749]","(68804.286, 75783.339]","(73267.267, 107701.748]","(68804.286, 107701.748]",*
73380.58518737086,"(73267.267, 78706.548]","(71341.455, 77412.749]","(68804.286, 75783.339]","(73267.267, 107701.748]","(68804.286, 107701.748]",*
73380.6423800211,"(73267.267, 78706.548]","(71341.455, 77412.749]","(68804.286, 75783.339]","(73267.267, 107701.748]","(68804.286, 107701.748]",*
73386.40734006619,"(73267.267, 78706.548]","(71341.455, 77412.749]","(68804.286, 75783.339]","(73267.267, 107701.748]","(68804.286, 107701.748]",*
73388.47496143742,"(73267.267, 78706.548]","(71341.455, 77412.749]","(68804.286, 75783.339]","(73267.267, 107701.748]","(68804.286, 107701.748]",*
73391.28054336441,"(73267.267, 78706.548]","(71341.455, 77412.749]","(68804.286, 75783.339]","(73267.267, 107701.748]","(68804.286, 107701.748]",*
73406.21728404447,"(73267.267, 78706.548]","(71341.455, 77412.749]","(68804.286, 75783.339]","(73267.267, 107701.748]","(68804.286, 107701.748]",*
73411.34234622207,"(73267.267, 78706.548]","(71341.455, 77412.749]","(68804.286, 75783.339]","(73267.267, 107701.748]","(68804.286, 107701.748]",*
73415.99449970298,"(73267.267, 78706.548]","(71341.455, 77412.749]","(68804.286, 75783.339]","(73267.267, 107701.748]","(68804.286, 107701.748]",*
73421.02195637609,"(73267.267, 78706.548]","(71341.455, 77412.749]","(68804.286, 75783.339]","(73267.267, 107701.748]","(68804.286, 107701.748]",*
73422.83219601624,"(73267.267, 78706.548]","(71341.455, 77412.749]","(68804.286, 75783.339]","(73267.267, 107701.748]","(68804.286, 107701.748]",*
73423.90295447822,"(73267.267, 78706.548]","(71341.455, 77412.749]","(68804.286, 75783.339]","(73267.267, 107701.748]","(68804.286, 107701.748]",*
73428.34904462106,"(73267.267, 78706.548]","(71341.455, 77412.749]","(68804.286, 75783.339]","(73267.267, 107701.748]","(68804.286, 107701.748]",*
73431.52793396323,"(73267.267, 78706.548]","(71341.455, 77412.749]","(68804.286, 75783.339]","(73267.267, 107701.748]","(68804.286, 107701.748]",*
73433.62623241093,"(73267.267, 78706.548]","(71341.455, 77412.749]","(68804.286, 75783.339]","(73267.267, 107701.748]","(68804.286, 107701.748]",*
73435.1751936029,"(73267.267, 78706.548]","(71341.455, 77412.749]","(68804.286, 75783.339]","(73267.267, 107701.748]","(68804.286, 107701.748]",*
73438.58706562631,"(73267.267, 78706.548]","(71341.455, 77412.749]","(68804.286, 75783.339]","(73267.267, 107701.748]","(68804.286, 107701.748]",*
73451.09094297433,"(73267.267, 78706.548]","(71341.455, 77412.749]","(68804.286, 75783.339]","(73267.267, 107701.748]","(68804.286, 107701.748]",*
73458.7265899704,"(73267.267, 78706.548]","(71341.455, 77412.749]","(68804.286, 75783.339]","(73267.267, 107701.748]","(68804.286, 107701.748]",*
73462.68344490015,"(73267.267, 78706.548]","(71341.455, 77412.749]","(68804.286, 75783.339]","(73267.267, 107701.748]","(68804.286, 107701.748]",*
73466.77183361219,"(73267.267, 78706.548]","(71341.455, 77412.749]","(68804.286, 75783.339]","(73267.267, 107701.748]","(68804.286, 107701.748]",*
73470.93316196684,"(73267.267, 78706.548]","(71341.455, 77412.749]","(68804.286, 75783.339]","(73267.267, 107701.748]","(68804.286, 107701.748]",*
73477.97642087628,"(73267.267, 78706.548]","(71341.455, 77412.749]","(68804.286, 75783.339]","(73267.267, 107701.748]","(68804.286, 107701.748]",*
73480.21476157618,"(73267.267, 78706.548]","(71341.455, 77412.749]","(68804.286, 75783.339]","(73267.267, 107701.748]","(68804.286, 107701.748]",*
73490.59998047861,"(73267.267, 78706.548]","(71341.455, 77412.749]","(68804.286, 75783.339]","(73267.267, 107701.748]","(68804.286, 107701.748]",*
73491.13442716876,"(73267.267, 78706.548]","(71341.455, 77412.749]","(68804.286, 75783.339]","(73267.267, 107701.748]","(68804.286, 107701.748]",*
73491.26581392367,"(73267.267, 78706.548]","(71341.455, 77412.749]","(68804.286, 75783.339]","(73267.267, 107701.748]","(68804.286, 107701.748]",*
73497.30703437107,"(73267.267, 78706.548]","(71341.455, 77412.749]","(68804.286, 75783.339]","(73267.267, 107701.748]","(68804.286, 107701.748]",*
73504.88838697376,"(73267.267, 78706.548]","(71341.455, 77412.749]","(68804.286, 75783.339]","(73267.267, 107701.748]","(68804.286, 107701.748]",*
73505.12616256236,"(73267.267, 78706.548]","(71341.455, 77412.749]","(68804.286, 75783.339]","(73267.267, 107701.748]","(68804.286, 107701.748]",*
73505.59764992826,"(73267.267, 78706.548]","(71341.455, 77412.749]","(68804.286, 75783.339]","(73267.267, 107701.748]","(68804.286, 107701.748]",*
73508.35912114003,"(73267.267, 78706.548]","(71341.455, 77412.749]","(68804.286, 75783.339]","(73267.267, 107701.748]","(68804.286, 107701.748]",*
73515.39285571981,"(73267.267, 78706.548]","(71341.455, 77412.749]","(68804.286, 75783.339]","(73267.267, 107701.748]","(68804.286, 107701.748]",*
73518.6814694469,"(73267.267, 78706.548]","(71341.455, 77412.749]","(68804.286, 75783.339]","(73267.267, 107701.748]","(68804.286, 107701.748]",*
73521.90940514921,"(73267.267, 78706.548]","(71341.455, 77412.749]","(68804.286, 75783.339]","(73267.267, 107701.748]","(68804.286, 107701.748]",*
73531.5979825415,"(73267.267, 78706.548]","(71341.455, 77412.749]","(68804.286, 75783.339]","(73267.267, 107701.748]","(68804.286, 107701.748]",*
73540.62893968141,"(73267.267, 78706.548]","(71341.455, 77412.749]","(68804.286, 75783.339]","(73267.267, 107701.748]","(68804.286, 107701.748]",*
73559.42856263326,"(73267.267, 78706.548]","(71341.455, 77412.749]","(68804.286, 75783.339]","(73267.267, 107701.748]","(68804.286, 107701.748]",*
73560.65759364757,"(73267.267, 78706.548]","(71341.455, 77412.749]","(68804.286, 75783.339]","(73267.267, 107701.748]","(68804.286, 107701.748]",*
73579.39608518676,"(73267.267, 78706.548]","(71341.455, 77412.749]","(68804.286, 75783.339]","(73267.267, 107701.748]","(68804.286, 107701.748]",*
73582.86265963067,"(73267.267, 78706.548]","(71341.455, 77412.749]","(68804.286, 75783.339]","(73267.267, 107701.748]","(68804.286, 107701.748]",*
73587.04646302672,"(73267.267, 78706.548]","(71341.455, 77412.749]","(68804.286, 75783.339]","(73267.267, 107701.748]","(68804.286, 107701.748]",*
73591.48888569284,"(73267.267, 78706.548]","(71341.455, 77412.749]","(68804.286, 75783.339]","(73267.267, 107701.748]","(68804.286, 107701.748]",*
73598.06378814949,"(73267.267, 78706.548]","(71341.455, 77412.749]","(68804.286, 75783.339]","(73267.267, 107701.748]","(68804.286, 107701.748]",*
73611.68863121094,"(73267.267, 78706.548]","(71341.455, 77412.749]","(68804.286, 75783.339]","(73267.267, 107701.748]","(68804.286, 107701.748]",*
73617.1610348896,"(73267.267, 78706.548]","(71341.455, 77412.749]","(68804.286, 75783.339]","(73267.267, 107701.748]","(68804.286, 107701.748]",*
73643.05729843827,"(73267.267, 78706.548]","(71341.455, 77412.749]","(68804.286, 75783.339]","(73267.267, 107701.748]","(68804.286, 107701.748]",*
73649.39696434651,"(73267.267, 78706.548]","(71341.455, 77412.749]","(68804.286, 75783.339]","(73267.267, 107701.748]","(68804.286, 107701.748]",*
73654.46421566533,"(73267.267, 78706.548]","(71341.455, 77412.749]","(68804.286, 75783.339]","(73267.267, 107701.748]","(68804.286, 107701.748]",*
73658.1167403505,"(73267.267, 78706.548]","(71341.455, 77412.749]","(68804.286, 75783.339]","(73267.267, 107701.748]","(68804.286, 107701.748]",*
73659.10345296396,"(73267.267, 78706.548]","(71341.455, 77412.749]","(68804.286, 75783.339]","(73267.267, 107701.748]","(68804.286, 107701.748]",*
73679.16563902801,"(73267.267, 78706.548]","(71341.455, 77412.749]","(68804.286, 75783.339]","(73267.267, 107701.748]","(68804.286, 107701.748]",*
73679.40405854094,"(73267.267, 78706.548]","(71341.455, 77412.749]","(68804.286, 75783.339]","(73267.267, 107701.748]","(68804.286, 107701.748]",*
73682.48620872098,"(73267.267, 78706.548]","(71341.455, 77412.749]","(68804.286, 75783.339]","(73267.267, 107701.748]","(68804.286, 107701.748]",*
73684.34795328617,"(73267.267, 78706.548]","(71341.455, 77412.749]","(68804.286, 75783.339]","(73267.267, 107701.748]","(68804.286, 107701.748]",*
73685.4036584111,"(73267.267, 78706.548]","(71341.455, 77412.749]","(68804.286, 75783.339]","(73267.267, 107701.748]","(68804.286, 107701.748]",*
73688.59397101676,"(73267.267, 78706.548]","(71341.455, 77412.749]","(68804.286, 75783.339]","(73267.267, 107701.748]","(68804.286, 107701.748]",*
73688.94660693126,"(73267.267, 78706.548]","(71341.455, 77412.749]","(68804.286, 75783.339]","(73267.267, 107701.748]","(68804.286, 107701.748]",*
73689.42839239456,"(73267.267, 78706.548]","(71341.455, 77412.749]","(68804.286, 75783.339]","(73267.267, 107701.748]","(68804.286, 107701.748]",*
73698.69635729125,"(73267.267, 78706.548]","(71341.455, 77412.749]","(68804.286, 75783.339]","(73267.267, 107701.748]","(68804.286, 107701.748]",*
73699.78263161963,"(73267.267, 78706.548]","(71341.455, 77412.749]","(68804.286, 75783.339]","(73267.267, 107701.748]","(68804.286, 107701.748]",*
73704.6322323966,"(73267.267, 78706.548]","(71341.455, 77412.749]","(68804.286, 75783.339]","(73267.267, 107701.748]","(68804.286, 107701.748]",*
73714.16482719296,"(73267.267, 78706.548]","(71341.455, 77412.749]","(68804.286, 75783.339]","(73267.267, 107701.748]","(68804.286, 107701.748]",*
73715.42371152082,"(73267.267, 78706.548]","(71341.455, 77412.749]","(68804.286, 75783.339]","(73267.267, 107701.748]","(68804.286, 107701.748]",*
73723.45534544476,"(73267.267, 78706.548]","(71341.455, 77412.749]","(68804.286, 75783.339]","(73267.267, 107701.748]","(68804.286, 107701.748]",*
73724.214508181,"(73267.267, 78706.548]","(71341.455, 77412.749]","(68804.286, 75783.339]","(73267.267, 107701.748]","(68804.286, 107701.748]",*
73726.17986231938,"(73267.267, 78706.548]","(71341.455, 77412.749]","(68804.286, 75783.339]","(73267.267, 107701.748]","(68804.286, 107701.748]",*
73732.21222715949,"(73267.267, 78706.548]","(71341.455, 77412.749]","(68804.286, 75783.339]","(73267.267, 107701.748]","(68804.286, 107701.748]",*
73739.84754455027,"(73267.267, 78706.548]","(71341.455, 77412.749]","(68804.286, 75783.339]","(73267.267, 107701.748]","(68804.286, 107701.748]",*
73753.73932969291,"(73267.267, 78706.548]","(71341.455, 77412.749]","(68804.286, 75783.339]","(73267.267, 107701.748]","(68804.286, 107701.748]",*
73756.11862401692,"(73267.267, 78706.548]","(71341.455, 77412.749]","(68804.286, 75783.339]","(73267.267, 107701.748]","(68804.286, 107701.748]",*
73763.56610588345,"(73267.267, 78706.548]","(71341.455, 77412.749]","(68804.286, 75783.339]","(73267.267, 107701.748]","(68804.286, 107701.748]",*
73779.09307767103,"(73267.267, 78706.548]","(71341.455, 77412.749]","(68804.286, 75783.339]","(73267.267, 107701.748]","(68804.286, 107701.748]",*
73789.39612865423,"(73267.267, 78706.548]","(71341.455, 77412.749]","(68804.286, 75783.339]","(73267.267, 107701.748]","(68804.286, 107701.748]",*
73789.89048304387,"(73267.267, 78706.548]","(71341.455, 77412.749]","(68804.286, 75783.339]","(73267.267, 107701.748]","(68804.286, 107701.748]",*
73801.02175942206,"(73267.267, 78706.548]","(71341.455, 77412.749]","(68804.286, 75783.339]","(73267.267, 107701.748]","(68804.286, 107701.748]",*
73803.98983184062,"(73267.267, 78706.548]","(71341.455, 77412.749]","(68804.286, 75783.339]","(73267.267, 107701.748]","(68804.286, 107701.748]",*
73804.90861793482,"(73267.267, 78706.548]","(71341.455, 77412.749]","(68804.286, 75783.339]","(73267.267, 107701.748]","(68804.286, 107701.748]",*
73823.93879248582,"(73267.267, 78706.548]","(71341.455, 77412.749]","(68804.286, 75783.339]","(73267.267, 107701.748]","(68804.286, 107701.748]",*
73829.77774119432,"(73267.267, 78706.548]","(71341.455, 77412.749]","(68804.286, 75783.339]","(73267.267, 107701.748]","(68804.286, 107701.748]",*
73839.87241657263,"(73267.267, 78706.548]","(71341.455, 77412.749]","(68804.286, 75783.339]","(73267.267, 107701.748]","(68804.286, 107701.748]",*
73853.70376255433,"(73267.267, 78706.548]","(71341.455, 77412.749]","(68804.286, 75783.339]","(73267.267, 107701.748]","(68804.286, 107701.748]",*
73854.64873153446,"(73267.267, 78706.548]","(71341.455, 77412.749]","(68804.286, 75783.339]","(73267.267, 107701.748]","(68804.286, 107701.748]",*
73864.86544996011,"(73267.267, 78706.548]","(71341.455, 77412.749]","(68804.286, 75783.339]","(73267.267, 107701.748]","(68804.286, 107701.748]",*
73869.535515389,"(73267.267, 78706.548]","(71341.455, 77412.749]","(68804.286, 75783.339]","(73267.267, 107701.748]","(68804.286, 107701.748]",*
73873.81918888786,"(73267.267, 78706.548]","(71341.455, 77412.749]","(68804.286, 75783.339]","(73267.267, 107701.748]","(68804.286, 107701.748]",*
73875.67600873925,"(73267.267, 78706.548]","(71341.455, 77412.749]","(68804.286, 75783.339]","(73267.267, 107701.748]","(68804.286, 107701.748]",*
73886.08075806487,"(73267.267, 78706.548]","(71341.455, 77412.749]","(68804.286, 75783.339]","(73267.267, 107701.748]","(68804.286, 107701.748]",*
73896.10342194879,"(73267.267, 78706.548]","(71341.455, 77412.749]","(68804.286, 75783.339]","(73267.267, 107701.748]","(68804.286, 107701.748]",*
73907.47904699328,"(73267.267, 78706.548]","(71341.455, 77412.749]","(68804.286, 75783.339]","(73267.267, 107701.748]","(68804.286, 107701.748]",*
73921.63556165794,"(73267.267, 78706.548]","(71341.455, 77412.749]","(68804.286, 75783.339]","(73267.267, 107701.748]","(68804.286, 107701.748]",*
73923.4662743976,"(73267.267, 78706.548]","(71341.455, 77412.749]","(68804.286, 75783.339]","(73267.267, 107701.748]","(68804.286, 107701.748]",*
73930.83994555451,"(73267.267, 78706.548]","(71341.455, 77412.749]","(68804.286, 75783.339]","(73267.267, 107701.748]","(68804.286, 107701.748]",*
73931.1426621128,"(73267.267, 78706.548]","(71341.455, 77412.749]","(68804.286, 75783.339]","(73267.267, 107701.748]","(68804.286, 107701.748]",*
73931.97852158835,"(73267.267, 78706.548]","(71341.455, 77412.749]","(68804.286, 75783.339]","(73267.267, 107701.748]","(68804.286, 107701.748]",*
73932.37627270575,"(73267.267, 78706.548]","(71341.455, 77412.749]","(68804.286, 75783.339]","(73267.267, 107701.748]","(68804.286, 107701.748]",*
73946.85107397818,"(73267.267, 78706.548]","(71341.455, 77412.749]","(68804.286, 75783.339]","(73267.267, 107701.748]","(68804.286, 107701.748]",*
73950.97623081095,"(73267.267, 78706.548]","(71341.455, 77412.749]","(68804.286, 75783.339]","(73267.267, 107701.748]","(68804.286, 107701.748]",*
73956.99148276298,"(73267.267, 78706.548]","(71341.455, 77412.749]","(68804.286, 75783.339]","(73267.267, 107701.748]","(68804.286, 107701.748]",*
73965.37027081565,"(73267.267, 78706.548]","(71341.455, 77412.749]","(68804.286, 75783.339]","(73267.267, 107701.748]","(68804.286, 107701.748]",*
73968.9652749049,"(73267.267, 78706.548]","(71341.455, 77412.749]","(68804.286, 75783.339]","(73267.267, 107701.748]","(68804.286, 107701.748]",*
73969.66466522547,"(73267.267, 78706.548]","(71341.455, 77412.749]","(68804.286, 75783.339]","(73267.267, 107701.748]","(68804.286, 107701.748]",*
73980.2453106015,"(73267.267, 78706.548]","(71341.455, 77412.749]","(68804.286, 75783.339]","(73267.267, 107701.748]","(68804.286, 107701.748]",*
73984.73914707053,"(73267.267, 78706.548]","(71341.455, 77412.749]","(68804.286, 75783.339]","(73267.267, 107701.748]","(68804.286, 107701.748]",*
73998.97604731687,"(73267.267, 78706.548]","(71341.455, 77412.749]","(68804.286, 75783.339]","(73267.267, 107701.748]","(68804.286, 107701.748]",*
74004.1304177207,"(73267.267, 78706.548]","(71341.455, 77412.749]","(68804.286, 75783.339]","(73267.267, 107701.748]","(68804.286, 107701.748]",*
74008.82755503603,"(73267.267, 78706.548]","(71341.455, 77412.749]","(68804.286, 75783.339]","(73267.267, 107701.748]","(68804.286, 107701.748]",*
74010.16360517128,"(73267.267, 78706.548]","(71341.455, 77412.749]","(68804.286, 75783.339]","(73267.267, 107701.748]","(68804.286, 107701.748]",*
74022.05327421406,"(73267.267, 78706.548]","(71341.455, 77412.749]","(68804.286, 75783.339]","(73267.267, 107701.748]","(68804.286, 107701.748]",*
74022.13941948053,"(73267.267, 78706.548]","(71341.455, 77412.749]","(68804.286, 75783.339]","(73267.267, 107701.748]","(68804.286, 107701.748]",*
74029.34981664893,"(73267.267, 78706.548]","(71341.455, 77412.749]","(68804.286, 75783.339]","(73267.267, 107701.748]","(68804.286, 107701.748]",*
74030.61555328287,"(73267.267, 78706.548]","(71341.455, 77412.749]","(68804.286, 75783.339]","(73267.267, 107701.748]","(68804.286, 107701.748]",*
74048.93539122486,"(73267.267, 78706.548]","(71341.455, 77412.749]","(68804.286, 75783.339]","(73267.267, 107701.748]","(68804.286, 107701.748]",*
74056.56913728938,"(73267.267, 78706.548]","(71341.455, 77412.749]","(68804.286, 75783.339]","(73267.267, 107701.748]","(68804.286, 107701.748]",*
74056.9959295448,"(73267.267, 78706.548]","(71341.455, 77412.749]","(68804.286, 75783.339]","(73267.267, 107701.748]","(68804.286, 107701.748]",*
74079.0281350844,"(73267.267, 78706.548]","(71341.455, 77412.749]","(68804.286, 75783.339]","(73267.267, 107701.748]","(68804.286, 107701.748]",*
74082.02275209992,"(73267.267, 78706.548]","(71341.455, 77412.749]","(68804.286, 75783.339]","(73267.267, 107701.748]","(68804.286, 107701.748]",*
74085.68864251144,"(73267.267, 78706.548]","(71341.455, 77412.749]","(68804.286, 75783.339]","(73267.267, 107701.748]","(68804.286, 107701.748]",*
74085.92079944858,"(73267.267, 78706.548]","(71341.455, 77412.749]","(68804.286, 75783.339]","(73267.267, 107701.748]","(68804.286, 107701.748]",*
74087.07528201511,"(73267.267, 78706.548]","(71341.455, 77412.749]","(68804.286, 75783.339]","(73267.267, 107701.748]","(68804.286, 107701.748]",*
74090.42534215856,"(73267.267, 78706.548]","(71341.455, 77412.749]","(68804.286, 75783.339]","(73267.267, 107701.748]","(68804.286, 107701.748]",*
74095.71281459706,"(73267.267, 78706.548]","(71341.455, 77412.749]","(68804.286, 75783.339]","(73267.267, 107701.748]","(68804.286, 107701.748]",*
74101.49304048994,"(73267.267, 78706.548]","(71341.455, 77412.749]","(68804.286, 75783.339]","(73267.267, 107701.748]","(68804.286, 107701.748]",*
74102.19188989743,"(73267.267, 78706.548]","(71341.455, 77412.749]","(68804.286, 75783.339]","(73267.267, 107701.748]","(68804.286, 107701.748]",*
74102.4908597829,"(73267.267, 78706.548]","(71341.455, 77412.749]","(68804.286, 75783.339]","(73267.267, 107701.748]","(68804.286, 107701.748]",*
74111.64222601234,"(73267.267, 78706.548]","(71341.455, 77412.749]","(68804.286, 75783.339]","(73267.267, 107701.748]","(68804.286, 107701.748]",*
74112.79328765409,"(73267.267, 78706.548]","(71341.455, 77412.749]","(68804.286, 75783.339]","(73267.267, 107701.748]","(68804.286, 107701.748]",*
74130.60632357746,"(73267.267, 78706.548]","(71341.455, 77412.749]","(68804.286, 75783.339]","(73267.267, 107701.748]","(68804.286, 107701.748]",*
74141.33111218314,"(73267.267, 78706.548]","(71341.455, 77412.749]","(68804.286, 75783.339]","(73267.267, 107701.748]","(68804.286, 107701.748]",*
74158.67190456443,"(73267.267, 78706.548]","(71341.455, 77412.749]","(68804.286, 75783.339]","(73267.267, 107701.748]","(68804.286, 107701.748]",*
74158.85754885548,"(73267.267, 78706.548]","(71341.455, 77412.749]","(68804.286, 75783.339]","(73267.267, 107701.748]","(68804.286, 107701.748]",*
74166.39202951023,"(73267.267, 78706.548]","(71341.455, 77412.749]","(68804.286, 75783.339]","(73267.267, 107701.748]","(68804.286, 107701.748]",*
74170.66238568659,"(73267.267, 78706.548]","(71341.455, 77412.749]","(68804.286, 75783.339]","(73267.267, 107701.748]","(68804.286, 107701.748]",*
74172.93063902053,"(73267.267, 78706.548]","(71341.455, 77412.749]","(68804.286, 75783.339]","(73267.267, 107701.748]","(68804.286, 107701.748]",*
74176.62540672849,"(73267.267, 78706.548]","(71341.455, 77412.749]","(68804.286, 75783.339]","(73267.267, 107701.748]","(68804.286, 107701.748]",*
74180.58220738581,"(73267.267, 78706.548]","(71341.455, 77412.749]","(68804.286, 75783.339]","(73267.267, 107701.748]","(68804.286, 107701.748]",*
74182.50577479284,"(73267.267, 78706.548]","(71341.455, 77412.749]","(68804.286, 75783.339]","(73267.267, 107701.748]","(68804.286, 107701.748]",*
74191.19001075625,"(73267.267, 78706.548]","(71341.455, 77412.749]","(68804.286, 75783.339]","(73267.267, 107701.748]","(68804.286, 107701.748]",*
74208.12464436457,"(73267.267, 78706.548]","(71341.455, 77412.749]","(68804.286, 75783.339]","(73267.267, 107701.748]","(68804.286, 107701.748]",*
74216.12904927548,"(73267.267, 78706.548]","(71341.455, 77412.749]","(68804.286, 75783.339]","(73267.267, 107701.748]","(68804.286, 107701.748]",*
74218.4890218834,"(73267.267, 78706.548]","(71341.455, 77412.749]","(68804.286, 75783.339]","(73267.267, 107701.748]","(68804.286, 107701.748]",*
74227.49523438301,"(73267.267, 78706.548]","(71341.455, 77412.749]","(68804.286, 75783.339]","(73267.267, 107701.748]","(68804.286, 107701.748]",*
74229.47175742805,"(73267.267, 78706.548]","(71341.455, 77412.749]","(68804.286, 75783.339]","(73267.267, 107701.748]","(68804.286, 107701.748]",*
74230.5179607262,"(73267.267, 78706.548]","(71341.455, 77412.749]","(68804.286, 75783.339]","(73267.267, 107701.748]","(68804.286, 107701.748]",*
74233.94584353584,"(73267.267, 78706.548]","(71341.455, 77412.749]","(68804.286, 75783.339]","(73267.267, 107701.748]","(68804.286, 107701.748]",*
74237.26127870168,"(73267.267, 78706.548]","(71341.455, 77412.749]","(68804.286, 75783.339]","(73267.267, 107701.748]","(68804.286, 107701.748]",*
74243.74683739454,"(73267.267, 78706.548]","(71341.455, 77412.749]","(68804.286, 75783.339]","(73267.267, 107701.748]","(68804.286, 107701.748]",*
74245.86605344585,"(73267.267, 78706.548]","(71341.455, 77412.749]","(68804.286, 75783.339]","(73267.267, 107701.748]","(68804.286, 107701.748]",*
74253.19460606322,"(73267.267, 78706.548]","(71341.455, 77412.749]","(68804.286, 75783.339]","(73267.267, 107701.748]","(68804.286, 107701.748]",*
74253.44319413943,"(73267.267, 78706.548]","(71341.455, 77412.749]","(68804.286, 75783.339]","(73267.267, 107701.748]","(68804.286, 107701.748]",*
74256.17524094792,"(73267.267, 78706.548]","(71341.455, 77412.749]","(68804.286, 75783.339]","(73267.267, 107701.748]","(68804.286, 107701.748]",*
74264.41747851037,"(73267.267, 78706.548]","(71341.455, 77412.749]","(68804.286, 75783.339]","(73267.267, 107701.748]","(68804.286, 107701.748]",*
74270.59100859973,"(73267.267, 78706.548]","(71341.455, 77412.749]","(68804.286, 75783.339]","(73267.267, 107701.748]","(68804.286, 107701.748]",*
74274.1105847937,"(73267.267, 78706.548]","(71341.455, 77412.749]","(68804.286, 75783.339]","(73267.267, 107701.748]","(68804.286, 107701.748]",*
74275.50405487811,"(73267.267, 78706.548]","(71341.455, 77412.749]","(68804.286, 75783.339]","(73267.267, 107701.748]","(68804.286, 107701.748]",*
74277.71990058018,"(73267.267, 78706.548]","(71341.455, 77412.749]","(68804.286, 75783.339]","(73267.267, 107701.748]","(68804.286, 107701.748]",*
74279.92622799156,"(73267.267, 78706.548]","(71341.455, 77412.749]","(68804.286, 75783.339]","(73267.267, 107701.748]","(68804.286, 107701.748]",*
74280.6996015845,"(73267.267, 78706.548]","(71341.455, 77412.749]","(68804.286, 75783.339]","(73267.267, 107701.748]","(68804.286, 107701.748]",*
74283.06409015285,"(73267.267, 78706.548]","(71341.455, 77412.749]","(68804.286, 75783.339]","(73267.267, 107701.748]","(68804.286, 107701.748]",*
74286.58228547995,"(73267.267, 78706.548]","(71341.455, 77412.749]","(68804.286, 75783.339]","(73267.267, 107701.748]","(68804.286, 107701.748]",*
74312.89822962483,"(73267.267, 78706.548]","(71341.455, 77412.749]","(68804.286, 75783.339]","(73267.267, 107701.748]","(68804.286, 107701.748]",*
74325.08440479987,"(73267.267, 78706.548]","(71341.455, 77412.749]","(68804.286, 75783.339]","(73267.267, 107701.748]","(68804.286, 107701.748]",*
74332.85046670707,"(73267.267, 78706.548]","(71341.455, 77412.749]","(68804.286, 75783.339]","(73267.267, 107701.748]","(68804.286, 107701.748]",*
74333.53507389282,"(73267.267, 78706.548]","(71341.455, 77412.749]","(68804.286, 75783.339]","(73267.267, 107701.748]","(68804.286, 107701.748]",*
74334.49484891063,"(73267.267, 78706.548]","(71341.455, 77412.749]","(68804.286, 75783.339]","(73267.267, 107701.748]","(68804.286, 107701.748]",*
74338.92770976378,"(73267.267, 78706.548]","(71341.455, 77412.749]","(68804.286, 75783.339]","(73267.267, 107701.748]","(68804.286, 107701.748]",*
74354.2301831316,"(73267.267, 78706.548]","(71341.455, 77412.749]","(68804.286, 75783.339]","(73267.267, 107701.748]","(68804.286, 107701.748]",*
74360.18021425366,"(73267.267, 78706.548]","(71341.455, 77412.749]","(68804.286, 75783.339]","(73267.267, 107701.748]","(68804.286, 107701.748]",*
74367.54263251943,"(73267.267, 78706.548]","(71341.455, 77412.749]","(68804.286, 75783.339]","(73267.267, 107701.748]","(68804.286, 107701.748]",*
74369.66860279281,"(73267.267, 78706.548]","(71341.455, 77412.749]","(68804.286, 75783.339]","(73267.267, 107701.748]","(68804.286, 107701.748]",*
74371.33687656341,"(73267.267, 78706.548]","(71341.455, 77412.749]","(68804.286, 75783.339]","(73267.267, 107701.748]","(68804.286, 107701.748]",*
74372.13845247941,"(73267.267, 78706.548]","(71341.455, 77412.749]","(68804.286, 75783.339]","(73267.267, 107701.748]","(68804.286, 107701.748]",*
74372.29485641554,"(73267.267, 78706.548]","(71341.455, 77412.749]","(68804.286, 75783.339]","(73267.267, 107701.748]","(68804.286, 107701.748]",*
74372.81020915511,"(73267.267, 78706.548]","(71341.455, 77412.749]","(68804.286, 75783.339]","(73267.267, 107701.748]","(68804.286, 107701.748]",*
74380.94273087138,"(73267.267, 78706.548]","(71341.455, 77412.749]","(68804.286, 75783.339]","(73267.267, 107701.748]","(68804.286, 107701.748]",*
74384.10562904492,"(73267.267, 78706.548]","(71341.455, 77412.749]","(68804.286, 75783.339]","(73267.267, 107701.748]","(68804.286, 107701.748]",*
74385.13789506652,"(73267.267, 78706.548]","(71341.455, 77412.749]","(68804.286, 75783.339]","(73267.267, 107701.748]","(68804.286, 107701.748]",*
74388.60125721569,"(73267.267, 78706.548]","(71341.455, 77412.749]","(68804.286, 75783.339]","(73267.267, 107701.748]","(68804.286, 107701.748]",*
74399.84098191423,"(73267.267, 78706.548]","(71341.455, 77412.749]","(68804.286, 75783.339]","(73267.267, 107701.748]","(68804.286, 107701.748]",*
74401.69918132536,"(73267.267, 78706.548]","(71341.455, 77412.749]","(68804.286, 75783.339]","(73267.267, 107701.748]","(68804.286, 107701.748]",*
74405.372570768,"(73267.267, 78706.548]","(71341.455, 77412.749]","(68804.286, 75783.339]","(73267.267, 107701.748]","(68804.286, 107701.748]",*
74411.05989226673,"(73267.267, 78706.548]","(71341.455, 77412.749]","(68804.286, 75783.339]","(73267.267, 107701.748]","(68804.286, 107701.748]",*
74415.88329704801,"(73267.267, 78706.548]","(71341.455, 77412.749]","(68804.286, 75783.339]","(73267.267, 107701.748]","(68804.286, 107701.748]",*
74416.20429186046,"(73267.267, 78706.548]","(71341.455, 77412.749]","(68804.286, 75783.339]","(73267.267, 107701.748]","(68804.286, 107701.748]",*
74418.47389296381,"(73267.267, 78706.548]","(71341.455, 77412.749]","(68804.286, 75783.339]","(73267.267, 107701.748]","(68804.286, 107701.748]",*
74419.53564492357,"(73267.267, 78706.548]","(71341.455, 77412.749]","(68804.286, 75783.339]","(73267.267, 107701.748]","(68804.286, 107701.748]",*
74420.05254414193,"(73267.267, 78706.548]","(71341.455, 77412.749]","(68804.286, 75783.339]","(73267.267, 107701.748]","(68804.286, 107701.748]",*
74428.12576480818,"(73267.267, 78706.548]","(71341.455, 77412.749]","(68804.286, 75783.339]","(73267.267, 107701.748]","(68804.286, 107701.748]",*
74435.94993762064,"(73267.267, 78706.548]","(71341.455, 77412.749]","(68804.286, 75783.339]","(73267.267, 107701.748]","(68804.286, 107701.748]",*
74438.95591023786,"(73267.267, 78706.548]","(71341.455, 77412.749]","(68804.286, 75783.339]","(73267.267, 107701.748]","(68804.286, 107701.748]",*
74439.56614457298,"(73267.267, 78706.548]","(71341.455, 77412.749]","(68804.286, 75783.339]","(73267.267, 107701.748]","(68804.286, 107701.748]",*
74449.12173649532,"(73267.267, 78706.548]","(71341.455, 77412.749]","(68804.286, 75783.339]","(73267.267, 107701.748]","(68804.286, 107701.748]",*
74452.82103017729,"(73267.267, 78706.548]","(71341.455, 77412.749]","(68804.286, 75783.339]","(73267.267, 107701.748]","(68804.286, 107701.748]",*
74455.44202761637,"(73267.267, 78706.548]","(71341.455, 77412.749]","(68804.286, 75783.339]","(73267.267, 107701.748]","(68804.286, 107701.748]",*
74469.2135666335,"(73267.267, 78706.548]","(71341.455, 77412.749]","(68804.286, 75783.339]","(73267.267, 107701.748]","(68804.286, 107701.748]",*
74469.43768297418,"(73267.267, 78706.548]","(71341.455, 77412.749]","(68804.286, 75783.339]","(73267.267, 107701.748]","(68804.286, 107701.748]",*
74475.54480684512,"(73267.267, 78706.548]","(71341.455, 77412.749]","(68804.286, 75783.339]","(73267.267, 107701.748]","(68804.286, 107701.748]",*
74479.33775797447,"(73267.267, 78706.548]","(71341.455, 77412.749]","(68804.286, 75783.339]","(73267.267, 107701.748]","(68804.286, 107701.748]",*
74490.40279065786,"(73267.267, 78706.548]","(71341.455, 77412.749]","(68804.286, 75783.339]","(73267.267, 107701.748]","(68804.286, 107701.748]",*
74490.63924305497,"(73267.267, 78706.548]","(71341.455, 77412.749]","(68804.286, 75783.339]","(73267.267, 107701.748]","(68804.286, 107701.748]",*
74497.67307720639,"(73267.267, 78706.548]","(71341.455, 77412.749]","(68804.286, 75783.339]","(73267.267, 107701.748]","(68804.286, 107701.748]",*
74510.79036006423,"(73267.267, 78706.548]","(71341.455, 77412.749]","(68804.286, 75783.339]","(73267.267, 107701.748]","(68804.286, 107701.748]",*
74521.14052175259,"(73267.267, 78706.548]","(71341.455, 77412.749]","(68804.286, 75783.339]","(73267.267, 107701.748]","(68804.286, 107701.748]",*
74521.17812746152,"(73267.267, 78706.548]","(71341.455, 77412.749]","(68804.286, 75783.339]","(73267.267, 107701.748]","(68804.286, 107701.748]",*
74522.90180431426,"(73267.267, 78706.548]","(71341.455, 77412.749]","(68804.286, 75783.339]","(73267.267, 107701.748]","(68804.286, 107701.748]",*
74526.49852459227,"(73267.267, 78706.548]","(71341.455, 77412.749]","(68804.286, 75783.339]","(73267.267, 107701.748]","(68804.286, 107701.748]",*
74530.35438739635,"(73267.267, 78706.548]","(71341.455, 77412.749]","(68804.286, 75783.339]","(73267.267, 107701.748]","(68804.286, 107701.748]",*
74533.16208198754,"(73267.267, 78706.548]","(71341.455, 77412.749]","(68804.286, 75783.339]","(73267.267, 107701.748]","(68804.286, 107701.748]",*
74542.63700632755,"(73267.267, 78706.548]","(71341.455, 77412.749]","(68804.286, 75783.339]","(73267.267, 107701.748]","(68804.286, 107701.748]",*
74547.96559235388,"(73267.267, 78706.548]","(71341.455, 77412.749]","(68804.286, 75783.339]","(73267.267, 107701.748]","(68804.286, 107701.748]",*
74548.14309833036,"(73267.267, 78706.548]","(71341.455, 77412.749]","(68804.286, 75783.339]","(73267.267, 107701.748]","(68804.286, 107701.748]",*
74551.97298408403,"(73267.267, 78706.548]","(71341.455, 77412.749]","(68804.286, 75783.339]","(73267.267, 107701.748]","(68804.286, 107701.748]",*
74555.76808444274,"(73267.267, 78706.548]","(71341.455, 77412.749]","(68804.286, 75783.339]","(73267.267, 107701.748]","(68804.286, 107701.748]",*
74559.71663828053,"(73267.267, 78706.548]","(71341.455, 77412.749]","(68804.286, 75783.339]","(73267.267, 107701.748]","(68804.286, 107701.748]",*
74562.39070409091,"(73267.267, 78706.548]","(71341.455, 77412.749]","(68804.286, 75783.339]","(73267.267, 107701.748]","(68804.286, 107701.748]",*
74567.19960944561,"(73267.267, 78706.548]","(71341.455, 77412.749]","(68804.286, 75783.339]","(73267.267, 107701.748]","(68804.286, 107701.748]",*
74569.85806580706,"(73267.267, 78706.548]","(71341.455, 77412.749]","(68804.286, 75783.339]","(73267.267, 107701.748]","(68804.286, 107701.748]",*
74579.27073249071,"(73267.267, 78706.548]","(71341.455, 77412.749]","(68804.286, 75783.339]","(73267.267, 107701.748]","(68804.286, 107701.748]",*
74579.98952724633,"(73267.267, 78706.548]","(71341.455, 77412.749]","(68804.286, 75783.339]","(73267.267, 107701.748]","(68804.286, 107701.748]",*
74584.37391690226,"(73267.267, 78706.548]","(71341.455, 77412.749]","(68804.286, 75783.339]","(73267.267, 107701.748]","(68804.286, 107701.748]",*
74585.83979872572,"(73267.267, 78706.548]","(71341.455, 77412.749]","(68804.286, 75783.339]","(73267.267, 107701.748]","(68804.286, 107701.748]",*
74591.28235244803,"(73267.267, 78706.548]","(71341.455, 77412.749]","(68804.286, 75783.339]","(73267.267, 107701.748]","(68804.286, 107701.748]",*
74598.43175721179,"(73267.267, 78706.548]","(71341.455, 77412.749]","(68804.286, 75783.339]","(73267.267, 107701.748]","(68804.286, 107701.748]",*
74605.03536257526,"(73267.267, 78706.548]","(71341.455, 77412.749]","(68804.286, 75783.339]","(73267.267, 107701.748]","(68804.286, 107701.748]",*
74614.82449391714,"(73267.267, 78706.548]","(71341.455, 77412.749]","(68804.286, 75783.339]","(73267.267, 107701.748]","(68804.286, 107701.748]",*
74622.1643474694,"(73267.267, 78706.548]","(71341.455, 77412.749]","(68804.286, 75783.339]","(73267.267, 107701.748]","(68804.286, 107701.748]",*
74625.7447408853,"(73267.267, 78706.548]","(71341.455, 77412.749]","(68804.286, 75783.339]","(73267.267, 107701.748]","(68804.286, 107701.748]",*
74633.94170499199,"(73267.267, 78706.548]","(71341.455, 77412.749]","(68804.286, 75783.339]","(73267.267, 107701.748]","(68804.286, 107701.748]",*
74636.90015787883,"(73267.267, 78706.548]","(71341.455, 77412.749]","(68804.286, 75783.339]","(73267.267, 107701.748]","(68804.286, 107701.748]",*
74646.84655520196,"(73267.267, 78706.548]","(71341.455, 77412.749]","(68804.286, 75783.339]","(73267.267, 107701.748]","(68804.286, 107701.748]",*
74655.63476006295,"(73267.267, 78706.548]","(71341.455, 77412.749]","(68804.286, 75783.339]","(73267.267, 107701.748]","(68804.286, 107701.748]",*
74656.89423804753,"(73267.267, 78706.548]","(71341.455, 77412.749]","(68804.286, 75783.339]","(73267.267, 107701.748]","(68804.286, 107701.748]",*
74664.3366448372,"(73267.267, 78706.548]","(71341.455, 77412.749]","(68804.286, 75783.339]","(73267.267, 107701.748]","(68804.286, 107701.748]",*
74665.96760373394,"(73267.267, 78706.548]","(71341.455, 77412.749]","(68804.286, 75783.339]","(73267.267, 107701.748]","(68804.286, 107701.748]",*
74682.22416362744,"(73267.267, 78706.548]","(71341.455, 77412.749]","(68804.286, 75783.339]","(73267.267, 107701.748]","(68804.286, 107701.748]",*
74691.94960081003,"(73267.267, 78706.548]","(71341.455, 77412.749]","(68804.286, 75783.339]","(73267.267, 107701.748]","(68804.286, 107701.748]",*
74692.89513997053,"(73267.267, 78706.548]","(71341.455, 77412.749]","(68804.286, 75783.339]","(73267.267, 107701.748]","(68804.286, 107701.748]",*
74698.02400103645,"(73267.267, 78706.548]","(71341.455, 77412.749]","(68804.286, 75783.339]","(73267.267, 107701.748]","(68804.286, 107701.748]",*
74706.10053171057,"(73267.267, 78706.548]","(71341.455, 77412.749]","(68804.286, 75783.339]","(73267.267, 107701.748]","(68804.286, 107701.748]",*
74727.24515933517,"(73267.267, 78706.548]","(71341.455, 77412.749]","(68804.286, 75783.339]","(73267.267, 107701.748]","(68804.286, 107701.748]",*
74727.88857283961,"(73267.267, 78706.548]","(71341.455, 77412.749]","(68804.286, 75783.339]","(73267.267, 107701.748]","(68804.286, 107701.748]",*
74729.99606212534,"(73267.267, 78706.548]","(71341.455, 77412.749]","(68804.286, 75783.339]","(73267.267, 107701.748]","(68804.286, 107701.748]",*
74740.73287565201,"(73267.267, 78706.548]","(71341.455, 77412.749]","(68804.286, 75783.339]","(73267.267, 107701.748]","(68804.286, 107701.748]",*
74741.0079817643,"(73267.267, 78706.548]","(71341.455, 77412.749]","(68804.286, 75783.339]","(73267.267, 107701.748]","(68804.286, 107701.748]",*
74748.15451264555,"(73267.267, 78706.548]","(71341.455, 77412.749]","(68804.286, 75783.339]","(73267.267, 107701.748]","(68804.286, 107701.748]",*
74750.18655345745,"(73267.267, 78706.548]","(71341.455, 77412.749]","(68804.286, 75783.339]","(73267.267, 107701.748]","(68804.286, 107701.748]",*
74756.93253100643,"(73267.267, 78706.548]","(71341.455, 77412.749]","(68804.286, 75783.339]","(73267.267, 107701.748]","(68804.286, 107701.748]",*
74764.54350715425,"(73267.267, 78706.548]","(71341.455, 77412.749]","(68804.286, 75783.339]","(73267.267, 107701.748]","(68804.286, 107701.748]",*
74775.21982855053,"(73267.267, 78706.548]","(71341.455, 77412.749]","(68804.286, 75783.339]","(73267.267, 107701.748]","(68804.286, 107701.748]",*
74777.76432951872,"(73267.267, 78706.548]","(71341.455, 77412.749]","(68804.286, 75783.339]","(73267.267, 107701.748]","(68804.286, 107701.748]",*
74791.01675490434,"(73267.267, 78706.548]","(71341.455, 77412.749]","(68804.286, 75783.339]","(73267.267, 107701.748]","(68804.286, 107701.748]",*
74796.11322618222,"(73267.267, 78706.548]","(71341.455, 77412.749]","(68804.286, 75783.339]","(73267.267, 107701.748]","(68804.286, 107701.748]",*
74812.69859218234,"(73267.267, 78706.548]","(71341.455, 77412.749]","(68804.286, 75783.339]","(73267.267, 107701.748]","(68804.286, 107701.748]",*
74826.30556193442,"(73267.267, 78706.548]","(71341.455, 77412.749]","(68804.286, 75783.339]","(73267.267, 107701.748]","(68804.286, 107701.748]",*
74838.65747339962,"(73267.267, 78706.548]","(71341.455, 77412.749]","(68804.286, 75783.339]","(73267.267, 107701.748]","(68804.286, 107701.748]",*
74852.73537989284,"(73267.267, 78706.548]","(71341.455, 77412.749]","(68804.286, 75783.339]","(73267.267, 107701.748]","(68804.286, 107701.748]",*
74854.1001068808,"(73267.267, 78706.548]","(71341.455, 77412.749]","(68804.286, 75783.339]","(73267.267, 107701.748]","(68804.286, 107701.748]",*
74855.45823128644,"(73267.267, 78706.548]","(71341.455, 77412.749]","(68804.286, 75783.339]","(73267.267, 107701.748]","(68804.286, 107701.748]",*
74864.37030824207,"(73267.267, 78706.548]","(71341.455, 77412.749]","(68804.286, 75783.339]","(73267.267, 107701.748]","(68804.286, 107701.748]",*
74867.50581950505,"(73267.267, 78706.548]","(71341.455, 77412.749]","(68804.286, 75783.339]","(73267.267, 107701.748]","(68804.286, 107701.748]",*
74867.52658869496,"(73267.267, 78706.548]","(71341.455, 77412.749]","(68804.286, 75783.339]","(73267.267, 107701.748]","(68804.286, 107701.748]",*
74872.36118770897,"(73267.267, 78706.548]","(71341.455, 77412.749]","(68804.286, 75783.339]","(73267.267, 107701.748]","(68804.286, 107701.748]",*
74881.06436138318,"(73267.267, 78706.548]","(71341.455, 77412.749]","(68804.286, 75783.339]","(73267.267, 107701.748]","(68804.286, 107701.748]",*
74881.59853450942,"(73267.267, 78706.548]","(71341.455, 77412.749]","(68804.286, 75783.339]","(73267.267, 107701.748]","(68804.286, 107701.748]",*
74890.93612236231,"(73267.267, 78706.548]","(71341.455, 77412.749]","(68804.286, 75783.339]","(73267.267, 107701.748]","(68804.286, 107701.748]",*
74898.65868417957,"(73267.267, 78706.548]","(71341.455, 77412.749]","(68804.286, 75783.339]","(73267.267, 107701.748]","(68804.286, 107701.748]",*
74900.48594645326,"(73267.267, 78706.548]","(71341.455, 77412.749]","(68804.286, 75783.339]","(73267.267, 107701.748]","(68804.286, 107701.748]",*
74905.35291757347,"(73267.267, 78706.548]","(71341.455, 77412.749]","(68804.286, 75783.339]","(73267.267, 107701.748]","(68804.286, 107701.748]",*
74909.72422423067,"(73267.267, 78706.548]","(71341.455, 77412.749]","(68804.286, 75783.339]","(73267.267, 107701.748]","(68804.286, 107701.748]",*
74910.40482670155,"(73267.267, 78706.548]","(71341.455, 77412.749]","(68804.286, 75783.339]","(73267.267, 107701.748]","(68804.286, 107701.748]",*
74941.58580083921,"(73267.267, 78706.548]","(71341.455, 77412.749]","(68804.286, 75783.339]","(73267.267, 107701.748]","(68804.286, 107701.748]",*
74944.34679085365,"(73267.267, 78706.548]","(71341.455, 77412.749]","(68804.286, 75783.339]","(73267.267, 107701.748]","(68804.286, 107701.748]",*
74952.96398624251,"(73267.267, 78706.548]","(71341.455, 77412.749]","(68804.286, 75783.339]","(73267.267, 107701.748]","(68804.286, 107701.748]",*
74960.7676640256,"(73267.267, 78706.548]","(71341.455, 77412.749]","(68804.286, 75783.339]","(73267.267, 107701.748]","(68804.286, 107701.748]",*
74968.4173232895,"(73267.267, 78706.548]","(71341.455, 77412.749]","(68804.286, 75783.339]","(73267.267, 107701.748]","(68804.286, 107701.748]",*
74984.66675231294,"(73267.267, 78706.548]","(71341.455, 77412.749]","(68804.286, 75783.339]","(73267.267, 107701.748]","(68804.286, 107701.748]",*
74992.15533224723,"(73267.267, 78706.548]","(71341.455, 77412.749]","(68804.286, 75783.339]","(73267.267, 107701.748]","(68804.286, 107701.748]",*
74994.85564398173,"(73267.267, 78706.548]","(71341.455, 77412.749]","(68804.286, 75783.339]","(73267.267, 107701.748]","(68804.286, 107701.748]",*
75012.34166008537,"(73267.267, 78706.548]","(71341.455, 77412.749]","(68804.286, 75783.339]","(73267.267, 107701.748]","(68804.286, 107701.748]",*
75024.02331950096,"(73267.267, 78706.548]","(71341.455, 77412.749]","(68804.286, 75783.339]","(73267.267, 107701.748]","(68804.286, 107701.748]",*
75025.96428821646,"(73267.267, 78706.548]","(71341.455, 77412.749]","(68804.286, 75783.339]","(73267.267, 107701.748]","(68804.286, 107701.748]",*
75033.91776859196,"(73267.267, 78706.548]","(71341.455, 77412.749]","(68804.286, 75783.339]","(73267.267, 107701.748]","(68804.286, 107701.748]",*
75034.52363574503,"(73267.267, 78706.548]","(71341.455, 77412.749]","(68804.286, 75783.339]","(73267.267, 107701.748]","(68804.286, 107701.748]",*
75040.81543040722,"(73267.267, 78706.548]","(71341.455, 77412.749]","(68804.286, 75783.339]","(73267.267, 107701.748]","(68804.286, 107701.748]",*
75045.25020504912,"(73267.267, 78706.548]","(71341.455, 77412.749]","(68804.286, 75783.339]","(73267.267, 107701.748]","(68804.286, 107701.748]",*
75046.31379106782,"(73267.267, 78706.548]","(71341.455, 77412.749]","(68804.286, 75783.339]","(73267.267, 107701.748]","(68804.286, 107701.748]",*
75046.84820392633,"(73267.267, 78706.548]","(71341.455, 77412.749]","(68804.286, 75783.339]","(73267.267, 107701.748]","(68804.286, 107701.748]",*
75049.03671608973,"(73267.267, 78706.548]","(71341.455, 77412.749]","(68804.286, 75783.339]","(73267.267, 107701.748]","(68804.286, 107701.748]",*
75054.75347233933,"(73267.267, 78706.548]","(71341.455, 77412.749]","(68804.286, 75783.339]","(73267.267, 107701.748]","(68804.286, 107701.748]",*
75059.77451664454,"(73267.267, 78706.548]","(71341.455, 77412.749]","(68804.286, 75783.339]","(73267.267, 107701.748]","(68804.286, 107701.748]",*
75070.26257083847,"(73267.267, 78706.548]","(71341.455, 77412.749]","(68804.286, 75783.339]","(73267.267, 107701.748]","(68804.286, 107701.748]",*
75071.968278905,"(73267.267, 78706.548]","(71341.455, 77412.749]","(68804.286, 75783.339]","(73267.267, 107701.748]","(68804.286, 107701.748]",*
75072.99461337343,"(73267.267, 78706.548]","(71341.455, 77412.749]","(68804.286, 75783.339]","(73267.267, 107701.748]","(68804.286, 107701.748]",*
75078.79151567799,"(73267.267, 78706.548]","(71341.455, 77412.749]","(68804.286, 75783.339]","(73267.267, 107701.748]","(68804.286, 107701.748]",*
75080.17356390951,"(73267.267, 78706.548]","(71341.455, 77412.749]","(68804.286, 75783.339]","(73267.267, 107701.748]","(68804.286, 107701.748]",*
75090.75511572356,"(73267.267, 78706.548]","(71341.455, 77412.749]","(68804.286, 75783.339]","(73267.267, 107701.748]","(68804.286, 107701.748]",*
75093.95693851731,"(73267.267, 78706.548]","(71341.455, 77412.749]","(68804.286, 75783.339]","(73267.267, 107701.748]","(68804.286, 107701.748]",*
75099.24722299138,"(73267.267, 78706.548]","(71341.455, 77412.749]","(68804.286, 75783.339]","(73267.267, 107701.748]","(68804.286, 107701.748]",*
75100.69123637452,"(73267.267, 78706.548]","(71341.455, 77412.749]","(68804.286, 75783.339]","(73267.267, 107701.748]","(68804.286, 107701.748]",*
75104.5517525339,"(73267.267, 78706.548]","(71341.455, 77412.749]","(68804.286, 75783.339]","(73267.267, 107701.748]","(68804.286, 107701.748]",*
75106.27743646385,"(73267.267, 78706.548]","(71341.455, 77412.749]","(68804.286, 75783.339]","(73267.267, 107701.748]","(68804.286, 107701.748]",*
75117.04294920928,"(73267.267, 78706.548]","(71341.455, 77412.749]","(68804.286, 75783.339]","(73267.267, 107701.748]","(68804.286, 107701.748]",*
75126.80507845552,"(73267.267, 78706.548]","(71341.455, 77412.749]","(68804.286, 75783.339]","(73267.267, 107701.748]","(68804.286, 107701.748]",*
75129.72115820681,"(73267.267, 78706.548]","(71341.455, 77412.749]","(68804.286, 75783.339]","(73267.267, 107701.748]","(68804.286, 107701.748]",*
75136.3091521182,"(73267.267, 78706.548]","(71341.455, 77412.749]","(68804.286, 75783.339]","(73267.267, 107701.748]","(68804.286, 107701.748]",*
75144.86605495926,"(73267.267, 78706.548]","(71341.455, 77412.749]","(68804.286, 75783.339]","(73267.267, 107701.748]","(68804.286, 107701.748]",*
75146.80358852219,"(73267.267, 78706.548]","(71341.455, 77412.749]","(68804.286, 75783.339]","(73267.267, 107701.748]","(68804.286, 107701.748]",*
75151.1055549649,"(73267.267, 78706.548]","(71341.455, 77412.749]","(68804.286, 75783.339]","(73267.267, 107701.748]","(68804.286, 107701.748]",*
75155.18265313075,"(73267.267, 78706.548]","(71341.455, 77412.749]","(68804.286, 75783.339]","(73267.267, 107701.748]","(68804.286, 107701.748]",*
75156.5373258719,"(73267.267, 78706.548]","(71341.455, 77412.749]","(68804.286, 75783.339]","(73267.267, 107701.748]","(68804.286, 107701.748]",*
75167.81194809392,"(73267.267, 78706.548]","(71341.455, 77412.749]","(68804.286, 75783.339]","(73267.267, 107701.748]","(68804.286, 107701.748]",*
75171.71380057382,"(73267.267, 78706.548]","(71341.455, 77412.749]","(68804.286, 75783.339]","(73267.267, 107701.748]","(68804.286, 107701.748]",*
75172.23412945303,"(73267.267, 78706.548]","(71341.455, 77412.749]","(68804.286, 75783.339]","(73267.267, 107701.748]","(68804.286, 107701.748]",*
75174.65806736563,"(73267.267, 78706.548]","(71341.455, 77412.749]","(68804.286, 75783.339]","(73267.267, 107701.748]","(68804.286, 107701.748]",*
75175.00475810411,"(73267.267, 78706.548]","(71341.455, 77412.749]","(68804.286, 75783.339]","(73267.267, 107701.748]","(68804.286, 107701.748]",*
75175.87311311385,"(73267.267, 78706.548]","(71341.455, 77412.749]","(68804.286, 75783.339]","(73267.267, 107701.748]","(68804.286, 107701.748]",*
75179.90298976263,"(73267.267, 78706.548]","(71341.455, 77412.749]","(68804.286, 75783.339]","(73267.267, 107701.748]","(68804.286, 107701.748]",*
75212.32679846906,"(73267.267, 78706.548]","(71341.455, 77412.749]","(68804.286, 75783.339]","(73267.267, 107701.748]","(68804.286, 107701.748]",*
75219.09501681034,"(73267.267, 78706.548]","(71341.455, 77412.749]","(68804.286, 75783.339]","(73267.267, 107701.748]","(68804.286, 107701.748]",*
75245.46543563096,"(73267.267, 78706.548]","(71341.455, 77412.749]","(68804.286, 75783.339]","(73267.267, 107701.748]","(68804.286, 107701.748]",*
75250.20708354558,"(73267.267, 78706.548]","(71341.455, 77412.749]","(68804.286, 75783.339]","(73267.267, 107701.748]","(68804.286, 107701.748]",*
75258.7805798882,"(73267.267, 78706.548]","(71341.455, 77412.749]","(68804.286, 75783.339]","(73267.267, 107701.748]","(68804.286, 107701.748]",*
75263.11564231526,"(73267.267, 78706.548]","(71341.455, 77412.749]","(68804.286, 75783.339]","(73267.267, 107701.748]","(68804.286, 107701.748]",*
75265.99826759112,"(73267.267, 78706.548]","(71341.455, 77412.749]","(68804.286, 75783.339]","(73267.267, 107701.748]","(68804.286, 107701.748]",*
75282.44801220151,"(73267.267, 78706.548]","(71341.455, 77412.749]","(68804.286, 75783.339]","(73267.267, 107701.748]","(68804.286, 107701.748]",*
75287.52728081457,"(73267.267, 78706.548]","(71341.455, 77412.749]","(68804.286, 75783.339]","(73267.267, 107701.748]","(68804.286, 107701.748]",*
75289.63146563657,"(73267.267, 78706.548]","(71341.455, 77412.749]","(68804.286, 75783.339]","(73267.267, 107701.748]","(68804.286, 107701.748]",*
75291.06395720085,"(73267.267, 78706.548]","(71341.455, 77412.749]","(68804.286, 75783.339]","(73267.267, 107701.748]","(68804.286, 107701.748]",*
75299.61256561527,"(73267.267, 78706.548]","(71341.455, 77412.749]","(68804.286, 75783.339]","(73267.267, 107701.748]","(68804.286, 107701.748]",*
75302.08258044263,"(73267.267, 78706.548]","(71341.455, 77412.749]","(68804.286, 75783.339]","(73267.267, 107701.748]","(68804.286, 107701.748]",*
75302.11142446788,"(73267.267, 78706.548]","(71341.455, 77412.749]","(68804.286, 75783.339]","(73267.267, 107701.748]","(68804.286, 107701.748]",*
75312.25951011907,"(73267.267, 78706.548]","(71341.455, 77412.749]","(68804.286, 75783.339]","(73267.267, 107701.748]","(68804.286, 107701.748]",*
75318.69448646296,"(73267.267, 78706.548]","(71341.455, 77412.749]","(68804.286, 75783.339]","(73267.267, 107701.748]","(68804.286, 107701.748]",*
75323.05820250597,"(73267.267, 78706.548]","(71341.455, 77412.749]","(68804.286, 75783.339]","(73267.267, 107701.748]","(68804.286, 107701.748]",*
75339.91582097881,"(73267.267, 78706.548]","(71341.455, 77412.749]","(68804.286, 75783.339]","(73267.267, 107701.748]","(68804.286, 107701.748]",*
75342.97535290549,"(73267.267, 78706.548]","(71341.455, 77412.749]","(68804.286, 75783.339]","(73267.267, 107701.748]","(68804.286, 107701.748]",*
75354.41490284244,"(73267.267, 78706.548]","(71341.455, 77412.749]","(68804.286, 75783.339]","(73267.267, 107701.748]","(68804.286, 107701.748]",*
75358.48259588447,"(73267.267, 78706.548]","(71341.455, 77412.749]","(68804.286, 75783.339]","(73267.267, 107701.748]","(68804.286, 107701.748]",*
75361.23757377523,"(73267.267, 78706.548]","(71341.455, 77412.749]","(68804.286, 75783.339]","(73267.267, 107701.748]","(68804.286, 107701.748]",*
75367.07494636593,"(73267.267, 78706.548]","(71341.455, 77412.749]","(68804.286, 75783.339]","(73267.267, 107701.748]","(68804.286, 107701.748]",*
75368.5886914241,"(73267.267, 78706.548]","(71341.455, 77412.749]","(68804.286, 75783.339]","(73267.267, 107701.748]","(68804.286, 107701.748]",*
75376.95160300791,"(73267.267, 78706.548]","(71341.455, 77412.749]","(68804.286, 75783.339]","(73267.267, 107701.748]","(68804.286, 107701.748]",*
75378.62763604769,"(73267.267, 78706.548]","(71341.455, 77412.749]","(68804.286, 75783.339]","(73267.267, 107701.748]","(68804.286, 107701.748]",*
75390.24899559953,"(73267.267, 78706.548]","(71341.455, 77412.749]","(68804.286, 75783.339]","(73267.267, 107701.748]","(68804.286, 107701.748]",*
75391.6817578777,"(73267.267, 78706.548]","(71341.455, 77412.749]","(68804.286, 75783.339]","(73267.267, 107701.748]","(68804.286, 107701.748]",*
75393.12117566973,"(73267.267, 78706.548]","(71341.455, 77412.749]","(68804.286, 75783.339]","(73267.267, 107701.748]","(68804.286, 107701.748]",*
75394.75958162155,"(73267.267, 78706.548]","(71341.455, 77412.749]","(68804.286, 75783.339]","(73267.267, 107701.748]","(68804.286, 107701.748]",*
75398.07680420559,"(73267.267, 78706.548]","(71341.455, 77412.749]","(68804.286, 75783.339]","(73267.267, 107701.748]","(68804.286, 107701.748]",*
75408.35862094232,"(73267.267, 78706.548]","(71341.455, 77412.749]","(68804.286, 75783.339]","(73267.267, 107701.748]","(68804.286, 107701.748]",*
75409.22438189847,"(73267.267, 78706.548]","(71341.455, 77412.749]","(68804.286, 75783.339]","(73267.267, 107701.748]","(68804.286, 107701.748]",*
75429.17897604674,"(73267.267, 78706.548]","(71341.455, 77412.749]","(68804.286, 75783.339]","(73267.267, 107701.748]","(68804.286, 107701.748]",*
75434.5545754117,"(73267.267, 78706.548]","(71341.455, 77412.749]","(68804.286, 75783.339]","(73267.267, 107701.748]","(68804.286, 107701.748]",*
75435.4242464136,"(73267.267, 78706.548]","(71341.455, 77412.749]","(68804.286, 75783.339]","(73267.267, 107701.748]","(68804.286, 107701.748]",*
75437.52345088377,"(73267.267, 78706.548]","(71341.455, 77412.749]","(68804.286, 75783.339]","(73267.267, 107701.748]","(68804.286, 107701.748]",*
75454.16429443403,"(73267.267, 78706.548]","(71341.455, 77412.749]","(68804.286, 75783.339]","(73267.267, 107701.748]","(68804.286, 107701.748]",*
75470.75994571578,"(73267.267, 78706.548]","(71341.455, 77412.749]","(68804.286, 75783.339]","(73267.267, 107701.748]","(68804.286, 107701.748]",*
75474.97326429907,"(73267.267, 78706.548]","(71341.455, 77412.749]","(68804.286, 75783.339]","(73267.267, 107701.748]","(68804.286, 107701.748]",*
75475.50719246067,"(73267.267, 78706.548]","(71341.455, 77412.749]","(68804.286, 75783.339]","(73267.267, 107701.748]","(68804.286, 107701.748]",*
75477.51718033751,"(73267.267, 78706.548]","(71341.455, 77412.749]","(68804.286, 75783.339]","(73267.267, 107701.748]","(68804.286, 107701.748]",*
75479.76745305597,"(73267.267, 78706.548]","(71341.455, 77412.749]","(68804.286, 75783.339]","(73267.267, 107701.748]","(68804.286, 107701.748]",*
75487.03259942801,"(73267.267, 78706.548]","(71341.455, 77412.749]","(68804.286, 75783.339]","(73267.267, 107701.748]","(68804.286, 107701.748]",*
75491.79999479739,"(73267.267, 78706.548]","(71341.455, 77412.749]","(68804.286, 75783.339]","(73267.267, 107701.748]","(68804.286, 107701.748]",*
75513.24688714111,"(73267.267, 78706.548]","(71341.455, 77412.749]","(68804.286, 75783.339]","(73267.267, 107701.748]","(68804.286, 107701.748]",*
75516.46278147551,"(73267.267, 78706.548]","(71341.455, 77412.749]","(68804.286, 75783.339]","(73267.267, 107701.748]","(68804.286, 107701.748]",*
75534.27947812932,"(73267.267, 78706.548]","(71341.455, 77412.749]","(68804.286, 75783.339]","(73267.267, 107701.748]","(68804.286, 107701.748]",*
75537.79451000034,"(73267.267, 78706.548]","(71341.455, 77412.749]","(68804.286, 75783.339]","(73267.267, 107701.748]","(68804.286, 107701.748]",*
75545.627325119,"(73267.267, 78706.548]","(71341.455, 77412.749]","(68804.286, 75783.339]","(73267.267, 107701.748]","(68804.286, 107701.748]",*
75547.841619999,"(73267.267, 78706.548]","(71341.455, 77412.749]","(68804.286, 75783.339]","(73267.267, 107701.748]","(68804.286, 107701.748]",*
75557.97394577847,"(73267.267, 78706.548]","(71341.455, 77412.749]","(68804.286, 75783.339]","(73267.267, 107701.748]","(68804.286, 107701.748]",*
75571.04402327178,"(73267.267, 78706.548]","(71341.455, 77412.749]","(68804.286, 75783.339]","(73267.267, 107701.748]","(68804.286, 107701.748]",*
75582.4597645351,"(73267.267, 78706.548]","(71341.455, 77412.749]","(68804.286, 75783.339]","(73267.267, 107701.748]","(68804.286, 107701.748]",*
75595.70206669926,"(73267.267, 78706.548]","(71341.455, 77412.749]","(68804.286, 75783.339]","(73267.267, 107701.748]","(68804.286, 107701.748]",*
75611.47181254938,"(73267.267, 78706.548]","(71341.455, 77412.749]","(68804.286, 75783.339]","(73267.267, 107701.748]","(68804.286, 107701.748]",*
75613.13948703387,"(73267.267, 78706.548]","(71341.455, 77412.749]","(68804.286, 75783.339]","(73267.267, 107701.748]","(68804.286, 107701.748]",*
75654.77701606156,"(73267.267, 78706.548]","(71341.455, 77412.749]","(68804.286, 75783.339]","(73267.267, 107701.748]","(68804.286, 107701.748]",*
75655.91360453231,"(73267.267, 78706.548]","(71341.455, 77412.749]","(68804.286, 75783.339]","(73267.267, 107701.748]","(68804.286, 107701.748]",*
75664.02448226848,"(73267.267, 78706.548]","(71341.455, 77412.749]","(68804.286, 75783.339]","(73267.267, 107701.748]","(68804.286, 107701.748]",*
75667.79127964636,"(73267.267, 78706.548]","(71341.455, 77412.749]","(68804.286, 75783.339]","(73267.267, 107701.748]","(68804.286, 107701.748]",*
75668.9321257755,"(73267.267, 78706.548]","(71341.455, 77412.749]","(68804.286, 75783.339]","(73267.267, 107701.748]","(68804.286, 107701.748]",*
75675.16590471218,"(73267.267, 78706.548]","(71341.455, 77412.749]","(68804.286, 75783.339]","(73267.267, 107701.748]","(68804.286, 107701.748]",*
75690.69543910674,"(73267.267, 78706.548]","(71341.455, 77412.749]","(68804.286, 75783.339]","(73267.267, 107701.748]","(68804.286, 107701.748]",*
75691.90024215411,"(73267.267, 78706.548]","(71341.455, 77412.749]","(68804.286, 75783.339]","(73267.267, 107701.748]","(68804.286, 107701.748]",*
75706.6805178811,"(73267.267, 78706.548]","(71341.455, 77412.749]","(68804.286, 75783.339]","(73267.267, 107701.748]","(68804.286, 107701.748]",*
75720.43697402722,"(73267.267, 78706.548]","(71341.455, 77412.749]","(68804.286, 75783.339]","(73267.267, 107701.748]","(68804.286, 107701.748]",*
75728.69859379626,"(73267.267, 78706.548]","(71341.455, 77412.749]","(68804.286, 75783.339]","(73267.267, 107701.748]","(68804.286, 107701.748]",*
75729.76554625647,"(73267.267, 78706.548]","(71341.455, 77412.749]","(68804.286, 75783.339]","(73267.267, 107701.748]","(68804.286, 107701.748]",*
75735.34289931707,"(73267.267, 78706.548]","(71341.455, 77412.749]","(68804.286, 75783.339]","(73267.267, 107701.748]","(68804.286, 107701.748]",*
75759.48995801642,"(73267.267, 78706.548]","(71341.455, 77412.749]","(68804.286, 75783.339]","(73267.267, 107701.748]","(68804.286, 107701.748]",*
75764.20018903822,"(73267.267, 78706.548]","(71341.455, 77412.749]","(68804.286, 75783.339]","(73267.267, 107701.748]","(68804.286, 107701.748]",*
75766.12433205696,"(73267.267, 78706.548]","(71341.455, 77412.749]","(68804.286, 75783.339]","(73267.267, 107701.748]","(68804.286, 107701.748]",*
75767.70342163756,"(73267.267, 78706.548]","(71341.455, 77412.749]","(68804.286, 75783.339]","(73267.267, 107701.748]","(68804.286, 107701.748]",*
75774.7184997744,"(73267.267, 78706.548]","(71341.455, 77412.749]","(68804.286, 75783.339]","(73267.267, 107701.748]","(68804.286, 107701.748]",*
75780.62112250907,"(73267.267, 78706.548]","(71341.455, 77412.749]","(68804.286, 75783.339]","(73267.267, 107701.748]","(68804.286, 107701.748]",*
75782.33514026614,"(73267.267, 78706.548]","(71341.455, 77412.749]","(68804.286, 75783.339]","(73267.267, 107701.748]","(68804.286, 107701.748]",*
75786.34924381215,"(73267.267, 78706.548]","(71341.455, 77412.749]","(75783.339, 107701.748]","(73267.267, 107701.748]","(68804.286, 107701.748]",*
75790.48513776126,"(73267.267, 78706.548]","(71341.455, 77412.749]","(75783.339, 107701.748]","(73267.267, 107701.748]","(68804.286, 107701.748]",*
75795.57598259096,"(73267.267, 78706.548]","(71341.455, 77412.749]","(75783.339, 107701.748]","(73267.267, 107701.748]","(68804.286, 107701.748]",*
75819.79878463515,"(73267.267, 78706.548]","(71341.455, 77412.749]","(75783.339, 107701.748]","(73267.267, 107701.748]","(68804.286, 107701.748]",*
75823.57064686323,"(73267.267, 78706.548]","(71341.455, 77412.749]","(75783.339, 107701.748]","(73267.267, 107701.748]","(68804.286, 107701.748]",*
75841.48726093699,"(73267.267, 78706.548]","(71341.455, 77412.749]","(75783.339, 107701.748]","(73267.267, 107701.748]","(68804.286, 107701.748]",*
75843.30303900629,"(73267.267, 78706.548]","(71341.455, 77412.749]","(75783.339, 107701.748]","(73267.267, 107701.748]","(68804.286, 107701.748]",*
75844.98746031147,"(73267.267, 78706.548]","(71341.455, 77412.749]","(75783.339, 107701.748]","(73267.267, 107701.748]","(68804.286, 107701.748]",*
75851.04366295702,"(73267.267, 78706.548]","(71341.455, 77412.749]","(75783.339, 107701.748]","(73267.267, 107701.748]","(68804.286, 107701.748]",*
75860.86114889306,"(73267.267, 78706.548]","(71341.455, 77412.749]","(75783.339, 107701.748]","(73267.267, 107701.748]","(68804.286, 107701.748]",*
75864.49780522147,"(73267.267, 78706.548]","(71341.455, 77412.749]","(75783.339, 107701.748]","(73267.267, 107701.748]","(68804.286, 107701.748]",*
75865.63460531874,"(73267.267, 78706.548]","(71341.455, 77412.749]","(75783.339, 107701.748]","(73267.267, 107701.748]","(68804.286, 107701.748]",*
75866.04159660713,"(73267.267, 78706.548]","(71341.455, 77412.749]","(75783.339, 107701.748]","(73267.267, 107701.748]","(68804.286, 107701.748]",*
75867.02442932088,"(73267.267, 78706.548]","(71341.455, 77412.749]","(75783.339, 107701.748]","(73267.267, 107701.748]","(68804.286, 107701.748]",*
75867.2311102282,"(73267.267, 78706.548]","(71341.455, 77412.749]","(75783.339, 107701.748]","(73267.267, 107701.748]","(68804.286, 107701.748]",*
75868.77232627422,"(73267.267, 78706.548]","(71341.455, 77412.749]","(75783.339, 107701.748]","(73267.267, 107701.748]","(68804.286, 107701.748]",*
75869.23511417765,"(73267.267, 78706.548]","(71341.455, 77412.749]","(75783.339, 107701.748]","(73267.267, 107701.748]","(68804.286, 107701.748]",*
75869.6548185226,"(73267.267, 78706.548]","(71341.455, 77412.749]","(75783.339, 107701.748]","(73267.267, 107701.748]","(68804.286, 107701.748]",*
75876.93384472147,"(73267.267, 78706.548]","(71341.455, 77412.749]","(75783.339, 107701.748]","(73267.267, 107701.748]","(68804.286, 107701.748]",*
75885.4938214939,"(73267.267, 78706.548]","(71341.455, 77412.749]","(75783.339, 107701.748]","(73267.267, 107701.748]","(68804.286, 107701.748]",*
75892.50627769456,"(73267.267, 78706.548]","(71341.455, 77412.749]","(75783.339, 107701.748]","(73267.267, 107701.748]","(68804.286, 107701.748]",*
75897.98883845986,"(73267.267, 78706.548]","(71341.455, 77412.749]","(75783.339, 107701.748]","(73267.267, 107701.748]","(68804.286, 107701.748]",*
75908.67049713702,"(73267.267, 78706.548]","(71341.455, 77412.749]","(75783.339, 107701.748]","(73267.267, 107701.748]","(68804.286, 107701.748]",*
75916.30399828353,"(73267.267, 78706.548]","(71341.455, 77412.749]","(75783.339, 107701.748]","(73267.267, 107701.748]","(68804.286, 107701.748]",*
75922.88557705858,"(73267.267, 78706.548]","(71341.455, 77412.749]","(75783.339, 107701.748]","(73267.267, 107701.748]","(68804.286, 107701.748]",*
75927.35904705006,"(73267.267, 78706.548]","(71341.455, 77412.749]","(75783.339, 107701.748]","(73267.267, 107701.748]","(68804.286, 107701.748]",*
75940.76388942095,"(73267.267, 78706.548]","(71341.455, 77412.749]","(75783.339, 107701.748]","(73267.267, 107701.748]","(68804.286, 107701.748]",*
75947.47173275525,"(73267.267, 78706.548]","(71341.455, 77412.749]","(75783.339, 107701.748]","(73267.267, 107701.748]","(68804.286, 107701.748]",*
75951.45249116095,"(73267.267, 78706.548]","(71341.455, 77412.749]","(75783.339, 107701.748]","(73267.267, 107701.748]","(68804.286, 107701.748]",*
75951.57316719081,"(73267.267, 78706.548]","(71341.455, 77412.749]","(75783.339, 107701.748]","(73267.267, 107701.748]","(68804.286, 107701.748]",*
75954.81825301821,"(73267.267, 78706.548]","(71341.455, 77412.749]","(75783.339, 107701.748]","(73267.267, 107701.748]","(68804.286, 107701.748]",*
75967.13508467088,"(73267.267, 78706.548]","(71341.455, 77412.749]","(75783.339, 107701.748]","(73267.267, 107701.748]","(68804.286, 107701.748]",*
75980.43884262664,"(73267.267, 78706.548]","(71341.455, 77412.749]","(75783.339, 107701.748]","(73267.267, 107701.748]","(68804.286, 107701.748]",*
75984.83110879795,"(73267.267, 78706.548]","(71341.455, 77412.749]","(75783.339, 107701.748]","(73267.267, 107701.748]","(68804.286, 107701.748]",*
75985.80471830716,"(73267.267, 78706.548]","(71341.455, 77412.749]","(75783.339, 107701.748]","(73267.267, 107701.748]","(68804.286, 107701.748]",*
75989.28168944099,"(73267.267, 78706.548]","(71341.455, 77412.749]","(75783.339, 107701.748]","(73267.267, 107701.748]","(68804.286, 107701.748]",*
75992.00381906964,"(73267.267, 78706.548]","(71341.455, 77412.749]","(75783.339, 107701.748]","(73267.267, 107701.748]","(68804.286, 107701.748]",*
75999.6975165712,"(73267.267, 78706.548]","(71341.455, 77412.749]","(75783.339, 107701.748]","(73267.267, 107701.748]","(68804.286, 107701.748]",*
76008.08024236374,"(73267.267, 78706.548]","(71341.455, 77412.749]","(75783.339, 107701.748]","(73267.267, 107701.748]","(68804.286, 107701.748]",*
76009.29702564463,"(73267.267, 78706.548]","(71341.455, 77412.749]","(75783.339, 107701.748]","(73267.267, 107701.748]","(68804.286, 107701.748]",*
76009.54275723938,"(73267.267, 78706.548]","(71341.455, 77412.749]","(75783.339, 107701.748]","(73267.267, 107701.748]","(68804.286, 107701.748]",*
76023.74849674897,"(73267.267, 78706.548]","(71341.455, 77412.749]","(75783.339, 107701.748]","(73267.267, 107701.748]","(68804.286, 107701.748]",*
76024.76683612159,"(73267.267, 78706.548]","(71341.455, 77412.749]","(75783.339, 107701.748]","(73267.267, 107701.748]","(68804.286, 107701.748]",*
76027.94492928984,"(73267.267, 78706.548]","(71341.455, 77412.749]","(75783.339, 107701.748]","(73267.267, 107701.748]","(68804.286, 107701.748]",*
76048.37231884204,"(73267.267, 78706.548]","(71341.455, 77412.749]","(75783.339, 107701.748]","(73267.267, 107701.748]","(68804.286, 107701.748]",*
76053.55142924236,"(73267.267, 78706.548]","(71341.455, 77412.749]","(75783.339, 107701.748]","(73267.267, 107701.748]","(68804.286, 107701.748]",*
76056.28911195931,"(73267.267, 78706.548]","(71341.455, 77412.749]","(75783.339, 107701.748]","(73267.267, 107701.748]","(68804.286, 107701.748]",*
76061.35070947393,"(73267.267, 78706.548]","(71341.455, 77412.749]","(75783.339, 107701.748]","(73267.267, 107701.748]","(68804.286, 107701.748]",*
76071.78642696864,"(73267.267, 78706.548]","(71341.455, 77412.749]","(75783.339, 107701.748]","(73267.267, 107701.748]","(68804.286, 107701.748]",*
76075.15425991673,"(73267.267, 78706.548]","(71341.455, 77412.749]","(75783.339, 107701.748]","(73267.267, 107701.748]","(68804.286, 107701.748]",*
76076.10629772343,"(73267.267, 78706.548]","(71341.455, 77412.749]","(75783.339, 107701.748]","(73267.267, 107701.748]","(68804.286, 107701.748]",*
76076.29070439057,"(73267.267, 78706.548]","(71341.455, 77412.749]","(75783.339, 107701.748]","(73267.267, 107701.748]","(68804.286, 107701.748]",*
76087.15418525349,"(73267.267, 78706.548]","(71341.455, 77412.749]","(75783.339, 107701.748]","(73267.267, 107701.748]","(68804.286, 107701.748]",*
76107.67404357428,"(73267.267, 78706.548]","(71341.455, 77412.749]","(75783.339, 107701.748]","(73267.267, 107701.748]","(68804.286, 107701.748]",*
76113.21733361193,"(73267.267, 78706.548]","(71341.455, 77412.749]","(75783.339, 107701.748]","(73267.267, 107701.748]","(68804.286, 107701.748]",*
76113.36652906767,"(73267.267, 78706.548]","(71341.455, 77412.749]","(75783.339, 107701.748]","(73267.267, 107701.748]","(68804.286, 107701.748]",*
76114.15936153673,"(73267.267, 78706.548]","(71341.455, 77412.749]","(75783.339, 107701.748]","(73267.267, 107701.748]","(68804.286, 107701.748]",*
76118.14064275086,"(73267.267, 78706.548]","(71341.455, 77412.749]","(75783.339, 107701.748]","(73267.267, 107701.748]","(68804.286, 107701.748]",*
76126.01026504593,"(73267.267, 78706.548]","(71341.455, 77412.749]","(75783.339, 107701.748]","(73267.267, 107701.748]","(68804.286, 107701.748]",*
76134.67776499875,"(73267.267, 78706.548]","(71341.455, 77412.749]","(75783.339, 107701.748]","(73267.267, 107701.748]","(68804.286, 107701.748]",*
76142.11982869102,"(73267.267, 78706.548]","(71341.455, 77412.749]","(75783.339, 107701.748]","(73267.267, 107701.748]","(68804.286, 107701.748]",*
76144.48308493152,"(73267.267, 78706.548]","(71341.455, 77412.749]","(75783.339, 107701.748]","(73267.267, 107701.748]","(68804.286, 107701.748]",*
76149.22101585673,"(73267.267, 78706.548]","(71341.455, 77412.749]","(75783.339, 107701.748]","(73267.267, 107701.748]","(68804.286, 107701.748]",*
76149.69359095264,"(73267.267, 78706.548]","(71341.455, 77412.749]","(75783.339, 107701.748]","(73267.267, 107701.748]","(68804.286, 107701.748]",*
76150.05021719116,"(73267.267, 78706.548]","(71341.455, 77412.749]","(75783.339, 107701.748]","(73267.267, 107701.748]","(68804.286, 107701.748]",*
76153.30490185544,"(73267.267, 78706.548]","(71341.455, 77412.749]","(75783.339, 107701.748]","(73267.267, 107701.748]","(68804.286, 107701.748]",*
76156.46816121571,"(73267.267, 78706.548]","(71341.455, 77412.749]","(75783.339, 107701.748]","(73267.267, 107701.748]","(68804.286, 107701.748]",*
76161.6336770826,"(73267.267, 78706.548]","(71341.455, 77412.749]","(75783.339, 107701.748]","(73267.267, 107701.748]","(68804.286, 107701.748]",*
76169.72844479508,"(73267.267, 78706.548]","(71341.455, 77412.749]","(75783.339, 107701.748]","(73267.267, 107701.748]","(68804.286, 107701.748]",*
76170.95747368144,"(73267.267, 78706.548]","(71341.455, 77412.749]","(75783.339, 107701.748]","(73267.267, 107701.748]","(68804.286, 107701.748]",*
76175.49392770544,"(73267.267, 78706.548]","(71341.455, 77412.749]","(75783.339, 107701.748]","(73267.267, 107701.748]","(68804.286, 107701.748]",*
76181.2075226123,"(73267.267, 78706.548]","(71341.455, 77412.749]","(75783.339, 107701.748]","(73267.267, 107701.748]","(68804.286, 107701.748]",*
76186.84721788084,"(73267.267, 78706.548]","(71341.455, 77412.749]","(75783.339, 107701.748]","(73267.267, 107701.748]","(68804.286, 107701.748]",*
76187.27330896142,"(73267.267, 78706.548]","(71341.455, 77412.749]","(75783.339, 107701.748]","(73267.267, 107701.748]","(68804.286, 107701.748]",*
76192.65603586528,"(73267.267, 78706.548]","(71341.455, 77412.749]","(75783.339, 107701.748]","(73267.267, 107701.748]","(68804.286, 107701.748]",*
76193.71635954091,"(73267.267, 78706.548]","(71341.455, 77412.749]","(75783.339, 107701.748]","(73267.267, 107701.748]","(68804.286, 107701.748]",*
76209.99530758715,"(73267.267, 78706.548]","(71341.455, 77412.749]","(75783.339, 107701.748]","(73267.267, 107701.748]","(68804.286, 107701.748]",*
76221.79299596164,"(73267.267, 78706.548]","(71341.455, 77412.749]","(75783.339, 107701.748]","(73267.267, 107701.748]","(68804.286, 107701.748]",*
76223.56125578335,"(73267.267, 78706.548]","(71341.455, 77412.749]","(75783.339, 107701.748]","(73267.267, 107701.748]","(68804.286, 107701.748]",*
76224.72735163086,"(73267.267, 78706.548]","(71341.455, 77412.749]","(75783.339, 107701.748]","(73267.267, 107701.748]","(68804.286, 107701.748]",*
76228.51343731138,"(73267.267, 78706.548]","(71341.455, 77412.749]","(75783.339, 107701.748]","(73267.267, 107701.748]","(68804.286, 107701.748]",*
76230.12015487258,"(73267.267, 78706.548]","(71341.455, 77412.749]","(75783.339, 107701.748]","(73267.267, 107701.748]","(68804.286, 107701.748]",*
76245.2184748448,"(73267.267, 78706.548]","(71341.455, 77412.749]","(75783.339, 107701.748]","(73267.267, 107701.748]","(68804.286, 107701.748]",*
76255.78958106322,"(73267.267, 78706.548]","(71341.455, 77412.749]","(75783.339, 107701.748]","(73267.267, 107701.748]","(68804.286, 107701.748]",*
76259.82522372287,"(73267.267, 78706.548]","(71341.455, 77412.749]","(75783.339, 107701.748]","(73267.267, 107701.748]","(68804.286, 107701.748]",*
76268.09273870155,"(73267.267, 78706.548]","(71341.455, 77412.749]","(75783.339, 107701.748]","(73267.267, 107701.748]","(68804.286, 107701.748]",*
76268.81833386318,"(73267.267, 78706.548]","(71341.455, 77412.749]","(75783.339, 107701.748]","(73267.267, 107701.748]","(68804.286, 107701.748]",*
76273.67032549286,"(73267.267, 78706.548]","(71341.455, 77412.749]","(75783.339, 107701.748]","(73267.267, 107701.748]","(68804.286, 107701.748]",*
76275.33255258523,"(73267.267, 78706.548]","(71341.455, 77412.749]","(75783.339, 107701.748]","(73267.267, 107701.748]","(68804.286, 107701.748]",*
76278.75268967438,"(73267.267, 78706.548]","(71341.455, 77412.749]","(75783.339, 107701.748]","(73267.267, 107701.748]","(68804.286, 107701.748]",*
76287.4682012735,"(73267.267, 78706.548]","(71341.455, 77412.749]","(75783.339, 107701.748]","(73267.267, 107701.748]","(68804.286, 107701.748]",*
76291.51429003592,"(73267.267, 78706.548]","(71341.455, 77412.749]","(75783.339, 107701.748]","(73267.267, 107701.748]","(68804.286, 107701.748]",*
76293.94432045244,"(73267.267, 78706.548]","(71341.455, 77412.749]","(75783.339, 107701.748]","(73267.267, 107701.748]","(68804.286, 107701.748]",*
76306.64870791876,"(73267.267, 78706.548]","(71341.455, 77412.749]","(75783.339, 107701.748]","(73267.267, 107701.748]","(68804.286, 107701.748]",*
76309.49463102497,"(73267.267, 78706.548]","(71341.455, 77412.749]","(75783.339, 107701.748]","(73267.267, 107701.748]","(68804.286, 107701.748]",*
76319.21860437217,"(73267.267, 78706.548]","(71341.455, 77412.749]","(75783.339, 107701.748]","(73267.267, 107701.748]","(68804.286, 107701.748]",*
76321.06269014507,"(73267.267, 78706.548]","(71341.455, 77412.749]","(75783.339, 107701.748]","(73267.267, 107701.748]","(68804.286, 107701.748]",*
76326.59232469668,"(73267.267, 78706.548]","(71341.455, 77412.749]","(75783.339, 107701.748]","(73267.267, 107701.748]","(68804.286, 107701.748]",*
76327.21206293546,"(73267.267, 78706.548]","(71341.455, 77412.749]","(75783.339, 107701.748]","(73267.267, 107701.748]","(68804.286, 107701.748]",*
76336.06983915469,"(73267.267, 78706.548]","(71341.455, 77412.749]","(75783.339, 107701.748]","(73267.267, 107701.748]","(68804.286, 107701.748]",*
76338.66814113021,"(73267.267, 78706.548]","(71341.455, 77412.749]","(75783.339, 107701.748]","(73267.267, 107701.748]","(68804.286, 107701.748]",*
76339.6233450042,"(73267.267, 78706.548]","(71341.455, 77412.749]","(75783.339, 107701.748]","(73267.267, 107701.748]","(68804.286, 107701.748]",*
76355.74398482482,"(73267.267, 78706.548]","(71341.455, 77412.749]","(75783.339, 107701.748]","(73267.267, 107701.748]","(68804.286, 107701.748]",*
76357.53075674821,"(73267.267, 78706.548]","(71341.455, 77412.749]","(75783.339, 107701.748]","(73267.267, 107701.748]","(68804.286, 107701.748]",*
76365.18056112714,"(73267.267, 78706.548]","(71341.455, 77412.749]","(75783.339, 107701.748]","(73267.267, 107701.748]","(68804.286, 107701.748]",*
76388.55195821446,"(73267.267, 78706.548]","(71341.455, 77412.749]","(75783.339, 107701.748]","(73267.267, 107701.748]","(68804.286, 107701.748]",*
76393.84648432325,"(73267.267, 78706.548]","(71341.455, 77412.749]","(75783.339, 107701.748]","(73267.267, 107701.748]","(68804.286, 107701.748]",*
76395.64694126791,"(73267.267, 78706.548]","(71341.455, 77412.749]","(75783.339, 107701.748]","(73267.267, 107701.748]","(68804.286, 107701.748]",*
76395.84651285602,"(73267.267, 78706.548]","(71341.455, 77412.749]","(75783.339, 107701.748]","(73267.267, 107701.748]","(68804.286, 107701.748]",*
76397.04314448618,"(73267.267, 78706.548]","(71341.455, 77412.749]","(75783.339, 107701.748]","(73267.267, 107701.748]","(68804.286, 107701.748]",*
76398.38435353895,"(73267.267, 78706.548]","(71341.455, 77412.749]","(75783.339, 107701.748]","(73267.267, 107701.748]","(68804.286, 107701.748]",*
76402.50507854184,"(73267.267, 78706.548]","(71341.455, 77412.749]","(75783.339, 107701.748]","(73267.267, 107701.748]","(68804.286, 107701.748]",*
76415.54528314764,"(73267.267, 78706.548]","(71341.455, 77412.749]","(75783.339, 107701.748]","(73267.267, 107701.748]","(68804.286, 107701.748]",*
76416.90535299992,"(73267.267, 78706.548]","(71341.455, 77412.749]","(75783.339, 107701.748]","(73267.267, 107701.748]","(68804.286, 107701.748]",*
76423.31757049749,"(73267.267, 78706.548]","(71341.455, 77412.749]","(75783.339, 107701.748]","(73267.267, 107701.748]","(68804.286, 107701.748]",*
76443.23184355826,"(73267.267, 78706.548]","(71341.455, 77412.749]","(75783.339, 107701.748]","(73267.267, 107701.748]","(68804.286, 107701.748]",*
76448.0918216234,"(73267.267, 78706.548]","(71341.455, 77412.749]","(75783.339, 107701.748]","(73267.267, 107701.748]","(68804.286, 107701.748]",*
76452.80737882029,"(73267.267, 78706.548]","(71341.455, 77412.749]","(75783.339, 107701.748]","(73267.267, 107701.748]","(68804.286, 107701.748]",*
76453.79463376966,"(73267.267, 78706.548]","(71341.455, 77412.749]","(75783.339, 107701.748]","(73267.267, 107701.748]","(68804.286, 107701.748]",*
76460.22067260153,"(73267.267, 78706.548]","(71341.455, 77412.749]","(75783.339, 107701.748]","(73267.267, 107701.748]","(68804.286, 107701.748]",*
76483.58550912986,"(73267.267, 78706.548]","(71341.455, 77412.749]","(75783.339, 107701.748]","(73267.267, 107701.748]","(68804.286, 107701.748]",*
76493.31515907036,"(73267.267, 78706.548]","(71341.455, 77412.749]","(75783.339, 107701.748]","(73267.267, 107701.748]","(68804.286, 107701.748]",*
76503.550920157,"(73267.267, 78706.548]","(71341.455, 77412.749]","(75783.339, 107701.748]","(73267.267, 107701.748]","(68804.286, 107701.748]",*
76517.3517697627,"(73267.267, 78706.548]","(71341.455, 77412.749]","(75783.339, 107701.748]","(73267.267, 107701.748]","(68804.286, 107701.748]",*
76519.68206670805,"(73267.267, 78706.548]","(71341.455, 77412.749]","(75783.339, 107701.748]","(73267.267, 107701.748]","(68804.286, 107701.748]",*
76541.47991577517,"(73267.267, 78706.548]","(71341.455, 77412.749]","(75783.339, 107701.748]","(73267.267, 107701.748]","(68804.286, 107701.748]",*
76545.78583314184,"(73267.267, 78706.548]","(71341.455, 77412.749]","(75783.339, 107701.748]","(73267.267, 107701.748]","(68804.286, 107701.748]",*
76547.03519979469,"(73267.267, 78706.548]","(71341.455, 77412.749]","(75783.339, 107701.748]","(73267.267, 107701.748]","(68804.286, 107701.748]",*
76547.95669776655,"(73267.267, 78706.548]","(71341.455, 77412.749]","(75783.339, 107701.748]","(73267.267, 107701.748]","(68804.286, 107701.748]",*
76563.97504386705,"(73267.267, 78706.548]","(71341.455, 77412.749]","(75783.339, 107701.748]","(73267.267, 107701.748]","(68804.286, 107701.748]",*
76568.23475420423,"(73267.267, 78706.548]","(71341.455, 77412.749]","(75783.339, 107701.748]","(73267.267, 107701.748]","(68804.286, 107701.748]",*
76573.47529712027,"(73267.267, 78706.548]","(71341.455, 77412.749]","(75783.339, 107701.748]","(73267.267, 107701.748]","(68804.286, 107701.748]",*
76590.37671247189,"(73267.267, 78706.548]","(71341.455, 77412.749]","(75783.339, 107701.748]","(73267.267, 107701.748]","(68804.286, 107701.748]",*
76602.89392524296,"(73267.267, 78706.548]","(71341.455, 77412.749]","(75783.339, 107701.748]","(73267.267, 107701.748]","(68804.286, 107701.748]",*
76609.91723670336,"(73267.267, 78706.548]","(71341.455, 77412.749]","(75783.339, 107701.748]","(73267.267, 107701.748]","(68804.286, 107701.748]",*
76611.88932203277,"(73267.267, 78706.548]","(71341.455, 77412.749]","(75783.339, 107701.748]","(73267.267, 107701.748]","(68804.286, 107701.748]",*
76613.08007585617,"(73267.267, 78706.548]","(71341.455, 77412.749]","(75783.339, 107701.748]","(73267.267, 107701.748]","(68804.286, 107701.748]",*
76624.14812093452,"(73267.267, 78706.548]","(71341.455, 77412.749]","(75783.339, 107701.748]","(73267.267, 107701.748]","(68804.286, 107701.748]",*
76626.75781755711,"(73267.267, 78706.548]","(71341.455, 77412.749]","(75783.339, 107701.748]","(73267.267, 107701.748]","(68804.286, 107701.748]",*
76629.17726335216,"(73267.267, 78706.548]","(71341.455, 77412.749]","(75783.339, 107701.748]","(73267.267, 107701.748]","(68804.286, 107701.748]",*
76635.95319570633,"(73267.267, 78706.548]","(71341.455, 77412.749]","(75783.339, 107701.748]","(73267.267, 107701.748]","(68804.286, 107701.748]",*
76637.58389811139,"(73267.267, 78706.548]","(71341.455, 77412.749]","(75783.339, 107701.748]","(73267.267, 107701.748]","(68804.286, 107701.748]",*
76650.59036539553,"(73267.267, 78706.548]","(71341.455, 77412.749]","(75783.339, 107701.748]","(73267.267, 107701.748]","(68804.286, 107701.748]",*
76659.74947560811,"(73267.267, 78706.548]","(71341.455, 77412.749]","(75783.339, 107701.748]","(73267.267, 107701.748]","(68804.286, 107701.748]",*
76674.52210281196,"(73267.267, 78706.548]","(71341.455, 77412.749]","(75783.339, 107701.748]","(73267.267, 107701.748]","(68804.286, 107701.748]",*
76681.25992751714,"(73267.267, 78706.548]","(71341.455, 77412.749]","(75783.339, 107701.748]","(73267.267, 107701.748]","(68804.286, 107701.748]",*
76695.53925246927,"(73267.267, 78706.548]","(71341.455, 77412.749]","(75783.339, 107701.748]","(73267.267, 107701.748]","(68804.286, 107701.748]",*
76698.57302078171,"(73267.267, 78706.548]","(71341.455, 77412.749]","(75783.339, 107701.748]","(73267.267, 107701.748]","(68804.286, 107701.748]",*
76714.6547693051,"(73267.267, 78706.548]","(71341.455, 77412.749]","(75783.339, 107701.748]","(73267.267, 107701.748]","(68804.286, 107701.748]",*
76717.0973649983,"(73267.267, 78706.548]","(71341.455, 77412.749]","(75783.339, 107701.748]","(73267.267, 107701.748]","(68804.286, 107701.748]",*
76717.37133622309,"(73267.267, 78706.548]","(71341.455, 77412.749]","(75783.339, 107701.748]","(73267.267, 107701.748]","(68804.286, 107701.748]",*
76749.34843874339,"(73267.267, 78706.548]","(71341.455, 77412.749]","(75783.339, 107701.748]","(73267.267, 107701.748]","(68804.286, 107701.748]",*
76751.88141806598,"(73267.267, 78706.548]","(71341.455, 77412.749]","(75783.339, 107701.748]","(73267.267, 107701.748]","(68804.286, 107701.748]",*
76759.26927966879,"(73267.267, 78706.548]","(71341.455, 77412.749]","(75783.339, 107701.748]","(73267.267, 107701.748]","(68804.286, 107701.748]",*
76771.88520143072,"(73267.267, 78706.548]","(71341.455, 77412.749]","(75783.339, 107701.748]","(73267.267, 107701.748]","(68804.286, 107701.748]",*
76774.85778770951,"(73267.267, 78706.548]","(71341.455, 77412.749]","(75783.339, 107701.748]","(73267.267, 107701.748]","(68804.286, 107701.748]",*
76783.3546576042,"(73267.267, 78706.548]","(71341.455, 77412.749]","(75783.339, 107701.748]","(73267.267, 107701.748]","(68804.286, 107701.748]",*
76784.11839591795,"(73267.267, 78706.548]","(71341.455, 77412.749]","(75783.339, 107701.748]","(73267.267, 107701.748]","(68804.286, 107701.748]",*
76788.62438718748,"(73267.267, 78706.548]","(71341.455, 77412.749]","(75783.339, 107701.748]","(73267.267, 107701.748]","(68804.286, 107701.748]",*
76801.49677767181,"(73267.267, 78706.548]","(71341.455, 77412.749]","(75783.339, 107701.748]","(73267.267, 107701.748]","(68804.286, 107701.748]",*
76808.34427744779,"(73267.267, 78706.548]","(71341.455, 77412.749]","(75783.339, 107701.748]","(73267.267, 107701.748]","(68804.286, 107701.748]",*
76811.40182426403,"(73267.267, 78706.548]","(71341.455, 77412.749]","(75783.339, 107701.748]","(73267.267, 107701.748]","(68804.286, 107701.748]",*
76813.780154782,"(73267.267, 78706.548]","(71341.455, 77412.749]","(75783.339, 107701.748]","(73267.267, 107701.748]","(68804.286, 107701.748]",*
76822.43487120047,"(73267.267, 78706.548]","(71341.455, 77412.749]","(75783.339, 107701.748]","(73267.267, 107701.748]","(68804.286, 107701.748]",*
76824.55956824671,"(73267.267, 78706.548]","(71341.455, 77412.749]","(75783.339, 107701.748]","(73267.267, 107701.748]","(68804.286, 107701.748]",*
76835.95793079652,"(73267.267, 78706.548]","(71341.455, 77412.749]","(75783.339, 107701.748]","(73267.267, 107701.748]","(68804.286, 107701.748]",*
76840.45801101196,"(73267.267, 78706.548]","(71341.455, 77412.749]","(75783.339, 107701.748]","(73267.267, 107701.748]","(68804.286, 107701.748]",*
76848.18880300032,"(73267.267, 78706.548]","(71341.455, 77412.749]","(75783.339, 107701.748]","(73267.267, 107701.748]","(68804.286, 107701.748]",*
76850.37944035776,"(73267.267, 78706.548]","(71341.455, 77412.749]","(75783.339, 107701.748]","(73267.267, 107701.748]","(68804.286, 107701.748]",*
76855.8657907515,"(73267.267, 78706.548]","(71341.455, 77412.749]","(75783.339, 107701.748]","(73267.267, 107701.748]","(68804.286, 107701.748]",*
76856.30385655901,"(73267.267, 78706.548]","(71341.455, 77412.749]","(75783.339, 107701.748]","(73267.267, 107701.748]","(68804.286, 107701.748]",*
76870.35628496447,"(73267.267, 78706.548]","(71341.455, 77412.749]","(75783.339, 107701.748]","(73267.267, 107701.748]","(68804.286, 107701.748]",*
76883.4865005005,"(73267.267, 78706.548]","(71341.455, 77412.749]","(75783.339, 107701.748]","(73267.267, 107701.748]","(68804.286, 107701.748]",*
76888.25246417147,"(73267.267, 78706.548]","(71341.455, 77412.749]","(75783.339, 107701.748]","(73267.267, 107701.748]","(68804.286, 107701.748]",*
76896.78703135025,"(73267.267, 78706.548]","(71341.455, 77412.749]","(75783.339, 107701.748]","(73267.267, 107701.748]","(68804.286, 107701.748]",*
76899.28200412326,"(73267.267, 78706.548]","(71341.455, 77412.749]","(75783.339, 107701.748]","(73267.267, 107701.748]","(68804.286, 107701.748]",*
76901.90460986475,"(73267.267, 78706.548]","(71341.455, 77412.749]","(75783.339, 107701.748]","(73267.267, 107701.748]","(68804.286, 107701.748]",*
76907.2381605467,"(73267.267, 78706.548]","(71341.455, 77412.749]","(75783.339, 107701.748]","(73267.267, 107701.748]","(68804.286, 107701.748]",*
76908.23742100857,"(73267.267, 78706.548]","(71341.455, 77412.749]","(75783.339, 107701.748]","(73267.267, 107701.748]","(68804.286, 107701.748]",*
76908.50551098582,"(73267.267, 78706.548]","(71341.455, 77412.749]","(75783.339, 107701.748]","(73267.267, 107701.748]","(68804.286, 107701.748]",*
76909.62981186516,"(73267.267, 78706.548]","(71341.455, 77412.749]","(75783.339, 107701.748]","(73267.267, 107701.748]","(68804.286, 107701.748]",*
76911.51552300992,"(73267.267, 78706.548]","(71341.455, 77412.749]","(75783.339, 107701.748]","(73267.267, 107701.748]","(68804.286, 107701.748]",*
76916.95250416793,"(73267.267, 78706.548]","(71341.455, 77412.749]","(75783.339, 107701.748]","(73267.267, 107701.748]","(68804.286, 107701.748]",*
76919.30072203554,"(73267.267, 78706.548]","(71341.455, 77412.749]","(75783.339, 107701.748]","(73267.267, 107701.748]","(68804.286, 107701.748]",*
76921.67562968492,"(73267.267, 78706.548]","(71341.455, 77412.749]","(75783.339, 107701.748]","(73267.267, 107701.748]","(68804.286, 107701.748]",*
76926.14477674596,"(73267.267, 78706.548]","(71341.455, 77412.749]","(75783.339, 107701.748]","(73267.267, 107701.748]","(68804.286, 107701.748]",*
76933.60610799697,"(73267.267, 78706.548]","(71341.455, 77412.749]","(75783.339, 107701.748]","(73267.267, 107701.748]","(68804.286, 107701.748]",*
76935.85040730506,"(73267.267, 78706.548]","(71341.455, 77412.749]","(75783.339, 107701.748]","(73267.267, 107701.748]","(68804.286, 107701.748]",*
76936.14094074236,"(73267.267, 78706.548]","(71341.455, 77412.749]","(75783.339, 107701.748]","(73267.267, 107701.748]","(68804.286, 107701.748]",*
76942.50701496152,"(73267.267, 78706.548]","(71341.455, 77412.749]","(75783.339, 107701.748]","(73267.267, 107701.748]","(68804.286, 107701.748]",*
76948.45079536003,"(73267.267, 78706.548]","(71341.455, 77412.749]","(75783.339, 107701.748]","(73267.267, 107701.748]","(68804.286, 107701.748]",*
76956.49144883716,"(73267.267, 78706.548]","(71341.455, 77412.749]","(75783.339, 107701.748]","(73267.267, 107701.748]","(68804.286, 107701.748]",*
76960.77907314265,"(73267.267, 78706.548]","(71341.455, 77412.749]","(75783.339, 107701.748]","(73267.267, 107701.748]","(68804.286, 107701.748]",*
76992.81883593937,"(73267.267, 78706.548]","(71341.455, 77412.749]","(75783.339, 107701.748]","(73267.267, 107701.748]","(68804.286, 107701.748]",*
77013.18060356245,"(73267.267, 78706.548]","(71341.455, 77412.749]","(75783.339, 107701.748]","(73267.267, 107701.748]","(68804.286, 107701.748]",*
77020.33044463287,"(73267.267, 78706.548]","(71341.455, 77412.749]","(75783.339, 107701.748]","(73267.267, 107701.748]","(68804.286, 107701.748]",*
77021.41650498196,"(73267.267, 78706.548]","(71341.455, 77412.749]","(75783.339, 107701.748]","(73267.267, 107701.748]","(68804.286, 107701.748]",*
77032.27071389476,"(73267.267, 78706.548]","(71341.455, 77412.749]","(75783.339, 107701.748]","(73267.267, 107701.748]","(68804.286, 107701.748]",*
77033.91359153447,"(73267.267, 78706.548]","(71341.455, 77412.749]","(75783.339, 107701.748]","(73267.267, 107701.748]","(68804.286, 107701.748]",*
77049.01998597258,"(73267.267, 78706.548]","(71341.455, 77412.749]","(75783.339, 107701.748]","(73267.267, 107701.748]","(68804.286, 107701.748]",*
77050.18055768285,"(73267.267, 78706.548]","(71341.455, 77412.749]","(75783.339, 107701.748]","(73267.267, 107701.748]","(68804.286, 107701.748]",*
77053.13536256527,"(73267.267, 78706.548]","(71341.455, 77412.749]","(75783.339, 107701.748]","(73267.267, 107701.748]","(68804.286, 107701.748]",*
77057.17923678727,"(73267.267, 78706.548]","(71341.455, 77412.749]","(75783.339, 107701.748]","(73267.267, 107701.748]","(68804.286, 107701.748]",*
77064.25762652537,"(73267.267, 78706.548]","(71341.455, 77412.749]","(75783.339, 107701.748]","(73267.267, 107701.748]","(68804.286, 107701.748]",*
77079.71716385402,"(73267.267, 78706.548]","(71341.455, 77412.749]","(75783.339, 107701.748]","(73267.267, 107701.748]","(68804.286, 107701.748]",*
77081.68075196177,"(73267.267, 78706.548]","(71341.455, 77412.749]","(75783.339, 107701.748]","(73267.267, 107701.748]","(68804.286, 107701.748]",*
77085.54710721414,"(73267.267, 78706.548]","(71341.455, 77412.749]","(75783.339, 107701.748]","(73267.267, 107701.748]","(68804.286, 107701.748]",*
77089.65366239875,"(73267.267, 78706.548]","(71341.455, 77412.749]","(75783.339, 107701.748]","(73267.267, 107701.748]","(68804.286, 107701.748]",*
77098.86887000699,"(73267.267, 78706.548]","(71341.455, 77412.749]","(75783.339, 107701.748]","(73267.267, 107701.748]","(68804.286, 107701.748]",*
77103.14303896585,"(73267.267, 78706.548]","(71341.455, 77412.749]","(75783.339, 107701.748]","(73267.267, 107701.748]","(68804.286, 107701.748]",*
77106.50012263242,"(73267.267, 78706.548]","(71341.455, 77412.749]","(75783.339, 107701.748]","(73267.267, 107701.748]","(68804.286, 107701.748]",*
77112.17120202308,"(73267.267, 78706.548]","(71341.455, 77412.749]","(75783.339, 107701.748]","(73267.267, 107701.748]","(68804.286, 107701.748]",*
77118.33128738808,"(73267.267, 78706.548]","(71341.455, 77412.749]","(75783.339, 107701.748]","(73267.267, 107701.748]","(68804.286, 107701.748]",*
77124.80297705173,"(73267.267, 78706.548]","(71341.455, 77412.749]","(75783.339, 107701.748]","(73267.267, 107701.748]","(68804.286, 107701.748]",*
77131.58343117536,"(73267.267, 78706.548]","(71341.455, 77412.749]","(75783.339, 107701.748]","(73267.267, 107701.748]","(68804.286, 107701.748]",*
77132.79553536154,"(73267.267, 78706.548]","(71341.455, 77412.749]","(75783.339, 107701.748]","(73267.267, 107701.748]","(68804.286, 107701.748]",*
77135.4666616023,"(73267.267, 78706.548]","(71341.455, 77412.749]","(75783.339, 107701.748]","(73267.267, 107701.748]","(68804.286, 107701.748]",*
77151.91216761012,"(73267.267, 78706.548]","(71341.455, 77412.749]","(75783.339, 107701.748]","(73267.267, 107701.748]","(68804.286, 107701.748]",*
77158.16600634957,"(73267.267, 78706.548]","(71341.455, 77412.749]","(75783.339, 107701.748]","(73267.267, 107701.748]","(68804.286, 107701.748]",*
77163.30056977611,"(73267.267, 78706.548]","(71341.455, 77412.749]","(75783.339, 107701.748]","(73267.267, 107701.748]","(68804.286, 107701.748]",*
77168.99345652288,"(73267.267, 78706.548]","(71341.455, 77412.749]","(75783.339, 107701.748]","(73267.267, 107701.748]","(68804.286, 107701.748]",*
77177.44738441323,"(73267.267, 78706.548]","(71341.455, 77412.749]","(75783.339, 107701.748]","(73267.267, 107701.748]","(68804.286, 107701.748]",*
77187.84835312303,"(73267.267, 78706.548]","(71341.455, 77412.749]","(75783.339, 107701.748]","(73267.267, 107701.748]","(68804.286, 107701.748]",*
77193.94342456001,"(73267.267, 78706.548]","(71341.455, 77412.749]","(75783.339, 107701.748]","(73267.267, 107701.748]","(68804.286, 107701.748]",*
77208.64023179737,"(73267.267, 78706.548]","(71341.455, 77412.749]","(75783.339, 107701.748]","(73267.267, 107701.748]","(68804.286, 107701.748]",*
77223.30759201755,"(73267.267, 78706.548]","(71341.455, 77412.749]","(75783.339, 107701.748]","(73267.267, 107701.748]","(68804.286, 107701.748]",*
77235.57058887622,"(73267.267, 78706.548]","(71341.455, 77412.749]","(75783.339, 107701.748]","(73267.267, 107701.748]","(68804.286, 107701.748]",*
77254.95871366048,"(73267.267, 78706.548]","(71341.455, 77412.749]","(75783.339, 107701.748]","(73267.267, 107701.748]","(68804.286, 107701.748]",*
77256.68329698939,"(73267.267, 78706.548]","(71341.455, 77412.749]","(75783.339, 107701.748]","(73267.267, 107701.748]","(68804.286, 107701.748]",*
77265.74829798454,"(73267.267, 78706.548]","(71341.455, 77412.749]","(75783.339, 107701.748]","(73267.267, 107701.748]","(68804.286, 107701.748]",*
77267.65626410012,"(73267.267, 78706.548]","(71341.455, 77412.749]","(75783.339, 107701.748]","(73267.267, 107701.748]","(68804.286, 107701.748]",*
77275.76626715591,"(73267.267, 78706.548]","(71341.455, 77412.749]","(75783.339, 107701.748]","(73267.267, 107701.748]","(68804.286, 107701.748]",*
77278.69702818657,"(73267.267, 78706.548]","(71341.455, 77412.749]","(75783.339, 107701.748]","(73267.267, 107701.748]","(68804.286, 107701.748]",*
77279.76365848511,"(73267.267, 78706.548]","(71341.455, 77412.749]","(75783.339, 107701.748]","(73267.267, 107701.748]","(68804.286, 107701.748]",*
77286.53704841009,"(73267.267, 78706.548]","(71341.455, 77412.749]","(75783.339, 107701.748]","(73267.267, 107701.748]","(68804.286, 107701.748]",*
77287.1732190707,"(73267.267, 78706.548]","(71341.455, 77412.749]","(75783.339, 107701.748]","(73267.267, 107701.748]","(68804.286, 107701.748]",*
77300.0314436444,"(73267.267, 78706.548]","(71341.455, 77412.749]","(75783.339, 107701.748]","(73267.267, 107701.748]","(68804.286, 107701.748]",*
77316.19135066988,"(73267.267, 78706.548]","(71341.455, 77412.749]","(75783.339, 107701.748]","(73267.267, 107701.748]","(68804.286, 107701.748]",*
77324.39732547151,"(73267.267, 78706.548]","(71341.455, 77412.749]","(75783.339, 107701.748]","(73267.267, 107701.748]","(68804.286, 107701.748]",*
77330.79471278272,"(73267.267, 78706.548]","(71341.455, 77412.749]","(75783.339, 107701.748]","(73267.267, 107701.748]","(68804.286, 107701.748]",*
77334.28650587895,"(73267.267, 78706.548]","(71341.455, 77412.749]","(75783.339, 107701.748]","(73267.267, 107701.748]","(68804.286, 107701.748]",*
77336.03094987595,"(73267.267, 78706.548]","(71341.455, 77412.749]","(75783.339, 107701.748]","(73267.267, 107701.748]","(68804.286, 107701.748]",*
77345.47237854103,"(73267.267, 78706.548]","(71341.455, 77412.749]","(75783.339, 107701.748]","(73267.267, 107701.748]","(68804.286, 107701.748]",*
77352.63760349201,"(73267.267, 78706.548]","(71341.455, 77412.749]","(75783.339, 107701.748]","(73267.267, 107701.748]","(68804.286, 107701.748]",*
77354.38844359497,"(73267.267, 78706.548]","(71341.455, 77412.749]","(75783.339, 107701.748]","(73267.267, 107701.748]","(68804.286, 107701.748]",*
77362.05455838074,"(73267.267, 78706.548]","(71341.455, 77412.749]","(75783.339, 107701.748]","(73267.267, 107701.748]","(68804.286, 107701.748]",*
77376.17330714439,"(73267.267, 78706.548]","(71341.455, 77412.749]","(75783.339, 107701.748]","(73267.267, 107701.748]","(68804.286, 107701.748]",*
77402.4015819687,"(73267.267, 78706.548]","(71341.455, 77412.749]","(75783.339, 107701.748]","(73267.267, 107701.748]","(68804.286, 107701.748]",*
77412.16308688346,"(73267.267, 78706.548]","(71341.455, 77412.749]","(75783.339, 107701.748]","(73267.267, 107701.748]","(68804.286, 107701.748]",*
77412.4543080466,"(73267.267, 78706.548]","(71341.455, 77412.749]","(75783.339, 107701.748]","(73267.267, 107701.748]","(68804.286, 107701.748]",*
77413.92751058174,"(73267.267, 78706.548]","(77412.749, 107701.748]","(75783.339, 107701.748]","(73267.267, 107701.748]","(68804.286, 107701.748]",*
77415.70268606402,"(73267.267, 78706.548]","(77412.749, 107701.748]","(75783.339, 107701.748]","(73267.267, 107701.748]","(68804.286, 107701.748]",*
77417.22283721117,"(73267.267, 78706.548]","(77412.749, 107701.748]","(75783.339, 107701.748]","(73267.267, 107701.748]","(68804.286, 107701.748]",*
77429.8334268821,"(73267.267, 78706.548]","(77412.749, 107701.748]","(75783.339, 107701.748]","(73267.267, 107701.748]","(68804.286, 107701.748]",*
77434.68924044503,"(73267.267, 78706.548]","(77412.749, 107701.748]","(75783.339, 107701.748]","(73267.267, 107701.748]","(68804.286, 107701.748]",*
77434.939251952,"(73267.267, 78706.548]","(77412.749, 107701.748]","(75783.339, 107701.748]","(73267.267, 107701.748]","(68804.286, 107701.748]",*
77449.31606841709,"(73267.267, 78706.548]","(77412.749, 107701.748]","(75783.339, 107701.748]","(73267.267, 107701.748]","(68804.286, 107701.748]",*
77453.47978788015,"(73267.267, 78706.548]","(77412.749, 107701.748]","(75783.339, 107701.748]","(73267.267, 107701.748]","(68804.286, 107701.748]",*
77456.19159893601,"(73267.267, 78706.548]","(77412.749, 107701.748]","(75783.339, 107701.748]","(73267.267, 107701.748]","(68804.286, 107701.748]",*
77456.4057275939,"(73267.267, 78706.548]","(77412.749, 107701.748]","(75783.339, 107701.748]","(73267.267, 107701.748]","(68804.286, 107701.748]",*
77459.75785575701,"(73267.267, 78706.548]","(77412.749, 107701.748]","(75783.339, 107701.748]","(73267.267, 107701.748]","(68804.286, 107701.748]",*
77467.77070630548,"(73267.267, 78706.548]","(77412.749, 107701.748]","(75783.339, 107701.748]","(73267.267, 107701.748]","(68804.286, 107701.748]",*
77481.70834725854,"(73267.267, 78706.548]","(77412.749, 107701.748]","(75783.339, 107701.748]","(73267.267, 107701.748]","(68804.286, 107701.748]",*
77485.7106799997,"(73267.267, 78706.548]","(77412.749, 107701.748]","(75783.339, 107701.748]","(73267.267, 107701.748]","(68804.286, 107701.748]",*
77502.47401643547,"(73267.267, 78706.548]","(77412.749, 107701.748]","(75783.339, 107701.748]","(73267.267, 107701.748]","(68804.286, 107701.748]",*
77504.80423447827,"(73267.267, 78706.548]","(77412.749, 107701.748]","(75783.339, 107701.748]","(73267.267, 107701.748]","(68804.286, 107701.748]",*
77509.13779960971,"(73267.267, 78706.548]","(77412.749, 107701.748]","(75783.339, 107701.748]","(73267.267, 107701.748]","(68804.286, 107701.748]",*
77513.9257941756,"(73267.267, 78706.548]","(77412.749, 107701.748]","(75783.339, 107701.748]","(73267.267, 107701.748]","(68804.286, 107701.748]",*
77514.59354381205,"(73267.267, 78706.548]","(77412.749, 107701.748]","(75783.339, 107701.748]","(73267.267, 107701.748]","(68804.286, 107701.748]",*
77521.05738039338,"(73267.267, 78706.548]","(77412.749, 107701.748]","(75783.339, 107701.748]","(73267.267, 107701.748]","(68804.286, 107701.748]",*
77527.54117380737,"(73267.267, 78706.548]","(77412.749, 107701.748]","(75783.339, 107701.748]","(73267.267, 107701.748]","(68804.286, 107701.748]",*
77528.12300033767,"(73267.267, 78706.548]","(77412.749, 107701.748]","(75783.339, 107701.748]","(73267.267, 107701.748]","(68804.286, 107701.748]",*
77540.89419180782,"(73267.267, 78706.548]","(77412.749, 107701.748]","(75783.339, 107701.748]","(73267.267, 107701.748]","(68804.286, 107701.748]",*
77545.92569418822,"(73267.267, 78706.548]","(77412.749, 107701.748]","(75783.339, 107701.748]","(73267.267, 107701.748]","(68804.286, 107701.748]",*
77551.62779915938,"(73267.267, 78706.548]","(77412.749, 107701.748]","(75783.339, 107701.748]","(73267.267, 107701.748]","(68804.286, 107701.748]",*
77553.90640090409,"(73267.267, 78706.548]","(77412.749, 107701.748]","(75783.339, 107701.748]","(73267.267, 107701.748]","(68804.286, 107701.748]",*
77573.87071050308,"(73267.267, 78706.548]","(77412.749, 107701.748]","(75783.339, 107701.748]","(73267.267, 107701.748]","(68804.286, 107701.748]",*
77587.94722966287,"(73267.267, 78706.548]","(77412.749, 107701.748]","(75783.339, 107701.748]","(73267.267, 107701.748]","(68804.286, 107701.748]",*
77594.60275594356,"(73267.267, 78706.548]","(77412.749, 107701.748]","(75783.339, 107701.748]","(73267.267, 107701.748]","(68804.286, 107701.748]",*
77595.07460306746,"(73267.267, 78706.548]","(77412.749, 107701.748]","(75783.339, 107701.748]","(73267.267, 107701.748]","(68804.286, 107701.748]",*
77615.8513434013,"(73267.267, 78706.548]","(77412.749, 107701.748]","(75783.339, 107701.748]","(73267.267, 107701.748]","(68804.286, 107701.748]",*
77620.92114887146,"(73267.267, 78706.548]","(77412.749, 107701.748]","(75783.339, 107701.748]","(73267.267, 107701.748]","(68804.286, 107701.748]",*
77622.95811586575,"(73267.267, 78706.548]","(77412.749, 107701.748]","(75783.339, 107701.748]","(73267.267, 107701.748]","(68804.286, 107701.748]",*
77623.98361030263,"(73267.267, 78706.548]","(77412.749, 107701.748]","(75783.339, 107701.748]","(73267.267, 107701.748]","(68804.286, 107701.748]",*
77628.22157663232,"(73267.267, 78706.548]","(77412.749, 107701.748]","(75783.339, 107701.748]","(73267.267, 107701.748]","(68804.286, 107701.748]",*
77630.95507510817,"(73267.267, 78706.548]","(77412.749, 107701.748]","(75783.339, 107701.748]","(73267.267, 107701.748]","(68804.286, 107701.748]",*
77632.22179496702,"(73267.267, 78706.548]","(77412.749, 107701.748]","(75783.339, 107701.748]","(73267.267, 107701.748]","(68804.286, 107701.748]",*
77643.28308709673,"(73267.267, 78706.548]","(77412.749, 107701.748]","(75783.339, 107701.748]","(73267.267, 107701.748]","(68804.286, 107701.748]",*
77695.00496273572,"(73267.267, 78706.548]","(77412.749, 107701.748]","(75783.339, 107701.748]","(73267.267, 107701.748]","(68804.286, 107701.748]",*
77697.23564844191,"(73267.267, 78706.548]","(77412.749, 107701.748]","(75783.339, 107701.748]","(73267.267, 107701.748]","(68804.286, 107701.748]",*
77700.59420841298,"(73267.267, 78706.548]","(77412.749, 107701.748]","(75783.339, 107701.748]","(73267.267, 107701.748]","(68804.286, 107701.748]",*
77701.05405237174,"(73267.267, 78706.548]","(77412.749, 107701.748]","(75783.339, 107701.748]","(73267.267, 107701.748]","(68804.286, 107701.748]",*
77722.49799845976,"(73267.267, 78706.548]","(77412.749, 107701.748]","(75783.339, 107701.748]","(73267.267, 107701.748]","(68804.286, 107701.748]",*
77733.7311864233,"(73267.267, 78706.548]","(77412.749, 107701.748]","(75783.339, 107701.748]","(73267.267, 107701.748]","(68804.286, 107701.748]",*
77742.1891532105,"(73267.267, 78706.548]","(77412.749, 107701.748]","(75783.339, 107701.748]","(73267.267, 107701.748]","(68804.286, 107701.748]",*
77755.5397025914,"(73267.267, 78706.548]","(77412.749, 107701.748]","(75783.339, 107701.748]","(73267.267, 107701.748]","(68804.286, 107701.748]",*
77779.24494149523,"(73267.267, 78706.548]","(77412.749, 107701.748]","(75783.339, 107701.748]","(73267.267, 107701.748]","(68804.286, 107701.748]",*
77785.19260998137,"(73267.267, 78706.548]","(77412.749, 107701.748]","(75783.339, 107701.748]","(73267.267, 107701.748]","(68804.286, 107701.748]",*
77797.39496379187,"(73267.267, 78706.548]","(77412.749, 107701.748]","(75783.339, 107701.748]","(73267.267, 107701.748]","(68804.286, 107701.748]",*
77803.18624980655,"(73267.267, 78706.548]","(77412.749, 107701.748]","(75783.339, 107701.748]","(73267.267, 107701.748]","(68804.286, 107701.748]",*
77811.52203457447,"(73267.267, 78706.548]","(77412.749, 107701.748]","(75783.339, 107701.748]","(73267.267, 107701.748]","(68804.286, 107701.748]",*
77821.6243736771,"(73267.267, 78706.548]","(77412.749, 107701.748]","(75783.339, 107701.748]","(73267.267, 107701.748]","(68804.286, 107701.748]",*
77825.22746888138,"(73267.267, 78706.548]","(77412.749, 107701.748]","(75783.339, 107701.748]","(73267.267, 107701.748]","(68804.286, 107701.748]",*
77847.34896754657,"(73267.267, 78706.548]","(77412.749, 107701.748]","(75783.339, 107701.748]","(73267.267, 107701.748]","(68804.286, 107701.748]",*
77853.31613109176,"(73267.267, 78706.548]","(77412.749, 107701.748]","(75783.339, 107701.748]","(73267.267, 107701.748]","(68804.286, 107701.748]",*
77864.51480385874,"(73267.267, 78706.548]","(77412.749, 107701.748]","(75783.339, 107701.748]","(73267.267, 107701.748]","(68804.286, 107701.748]",*
77875.98739313014,"(73267.267, 78706.548]","(77412.749, 107701.748]","(75783.339, 107701.748]","(73267.267, 107701.748]","(68804.286, 107701.748]",*
77882.87702005179,"(73267.267, 78706.548]","(77412.749, 107701.748]","(75783.339, 107701.748]","(73267.267, 107701.748]","(68804.286, 107701.748]",*
77898.5103885883,"(73267.267, 78706.548]","(77412.749, 107701.748]","(75783.339, 107701.748]","(73267.267, 107701.748]","(68804.286, 107701.748]",*
77905.82718934219,"(73267.267, 78706.548]","(77412.749, 107701.748]","(75783.339, 107701.748]","(73267.267, 107701.748]","(68804.286, 107701.748]",*
77906.18518155029,"(73267.267, 78706.548]","(77412.749, 107701.748]","(75783.339, 107701.748]","(73267.267, 107701.748]","(68804.286, 107701.748]",*
77910.26990020383,"(73267.267, 78706.548]","(77412.749, 107701.748]","(75783.339, 107701.748]","(73267.267, 107701.748]","(68804.286, 107701.748]",*
77911.35703296856,"(73267.267, 78706.548]","(77412.749, 107701.748]","(75783.339, 107701.748]","(73267.267, 107701.748]","(68804.286, 107701.748]",*
77922.98616468531,"(73267.267, 78706.548]","(77412.749, 107701.748]","(75783.339, 107701.748]","(73267.267, 107701.748]","(68804.286, 107701.748]",*
77931.47645746189,"(73267.267, 78706.548]","(77412.749, 107701.748]","(75783.339, 107701.748]","(73267.267, 107701.748]","(68804.286, 107701.748]",*
77932.566395061,"(73267.267, 78706.548]","(77412.749, 107701.748]","(75783.339, 107701.748]","(73267.267, 107701.748]","(68804.286, 107701.748]",*
77947.46436444054,"(73267.267, 78706.548]","(77412.749, 107701.748]","(75783.339, 107701.748]","(73267.267, 107701.748]","(68804.286, 107701.748]",*
77961.22193450348,"(73267.267, 78706.548]","(77412.749, 107701.748]","(75783.339, 107701.748]","(73267.267, 107701.748]","(68804.286, 107701.748]",*
77969.99352332516,"(73267.267, 78706.548]","(77412.749, 107701.748]","(75783.339, 107701.748]","(73267.267, 107701.748]","(68804.286, 107701.748]",*
77978.59003653273,"(73267.267, 78706.548]","(77412.749, 107701.748]","(75783.339, 107701.748]","(73267.267, 107701.748]","(68804.286, 107701.748]",*
77984.28105090593,"(73267.267, 78706.548]","(77412.749, 107701.748]","(75783.339, 107701.748]","(73267.267, 107701.748]","(68804.286, 107701.748]",*
78002.06277050267,"(73267.267, 78706.548]","(77412.749, 107701.748]","(75783.339, 107701.748]","(73267.267, 107701.748]","(68804.286, 107701.748]",*
78010.92037895907,"(73267.267, 78706.548]","(77412.749, 107701.748]","(75783.339, 107701.748]","(73267.267, 107701.748]","(68804.286, 107701.748]",*
78019.85596371841,"(73267.267, 78706.548]","(77412.749, 107701.748]","(75783.339, 107701.748]","(73267.267, 107701.748]","(68804.286, 107701.748]",*
78020.03952611849,"(73267.267, 78706.548]","(77412.749, 107701.748]","(75783.339, 107701.748]","(73267.267, 107701.748]","(68804.286, 107701.748]",*
78030.06933325191,"(73267.267, 78706.548]","(77412.749, 107701.748]","(75783.339, 107701.748]","(73267.267, 107701.748]","(68804.286, 107701.748]",*
78032.88184835555,"(73267.267, 78706.548]","(77412.749, 107701.748]","(75783.339, 107701.748]","(73267.267, 107701.748]","(68804.286, 107701.748]",*
78044.3516472571,"(73267.267, 78706.548]","(77412.749, 107701.748]","(75783.339, 107701.748]","(73267.267, 107701.748]","(68804.286, 107701.748]",*
78048.80583217973,"(73267.267, 78706.548]","(77412.749, 107701.748]","(75783.339, 107701.748]","(73267.267, 107701.748]","(68804.286, 107701.748]",*
78049.60464779616,"(73267.267, 78706.548]","(77412.749, 107701.748]","(75783.339, 107701.748]","(73267.267, 107701.748]","(68804.286, 107701.748]",*
78050.96982777538,"(73267.267, 78706.548]","(77412.749, 107701.748]","(75783.339, 107701.748]","(73267.267, 107701.748]","(68804.286, 107701.748]",*
78054.1455162177,"(73267.267, 78706.548]","(77412.749, 107701.748]","(75783.339, 107701.748]","(73267.267, 107701.748]","(68804.286, 107701.748]",*
78060.6507282977,"(73267.267, 78706.548]","(77412.749, 107701.748]","(75783.339, 107701.748]","(73267.267, 107701.748]","(68804.286, 107701.748]",*
78063.24199301709,"(73267.267, 78706.548]","(77412.749, 107701.748]","(75783.339, 107701.748]","(73267.267, 107701.748]","(68804.286, 107701.748]",*
78069.22397315076,"(73267.267, 78706.548]","(77412.749, 107701.748]","(75783.339, 107701.748]","(73267.267, 107701.748]","(68804.286, 107701.748]",*
78070.07374343679,"(73267.267, 78706.548]","(77412.749, 107701.748]","(75783.339, 107701.748]","(73267.267, 107701.748]","(68804.286, 107701.748]",*
78074.94799318898,"(73267.267, 78706.548]","(77412.749, 107701.748]","(75783.339, 107701.748]","(73267.267, 107701.748]","(68804.286, 107701.748]",*
78077.11195087829,"(73267.267, 78706.548]","(77412.749, 107701.748]","(75783.339, 107701.748]","(73267.267, 107701.748]","(68804.286, 107701.748]",*
78088.22319704968,"(73267.267, 78706.548]","(77412.749, 107701.748]","(75783.339, 107701.748]","(73267.267, 107701.748]","(68804.286, 107701.748]",*
78095.35262991003,"(73267.267, 78706.548]","(77412.749, 107701.748]","(75783.339, 107701.748]","(73267.267, 107701.748]","(68804.286, 107701.748]",*
78105.67249564403,"(73267.267, 78706.548]","(77412.749, 107701.748]","(75783.339, 107701.748]","(73267.267, 107701.748]","(68804.286, 107701.748]",*
78113.49968944429,"(73267.267, 78706.548]","(77412.749, 107701.748]","(75783.339, 107701.748]","(73267.267, 107701.748]","(68804.286, 107701.748]",*
78114.42133363956,"(73267.267, 78706.548]","(77412.749, 107701.748]","(75783.339, 107701.748]","(73267.267, 107701.748]","(68804.286, 107701.748]",*
78115.6318893997,"(73267.267, 78706.548]","(77412.749, 107701.748]","(75783.339, 107701.748]","(73267.267, 107701.748]","(68804.286, 107701.748]",*
78146.85402436159,"(73267.267, 78706.548]","(77412.749, 107701.748]","(75783.339, 107701.748]","(73267.267, 107701.748]","(68804.286, 107701.748]",*
78159.95403358302,"(73267.267, 78706.548]","(77412.749, 107701.748]","(75783.339, 107701.748]","(73267.267, 107701.748]","(68804.286, 107701.748]",*
78160.30843328686,"(73267.267, 78706.548]","(77412.749, 107701.748]","(75783.339, 107701.748]","(73267.267, 107701.748]","(68804.286, 107701.748]",*
78166.40917600473,"(73267.267, 78706.548]","(77412.749, 107701.748]","(75783.339, 107701.748]","(73267.267, 107701.748]","(68804.286, 107701.748]",*
78169.52469168563,"(73267.267, 78706.548]","(77412.749, 107701.748]","(75783.339, 107701.748]","(73267.267, 107701.748]","(68804.286, 107701.748]",*
78182.19723424152,"(73267.267, 78706.548]","(77412.749, 107701.748]","(75783.339, 107701.748]","(73267.267, 107701.748]","(68804.286, 107701.748]",*
78186.23924325894,"(73267.267, 78706.548]","(77412.749, 107701.748]","(75783.339, 107701.748]","(73267.267, 107701.748]","(68804.286, 107701.748]",*
78186.28293666008,"(73267.267, 78706.548]","(77412.749, 107701.748]","(75783.339, 107701.748]","(73267.267, 107701.748]","(68804.286, 107701.748]",*
78190.14177848723,"(73267.267, 78706.548]","(77412.749, 107701.748]","(75783.339, 107701.748]","(73267.267, 107701.748]","(68804.286, 107701.748]",*
78199.45501055397,"(73267.267, 78706.548]","(77412.749, 107701.748]","(75783.339, 107701.748]","(73267.267, 107701.748]","(68804.286, 107701.748]",*
78229.554740577,"(73267.267, 78706.548]","(77412.749, 107701.748]","(75783.339, 107701.748]","(73267.267, 107701.748]","(68804.286, 107701.748]",*
78239.40566132429,"(73267.267, 78706.548]","(77412.749, 107701.748]","(75783.339, 107701.748]","(73267.267, 107701.748]","(68804.286, 107701.748]",*
78241.07538071272,"(73267.267, 78706.548]","(77412.749, 107701.748]","(75783.339, 107701.748]","(73267.267, 107701.748]","(68804.286, 107701.748]",*
78255.84476906218,"(73267.267, 78706.548]","(77412.749, 107701.748]","(75783.339, 107701.748]","(73267.267, 107701.748]","(68804.286, 107701.748]",*
78269.14256321063,"(73267.267, 78706.548]","(77412.749, 107701.748]","(75783.339, 107701.748]","(73267.267, 107701.748]","(68804.286, 107701.748]",*
78274.52642510412,"(73267.267, 78706.548]","(77412.749, 107701.748]","(75783.339, 107701.748]","(73267.267, 107701.748]","(68804.286, 107701.748]",*
78276.40182054395,"(73267.267, 78706.548]","(77412.749, 107701.748]","(75783.339, 107701.748]","(73267.267, 107701.748]","(68804.286, 107701.748]",*
78276.57242739043,"(73267.267, 78706.548]","(77412.749, 107701.748]","(75783.339, 107701.748]","(73267.267, 107701.748]","(68804.286, 107701.748]",*
78286.51791154483,"(73267.267, 78706.548]","(77412.749, 107701.748]","(75783.339, 107701.748]","(73267.267, 107701.748]","(68804.286, 107701.748]",*
78288.95758836344,"(73267.267, 78706.548]","(77412.749, 107701.748]","(75783.339, 107701.748]","(73267.267, 107701.748]","(68804.286, 107701.748]",*
78293.70356130486,"(73267.267, 78706.548]","(77412.749, 107701.748]","(75783.339, 107701.748]","(73267.267, 107701.748]","(68804.286, 107701.748]",*
78299.64248273452,"(73267.267, 78706.548]","(77412.749, 107701.748]","(75783.339, 107701.748]","(73267.267, 107701.748]","(68804.286, 107701.748]",*
78300.409789153,"(73267.267, 78706.548]","(77412.749, 107701.748]","(75783.339, 107701.748]","(73267.267, 107701.748]","(68804.286, 107701.748]",*
78318.81449084166,"(73267.267, 78706.548]","(77412.749, 107701.748]","(75783.339, 107701.748]","(73267.267, 107701.748]","(68804.286, 107701.748]",*
78331.93252836581,"(73267.267, 78706.548]","(77412.749, 107701.748]","(75783.339, 107701.748]","(73267.267, 107701.748]","(68804.286, 107701.748]",*
78337.67416075339,"(73267.267, 78706.548]","(77412.749, 107701.748]","(75783.339, 107701.748]","(73267.267, 107701.748]","(68804.286, 107701.748]",*
78350.59665497503,"(73267.267, 78706.548]","(77412.749, 107701.748]","(75783.339, 107701.748]","(73267.267, 107701.748]","(68804.286, 107701.748]",*
78355.35369995033,"(73267.267, 78706.548]","(77412.749, 107701.748]","(75783.339, 107701.748]","(73267.267, 107701.748]","(68804.286, 107701.748]",*
78358.94844962037,"(73267.267, 78706.548]","(77412.749, 107701.748]","(75783.339, 107701.748]","(73267.267, 107701.748]","(68804.286, 107701.748]",*
78379.41223900416,"(73267.267, 78706.548]","(77412.749, 107701.748]","(75783.339, 107701.748]","(73267.267, 107701.748]","(68804.286, 107701.748]",*
78394.33927753085,"(73267.267, 78706.548]","(77412.749, 107701.748]","(75783.339, 107701.748]","(73267.267, 107701.748]","(68804.286, 107701.748]",*
78394.70841696138,"(73267.267, 78706.548]","(77412.749, 107701.748]","(75783.339, 107701.748]","(73267.267, 107701.748]","(68804.286, 107701.748]",*
78398.722221776,"(73267.267, 78706.548]","(77412.749, 107701.748]","(75783.339, 107701.748]","(73267.267, 107701.748]","(68804.286, 107701.748]",*
78401.11456887836,"(73267.267, 78706.548]","(77412.749, 107701.748]","(75783.339, 107701.748]","(73267.267, 107701.748]","(68804.286, 107701.748]",*
78403.63796220848,"(73267.267, 78706.548]","(77412.749, 107701.748]","(75783.339, 107701.748]","(73267.267, 107701.748]","(68804.286, 107701.748]",*
78404.36330380352,"(73267.267, 78706.548]","(77412.749, 107701.748]","(75783.339, 107701.748]","(73267.267, 107701.748]","(68804.286, 107701.748]",*
78406.54368336058,"(73267.267, 78706.548]","(77412.749, 107701.748]","(75783.339, 107701.748]","(73267.267, 107701.748]","(68804.286, 107701.748]",*
78431.31041325933,"(73267.267, 78706.548]","(77412.749, 107701.748]","(75783.339, 107701.748]","(73267.267, 107701.748]","(68804.286, 107701.748]",*
78438.36946358622,"(73267.267, 78706.548]","(77412.749, 107701.748]","(75783.339, 107701.748]","(73267.267, 107701.748]","(68804.286, 107701.748]",*
78462.90642345176,"(73267.267, 78706.548]","(77412.749, 107701.748]","(75783.339, 107701.748]","(73267.267, 107701.748]","(68804.286, 107701.748]",*
78482.22889344796,"(73267.267, 78706.548]","(77412.749, 107701.748]","(75783.339, 107701.748]","(73267.267, 107701.748]","(68804.286, 107701.748]",*
78491.27543459789,"(73267.267, 78706.548]","(77412.749, 107701.748]","(75783.339, 107701.748]","(73267.267, 107701.748]","(68804.286, 107701.748]",*
78497.66426457293,"(73267.267, 78706.548]","(77412.749, 107701.748]","(75783.339, 107701.748]","(73267.267, 107701.748]","(68804.286, 107701.748]",*
78501.86122850908,"(73267.267, 78706.548]","(77412.749, 107701.748]","(75783.339, 107701.748]","(73267.267, 107701.748]","(68804.286, 107701.748]",*
78511.79720995326,"(73267.267, 78706.548]","(77412.749, 107701.748]","(75783.339, 107701.748]","(73267.267, 107701.748]","(68804.286, 107701.748]",*
78529.52767925685,"(73267.267, 78706.548]","(77412.749, 107701.748]","(75783.339, 107701.748]","(73267.267, 107701.748]","(68804.286, 107701.748]",*
78535.64071731952,"(73267.267, 78706.548]","(77412.749, 107701.748]","(75783.339, 107701.748]","(73267.267, 107701.748]","(68804.286, 107701.748]",*
78539.23931639177,"(73267.267, 78706.548]","(77412.749, 107701.748]","(75783.339, 107701.748]","(73267.267, 107701.748]","(68804.286, 107701.748]",*
78545.32417405737,"(73267.267, 78706.548]","(77412.749, 107701.748]","(75783.339, 107701.748]","(73267.267, 107701.748]","(68804.286, 107701.748]",*
78555.12950347408,"(73267.267, 78706.548]","(77412.749, 107701.748]","(75783.339, 107701.748]","(73267.267, 107701.748]","(68804.286, 107701.748]",*
78555.93285059994,"(73267.267, 78706.548]","(77412.749, 107701.748]","(75783.339, 107701.748]","(73267.267, 107701.748]","(68804.286, 107701.748]",*
78556.79705350321,"(73267.267, 78706.548]","(77412.749, 107701.748]","(75783.339, 107701.748]","(73267.267, 107701.748]","(68804.286, 107701.748]",*
78568.44916405229,"(73267.267, 78706.548]","(77412.749, 107701.748]","(75783.339, 107701.748]","(73267.267, 107701.748]","(68804.286, 107701.748]",*
78578.34341855517,"(73267.267, 78706.548]","(77412.749, 107701.748]","(75783.339, 107701.748]","(73267.267, 107701.748]","(68804.286, 107701.748]",*
78581.26189770778,"(73267.267, 78706.548]","(77412.749, 107701.748]","(75783.339, 107701.748]","(73267.267, 107701.748]","(68804.286, 107701.748]",*
78583.26472232761,"(73267.267, 78706.548]","(77412.749, 107701.748]","(75783.339, 107701.748]","(73267.267, 107701.748]","(68804.286, 107701.748]",*
78605.18989268264,"(73267.267, 78706.548]","(77412.749, 107701.748]","(75783.339, 107701.748]","(73267.267, 107701.748]","(68804.286, 107701.748]",*
78606.74713765175,"(73267.267, 78706.548]","(77412.749, 107701.748]","(75783.339, 107701.748]","(73267.267, 107701.748]","(68804.286, 107701.748]",*
78633.97375508897,"(73267.267, 78706.548]","(77412.749, 107701.748]","(75783.339, 107701.748]","(73267.267, 107701.748]","(68804.286, 107701.748]",*
78643.17171486269,"(73267.267, 78706.548]","(77412.749, 107701.748]","(75783.339, 107701.748]","(73267.267, 107701.748]","(68804.286, 107701.748]",*
78646.30867750822,"(73267.267, 78706.548]","(77412.749, 107701.748]","(75783.339, 107701.748]","(73267.267, 107701.748]","(68804.286, 107701.748]",*
78646.88234652388,"(73267.267, 78706.548]","(77412.749, 107701.748]","(75783.339, 107701.748]","(73267.267, 107701.748]","(68804.286, 107701.748]",*
78656.37836512277,"(73267.267, 78706.548]","(77412.749, 107701.748]","(75783.339, 107701.748]","(73267.267, 107701.748]","(68804.286, 107701.748]",*
78661.54624171027,"(73267.267, 78706.548]","(77412.749, 107701.748]","(75783.339, 107701.748]","(73267.267, 107701.748]","(68804.286, 107701.748]",*
78667.90459764737,"(73267.267, 78706.548]","(77412.749, 107701.748]","(75783.339, 107701.748]","(73267.267, 107701.748]","(68804.286, 107701.748]",*
78679.41866573191,"(73267.267, 78706.548]","(77412.749, 107701.748]","(75783.339, 107701.748]","(73267.267, 107701.748]","(68804.286, 107701.748]",*
78685.83502741282,"(73267.267, 78706.548]","(77412.749, 107701.748]","(75783.339, 107701.748]","(73267.267, 107701.748]","(68804.286, 107701.748]",*
78688.29318937723,"(73267.267, 78706.548]","(77412.749, 107701.748]","(75783.339, 107701.748]","(73267.267, 107701.748]","(68804.286, 107701.748]",*
78693.8408020391,"(73267.267, 78706.548]","(77412.749, 107701.748]","(75783.339, 107701.748]","(73267.267, 107701.748]","(68804.286, 107701.748]",*
78699.51510291034,"(73267.267, 78706.548]","(77412.749, 107701.748]","(75783.339, 107701.748]","(73267.267, 107701.748]","(68804.286, 107701.748]",*
78700.97127497723,"(73267.267, 78706.548]","(77412.749, 107701.748]","(75783.339, 107701.748]","(73267.267, 107701.748]","(68804.286, 107701.748]",*
78705.90987422824,"(73267.267, 78706.548]","(77412.749, 107701.748]","(75783.339, 107701.748]","(73267.267, 107701.748]","(68804.286, 107701.748]",*
78706.67573524555,"(78706.548, 107701.748]","(77412.749, 107701.748]","(75783.339, 107701.748]","(73267.267, 107701.748]","(68804.286, 107701.748]",*
78734.49400443194,"(78706.548, 107701.748]","(77412.749, 107701.748]","(75783.339, 107701.748]","(73267.267, 107701.748]","(68804.286, 107701.748]",*
78739.22459723338,"(78706.548, 107701.748]","(77412.749, 107701.748]","(75783.339, 107701.748]","(73267.267, 107701.748]","(68804.286, 107701.748]",*
78743.7592737198,"(78706.548, 107701.748]","(77412.749, 107701.748]","(75783.339, 107701.748]","(73267.267, 107701.748]","(68804.286, 107701.748]",*
78747.69557300223,"(78706.548, 107701.748]","(77412.749, 107701.748]","(75783.339, 107701.748]","(73267.267, 107701.748]","(68804.286, 107701.748]",*
78748.02509183553,"(78706.548, 107701.748]","(77412.749, 107701.748]","(75783.339, 107701.748]","(73267.267, 107701.748]","(68804.286, 107701.748]",*
78753.39011287782,"(78706.548, 107701.748]","(77412.749, 107701.748]","(75783.339, 107701.748]","(73267.267, 107701.748]","(68804.286, 107701.748]",*
78754.393656003,"(78706.548, 107701.748]","(77412.749, 107701.748]","(75783.339, 107701.748]","(73267.267, 107701.748]","(68804.286, 107701.748]",*
78757.68198236995,"(78706.548, 107701.748]","(77412.749, 107701.748]","(75783.339, 107701.748]","(73267.267, 107701.748]","(68804.286, 107701.748]",*
78778.31690207418,"(78706.548, 107701.748]","(77412.749, 107701.748]","(75783.339, 107701.748]","(73267.267, 107701.748]","(68804.286, 107701.748]",*
78785.27727068617,"(78706.548, 107701.748]","(77412.749, 107701.748]","(75783.339, 107701.748]","(73267.267, 107701.748]","(68804.286, 107701.748]",*
78788.43952369894,"(78706.548, 107701.748]","(77412.749, 107701.748]","(75783.339, 107701.748]","(73267.267, 107701.748]","(68804.286, 107701.748]",*
78791.54658555276,"(78706.548, 107701.748]","(77412.749, 107701.748]","(75783.339, 107701.748]","(73267.267, 107701.748]","(68804.286, 107701.748]",*
78792.35526831601,"(78706.548, 107701.748]","(77412.749, 107701.748]","(75783.339, 107701.748]","(73267.267, 107701.748]","(68804.286, 107701.748]",*
78803.1228933883,"(78706.548, 107701.748]","(77412.749, 107701.748]","(75783.339, 107701.748]","(73267.267, 107701.748]","(68804.286, 107701.748]",*
78818.71485154069,"(78706.548, 107701.748]","(77412.749, 107701.748]","(75783.339, 107701.748]","(73267.267, 107701.748]","(68804.286, 107701.748]",*
78827.00525971304,"(78706.548, 107701.748]","(77412.749, 107701.748]","(75783.339, 107701.748]","(73267.267, 107701.748]","(68804.286, 107701.748]",*
78845.76217925332,"(78706.548, 107701.748]","(77412.749, 107701.748]","(75783.339, 107701.748]","(73267.267, 107701.748]","(68804.286, 107701.748]",*
78846.27009089201,"(78706.548, 107701.748]","(77412.749, 107701.748]","(75783.339, 107701.748]","(73267.267, 107701.748]","(68804.286, 107701.748]",*
78847.53636813493,"(78706.548, 107701.748]","(77412.749, 107701.748]","(75783.339, 107701.748]","(73267.267, 107701.748]","(68804.286, 107701.748]",*
78859.80765933776,"(78706.548, 107701.748]","(77412.749, 107701.748]","(75783.339, 107701.748]","(73267.267, 107701.748]","(68804.286, 107701.748]",*
78864.05340835758,"(78706.548, 107701.748]","(77412.749, 107701.748]","(75783.339, 107701.748]","(73267.267, 107701.748]","(68804.286, 107701.748]",*
78866.66524718404,"(78706.548, 107701.748]","(77412.749, 107701.748]","(75783.339, 107701.748]","(73267.267, 107701.748]","(68804.286, 107701.748]",*
78898.80229389374,"(78706.548, 107701.748]","(77412.749, 107701.748]","(75783.339, 107701.748]","(73267.267, 107701.748]","(68804.286, 107701.748]",*
78918.86744941806,"(78706.548, 107701.748]","(77412.749, 107701.748]","(75783.339, 107701.748]","(73267.267, 107701.748]","(68804.286, 107701.748]",*
78926.16508152652,"(78706.548, 107701.748]","(77412.749, 107701.748]","(75783.339, 107701.748]","(73267.267, 107701.748]","(68804.286, 107701.748]",*
78929.78154633401,"(78706.548, 107701.748]","(77412.749, 107701.748]","(75783.339, 107701.748]","(73267.267, 107701.748]","(68804.286, 107701.748]",*
78933.4959218746,"(78706.548, 107701.748]","(77412.749, 107701.748]","(75783.339, 107701.748]","(73267.267, 107701.748]","(68804.286, 107701.748]",*
78951.73589653846,"(78706.548, 107701.748]","(77412.749, 107701.748]","(75783.339, 107701.748]","(73267.267, 107701.748]","(68804.286, 107701.748]",*
78963.89414222466,"(78706.548, 107701.748]","(77412.749, 107701.748]","(75783.339, 107701.748]","(73267.267, 107701.748]","(68804.286, 107701.748]",*
78981.1042809854,"(78706.548, 107701.748]","(77412.749, 107701.748]","(75783.339, 107701.748]","(73267.267, 107701.748]","(68804.286, 107701.748]",*
78988.20284724157,"(78706.548, 107701.748]","(77412.749, 107701.748]","(75783.339, 107701.748]","(73267.267, 107701.748]","(68804.286, 107701.748]",*
78997.46094221769,"(78706.548, 107701.748]","(77412.749, 107701.748]","(75783.339, 107701.748]","(73267.267, 107701.748]","(68804.286, 107701.748]",*
79007.54811140016,"(78706.548, 107701.748]","(77412.749, 107701.748]","(75783.339, 107701.748]","(73267.267, 107701.748]","(68804.286, 107701.748]",*
79020.64716083909,"(78706.548, 107701.748]","(77412.749, 107701.748]","(75783.339, 107701.748]","(73267.267, 107701.748]","(68804.286, 107701.748]",*
79023.72047701845,"(78706.548, 107701.748]","(77412.749, 107701.748]","(75783.339, 107701.748]","(73267.267, 107701.748]","(68804.286, 107701.748]",*
79027.73783652308,"(78706.548, 107701.748]","(77412.749, 107701.748]","(75783.339, 107701.748]","(73267.267, 107701.748]","(68804.286, 107701.748]",*
79029.46045129481,"(78706.548, 107701.748]","(77412.749, 107701.748]","(75783.339, 107701.748]","(73267.267, 107701.748]","(68804.286, 107701.748]",*
79036.11378326689,"(78706.548, 107701.748]","(77412.749, 107701.748]","(75783.339, 107701.748]","(73267.267, 107701.748]","(68804.286, 107701.748]",*
79037.5215744165,"(78706.548, 107701.748]","(77412.749, 107701.748]","(75783.339, 107701.748]","(73267.267, 107701.748]","(68804.286, 107701.748]",*
79045.03980407419,"(78706.548, 107701.748]","(77412.749, 107701.748]","(75783.339, 107701.748]","(73267.267, 107701.748]","(68804.286, 107701.748]",*
79055.6521964399,"(78706.548, 107701.748]","(77412.749, 107701.748]","(75783.339, 107701.748]","(73267.267, 107701.748]","(68804.286, 107701.748]",*
79057.79891726034,"(78706.548, 107701.748]","(77412.749, 107701.748]","(75783.339, 107701.748]","(73267.267, 107701.748]","(68804.286, 107701.748]",*
79058.9399092003,"(78706.548, 107701.748]","(77412.749, 107701.748]","(75783.339, 107701.748]","(73267.267, 107701.748]","(68804.286, 107701.748]",*
79064.68327312649,"(78706.548, 107701.748]","(77412.749, 107701.748]","(75783.339, 107701.748]","(73267.267, 107701.748]","(68804.286, 107701.748]",*
79072.54069974822,"(78706.548, 107701.748]","(77412.749, 107701.748]","(75783.339, 107701.748]","(73267.267, 107701.748]","(68804.286, 107701.748]",*
79095.27923038202,"(78706.548, 107701.748]","(77412.749, 107701.748]","(75783.339, 107701.748]","(73267.267, 107701.748]","(68804.286, 107701.748]",*
79097.13400196945,"(78706.548, 107701.748]","(77412.749, 107701.748]","(75783.339, 107701.748]","(73267.267, 107701.748]","(68804.286, 107701.748]",*
79103.94327837795,"(78706.548, 107701.748]","(77412.749, 107701.748]","(75783.339, 107701.748]","(73267.267, 107701.748]","(68804.286, 107701.748]",*
79112.64140506249,"(78706.548, 107701.748]","(77412.749, 107701.748]","(75783.339, 107701.748]","(73267.267, 107701.748]","(68804.286, 107701.748]",*
79120.44152108303,"(78706.548, 107701.748]","(77412.749, 107701.748]","(75783.339, 107701.748]","(73267.267, 107701.748]","(68804.286, 107701.748]",*
79158.81788296673,"(78706.548, 107701.748]","(77412.749, 107701.748]","(75783.339, 107701.748]","(73267.267, 107701.748]","(68804.286, 107701.748]",*
79159.30099317507,"(78706.548, 107701.748]","(77412.749, 107701.748]","(75783.339, 107701.748]","(73267.267, 107701.748]","(68804.286, 107701.748]",*
79163.7786217306,"(78706.548, 107701.748]","(77412.749, 107701.748]","(75783.339, 107701.748]","(73267.267, 107701.748]","(68804.286, 107701.748]",*
79186.45041209193,"(78706.548, 107701.748]","(77412.749, 107701.748]","(75783.339, 107701.748]","(73267.267, 107701.748]","(68804.286, 107701.748]",*
79191.81761979547,"(78706.548, 107701.748]","(77412.749, 107701.748]","(75783.339, 107701.748]","(73267.267, 107701.748]","(68804.286, 107701.748]",*
79243.23682465067,"(78706.548, 107701.748]","(77412.749, 107701.748]","(75783.339, 107701.748]","(73267.267, 107701.748]","(68804.286, 107701.748]",*
79248.64245482568,"(78706.548, 107701.748]","(77412.749, 107701.748]","(75783.339, 107701.748]","(73267.267, 107701.748]","(68804.286, 107701.748]",*
79261.14911419476,"(78706.548, 107701.748]","(77412.749, 107701.748]","(75783.339, 107701.748]","(73267.267, 107701.748]","(68804.286, 107701.748]",*
79263.55475936264,"(78706.548, 107701.748]","(77412.749, 107701.748]","(75783.339, 107701.748]","(73267.267, 107701.748]","(68804.286, 107701.748]",*
79271.90497525403,"(78706.548, 107701.748]","(77412.749, 107701.748]","(75783.339, 107701.748]","(73267.267, 107701.748]","(68804.286, 107701.748]",*
79274.79616050041,"(78706.548, 107701.748]","(77412.749, 107701.748]","(75783.339, 107701.748]","(73267.267, 107701.748]","(68804.286, 107701.748]",*
79289.1079857921,"(78706.548, 107701.748]","(77412.749, 107701.748]","(75783.339, 107701.748]","(73267.267, 107701.748]","(68804.286, 107701.748]",*
79292.80758525906,"(78706.548, 107701.748]","(77412.749, 107701.748]","(75783.339, 107701.748]","(73267.267, 107701.748]","(68804.286, 107701.748]",*
79296.69912364567,"(78706.548, 107701.748]","(77412.749, 107701.748]","(75783.339, 107701.748]","(73267.267, 107701.748]","(68804.286, 107701.748]",*
79298.12200821388,"(78706.548, 107701.748]","(77412.749, 107701.748]","(75783.339, 107701.748]","(73267.267, 107701.748]","(68804.286, 107701.748]",*
79299.83606017836,"(78706.548, 107701.748]","(77412.749, 107701.748]","(75783.339, 107701.748]","(73267.267, 107701.748]","(68804.286, 107701.748]",*
79310.36197678474,"(78706.548, 107701.748]","(77412.749, 107701.748]","(75783.339, 107701.748]","(73267.267, 107701.748]","(68804.286, 107701.748]",*
79337.32565256176,"(78706.548, 107701.748]","(77412.749, 107701.748]","(75783.339, 107701.748]","(73267.267, 107701.748]","(68804.286, 107701.748]",*
79345.39140660278,"(78706.548, 107701.748]","(77412.749, 107701.748]","(75783.339, 107701.748]","(73267.267, 107701.748]","(68804.286, 107701.748]",*
79348.43746628503,"(78706.548, 107701.748]","(77412.749, 107701.748]","(75783.339, 107701.748]","(73267.267, 107701.748]","(68804.286, 107701.748]",*
79354.05043579653,"(78706.548, 107701.748]","(77412.749, 107701.748]","(75783.339, 107701.748]","(73267.267, 107701.748]","(68804.286, 107701.748]",*
79354.61760098442,"(78706.548, 107701.748]","(77412.749, 107701.748]","(75783.339, 107701.748]","(73267.267, 107701.748]","(68804.286, 107701.748]",*
79361.02650715588,"(78706.548, 107701.748]","(77412.749, 107701.748]","(75783.339, 107701.748]","(73267.267, 107701.748]","(68804.286, 107701.748]",*
79412.83547174576,"(78706.548, 107701.748]","(77412.749, 107701.748]","(75783.339, 107701.748]","(73267.267, 107701.748]","(68804.286, 107701.748]",*
79426.04018082103,"(78706.548, 107701.748]","(77412.749, 107701.748]","(75783.339, 107701.748]","(73267.267, 107701.748]","(68804.286, 107701.748]",*
79433.2777352586,"(78706.548, 107701.748]","(77412.749, 107701.748]","(75783.339, 107701.748]","(73267.267, 107701.748]","(68804.286, 107701.748]",*
79442.505795037,"(78706.548, 107701.748]","(77412.749, 107701.748]","(75783.339, 107701.748]","(73267.267, 107701.748]","(68804.286, 107701.748]",*
79452.82305817708,"(78706.548, 107701.748]","(77412.749, 107701.748]","(75783.339, 107701.748]","(73267.267, 107701.748]","(68804.286, 107701.748]",*
79458.59516181241,"(78706.548, 107701.748]","(77412.749, 107701.748]","(75783.339, 107701.748]","(73267.267, 107701.748]","(68804.286, 107701.748]",*
79471.23881699878,"(78706.548, 107701.748]","(77412.749, 107701.748]","(75783.339, 107701.748]","(73267.267, 107701.748]","(68804.286, 107701.748]",*
79477.86951396447,"(78706.548, 107701.748]","(77412.749, 107701.748]","(75783.339, 107701.748]","(73267.267, 107701.748]","(68804.286, 107701.748]",*
79498.39413438046,"(78706.548, 107701.748]","(77412.749, 107701.748]","(75783.339, 107701.748]","(73267.267, 107701.748]","(68804.286, 107701.748]",*
79500.39894566813,"(78706.548, 107701.748]","(77412.749, 107701.748]","(75783.339, 107701.748]","(73267.267, 107701.748]","(68804.286, 107701.748]",*
79504.65958664808,"(78706.548, 107701.748]","(77412.749, 107701.748]","(75783.339, 107701.748]","(73267.267, 107701.748]","(68804.286, 107701.748]",*
79510.05199070566,"(78706.548, 107701.748]","(77412.749, 107701.748]","(75783.339, 107701.748]","(73267.267, 107701.748]","(68804.286, 107701.748]",*
79522.97080476227,"(78706.548, 107701.748]","(77412.749, 107701.748]","(75783.339, 107701.748]","(73267.267, 107701.748]","(68804.286, 107701.748]",*
79545.45857431678,"(78706.548, 107701.748]","(77412.749, 107701.748]","(75783.339, 107701.748]","(73267.267, 107701.748]","(68804.286, 107701.748]",*
79550.64138413596,"(78706.548, 107701.748]","(77412.749, 107701.748]","(75783.339, 107701.748]","(73267.267, 107701.748]","(68804.286, 107701.748]",*
79552.39015461772,"(78706.548, 107701.748]","(77412.749, 107701.748]","(75783.339, 107701.748]","(73267.267, 107701.748]","(68804.286, 107701.748]",*
79566.91697739862,"(78706.548, 107701.748]","(77412.749, 107701.748]","(75783.339, 107701.748]","(73267.267, 107701.748]","(68804.286, 107701.748]",*
79571.60308353229,"(78706.548, 107701.748]","(77412.749, 107701.748]","(75783.339, 107701.748]","(73267.267, 107701.748]","(68804.286, 107701.748]",*
79574.71925968613,"(78706.548, 107701.748]","(77412.749, 107701.748]","(75783.339, 107701.748]","(73267.267, 107701.748]","(68804.286, 107701.748]",*
79575.25043671057,"(78706.548, 107701.748]","(77412.749, 107701.748]","(75783.339, 107701.748]","(73267.267, 107701.748]","(68804.286, 107701.748]",*
79575.64153943176,"(78706.548, 107701.748]","(77412.749, 107701.748]","(75783.339, 107701.748]","(73267.267, 107701.748]","(68804.286, 107701.748]",*
79579.20470621937,"(78706.548, 107701.748]","(77412.749, 107701.748]","(75783.339, 107701.748]","(73267.267, 107701.748]","(68804.286, 107701.748]",*
79579.99300241588,"(78706.548, 107701.748]","(77412.749, 107701.748]","(75783.339, 107701.748]","(73267.267, 107701.748]","(68804.286, 107701.748]",*
79583.51007631472,"(78706.548, 107701.748]","(77412.749, 107701.748]","(75783.339, 107701.748]","(73267.267, 107701.748]","(68804.286, 107701.748]",*
79585.55222987563,"(78706.548, 107701.748]","(77412.749, 107701.748]","(75783.339, 107701.748]","(73267.267, 107701.748]","(68804.286, 107701.748]",*
79618.23684602088,"(78706.548, 107701.748]","(77412.749, 107701.748]","(75783.339, 107701.748]","(73267.267, 107701.748]","(68804.286, 107701.748]",*
79619.35414292997,"(78706.548, 107701.748]","(77412.749, 107701.748]","(75783.339, 107701.748]","(73267.267, 107701.748]","(68804.286, 107701.748]",*
79619.8642706259,"(78706.548, 107701.748]","(77412.749, 107701.748]","(75783.339, 107701.748]","(73267.267, 107701.748]","(68804.286, 107701.748]",*
79627.62859251455,"(78706.548, 107701.748]","(77412.749, 107701.748]","(75783.339, 107701.748]","(73267.267, 107701.748]","(68804.286, 107701.748]",*
79631.58777239428,"(78706.548, 107701.748]","(77412.749, 107701.748]","(75783.339, 107701.748]","(73267.267, 107701.748]","(68804.286, 107701.748]",*
79632.26492754207,"(78706.548, 107701.748]","(77412.749, 107701.748]","(75783.339, 107701.748]","(73267.267, 107701.748]","(68804.286, 107701.748]",*
79638.99807057017,"(78706.548, 107701.748]","(77412.749, 107701.748]","(75783.339, 107701.748]","(73267.267, 107701.748]","(68804.286, 107701.748]",*
79647.16524002151,"(78706.548, 107701.748]","(77412.749, 107701.748]","(75783.339, 107701.748]","(73267.267, 107701.748]","(68804.286, 107701.748]",*
79661.16409264016,"(78706.548, 107701.748]","(77412.749, 107701.748]","(75783.339, 107701.748]","(73267.267, 107701.748]","(68804.286, 107701.748]",*
79663.79739669301,"(78706.548, 107701.748]","(77412.749, 107701.748]","(75783.339, 107701.748]","(73267.267, 107701.748]","(68804.286, 107701.748]",*
79671.41400431398,"(78706.548, 107701.748]","(77412.749, 107701.748]","(75783.339, 107701.748]","(73267.267, 107701.748]","(68804.286, 107701.748]",*
79674.43425779999,"(78706.548, 107701.748]","(77412.749, 107701.748]","(75783.339, 107701.748]","(73267.267, 107701.748]","(68804.286, 107701.748]",*
79687.76186988202,"(78706.548, 107701.748]","(77412.749, 107701.748]","(75783.339, 107701.748]","(73267.267, 107701.748]","(68804.286, 107701.748]",*
79689.72338229568,"(78706.548, 107701.748]","(77412.749, 107701.748]","(75783.339, 107701.748]","(73267.267, 107701.748]","(68804.286, 107701.748]",*
79698.22091740245,"(78706.548, 107701.748]","(77412.749, 107701.748]","(75783.339, 107701.748]","(73267.267, 107701.748]","(68804.286, 107701.748]",*
79700.74255198702,"(78706.548, 107701.748]","(77412.749, 107701.748]","(75783.339, 107701.748]","(73267.267, 107701.748]","(68804.286, 107701.748]",*
79702.38615231513,"(78706.548, 107701.748]","(77412.749, 107701.748]","(75783.339, 107701.748]","(73267.267, 107701.748]","(68804.286, 107701.748]",*
79706.96305765743,"(78706.548, 107701.748]","(77412.749, 107701.748]","(75783.339, 107701.748]","(73267.267, 107701.748]","(68804.286, 107701.748]",*
79710.19506969693,"(78706.548, 107701.748]","(77412.749, 107701.748]","(75783.339, 107701.748]","(73267.267, 107701.748]","(68804.286, 107701.748]",*
79737.60976390014,"(78706.548, 107701.748]","(77412.749, 107701.748]","(75783.339, 107701.748]","(73267.267, 107701.748]","(68804.286, 107701.748]",*
79745.85949406229,"(78706.548, 107701.748]","(77412.749, 107701.748]","(75783.339, 107701.748]","(73267.267, 107701.748]","(68804.286, 107701.748]",*
79750.29602918138,"(78706.548, 107701.748]","(77412.749, 107701.748]","(75783.339, 107701.748]","(73267.267, 107701.748]","(68804.286, 107701.748]",*
79752.98222083159,"(78706.548, 107701.748]","(77412.749, 107701.748]","(75783.339, 107701.748]","(73267.267, 107701.748]","(68804.286, 107701.748]",*
79757.01856484351,"(78706.548, 107701.748]","(77412.749, 107701.748]","(75783.339, 107701.748]","(73267.267, 107701.748]","(68804.286, 107701.748]",*
79763.06156964676,"(78706.548, 107701.748]","(77412.749, 107701.748]","(75783.339, 107701.748]","(73267.267, 107701.748]","(68804.286, 107701.748]",*
79767.61655350405,"(78706.548, 107701.748]","(77412.749, 107701.748]","(75783.339, 107701.748]","(73267.267, 107701.748]","(68804.286, 107701.748]",*
79769.05289716579,"(78706.548, 107701.748]","(77412.749, 107701.748]","(75783.339, 107701.748]","(73267.267, 107701.748]","(68804.286, 107701.748]",*
79771.83046959266,"(78706.548, 107701.748]","(77412.749, 107701.748]","(75783.339, 107701.748]","(73267.267, 107701.748]","(68804.286, 107701.748]",*
79801.7573419712,"(78706.548, 107701.748]","(77412.749, 107701.748]","(75783.339, 107701.748]","(73267.267, 107701.748]","(68804.286, 107701.748]",*
79807.71094036331,"(78706.548, 107701.748]","(77412.749, 107701.748]","(75783.339, 107701.748]","(73267.267, 107701.748]","(68804.286, 107701.748]",*
79817.66576143101,"(78706.548, 107701.748]","(77412.749, 107701.748]","(75783.339, 107701.748]","(73267.267, 107701.748]","(68804.286, 107701.748]",*
79823.40944671333,"(78706.548, 107701.748]","(77412.749, 107701.748]","(75783.339, 107701.748]","(73267.267, 107701.748]","(68804.286, 107701.748]",*
79843.1463283615,"(78706.548, 107701.748]","(77412.749, 107701.748]","(75783.339, 107701.748]","(73267.267, 107701.748]","(68804.286, 107701.748]",*
79843.92058003835,"(78706.548, 107701.748]","(77412.749, 107701.748]","(75783.339, 107701.748]","(73267.267, 107701.748]","(68804.286, 107701.748]",*
79863.28593632922,"(78706.548, 107701.748]","(77412.749, 107701.748]","(75783.339, 107701.748]","(73267.267, 107701.748]","(68804.286, 107701.748]",*
79868.12243388723,"(78706.548, 107701.748]","(77412.749, 107701.748]","(75783.339, 107701.748]","(73267.267, 107701.748]","(68804.286, 107701.748]",*
79874.7393549036,"(78706.548, 107701.748]","(77412.749, 107701.748]","(75783.339, 107701.748]","(73267.267, 107701.748]","(68804.286, 107701.748]",*
79908.1598741393,"(78706.548, 107701.748]","(77412.749, 107701.748]","(75783.339, 107701.748]","(73267.267, 107701.748]","(68804.286, 107701.748]",*
79915.5126263446,"(78706.548, 107701.748]","(77412.749, 107701.748]","(75783.339, 107701.748]","(73267.267, 107701.748]","(68804.286, 107701.748]",*
79923.81188429355,"(78706.548, 107701.748]","(77412.749, 107701.748]","(75783.339, 107701.748]","(73267.267, 107701.748]","(68804.286, 107701.748]",*
79936.22535369919,"(78706.548, 107701.748]","(77412.749, 107701.748]","(75783.339, 107701.748]","(73267.267, 107701.748]","(68804.286, 107701.748]",*
79978.55279152791,"(78706.548, 107701.748]","(77412.749, 107701.748]","(75783.339, 107701.748]","(73267.267, 107701.748]","(68804.286, 107701.748]",*
79988.56868678163,"(78706.548, 107701.748]","(77412.749, 107701.748]","(75783.339, 107701.748]","(73267.267, 107701.748]","(68804.286, 107701.748]",*
79990.05330004179,"(78706.548, 107701.748]","(77412.749, 107701.748]","(75783.339, 107701.748]","(73267.267, 107701.748]","(68804.286, 107701.748]",*
79996.61103142392,"(78706.548, 107701.748]","(77412.749, 107701.748]","(75783.339, 107701.748]","(73267.267, 107701.748]","(68804.286, 107701.748]",*
80000.76417180516,"(78706.548, 107701.748]","(77412.749, 107701.748]","(75783.339, 107701.748]","(73267.267, 107701.748]","(68804.286, 107701.748]",*
80008.66783065468,"(78706.548, 107701.748]","(77412.749, 107701.748]","(75783.339, 107701.748]","(73267.267, 107701.748]","(68804.286, 107701.748]",*
80011.5835185523,"(78706.548, 107701.748]","(77412.749, 107701.748]","(75783.339, 107701.748]","(73267.267, 107701.748]","(68804.286, 107701.748]",*
80015.54973288652,"(78706.548, 107701.748]","(77412.749, 107701.748]","(75783.339, 107701.748]","(73267.267, 107701.748]","(68804.286, 107701.748]",*
80016.77222006579,"(78706.548, 107701.748]","(77412.749, 107701.748]","(75783.339, 107701.748]","(73267.267, 107701.748]","(68804.286, 107701.748]",*
80040.17331459526,"(78706.548, 107701.748]","(77412.749, 107701.748]","(75783.339, 107701.748]","(73267.267, 107701.748]","(68804.286, 107701.748]",*
80041.89747865342,"(78706.548, 107701.748]","(77412.749, 107701.748]","(75783.339, 107701.748]","(73267.267, 107701.748]","(68804.286, 107701.748]",*
80051.84712335521,"(78706.548, 107701.748]","(77412.749, 107701.748]","(75783.339, 107701.748]","(73267.267, 107701.748]","(68804.286, 107701.748]",*
80055.12605045023,"(78706.548, 107701.748]","(77412.749, 107701.748]","(75783.339, 107701.748]","(73267.267, 107701.748]","(68804.286, 107701.748]",*
80058.99835253385,"(78706.548, 107701.748]","(77412.749, 107701.748]","(75783.339, 107701.748]","(73267.267, 107701.748]","(68804.286, 107701.748]",*
80072.50964642805,"(78706.548, 107701.748]","(77412.749, 107701.748]","(75783.339, 107701.748]","(73267.267, 107701.748]","(68804.286, 107701.748]",*
80077.93050188168,"(78706.548, 107701.748]","(77412.749, 107701.748]","(75783.339, 107701.748]","(73267.267, 107701.748]","(68804.286, 107701.748]",*
80082.45975774857,"(78706.548, 107701.748]","(77412.749, 107701.748]","(75783.339, 107701.748]","(73267.267, 107701.748]","(68804.286, 107701.748]",*
80088.88389777983,"(78706.548, 107701.748]","(77412.749, 107701.748]","(75783.339, 107701.748]","(73267.267, 107701.748]","(68804.286, 107701.748]",*
80134.33862225639,"(78706.548, 107701.748]","(77412.749, 107701.748]","(75783.339, 107701.748]","(73267.267, 107701.748]","(68804.286, 107701.748]",*
80154.87151776154,"(78706.548, 107701.748]","(77412.749, 107701.748]","(75783.339, 107701.748]","(73267.267, 107701.748]","(68804.286, 107701.748]",*
80156.98570167954,"(78706.548, 107701.748]","(77412.749, 107701.748]","(75783.339, 107701.748]","(73267.267, 107701.748]","(68804.286, 107701.748]",*
80168.91114950628,"(78706.548, 107701.748]","(77412.749, 107701.748]","(75783.339, 107701.748]","(73267.267, 107701.748]","(68804.286, 107701.748]",*
80174.92458864336,"(78706.548, 107701.748]","(77412.749, 107701.748]","(75783.339, 107701.748]","(73267.267, 107701.748]","(68804.286, 107701.748]",*
80175.7541594853,"(78706.548, 107701.748]","(77412.749, 107701.748]","(75783.339, 107701.748]","(73267.267, 107701.748]","(68804.286, 107701.748]",*
80182.09302515411,"(78706.548, 107701.748]","(77412.749, 107701.748]","(75783.339, 107701.748]","(73267.267, 107701.748]","(68804.286, 107701.748]",*
80196.24225088736,"(78706.548, 107701.748]","(77412.749, 107701.748]","(75783.339, 107701.748]","(73267.267, 107701.748]","(68804.286, 107701.748]",*
80228.59918691391,"(78706.548, 107701.748]","(77412.749, 107701.748]","(75783.339, 107701.748]","(73267.267, 107701.748]","(68804.286, 107701.748]",*
80233.22830063224,"(78706.548, 107701.748]","(77412.749, 107701.748]","(75783.339, 107701.748]","(73267.267, 107701.748]","(68804.286, 107701.748]",*
80238.58516096315,"(78706.548, 107701.748]","(77412.749, 107701.748]","(75783.339, 107701.748]","(73267.267, 107701.748]","(68804.286, 107701.748]",*
80256.98118744831,"(78706.548, 107701.748]","(77412.749, 107701.748]","(75783.339, 107701.748]","(73267.267, 107701.748]","(68804.286, 107701.748]",*
80258.11862017553,"(78706.548, 107701.748]","(77412.749, 107701.748]","(75783.339, 107701.748]","(73267.267, 107701.748]","(68804.286, 107701.748]",*
80281.41683247325,"(78706.548, 107701.748]","(77412.749, 107701.748]","(75783.339, 107701.748]","(73267.267, 107701.748]","(68804.286, 107701.748]",*
80284.99542550648,"(78706.548, 107701.748]","(77412.749, 107701.748]","(75783.339, 107701.748]","(73267.267, 107701.748]","(68804.286, 107701.748]",*
80285.6812476344,"(78706.548, 107701.748]","(77412.749, 107701.748]","(75783.339, 107701.748]","(73267.267, 107701.748]","(68804.286, 107701.748]",*
80305.20644802418,"(78706.548, 107701.748]","(77412.749, 107701.748]","(75783.339, 107701.748]","(73267.267, 107701.748]","(68804.286, 107701.748]",*
80315.49332320098,"(78706.548, 107701.748]","(77412.749, 107701.748]","(75783.339, 107701.748]","(73267.267, 107701.748]","(68804.286, 107701.748]",*
80321.42990448906,"(78706.548, 107701.748]","(77412.749, 107701.748]","(75783.339, 107701.748]","(73267.267, 107701.748]","(68804.286, 107701.748]",*
80327.2943778901,"(78706.548, 107701.748]","(77412.749, 107701.748]","(75783.339, 107701.748]","(73267.267, 107701.748]","(68804.286, 107701.748]",*
80335.96155284789,"(78706.548, 107701.748]","(77412.749, 107701.748]","(75783.339, 107701.748]","(73267.267, 107701.748]","(68804.286, 107701.748]",*
80356.20938675496,"(78706.548, 107701.748]","(77412.749, 107701.748]","(75783.339, 107701.748]","(73267.267, 107701.748]","(68804.286, 107701.748]",*
80366.3748095381,"(78706.548, 107701.748]","(77412.749, 107701.748]","(75783.339, 107701.748]","(73267.267, 107701.748]","(68804.286, 107701.748]",*
80370.11953199648,"(78706.548, 107701.748]","(77412.749, 107701.748]","(75783.339, 107701.748]","(73267.267, 107701.748]","(68804.286, 107701.748]",*
80371.44641792224,"(78706.548, 107701.748]","(77412.749, 107701.748]","(75783.339, 107701.748]","(73267.267, 107701.748]","(68804.286, 107701.748]",*
80373.05831557041,"(78706.548, 107701.748]","(77412.749, 107701.748]","(75783.339, 107701.748]","(73267.267, 107701.748]","(68804.286, 107701.748]",*
80379.0553582093,"(78706.548, 107701.748]","(77412.749, 107701.748]","(75783.339, 107701.748]","(73267.267, 107701.748]","(68804.286, 107701.748]",*
80393.33949954994,"(78706.548, 107701.748]","(77412.749, 107701.748]","(75783.339, 107701.748]","(73267.267, 107701.748]","(68804.286, 107701.748]",*
80407.31141769343,"(78706.548, 107701.748]","(77412.749, 107701.748]","(75783.339, 107701.748]","(73267.267, 107701.748]","(68804.286, 107701.748]",*
80417.54394056082,"(78706.548, 107701.748]","(77412.749, 107701.748]","(75783.339, 107701.748]","(73267.267, 107701.748]","(68804.286, 107701.748]",*
80422.26187579543,"(78706.548, 107701.748]","(77412.749, 107701.748]","(75783.339, 107701.748]","(73267.267, 107701.748]","(68804.286, 107701.748]",*
80431.03559719816,"(78706.548, 107701.748]","(77412.749, 107701.748]","(75783.339, 107701.748]","(73267.267, 107701.748]","(68804.286, 107701.748]",*
80440.21717179124,"(78706.548, 107701.748]","(77412.749, 107701.748]","(75783.339, 107701.748]","(73267.267, 107701.748]","(68804.286, 107701.748]",*
80484.87001402775,"(78706.548, 107701.748]","(77412.749, 107701.748]","(75783.339, 107701.748]","(73267.267, 107701.748]","(68804.286, 107701.748]",*
80488.7893072555,"(78706.548, 107701.748]","(77412.749, 107701.748]","(75783.339, 107701.748]","(73267.267, 107701.748]","(68804.286, 107701.748]",*
80526.29148712571,"(78706.548, 107701.748]","(77412.749, 107701.748]","(75783.339, 107701.748]","(73267.267, 107701.748]","(68804.286, 107701.748]",*
80527.47208292288,"(78706.548, 107701.748]","(77412.749, 107701.748]","(75783.339, 107701.748]","(73267.267, 107701.748]","(68804.286, 107701.748]",*
80528.49773761486,"(78706.548, 107701.748]","(77412.749, 107701.748]","(75783.339, 107701.748]","(73267.267, 107701.748]","(68804.286, 107701.748]",*
80535.00341653041,"(78706.548, 107701.748]","(77412.749, 107701.748]","(75783.339, 107701.748]","(73267.267, 107701.748]","(68804.286, 107701.748]",*
80537.52483651612,"(78706.548, 107701.748]","(77412.749, 107701.748]","(75783.339, 107701.748]","(73267.267, 107701.748]","(68804.286, 107701.748]",*
80573.79195198449,"(78706.548, 107701.748]","(77412.749, 107701.748]","(75783.339, 107701.748]","(73267.267, 107701.748]","(68804.286, 107701.748]",*
80577.7306842991,"(78706.548, 107701.748]","(77412.749, 107701.748]","(75783.339, 107701.748]","(73267.267, 107701.748]","(68804.286, 107701.748]",*
80597.11180091741,"(78706.548, 107701.748]","(77412.749, 107701.748]","(75783.339, 107701.748]","(73267.267, 107701.748]","(68804.286, 107701.748]",*
80606.86161671234,"(78706.548, 107701.748]","(77412.749, 107701.748]","(75783.339, 107701.748]","(73267.267, 107701.748]","(68804.286, 107701.748]",*
80613.46056798671,"(78706.548, 107701.748]","(77412.749, 107701.748]","(75783.339, 107701.748]","(73267.267, 107701.748]","(68804.286, 107701.748]",*
80648.06571340143,"(78706.548, 107701.748]","(77412.749, 107701.748]","(75783.339, 107701.748]","(73267.267, 107701.748]","(68804.286, 107701.748]",*
80649.16023212437,"(78706.548, 107701.748]","(77412.749, 107701.748]","(75783.339, 107701.748]","(73267.267, 107701.748]","(68804.286, 107701.748]",*
80650.40397562584,"(78706.548, 107701.748]","(77412.749, 107701.748]","(75783.339, 107701.748]","(73267.267, 107701.748]","(68804.286, 107701.748]",*
80659.52544359624,"(78706.548, 107701.748]","(77412.749, 107701.748]","(75783.339, 107701.748]","(73267.267, 107701.748]","(68804.286, 107701.748]",*
80665.00157332086,"(78706.548, 107701.748]","(77412.749, 107701.748]","(75783.339, 107701.748]","(73267.267, 107701.748]","(68804.286, 107701.748]",*
80694.12815016622,"(78706.548, 107701.748]","(77412.749, 107701.748]","(75783.339, 107701.748]","(73267.267, 107701.748]","(68804.286, 107701.748]",*
80707.40491448538,"(78706.548, 107701.748]","(77412.749, 107701.748]","(75783.339, 107701.748]","(73267.267, 107701.748]","(68804.286, 107701.748]",*
80732.17130198711,"(78706.548, 107701.748]","(77412.749, 107701.748]","(75783.339, 107701.748]","(73267.267, 107701.748]","(68804.286, 107701.748]",*
80744.44027526041,"(78706.548, 107701.748]","(77412.749, 107701.748]","(75783.339, 107701.748]","(73267.267, 107701.748]","(68804.286, 107701.748]",*
80770.67564990229,"(78706.548, 107701.748]","(77412.749, 107701.748]","(75783.339, 107701.748]","(73267.267, 107701.748]","(68804.286, 107701.748]",*
80775.90330228643,"(78706.548, 107701.748]","(77412.749, 107701.748]","(75783.339, 107701.748]","(73267.267, 107701.748]","(68804.286, 107701.748]",*
80778.57350255571,"(78706.548, 107701.748]","(77412.749, 107701.748]","(75783.339, 107701.748]","(73267.267, 107701.748]","(68804.286, 107701.748]",*
80778.90087683572,"(78706.548, 107701.748]","(77412.749, 107701.748]","(75783.339, 107701.748]","(73267.267, 107701.748]","(68804.286, 107701.748]",*
80793.42090757523,"(78706.548, 107701.748]","(77412.749, 107701.748]","(75783.339, 107701.748]","(73267.267, 107701.748]","(68804.286, 107701.748]",*
80807.73283843775,"(78706.548, 107701.748]","(77412.749, 107701.748]","(75783.339, 107701.748]","(73267.267, 107701.748]","(68804.286, 107701.748]",*
80819.28657338592,"(78706.548, 107701.748]","(77412.749, 107701.748]","(75783.339, 107701.748]","(73267.267, 107701.748]","(68804.286, 107701.748]",*
80836.34485731441,"(78706.548, 107701.748]","(77412.749, 107701.748]","(75783.339, 107701.748]","(73267.267, 107701.748]","(68804.286, 107701.748]",*
80850.04183461911,"(78706.548, 107701.748]","(77412.749, 107701.748]","(75783.339, 107701.748]","(73267.267, 107701.748]","(68804.286, 107701.748]",*
80857.44244883224,"(78706.548, 107701.748]","(77412.749, 107701.748]","(75783.339, 107701.748]","(73267.267, 107701.748]","(68804.286, 107701.748]",*
80889.66854359617,"(78706.548, 107701.748]","(77412.749, 107701.748]","(75783.339, 107701.748]","(73267.267, 107701.748]","(68804.286, 107701.748]",*
80898.97215589225,"(78706.548, 107701.748]","(77412.749, 107701.748]","(75783.339, 107701.748]","(73267.267, 107701.748]","(68804.286, 107701.748]",*
80900.43968501898,"(78706.548, 107701.748]","(77412.749, 107701.748]","(75783.339, 107701.748]","(73267.267, 107701.748]","(68804.286, 107701.748]",*
80913.46082725914,"(78706.548, 107701.748]","(77412.749, 107701.748]","(75783.339, 107701.748]","(73267.267, 107701.748]","(68804.286, 107701.748]",*
80931.50921550271,"(78706.548, 107701.748]","(77412.749, 107701.748]","(75783.339, 107701.748]","(73267.267, 107701.748]","(68804.286, 107701.748]",*
80939.63457319644,"(78706.548, 107701.748]","(77412.749, 107701.748]","(75783.339, 107701.748]","(73267.267, 107701.748]","(68804.286, 107701.748]",*
80948.10987544048,"(78706.548, 107701.748]","(77412.749, 107701.748]","(75783.339, 107701.748]","(73267.267, 107701.748]","(68804.286, 107701.748]",*
80949.35557669471,"(78706.548, 107701.748]","(77412.749, 107701.748]","(75783.339, 107701.748]","(73267.267, 107701.748]","(68804.286, 107701.748]",*
80951.2833883909,"(78706.548, 107701.748]","(77412.749, 107701.748]","(75783.339, 107701.748]","(73267.267, 107701.748]","(68804.286, 107701.748]",*
80955.09233606703,"(78706.548, 107701.748]","(77412.749, 107701.748]","(75783.339, 107701.748]","(73267.267, 107701.748]","(68804.286, 107701.748]",*
80957.05292951135,"(78706.548, 107701.748]","(77412.749, 107701.748]","(75783.339, 107701.748]","(73267.267, 107701.748]","(68804.286, 107701.748]",*
80963.1775543644,"(78706.548, 107701.748]","(77412.749, 107701.748]","(75783.339, 107701.748]","(73267.267, 107701.748]","(68804.286, 107701.748]",*
80972.99646823059,"(78706.548, 107701.748]","(77412.749, 107701.748]","(75783.339, 107701.748]","(73267.267, 107701.748]","(68804.286, 107701.748]",*
80980.26057304317,"(78706.548, 107701.748]","(77412.749, 107701.748]","(75783.339, 107701.748]","(73267.267, 107701.748]","(68804.286, 107701.748]",*
81011.04401647112,"(78706.548, 107701.748]","(77412.749, 107701.748]","(75783.339, 107701.748]","(73267.267, 107701.748]","(68804.286, 107701.748]",*
81013.61529378218,"(78706.548, 107701.748]","(77412.749, 107701.748]","(75783.339, 107701.748]","(73267.267, 107701.748]","(68804.286, 107701.748]",*
81023.01749248442,"(78706.548, 107701.748]","(77412.749, 107701.748]","(75783.339, 107701.748]","(73267.267, 107701.748]","(68804.286, 107701.748]",*
81024.7820520371,"(78706.548, 107701.748]","(77412.749, 107701.748]","(75783.339, 107701.748]","(73267.267, 107701.748]","(68804.286, 107701.748]",*
81025.4482787184,"(78706.548, 107701.748]","(77412.749, 107701.748]","(75783.339, 107701.748]","(73267.267, 107701.748]","(68804.286, 107701.748]",*
81026.60677735893,"(78706.548, 107701.748]","(77412.749, 107701.748]","(75783.339, 107701.748]","(73267.267, 107701.748]","(68804.286, 107701.748]",*
81030.83577085046,"(78706.548, 107701.748]","(77412.749, 107701.748]","(75783.339, 107701.748]","(73267.267, 107701.748]","(68804.286, 107701.748]",*
81038.14480092142,"(78706.548, 107701.748]","(77412.749, 107701.748]","(75783.339, 107701.748]","(73267.267, 107701.748]","(68804.286, 107701.748]",*
81044.9447614553,"(78706.548, 107701.748]","(77412.749, 107701.748]","(75783.339, 107701.748]","(73267.267, 107701.748]","(68804.286, 107701.748]",*
81054.5095216008,"(78706.548, 107701.748]","(77412.749, 107701.748]","(75783.339, 107701.748]","(73267.267, 107701.748]","(68804.286, 107701.748]",*
81090.48414184639,"(78706.548, 107701.748]","(77412.749, 107701.748]","(75783.339, 107701.748]","(73267.267, 107701.748]","(68804.286, 107701.748]",*
81093.23149851209,"(78706.548, 107701.748]","(77412.749, 107701.748]","(75783.339, 107701.748]","(73267.267, 107701.748]","(68804.286, 107701.748]",*
81099.57815004376,"(78706.548, 107701.748]","(77412.749, 107701.748]","(75783.339, 107701.748]","(73267.267, 107701.748]","(68804.286, 107701.748]",*
81107.8959990525,"(78706.548, 107701.748]","(77412.749, 107701.748]","(75783.339, 107701.748]","(73267.267, 107701.748]","(68804.286, 107701.748]",*
81132.00429233597,"(78706.548, 107701.748]","(77412.749, 107701.748]","(75783.339, 107701.748]","(73267.267, 107701.748]","(68804.286, 107701.748]",*
81136.41317031732,"(78706.548, 107701.748]","(77412.749, 107701.748]","(75783.339, 107701.748]","(73267.267, 107701.748]","(68804.286, 107701.748]",*
81137.46296773144,"(78706.548, 107701.748]","(77412.749, 107701.748]","(75783.339, 107701.748]","(73267.267, 107701.748]","(68804.286, 107701.748]",*
81149.72594702162,"(78706.548, 107701.748]","(77412.749, 107701.748]","(75783.339, 107701.748]","(73267.267, 107701.748]","(68804.286, 107701.748]",*
81159.79399866213,"(78706.548, 107701.748]","(77412.749, 107701.748]","(75783.339, 107701.748]","(73267.267, 107701.748]","(68804.286, 107701.748]",*
81167.44109693193,"(78706.548, 107701.748]","(77412.749, 107701.748]","(75783.339, 107701.748]","(73267.267, 107701.748]","(68804.286, 107701.748]",*
81181.5687972984,"(78706.548, 107701.748]","(77412.749, 107701.748]","(75783.339, 107701.748]","(73267.267, 107701.748]","(68804.286, 107701.748]",*
81182.15390530849,"(78706.548, 107701.748]","(77412.749, 107701.748]","(75783.339, 107701.748]","(73267.267, 107701.748]","(68804.286, 107701.748]",*
81196.61131008869,"(78706.548, 107701.748]","(77412.749, 107701.748]","(75783.339, 107701.748]","(73267.267, 107701.748]","(68804.286, 107701.748]",*
81220.07057458519,"(78706.548, 107701.748]","(77412.749, 107701.748]","(75783.339, 107701.748]","(73267.267, 107701.748]","(68804.286, 107701.748]",*
81239.17438272205,"(78706.548, 107701.748]","(77412.749, 107701.748]","(75783.339, 107701.748]","(73267.267, 107701.748]","(68804.286, 107701.748]",*
81248.19697187503,"(78706.548, 107701.748]","(77412.749, 107701.748]","(75783.339, 107701.748]","(73267.267, 107701.748]","(68804.286, 107701.748]",*
81272.39558351069,"(78706.548, 107701.748]","(77412.749, 107701.748]","(75783.339, 107701.748]","(73267.267, 107701.748]","(68804.286, 107701.748]",*
81280.91055695803,"(78706.548, 107701.748]","(77412.749, 107701.748]","(75783.339, 107701.748]","(73267.267, 107701.748]","(68804.286, 107701.748]",*
81291.67049062853,"(78706.548, 107701.748]","(77412.749, 107701.748]","(75783.339, 107701.748]","(73267.267, 107701.748]","(68804.286, 107701.748]",*
81301.9198350127,"(78706.548, 107701.748]","(77412.749, 107701.748]","(75783.339, 107701.748]","(73267.267, 107701.748]","(68804.286, 107701.748]",*
81316.38029269694,"(78706.548, 107701.748]","(77412.749, 107701.748]","(75783.339, 107701.748]","(73267.267, 107701.748]","(68804.286, 107701.748]",*
81328.80730440741,"(78706.548, 107701.748]","(77412.749, 107701.748]","(75783.339, 107701.748]","(73267.267, 107701.748]","(68804.286, 107701.748]",*
81357.86975537102,"(78706.548, 107701.748]","(77412.749, 107701.748]","(75783.339, 107701.748]","(73267.267, 107701.748]","(68804.286, 107701.748]",*
81374.67104917357,"(78706.548, 107701.748]","(77412.749, 107701.748]","(75783.339, 107701.748]","(73267.267, 107701.748]","(68804.286, 107701.748]",*
81376.09706677162,"(78706.548, 107701.748]","(77412.749, 107701.748]","(75783.339, 107701.748]","(73267.267, 107701.748]","(68804.286, 107701.748]",*
81385.22311578918,"(78706.548, 107701.748]","(77412.749, 107701.748]","(75783.339, 107701.748]","(73267.267, 107701.748]","(68804.286, 107701.748]",*
81406.07417907403,"(78706.548, 107701.748]","(77412.749, 107701.748]","(75783.339, 107701.748]","(73267.267, 107701.748]","(68804.286, 107701.748]",*
81438.58143151365,"(78706.548, 107701.748]","(77412.749, 107701.748]","(75783.339, 107701.748]","(73267.267, 107701.748]","(68804.286, 107701.748]",*
81439.20001723335,"(78706.548, 107701.748]","(77412.749, 107701.748]","(75783.339, 107701.748]","(73267.267, 107701.748]","(68804.286, 107701.748]",*
81442.14981992543,"(78706.548, 107701.748]","(77412.749, 107701.748]","(75783.339, 107701.748]","(73267.267, 107701.748]","(68804.286, 107701.748]",*
81443.13959923688,"(78706.548, 107701.748]","(77412.749, 107701.748]","(75783.339, 107701.748]","(73267.267, 107701.748]","(68804.286, 107701.748]",*
81462.86286286423,"(78706.548, 107701.748]","(77412.749, 107701.748]","(75783.339, 107701.748]","(73267.267, 107701.748]","(68804.286, 107701.748]",*
81464.86494092428,"(78706.548, 107701.748]","(77412.749, 107701.748]","(75783.339, 107701.748]","(73267.267, 107701.748]","(68804.286, 107701.748]",*
81489.82374505661,"(78706.548, 107701.748]","(77412.749, 107701.748]","(75783.339, 107701.748]","(73267.267, 107701.748]","(68804.286, 107701.748]",*
81490.49040674034,"(78706.548, 107701.748]","(77412.749, 107701.748]","(75783.339, 107701.748]","(73267.267, 107701.748]","(68804.286, 107701.748]",*
81503.47406014879,"(78706.548, 107701.748]","(77412.749, 107701.748]","(75783.339, 107701.748]","(73267.267, 107701.748]","(68804.286, 107701.748]",*
81510.36837068136,"(78706.548, 107701.748]","(77412.749, 107701.748]","(75783.339, 107701.748]","(73267.267, 107701.748]","(68804.286, 107701.748]",*
81516.98657324686,"(78706.548, 107701.748]","(77412.749, 107701.748]","(75783.339, 107701.748]","(73267.267, 107701.748]","(68804.286, 107701.748]",*
81535.14988097432,"(78706.548, 107701.748]","(77412.749, 107701.748]","(75783.339, 107701.748]","(73267.267, 107701.748]","(68804.286, 107701.748]",*
81543.77731533442,"(78706.548, 107701.748]","(77412.749, 107701.748]","(75783.339, 107701.748]","(73267.267, 107701.748]","(68804.286, 107701.748]",*
81559.19833734892,"(78706.548, 107701.748]","(77412.749, 107701.748]","(75783.339, 107701.748]","(73267.267, 107701.748]","(68804.286, 107701.748]",*
81570.54115365463,"(78706.548, 107701.748]","(77412.749, 107701.748]","(75783.339, 107701.748]","(73267.267, 107701.748]","(68804.286, 107701.748]",*
81602.53935471801,"(78706.548, 107701.748]","(77412.749, 107701.748]","(75783.339, 107701.748]","(73267.267, 107701.748]","(68804.286, 107701.748]",*
81614.86856354722,"(78706.548, 107701.748]","(77412.749, 107701.748]","(75783.339, 107701.748]","(73267.267, 107701.748]","(68804.286, 107701.748]",*
81638.61085157169,"(78706.548, 107701.748]","(77412.749, 107701.748]","(75783.339, 107701.748]","(73267.267, 107701.748]","(68804.286, 107701.748]",*
81638.91295883554,"(78706.548, 107701.748]","(77412.749, 107701.748]","(75783.339, 107701.748]","(73267.267, 107701.748]","(68804.286, 107701.748]",*
81665.57834646644,"(78706.548, 107701.748]","(77412.749, 107701.748]","(75783.339, 107701.748]","(73267.267, 107701.748]","(68804.286, 107701.748]",*
81668.78943126237,"(78706.548, 107701.748]","(77412.749, 107701.748]","(75783.339, 107701.748]","(73267.267, 107701.748]","(68804.286, 107701.748]",*
81699.17667455616,"(78706.548, 107701.748]","(77412.749, 107701.748]","(75783.339, 107701.748]","(73267.267, 107701.748]","(68804.286, 107701.748]",*
81699.87999554253,"(78706.548, 107701.748]","(77412.749, 107701.748]","(75783.339, 107701.748]","(73267.267, 107701.748]","(68804.286, 107701.748]",*
81699.92090223843,"(78706.548, 107701.748]","(77412.749, 107701.748]","(75783.339, 107701.748]","(73267.267, 107701.748]","(68804.286, 107701.748]",*
81707.23576749857,"(78706.548, 107701.748]","(77412.749, 107701.748]","(75783.339, 107701.748]","(73267.267, 107701.748]","(68804.286, 107701.748]",*
81721.60582464497,"(78706.548, 107701.748]","(77412.749, 107701.748]","(75783.339, 107701.748]","(73267.267, 107701.748]","(68804.286, 107701.748]",*
81728.43857245822,"(78706.548, 107701.748]","(77412.749, 107701.748]","(75783.339, 107701.748]","(73267.267, 107701.748]","(68804.286, 107701.748]",*
81741.63201564168,"(78706.548, 107701.748]","(77412.749, 107701.748]","(75783.339, 107701.748]","(73267.267, 107701.748]","(68804.286, 107701.748]",*
81742.85138933282,"(78706.548, 107701.748]","(77412.749, 107701.748]","(75783.339, 107701.748]","(73267.267, 107701.748]","(68804.286, 107701.748]",*
81745.07846196303,"(78706.548, 107701.748]","(77412.749, 107701.748]","(75783.339, 107701.748]","(73267.267, 107701.748]","(68804.286, 107701.748]",*
81754.91408410424,"(78706.548, 107701.748]","(77412.749, 107701.748]","(75783.339, 107701.748]","(73267.267, 107701.748]","(68804.286, 107701.748]",*
81775.62654619165,"(78706.548, 107701.748]","(77412.749, 107701.748]","(75783.339, 107701.748]","(73267.267, 107701.748]","(68804.286, 107701.748]",*
81785.7126551188,"(78706.548, 107701.748]","(77412.749, 107701.748]","(75783.339, 107701.748]","(73267.267, 107701.748]","(68804.286, 107701.748]",*
81823.33890562522,"(78706.548, 107701.748]","(77412.749, 107701.748]","(75783.339, 107701.748]","(73267.267, 107701.748]","(68804.286, 107701.748]",*
81833.84152241106,"(78706.548, 107701.748]","(77412.749, 107701.748]","(75783.339, 107701.748]","(73267.267, 107701.748]","(68804.286, 107701.748]",*
81835.86399437947,"(78706.548, 107701.748]","(77412.749, 107701.748]","(75783.339, 107701.748]","(73267.267, 107701.748]","(68804.286, 107701.748]",*
81844.02711220956,"(78706.548, 107701.748]","(77412.749, 107701.748]","(75783.339, 107701.748]","(73267.267, 107701.748]","(68804.286, 107701.748]",*
81844.45583694089,"(78706.548, 107701.748]","(77412.749, 107701.748]","(75783.339, 107701.748]","(73267.267, 107701.748]","(68804.286, 107701.748]",*
81850.98838561238,"(78706.548, 107701.748]","(77412.749, 107701.748]","(75783.339, 107701.748]","(73267.267, 107701.748]","(68804.286, 107701.748]",*
81858.57318450278,"(78706.548, 107701.748]","(77412.749, 107701.748]","(75783.339, 107701.748]","(73267.267, 107701.748]","(68804.286, 107701.748]",*
81881.60722942604,"(78706.548, 107701.748]","(77412.749, 107701.748]","(75783.339, 107701.748]","(73267.267, 107701.748]","(68804.286, 107701.748]",*
81885.92718409566,"(78706.548, 107701.748]","(77412.749, 107701.748]","(75783.339, 107701.748]","(73267.267, 107701.748]","(68804.286, 107701.748]",*
81898.6447016516,"(78706.548, 107701.748]","(77412.749, 107701.748]","(75783.339, 107701.748]","(73267.267, 107701.748]","(68804.286, 107701.748]",*
81909.50692571551,"(78706.548, 107701.748]","(77412.749, 107701.748]","(75783.339, 107701.748]","(73267.267, 107701.748]","(68804.286, 107701.748]",*
81922.74752598311,"(78706.548, 107701.748]","(77412.749, 107701.748]","(75783.339, 107701.748]","(73267.267, 107701.748]","(68804.286, 107701.748]",*
81925.801888255,"(78706.548, 107701.748]","(77412.749, 107701.748]","(75783.339, 107701.748]","(73267.267, 107701.748]","(68804.286, 107701.748]",*
81941.22295995666,"(78706.548, 107701.748]","(77412.749, 107701.748]","(75783.339, 107701.748]","(73267.267, 107701.748]","(68804.286, 107701.748]",*
81944.65490798726,"(78706.548, 107701.748]","(77412.749, 107701.748]","(75783.339, 107701.748]","(73267.267, 107701.748]","(68804.286, 107701.748]",*
81947.8383197255,"(78706.548, 107701.748]","(77412.749, 107701.748]","(75783.339, 107701.748]","(73267.267, 107701.748]","(68804.286, 107701.748]",*
81970.46446104384,"(78706.548, 107701.748]","(77412.749, 107701.748]","(75783.339, 107701.748]","(73267.267, 107701.748]","(68804.286, 107701.748]",*
81980.58906112664,"(78706.548, 107701.748]","(77412.749, 107701.748]","(75783.339, 107701.748]","(73267.267, 107701.748]","(68804.286, 107701.748]",*
81988.54903635464,"(78706.548, 107701.748]","(77412.749, 107701.748]","(75783.339, 107701.748]","(73267.267, 107701.748]","(68804.286, 107701.748]",*
81997.68495926536,"(78706.548, 107701.748]","(77412.749, 107701.748]","(75783.339, 107701.748]","(73267.267, 107701.748]","(68804.286, 107701.748]",*
82013.65437848229,"(78706.548, 107701.748]","(77412.749, 107701.748]","(75783.339, 107701.748]","(73267.267, 107701.748]","(68804.286, 107701.748]",*
82060.52850081987,"(78706.548, 107701.748]","(77412.749, 107701.748]","(75783.339, 107701.748]","(73267.267, 107701.748]","(68804.286, 107701.748]",*
82061.56520383859,"(78706.548, 107701.748]","(77412.749, 107701.748]","(75783.339, 107701.748]","(73267.267, 107701.748]","(68804.286, 107701.748]",*
82069.66060213215,"(78706.548, 107701.748]","(77412.749, 107701.748]","(75783.339, 107701.748]","(73267.267, 107701.748]","(68804.286, 107701.748]",*
82070.16830375169,"(78706.548, 107701.748]","(77412.749, 107701.748]","(75783.339, 107701.748]","(73267.267, 107701.748]","(68804.286, 107701.748]",*
82073.52161741923,"(78706.548, 107701.748]","(77412.749, 107701.748]","(75783.339, 107701.748]","(73267.267, 107701.748]","(68804.286, 107701.748]",*
82073.85541651955,"(78706.548, 107701.748]","(77412.749, 107701.748]","(75783.339, 107701.748]","(73267.267, 107701.748]","(68804.286, 107701.748]",*
82079.81374626959,"(78706.548, 107701.748]","(77412.749, 107701.748]","(75783.339, 107701.748]","(73267.267, 107701.748]","(68804.286, 107701.748]",*
82093.55911023574,"(78706.548, 107701.748]","(77412.749, 107701.748]","(75783.339, 107701.748]","(73267.267, 107701.748]","(68804.286, 107701.748]",*
82103.49933765068,"(78706.548, 107701.748]","(77412.749, 107701.748]","(75783.339, 107701.748]","(73267.267, 107701.748]","(68804.286, 107701.748]",*
82113.98200606964,"(78706.548, 107701.748]","(77412.749, 107701.748]","(75783.339, 107701.748]","(73267.267, 107701.748]","(68804.286, 107701.748]",*
82115.11383025003,"(78706.548, 107701.748]","(77412.749, 107701.748]","(75783.339, 107701.748]","(73267.267, 107701.748]","(68804.286, 107701.748]",*
82145.36942107815,"(78706.548, 107701.748]","(77412.749, 107701.748]","(75783.339, 107701.748]","(73267.267, 107701.748]","(68804.286, 107701.748]",*
82173.62607584603,"(78706.548, 107701.748]","(77412.749, 107701.748]","(75783.339, 107701.748]","(73267.267, 107701.748]","(68804.286, 107701.748]",*
82185.46990441789,"(78706.548, 107701.748]","(77412.749, 107701.748]","(75783.339, 107701.748]","(73267.267, 107701.748]","(68804.286, 107701.748]",*
82199.35451873484,"(78706.548, 107701.748]","(77412.749, 107701.748]","(75783.339, 107701.748]","(73267.267, 107701.748]","(68804.286, 107701.748]",*
82224.69500579461,"(78706.548, 107701.748]","(77412.749, 107701.748]","(75783.339, 107701.748]","(73267.267, 107701.748]","(68804.286, 107701.748]",*
82241.09953333736,"(78706.548, 107701.748]","(77412.749, 107701.748]","(75783.339, 107701.748]","(73267.267, 107701.748]","(68804.286, 107701.748]",*
82251.6530083296,"(78706.548, 107701.748]","(77412.749, 107701.748]","(75783.339, 107701.748]","(73267.267, 107701.748]","(68804.286, 107701.748]",*
82264.14522465074,"(78706.548, 107701.748]","(77412.749, 107701.748]","(75783.339, 107701.748]","(73267.267, 107701.748]","(68804.286, 107701.748]",*
82264.37267772671,"(78706.548, 107701.748]","(77412.749, 107701.748]","(75783.339, 107701.748]","(73267.267, 107701.748]","(68804.286, 107701.748]",*
82268.08199494664,"(78706.548, 107701.748]","(77412.749, 107701.748]","(75783.339, 107701.748]","(73267.267, 107701.748]","(68804.286, 107701.748]",*
82321.73111166651,"(78706.548, 107701.748]","(77412.749, 107701.748]","(75783.339, 107701.748]","(73267.267, 107701.748]","(68804.286, 107701.748]",*
82336.99245357403,"(78706.548, 107701.748]","(77412.749, 107701.748]","(75783.339, 107701.748]","(73267.267, 107701.748]","(68804.286, 107701.748]",*
82337.60107628444,"(78706.548, 107701.748]","(77412.749, 107701.748]","(75783.339, 107701.748]","(73267.267, 107701.748]","(68804.286, 107701.748]",*
82353.28923128522,"(78706.548, 107701.748]","(77412.749, 107701.748]","(75783.339, 107701.748]","(73267.267, 107701.748]","(68804.286, 107701.748]",*
82373.20842942756,"(78706.548, 107701.748]","(77412.749, 107701.748]","(75783.339, 107701.748]","(73267.267, 107701.748]","(68804.286, 107701.748]",*
82381.54875310142,"(78706.548, 107701.748]","(77412.749, 107701.748]","(75783.339, 107701.748]","(73267.267, 107701.748]","(68804.286, 107701.748]",*
82383.0289908092,"(78706.548, 107701.748]","(77412.749, 107701.748]","(75783.339, 107701.748]","(73267.267, 107701.748]","(68804.286, 107701.748]",*
82389.52227769801,"(78706.548, 107701.748]","(77412.749, 107701.748]","(75783.339, 107701.748]","(73267.267, 107701.748]","(68804.286, 107701.748]",*
82391.51875174636,"(78706.548, 107701.748]","(77412.749, 107701.748]","(75783.339, 107701.748]","(73267.267, 107701.748]","(68804.286, 107701.748]",*
82415.25236831931,"(78706.548, 107701.748]","(77412.749, 107701.748]","(75783.339, 107701.748]","(73267.267, 107701.748]","(68804.286, 107701.748]",*
82416.13226256485,"(78706.548, 107701.748]","(77412.749, 107701.748]","(75783.339, 107701.748]","(73267.267, 107701.748]","(68804.286, 107701.748]",*
82425.05337075949,"(78706.548, 107701.748]","(77412.749, 107701.748]","(75783.339, 107701.748]","(73267.267, 107701.748]","(68804.286, 107701.748]",*
82440.89575583878,"(78706.548, 107701.748]","(77412.749, 107701.748]","(75783.339, 107701.748]","(73267.267, 107701.748]","(68804.286, 107701.748]",*
82476.02893467889,"(78706.548, 107701.748]","(77412.749, 107701.748]","(75783.339, 107701.748]","(73267.267, 107701.748]","(68804.286, 107701.748]",*
82514.29918256673,"(78706.548, 107701.748]","(77412.749, 107701.748]","(75783.339, 107701.748]","(73267.267, 107701.748]","(68804.286, 107701.748]",*
82526.96210481907,"(78706.548, 107701.748]","(77412.749, 107701.748]","(75783.339, 107701.748]","(73267.267, 107701.748]","(68804.286, 107701.748]",*
82535.28052242793,"(78706.548, 107701.748]","(77412.749, 107701.748]","(75783.339, 107701.748]","(73267.267, 107701.748]","(68804.286, 107701.748]",*
82551.53960623659,"(78706.548, 107701.748]","(77412.749, 107701.748]","(75783.339, 107701.748]","(73267.267, 107701.748]","(68804.286, 107701.748]",*
82587.58643767034,"(78706.548, 107701.748]","(77412.749, 107701.748]","(75783.339, 107701.748]","(73267.267, 107701.748]","(68804.286, 107701.748]",*
82610.44538197071,"(78706.548, 107701.748]","(77412.749, 107701.748]","(75783.339, 107701.748]","(73267.267, 107701.748]","(68804.286, 107701.748]",*
82632.04577050378,"(78706.548, 107701.748]","(77412.749, 107701.748]","(75783.339, 107701.748]","(73267.267, 107701.748]","(68804.286, 107701.748]",*
82635.33923773147,"(78706.548, 107701.748]","(77412.749, 107701.748]","(75783.339, 107701.748]","(73267.267, 107701.748]","(68804.286, 107701.748]",*
82665.2249498654,"(78706.548, 107701.748]","(77412.749, 107701.748]","(75783.339, 107701.748]","(73267.267, 107701.748]","(68804.286, 107701.748]",*
82681.23684218798,"(78706.548, 107701.748]","(77412.749, 107701.748]","(75783.339, 107701.748]","(73267.267, 107701.748]","(68804.286, 107701.748]",*
82710.58981580997,"(78706.548, 107701.748]","(77412.749, 107701.748]","(75783.339, 107701.748]","(73267.267, 107701.748]","(68804.286, 107701.748]",*
82713.91148474599,"(78706.548, 107701.748]","(77412.749, 107701.748]","(75783.339, 107701.748]","(73267.267, 107701.748]","(68804.286, 107701.748]",*
82732.49038755559,"(78706.548, 107701.748]","(77412.749, 107701.748]","(75783.339, 107701.748]","(73267.267, 107701.748]","(68804.286, 107701.748]",*
82732.98111408117,"(78706.548, 107701.748]","(77412.749, 107701.748]","(75783.339, 107701.748]","(73267.267, 107701.748]","(68804.286, 107701.748]",*
82733.05491823613,"(78706.548, 107701.748]","(77412.749, 107701.748]","(75783.339, 107701.748]","(73267.267, 107701.748]","(68804.286, 107701.748]",*
82743.50930619492,"(78706.548, 107701.748]","(77412.749, 107701.748]","(75783.339, 107701.748]","(73267.267, 107701.748]","(68804.286, 107701.748]",*
82748.75136370881,"(78706.548, 107701.748]","(77412.749, 107701.748]","(75783.339, 107701.748]","(73267.267, 107701.748]","(68804.286, 107701.748]",*
82760.37627165932,"(78706.548, 107701.748]","(77412.749, 107701.748]","(75783.339, 107701.748]","(73267.267, 107701.748]","(68804.286, 107701.748]",*
82768.61396710604,"(78706.548, 107701.748]","(77412.749, 107701.748]","(75783.339, 107701.748]","(73267.267, 107701.748]","(68804.286, 107701.748]",*
82777.06932075821,"(78706.548, 107701.748]","(77412.749, 107701.748]","(75783.339, 107701.748]","(73267.267, 107701.748]","(68804.286, 107701.748]",*
82781.6493352588,"(78706.548, 107701.748]","(77412.749, 107701.748]","(75783.339, 107701.748]","(73267.267, 107701.748]","(68804.286, 107701.748]",*
82810.89478564357,"(78706.548, 107701.748]","(77412.749, 107701.748]","(75783.339, 107701.748]","(73267.267, 107701.748]","(68804.286, 107701.748]",*
82816.56093860955,"(78706.548, 107701.748]","(77412.749, 107701.748]","(75783.339, 107701.748]","(73267.267, 107701.748]","(68804.286, 107701.748]",*
82830.59352676486,"(78706.548, 107701.748]","(77412.749, 107701.748]","(75783.339, 107701.748]","(73267.267, 107701.748]","(68804.286, 107701.748]",*
82846.48756669172,"(78706.548, 107701.748]","(77412.749, 107701.748]","(75783.339, 107701.748]","(73267.267, 107701.748]","(68804.286, 107701.748]",*
82848.55862942111,"(78706.548, 107701.748]","(77412.749, 107701.748]","(75783.339, 107701.748]","(73267.267, 107701.748]","(68804.286, 107701.748]",*
82851.73020721672,"(78706.548, 107701.748]","(77412.749, 107701.748]","(75783.339, 107701.748]","(73267.267, 107701.748]","(68804.286, 107701.748]",*
82855.94000381275,"(78706.548, 107701.748]","(77412.749, 107701.748]","(75783.339, 107701.748]","(73267.267, 107701.748]","(68804.286, 107701.748]",*
82858.44891475447,"(78706.548, 107701.748]","(77412.749, 107701.748]","(75783.339, 107701.748]","(73267.267, 107701.748]","(68804.286, 107701.748]",*
82859.5916471518,"(78706.548, 107701.748]","(77412.749, 107701.748]","(75783.339, 107701.748]","(73267.267, 107701.748]","(68804.286, 107701.748]",*
82866.39918139989,"(78706.548, 107701.748]","(77412.749, 107701.748]","(75783.339, 107701.748]","(73267.267, 107701.748]","(68804.286, 107701.748]",*
82868.47155974706,"(78706.548, 107701.748]","(77412.749, 107701.748]","(75783.339, 107701.748]","(73267.267, 107701.748]","(68804.286, 107701.748]",*
82903.96939007624,"(78706.548, 107701.748]","(77412.749, 107701.748]","(75783.339, 107701.748]","(73267.267, 107701.748]","(68804.286, 107701.748]",*
82906.65480115911,"(78706.548, 107701.748]","(77412.749, 107701.748]","(75783.339, 107701.748]","(73267.267, 107701.748]","(68804.286, 107701.748]",*
82915.91143274,"(78706.548, 107701.748]","(77412.749, 107701.748]","(75783.339, 107701.748]","(73267.267, 107701.748]","(68804.286, 107701.748]",*
82919.8910448238,"(78706.548, 107701.748]","(77412.749, 107701.748]","(75783.339, 107701.748]","(73267.267, 107701.748]","(68804.286, 107701.748]",*
82920.87837430228,"(78706.548, 107701.748]","(77412.749, 107701.748]","(75783.339, 107701.748]","(73267.267, 107701.748]","(68804.286, 107701.748]",*
82943.8890671496,"(78706.548, 107701.748]","(77412.749, 107701.748]","(75783.339, 107701.748]","(73267.267, 107701.748]","(68804.286, 107701.748]",*
82958.01973889435,"(78706.548, 107701.748]","(77412.749, 107701.748]","(75783.339, 107701.748]","(73267.267, 107701.748]","(68804.286, 107701.748]",*
82973.13756015216,"(78706.548, 107701.748]","(77412.749, 107701.748]","(75783.339, 107701.748]","(73267.267, 107701.748]","(68804.286, 107701.748]",*
82973.92390669559,"(78706.548, 107701.748]","(77412.749, 107701.748]","(75783.339, 107701.748]","(73267.267, 107701.748]","(68804.286, 107701.748]",*
82982.76422797635,"(78706.548, 107701.748]","(77412.749, 107701.748]","(75783.339, 107701.748]","(73267.267, 107701.748]","(68804.286, 107701.748]",*
82988.42745264237,"(78706.548, 107701.748]","(77412.749, 107701.748]","(75783.339, 107701.748]","(73267.267, 107701.748]","(68804.286, 107701.748]",*
82989.95630270234,"(78706.548, 107701.748]","(77412.749, 107701.748]","(75783.339, 107701.748]","(73267.267, 107701.748]","(68804.286, 107701.748]",*
82998.34592136246,"(78706.548, 107701.748]","(77412.749, 107701.748]","(75783.339, 107701.748]","(73267.267, 107701.748]","(68804.286, 107701.748]",*
83004.61836325758,"(78706.548, 107701.748]","(77412.749, 107701.748]","(75783.339, 107701.748]","(73267.267, 107701.748]","(68804.286, 107701.748]",*
83016.4314482887,"(78706.548, 107701.748]","(77412.749, 107701.748]","(75783.339, 107701.748]","(73267.267, 107701.748]","(68804.286, 107701.748]",*
83088.06960074406,"(78706.548, 107701.748]","(77412.749, 107701.748]","(75783.339, 107701.748]","(73267.267, 107701.748]","(68804.286, 107701.748]",*
83112.21223792994,"(78706.548, 107701.748]","(77412.749, 107701.748]","(75783.339, 107701.748]","(73267.267, 107701.748]","(68804.286, 107701.748]",*
83137.39364212751,"(78706.548, 107701.748]","(77412.749, 107701.748]","(75783.339, 107701.748]","(73267.267, 107701.748]","(68804.286, 107701.748]",*
83145.08571314519,"(78706.548, 107701.748]","(77412.749, 107701.748]","(75783.339, 107701.748]","(73267.267, 107701.748]","(68804.286, 107701.748]",*
83149.78405294011,"(78706.548, 107701.748]","(77412.749, 107701.748]","(75783.339, 107701.748]","(73267.267, 107701.748]","(68804.286, 107701.748]",*
83179.58405068322,"(78706.548, 107701.748]","(77412.749, 107701.748]","(75783.339, 107701.748]","(73267.267, 107701.748]","(68804.286, 107701.748]",*
83201.02148780855,"(78706.548, 107701.748]","(77412.749, 107701.748]","(75783.339, 107701.748]","(73267.267, 107701.748]","(68804.286, 107701.748]",*
83284.45151802068,"(78706.548, 107701.748]","(77412.749, 107701.748]","(75783.339, 107701.748]","(73267.267, 107701.748]","(68804.286, 107701.748]",*
83284.54506416389,"(78706.548, 107701.748]","(77412.749, 107701.748]","(75783.339, 107701.748]","(73267.267, 107701.748]","(68804.286, 107701.748]",*
83298.18337303426,"(78706.548, 107701.748]","(77412.749, 107701.748]","(75783.339, 107701.748]","(73267.267, 107701.748]","(68804.286, 107701.748]",*
83307.29545786197,"(78706.548, 107701.748]","(77412.749, 107701.748]","(75783.339, 107701.748]","(73267.267, 107701.748]","(68804.286, 107701.748]",*
83311.10394324992,"(78706.548, 107701.748]","(77412.749, 107701.748]","(75783.339, 107701.748]","(73267.267, 107701.748]","(68804.286, 107701.748]",*
83319.99615865135,"(78706.548, 107701.748]","(77412.749, 107701.748]","(75783.339, 107701.748]","(73267.267, 107701.748]","(68804.286, 107701.748]",*
83335.13569834184,"(78706.548, 107701.748]","(77412.749, 107701.748]","(75783.339, 107701.748]","(73267.267, 107701.748]","(68804.286, 107701.748]",*
83347.66969696443,"(78706.548, 107701.748]","(77412.749, 107701.748]","(75783.339, 107701.748]","(73267.267, 107701.748]","(68804.286, 107701.748]",*
83357.44997301033,"(78706.548, 107701.748]","(77412.749, 107701.748]","(75783.339, 107701.748]","(73267.267, 107701.748]","(68804.286, 107701.748]",*
83372.64233772323,"(78706.548, 107701.748]","(77412.749, 107701.748]","(75783.339, 107701.748]","(73267.267, 107701.748]","(68804.286, 107701.748]",*
83373.0120187316,"(78706.548, 107701.748]","(77412.749, 107701.748]","(75783.339, 107701.748]","(73267.267, 107701.748]","(68804.286, 107701.748]",*
83394.40783174943,"(78706.548, 107701.748]","(77412.749, 107701.748]","(75783.339, 107701.748]","(73267.267, 107701.748]","(68804.286, 107701.748]",*
83403.44524581355,"(78706.548, 107701.748]","(77412.749, 107701.748]","(75783.339, 107701.748]","(73267.267, 107701.748]","(68804.286, 107701.748]",*
83406.74331637476,"(78706.548, 107701.748]","(77412.749, 107701.748]","(75783.339, 107701.748]","(73267.267, 107701.748]","(68804.286, 107701.748]",*
83408.7873305793,"(78706.548, 107701.748]","(77412.749, 107701.748]","(75783.339, 107701.748]","(73267.267, 107701.748]","(68804.286, 107701.748]",*
83417.2441163472,"(78706.548, 107701.748]","(77412.749, 107701.748]","(75783.339, 107701.748]","(73267.267, 107701.748]","(68804.286, 107701.748]",*
83441.87225651028,"(78706.548, 107701.748]","(77412.749, 107701.748]","(75783.339, 107701.748]","(73267.267, 107701.748]","(68804.286, 107701.748]",*
83443.2638975609,"(78706.548, 107701.748]","(77412.749, 107701.748]","(75783.339, 107701.748]","(73267.267, 107701.748]","(68804.286, 107701.748]",*
83444.9936905582,"(78706.548, 107701.748]","(77412.749, 107701.748]","(75783.339, 107701.748]","(73267.267, 107701.748]","(68804.286, 107701.748]",*
83460.87130724595,"(78706.548, 107701.748]","(77412.749, 107701.748]","(75783.339, 107701.748]","(73267.267, 107701.748]","(68804.286, 107701.748]",*
83470.58714688831,"(78706.548, 107701.748]","(77412.749, 107701.748]","(75783.339, 107701.748]","(73267.267, 107701.748]","(68804.286, 107701.748]",*
83539.26859001991,"(78706.548, 107701.748]","(77412.749, 107701.748]","(75783.339, 107701.748]","(73267.267, 107701.748]","(68804.286, 107701.748]",*
83586.90156385278,"(78706.548, 107701.748]","(77412.749, 107701.748]","(75783.339, 107701.748]","(73267.267, 107701.748]","(68804.286, 107701.748]",*
83622.07166018122,"(78706.548, 107701.748]","(77412.749, 107701.748]","(75783.339, 107701.748]","(73267.267, 107701.748]","(68804.286, 107701.748]",*
83623.39725523152,"(78706.548, 107701.748]","(77412.749, 107701.748]","(75783.339, 107701.748]","(73267.267, 107701.748]","(68804.286, 107701.748]",*
83637.53309379026,"(78706.548, 107701.748]","(77412.749, 107701.748]","(75783.339, 107701.748]","(73267.267, 107701.748]","(68804.286, 107701.748]",*
83638.116931176,"(78706.548, 107701.748]","(77412.749, 107701.748]","(75783.339, 107701.748]","(73267.267, 107701.748]","(68804.286, 107701.748]",*
83648.23273948718,"(78706.548, 107701.748]","(77412.749, 107701.748]","(75783.339, 107701.748]","(73267.267, 107701.748]","(68804.286, 107701.748]",*
83656.48930815389,"(78706.548, 107701.748]","(77412.749, 107701.748]","(75783.339, 107701.748]","(73267.267, 107701.748]","(68804.286, 107701.748]",*
83658.66099329719,"(78706.548, 107701.748]","(77412.749, 107701.748]","(75783.339, 107701.748]","(73267.267, 107701.748]","(68804.286, 107701.748]",*
83664.38975870083,"(78706.548, 107701.748]","(77412.749, 107701.748]","(75783.339, 107701.748]","(73267.267, 107701.748]","(68804.286, 107701.748]",*
83683.36054348403,"(78706.548, 107701.748]","(77412.749, 107701.748]","(75783.339, 107701.748]","(73267.267, 107701.748]","(68804.286, 107701.748]",*
83695.2723827305,"(78706.548, 107701.748]","(77412.749, 107701.748]","(75783.339, 107701.748]","(73267.267, 107701.748]","(68804.286, 107701.748]",*
83714.1092447518,"(78706.548, 107701.748]","(77412.749, 107701.748]","(75783.339, 107701.748]","(73267.267, 107701.748]","(68804.286, 107701.748]",*
83728.71437325378,"(78706.548, 107701.748]","(77412.749, 107701.748]","(75783.339, 107701.748]","(73267.267, 107701.748]","(68804.286, 107701.748]",*
83729.79176626795,"(78706.548, 107701.748]","(77412.749, 107701.748]","(75783.339, 107701.748]","(73267.267, 107701.748]","(68804.286, 107701.748]",*
83736.21696282597,"(78706.548, 107701.748]","(77412.749, 107701.748]","(75783.339, 107701.748]","(73267.267, 107701.748]","(68804.286, 107701.748]",*
83774.54329686383,"(78706.548, 107701.748]","(77412.749, 107701.748]","(75783.339, 107701.748]","(73267.267, 107701.748]","(68804.286, 107701.748]",*
83801.82006251162,"(78706.548, 107701.748]","(77412.749, 107701.748]","(75783.339, 107701.748]","(73267.267, 107701.748]","(68804.286, 107701.748]",*
83814.10115606518,"(78706.548, 107701.748]","(77412.749, 107701.748]","(75783.339, 107701.748]","(73267.267, 107701.748]","(68804.286, 107701.748]",*
83846.26704059505,"(78706.548, 107701.748]","(77412.749, 107701.748]","(75783.339, 107701.748]","(73267.267, 107701.748]","(68804.286, 107701.748]",*
83875.55986972264,"(78706.548, 107701.748]","(77412.749, 107701.748]","(75783.339, 107701.748]","(73267.267, 107701.748]","(68804.286, 107701.748]",*
83882.08545025586,"(78706.548, 107701.748]","(77412.749, 107701.748]","(75783.339, 107701.748]","(73267.267, 107701.748]","(68804.286, 107701.748]",*
83889.43597835278,"(78706.548, 107701.748]","(77412.749, 107701.748]","(75783.339, 107701.748]","(73267.267, 107701.748]","(68804.286, 107701.748]",*
83896.35796601392,"(78706.548, 107701.748]","(77412.749, 107701.748]","(75783.339, 107701.748]","(73267.267, 107701.748]","(68804.286, 107701.748]",*
83907.37140839781,"(78706.548, 107701.748]","(77412.749, 107701.748]","(75783.339, 107701.748]","(73267.267, 107701.748]","(68804.286, 107701.748]",*
83921.90733158407,"(78706.548, 107701.748]","(77412.749, 107701.748]","(75783.339, 107701.748]","(73267.267, 107701.748]","(68804.286, 107701.748]",*
83936.34196747246,"(78706.548, 107701.748]","(77412.749, 107701.748]","(75783.339, 107701.748]","(73267.267, 107701.748]","(68804.286, 107701.748]",*
83936.74962925602,"(78706.548, 107701.748]","(77412.749, 107701.748]","(75783.339, 107701.748]","(73267.267, 107701.748]","(68804.286, 107701.748]",*
83940.12815840267,"(78706.548, 107701.748]","(77412.749, 107701.748]","(75783.339, 107701.748]","(73267.267, 107701.748]","(68804.286, 107701.748]",*
83953.10483909659,"(78706.548, 107701.748]","(77412.749, 107701.748]","(75783.339, 107701.748]","(73267.267, 107701.748]","(68804.286, 107701.748]",*
83973.30118998881,"(78706.548, 107701.748]","(77412.749, 107701.748]","(75783.339, 107701.748]","(73267.267, 107701.748]","(68804.286, 107701.748]",*
84014.41157288838,"(78706.548, 107701.748]","(77412.749, 107701.748]","(75783.339, 107701.748]","(73267.267, 107701.748]","(68804.286, 107701.748]",*
84020.49759422356,"(78706.548, 107701.748]","(77412.749, 107701.748]","(75783.339, 107701.748]","(73267.267, 107701.748]","(68804.286, 107701.748]",*
84023.32886273765,"(78706.548, 107701.748]","(77412.749, 107701.748]","(75783.339, 107701.748]","(73267.267, 107701.748]","(68804.286, 107701.748]",*
84036.59864996801,"(78706.548, 107701.748]","(77412.749, 107701.748]","(75783.339, 107701.748]","(73267.267, 107701.748]","(68804.286, 107701.748]",*
84040.50024076694,"(78706.548, 107701.748]","(77412.749, 107701.748]","(75783.339, 107701.748]","(73267.267, 107701.748]","(68804.286, 107701.748]",*
84054.43440392383,"(78706.548, 107701.748]","(77412.749, 107701.748]","(75783.339, 107701.748]","(73267.267, 107701.748]","(68804.286, 107701.748]",*
84054.45185350561,"(78706.548, 107701.748]","(77412.749, 107701.748]","(75783.339, 107701.748]","(73267.267, 107701.748]","(68804.286, 107701.748]",*
84090.36174329597,"(78706.548, 107701.748]","(77412.749, 107701.748]","(75783.339, 107701.748]","(73267.267, 107701.748]","(68804.286, 107701.748]",*
84095.88947778277,"(78706.548, 107701.748]","(77412.749, 107701.748]","(75783.339, 107701.748]","(73267.267, 107701.748]","(68804.286, 107701.748]",*
84114.29071761509,"(78706.548, 107701.748]","(77412.749, 107701.748]","(75783.339, 107701.748]","(73267.267, 107701.748]","(68804.286, 107701.748]",*
84115.12105746816,"(78706.548, 107701.748]","(77412.749, 107701.748]","(75783.339, 107701.748]","(73267.267, 107701.748]","(68804.286, 107701.748]",*
84123.99089605693,"(78706.548, 107701.748]","(77412.749, 107701.748]","(75783.339, 107701.748]","(73267.267, 107701.748]","(68804.286, 107701.748]",*
84172.62611479276,"(78706.548, 107701.748]","(77412.749, 107701.748]","(75783.339, 107701.748]","(73267.267, 107701.748]","(68804.286, 107701.748]",*
84226.16640951639,"(78706.548, 107701.748]","(77412.749, 107701.748]","(75783.339, 107701.748]","(73267.267, 107701.748]","(68804.286, 107701.748]",*
84243.49833484553,"(78706.548, 107701.748]","(77412.749, 107701.748]","(75783.339, 107701.748]","(73267.267, 107701.748]","(68804.286, 107701.748]",*
84249.86080408082,"(78706.548, 107701.748]","(77412.749, 107701.748]","(75783.339, 107701.748]","(73267.267, 107701.748]","(68804.286, 107701.748]",*
84268.22448226226,"(78706.548, 107701.748]","(77412.749, 107701.748]","(75783.339, 107701.748]","(73267.267, 107701.748]","(68804.286, 107701.748]",*
84289.79500114666,"(78706.548, 107701.748]","(77412.749, 107701.748]","(75783.339, 107701.748]","(73267.267, 107701.748]","(68804.286, 107701.748]",*
84292.10663299893,"(78706.548, 107701.748]","(77412.749, 107701.748]","(75783.339, 107701.748]","(73267.267, 107701.748]","(68804.286, 107701.748]",*
84292.53037032088,"(78706.548, 107701.748]","(77412.749, 107701.748]","(75783.339, 107701.748]","(73267.267, 107701.748]","(68804.286, 107701.748]",*
84332.50331960821,"(78706.548, 107701.748]","(77412.749, 107701.748]","(75783.339, 107701.748]","(73267.267, 107701.748]","(68804.286, 107701.748]",*
84364.70732803376,"(78706.548, 107701.748]","(77412.749, 107701.748]","(75783.339, 107701.748]","(73267.267, 107701.748]","(68804.286, 107701.748]",*
84366.24462185953,"(78706.548, 107701.748]","(77412.749, 107701.748]","(75783.339, 107701.748]","(73267.267, 107701.748]","(68804.286, 107701.748]",*
84366.44481815583,"(78706.548, 107701.748]","(77412.749, 107701.748]","(75783.339, 107701.748]","(73267.267, 107701.748]","(68804.286, 107701.748]",*
84377.47549049795,"(78706.548, 107701.748]","(77412.749, 107701.748]","(75783.339, 107701.748]","(73267.267, 107701.748]","(68804.286, 107701.748]",*
84431.67330507906,"(78706.548, 107701.748]","(77412.749, 107701.748]","(75783.339, 107701.748]","(73267.267, 107701.748]","(68804.286, 107701.748]",*
84439.85574944071,"(78706.548, 107701.748]","(77412.749, 107701.748]","(75783.339, 107701.748]","(73267.267, 107701.748]","(68804.286, 107701.748]",*
84448.27442977457,"(78706.548, 107701.748]","(77412.749, 107701.748]","(75783.339, 107701.748]","(73267.267, 107701.748]","(68804.286, 107701.748]",*
84452.4550661708,"(78706.548, 107701.748]","(77412.749, 107701.748]","(75783.339, 107701.748]","(73267.267, 107701.748]","(68804.286, 107701.748]",*
84473.27338490634,"(78706.548, 107701.748]","(77412.749, 107701.748]","(75783.339, 107701.748]","(73267.267, 107701.748]","(68804.286, 107701.748]",*
84474.16005619023,"(78706.548, 107701.748]","(77412.749, 107701.748]","(75783.339, 107701.748]","(73267.267, 107701.748]","(68804.286, 107701.748]",*
84487.83230355199,"(78706.548, 107701.748]","(77412.749, 107701.748]","(75783.339, 107701.748]","(73267.267, 107701.748]","(68804.286, 107701.748]",*
84556.63626506327,"(78706.548, 107701.748]","(77412.749, 107701.748]","(75783.339, 107701.748]","(73267.267, 107701.748]","(68804.286, 107701.748]",*
84558.74601808077,"(78706.548, 107701.748]","(77412.749, 107701.748]","(75783.339, 107701.748]","(73267.267, 107701.748]","(68804.286, 107701.748]",*
84597.30492093347,"(78706.548, 107701.748]","(77412.749, 107701.748]","(75783.339, 107701.748]","(73267.267, 107701.748]","(68804.286, 107701.748]",*
84602.59697059699,"(78706.548, 107701.748]","(77412.749, 107701.748]","(75783.339, 107701.748]","(73267.267, 107701.748]","(68804.286, 107701.748]",*
84613.54293114366,"(78706.548, 107701.748]","(77412.749, 107701.748]","(75783.339, 107701.748]","(73267.267, 107701.748]","(68804.286, 107701.748]",*
84657.62364312695,"(78706.548, 107701.748]","(77412.749, 107701.748]","(75783.339, 107701.748]","(73267.267, 107701.748]","(68804.286, 107701.748]",*
84690.16728484732,"(78706.548, 107701.748]","(77412.749, 107701.748]","(75783.339, 107701.748]","(73267.267, 107701.748]","(68804.286, 107701.748]",*
84691.77031334625,"(78706.548, 107701.748]","(77412.749, 107701.748]","(75783.339, 107701.748]","(73267.267, 107701.748]","(68804.286, 107701.748]",*
84703.62822995735,"(78706.548, 107701.748]","(77412.749, 107701.748]","(75783.339, 107701.748]","(73267.267, 107701.748]","(68804.286, 107701.748]",*
84708.41206301321,"(78706.548, 107701.748]","(77412.749, 107701.748]","(75783.339, 107701.748]","(73267.267, 107701.748]","(68804.286, 107701.748]",*
84712.91002442596,"(78706.548, 107701.748]","(77412.749, 107701.748]","(75783.339, 107701.748]","(73267.267, 107701.748]","(68804.286, 107701.748]",*
84771.04726824247,"(78706.548, 107701.748]","(77412.749, 107701.748]","(75783.339, 107701.748]","(73267.267, 107701.748]","(68804.286, 107701.748]",*
84774.45122079093,"(78706.548, 107701.748]","(77412.749, 107701.748]","(75783.339, 107701.748]","(73267.267, 107701.748]","(68804.286, 107701.748]",*
84776.7084930242,"(78706.548, 107701.748]","(77412.749, 107701.748]","(75783.339, 107701.748]","(73267.267, 107701.748]","(68804.286, 107701.748]",*
84777.30247836272,"(78706.548, 107701.748]","(77412.749, 107701.748]","(75783.339, 107701.748]","(73267.267, 107701.748]","(68804.286, 107701.748]",*
84802.78760491282,"(78706.548, 107701.748]","(77412.749, 107701.748]","(75783.339, 107701.748]","(73267.267, 107701.748]","(68804.286, 107701.748]",*
84810.86806721131,"(78706.548, 107701.748]","(77412.749, 107701.748]","(75783.339, 107701.748]","(73267.267, 107701.748]","(68804.286, 107701.748]",*
84824.22062550714,"(78706.548, 107701.748]","(77412.749, 107701.748]","(75783.339, 107701.748]","(73267.267, 107701.748]","(68804.286, 107701.748]",*
84851.16007094852,"(78706.548, 107701.748]","(77412.749, 107701.748]","(75783.339, 107701.748]","(73267.267, 107701.748]","(68804.286, 107701.748]",*
84855.79742314605,"(78706.548, 107701.748]","(77412.749, 107701.748]","(75783.339, 107701.748]","(73267.267, 107701.748]","(68804.286, 107701.748]",*
84855.841796854,"(78706.548, 107701.748]","(77412.749, 107701.748]","(75783.339, 107701.748]","(73267.267, 107701.748]","(68804.286, 107701.748]",*
84898.79649054904,"(78706.548, 107701.748]","(77412.749, 107701.748]","(75783.339, 107701.748]","(73267.267, 107701.748]","(68804.286, 107701.748]",*
84913.97675488082,"(78706.548, 107701.748]","(77412.749, 107701.748]","(75783.339, 107701.748]","(73267.267, 107701.748]","(68804.286, 107701.748]",*
84923.39535714715,"(78706.548, 107701.748]","(77412.749, 107701.748]","(75783.339, 107701.748]","(73267.267, 107701.748]","(68804.286, 107701.748]",*
84963.66340838277,"(78706.548, 107701.748]","(77412.749, 107701.748]","(75783.339, 107701.748]","(73267.267, 107701.748]","(68804.286, 107701.748]",*
84973.88842873898,"(78706.548, 107701.748]","(77412.749, 107701.748]","(75783.339, 107701.748]","(73267.267, 107701.748]","(68804.286, 107701.748]",*
84998.4589123462,"(78706.548, 107701.748]","(77412.749, 107701.748]","(75783.339, 107701.748]","(73267.267, 107701.748]","(68804.286, 107701.748]",*
85009.06739415483,"(78706.548, 107701.748]","(77412.749, 107701.748]","(75783.339, 107701.748]","(73267.267, 107701.748]","(68804.286, 107701.748]",*
85048.1958672361,"(78706.548, 107701.748]","(77412.749, 107701.748]","(75783.339, 107701.748]","(73267.267, 107701.748]","(68804.286, 107701.748]",*
85172.82909359937,"(78706.548, 107701.748]","(77412.749, 107701.748]","(75783.339, 107701.748]","(73267.267, 107701.748]","(68804.286, 107701.748]",*
85174.04176053822,"(78706.548, 107701.748]","(77412.749, 107701.748]","(75783.339, 107701.748]","(73267.267, 107701.748]","(68804.286, 107701.748]",*
85175.20062562056,"(78706.548, 107701.748]","(77412.749, 107701.748]","(75783.339, 107701.748]","(73267.267, 107701.748]","(68804.286, 107701.748]",*
85192.74240775467,"(78706.548, 107701.748]","(77412.749, 107701.748]","(75783.339, 107701.748]","(73267.267, 107701.748]","(68804.286, 107701.748]",*
85193.9815714069,"(78706.548, 107701.748]","(77412.749, 107701.748]","(75783.339, 107701.748]","(73267.267, 107701.748]","(68804.286, 107701.748]",*
85207.42505484933,"(78706.548, 107701.748]","(77412.749, 107701.748]","(75783.339, 107701.748]","(73267.267, 107701.748]","(68804.286, 107701.748]",*
85260.65514811075,"(78706.548, 107701.748]","(77412.749, 107701.748]","(75783.339, 107701.748]","(73267.267, 107701.748]","(68804.286, 107701.748]",*
85281.68717766502,"(78706.548, 107701.748]","(77412.749, 107701.748]","(75783.339, 107701.748]","(73267.267, 107701.748]","(68804.286, 107701.748]",*
85297.19885818133,"(78706.548, 107701.748]","(77412.749, 107701.748]","(75783.339, 107701.748]","(73267.267, 107701.748]","(68804.286, 107701.748]",*
85313.88545069011,"(78706.548, 107701.748]","(77412.749, 107701.748]","(75783.339, 107701.748]","(73267.267, 107701.748]","(68804.286, 107701.748]",*
85337.5515998408,"(78706.548, 107701.748]","(77412.749, 107701.748]","(75783.339, 107701.748]","(73267.267, 107701.748]","(68804.286, 107701.748]",*
85345.13589602624,"(78706.548, 107701.748]","(77412.749, 107701.748]","(75783.339, 107701.748]","(73267.267, 107701.748]","(68804.286, 107701.748]",*
85386.92482365594,"(78706.548, 107701.748]","(77412.749, 107701.748]","(75783.339, 107701.748]","(73267.267, 107701.748]","(68804.286, 107701.748]",*
85429.46597672763,"(78706.548, 107701.748]","(77412.749, 107701.748]","(75783.339, 107701.748]","(73267.267, 107701.748]","(68804.286, 107701.748]",*
85441.48886908872,"(78706.548, 107701.748]","(77412.749, 107701.748]","(75783.339, 107701.748]","(73267.267, 107701.748]","(68804.286, 107701.748]",*
85466.39025522285,"(78706.548, 107701.748]","(77412.749, 107701.748]","(75783.339, 107701.748]","(73267.267, 107701.748]","(68804.286, 107701.748]",*
85468.5309611512,"(78706.548, 107701.748]","(77412.749, 107701.748]","(75783.339, 107701.748]","(73267.267, 107701.748]","(68804.286, 107701.748]",*
85480.4372843538,"(78706.548, 107701.748]","(77412.749, 107701.748]","(75783.339, 107701.748]","(73267.267, 107701.748]","(68804.286, 107701.748]",*
85522.89107883617,"(78706.548, 107701.748]","(77412.749, 107701.748]","(75783.339, 107701.748]","(73267.267, 107701.748]","(68804.286, 107701.748]",*
85526.6209365843,"(78706.548, 107701.748]","(77412.749, 107701.748]","(75783.339, 107701.748]","(73267.267, 107701.748]","(68804.286, 107701.748]",*
85592.38220880022,"(78706.548, 107701.748]","(77412.749, 107701.748]","(75783.339, 107701.748]","(73267.267, 107701.748]","(68804.286, 107701.748]",*
85631.08445811331,"(78706.548, 107701.748]","(77412.749, 107701.748]","(75783.339, 107701.748]","(73267.267, 107701.748]","(68804.286, 107701.748]",*
85658.32927511362,"(78706.548, 107701.748]","(77412.749, 107701.748]","(75783.339, 107701.748]","(73267.267, 107701.748]","(68804.286, 107701.748]",*
85662.30267825493,"(78706.548, 107701.748]","(77412.749, 107701.748]","(75783.339, 107701.748]","(73267.267, 107701.748]","(68804.286, 107701.748]",*
85668.89692937137,"(78706.548, 107701.748]","(77412.749, 107701.748]","(75783.339, 107701.748]","(73267.267, 107701.748]","(68804.286, 107701.748]",*
85673.30620419851,"(78706.548, 107701.748]","(77412.749, 107701.748]","(75783.339, 107701.748]","(73267.267, 107701.748]","(68804.286, 107701.748]",*
85683.8559507584,"(78706.548, 107701.748]","(77412.749, 107701.748]","(75783.339, 107701.748]","(73267.267, 107701.748]","(68804.286, 107701.748]",*
85696.20394288238,"(78706.548, 107701.748]","(77412.749, 107701.748]","(75783.339, 107701.748]","(73267.267, 107701.748]","(68804.286, 107701.748]",*
85707.07875270022,"(78706.548, 107701.748]","(77412.749, 107701.748]","(75783.339, 107701.748]","(73267.267, 107701.748]","(68804.286, 107701.748]",*
85719.31562314593,"(78706.548, 107701.748]","(77412.749, 107701.748]","(75783.339, 107701.748]","(73267.267, 107701.748]","(68804.286, 107701.748]",*
85719.68813426785,"(78706.548, 107701.748]","(77412.749, 107701.748]","(75783.339, 107701.748]","(73267.267, 107701.748]","(68804.286, 107701.748]",*
85738.64040211521,"(78706.548, 107701.748]","(77412.749, 107701.748]","(75783.339, 107701.748]","(73267.267, 107701.748]","(68804.286, 107701.748]",*
85743.78894626863,"(78706.548, 107701.748]","(77412.749, 107701.748]","(75783.339, 107701.748]","(73267.267, 107701.748]","(68804.286, 107701.748]",*
85759.65776192374,"(78706.548, 107701.748]","(77412.749, 107701.748]","(75783.339, 107701.748]","(73267.267, 107701.748]","(68804.286, 107701.748]",*
85802.96828123488,"(78706.548, 107701.748]","(77412.749, 107701.748]","(75783.339, 107701.748]","(73267.267, 107701.748]","(68804.286, 107701.748]",*
85825.85914974795,"(78706.548, 107701.748]","(77412.749, 107701.748]","(75783.339, 107701.748]","(73267.267, 107701.748]","(68804.286, 107701.748]",*
85828.01284481054,"(78706.548, 107701.748]","(77412.749, 107701.748]","(75783.339, 107701.748]","(73267.267, 107701.748]","(68804.286, 107701.748]",*
85845.31779919547,"(78706.548, 107701.748]","(77412.749, 107701.748]","(75783.339, 107701.748]","(73267.267, 107701.748]","(68804.286, 107701.748]",*
85852.14918102988,"(78706.548, 107701.748]","(77412.749, 107701.748]","(75783.339, 107701.748]","(73267.267, 107701.748]","(68804.286, 107701.748]",*
85903.37585906066,"(78706.548, 107701.748]","(77412.749, 107701.748]","(75783.339, 107701.748]","(73267.267, 107701.748]","(68804.286, 107701.748]",*
85906.91211175555,"(78706.548, 107701.748]","(77412.749, 107701.748]","(75783.339, 107701.748]","(73267.267, 107701.748]","(68804.286, 107701.748]",*
85952.49315726105,"(78706.548, 107701.748]","(77412.749, 107701.748]","(75783.339, 107701.748]","(73267.267, 107701.748]","(68804.286, 107701.748]",*
85994.28636658595,"(78706.548, 107701.748]","(77412.749, 107701.748]","(75783.339, 107701.748]","(73267.267, 107701.748]","(68804.286, 107701.748]",*
86031.51274676068,"(78706.548, 107701.748]","(77412.749, 107701.748]","(75783.339, 107701.748]","(73267.267, 107701.748]","(68804.286, 107701.748]",*
86051.08730099998,"(78706.548, 107701.748]","(77412.749, 107701.748]","(75783.339, 107701.748]","(73267.267, 107701.748]","(68804.286, 107701.748]",*
86084.33523056138,"(78706.548, 107701.748]","(77412.749, 107701.748]","(75783.339, 107701.748]","(73267.267, 107701.748]","(68804.286, 107701.748]",*
86129.76401633411,"(78706.548, 107701.748]","(77412.749, 107701.748]","(75783.339, 107701.748]","(73267.267, 107701.748]","(68804.286, 107701.748]",*
86157.17573424338,"(78706.548, 107701.748]","(77412.749, 107701.748]","(75783.339, 107701.748]","(73267.267, 107701.748]","(68804.286, 107701.748]",*
86160.98931605318,"(78706.548, 107701.748]","(77412.749, 107701.748]","(75783.339, 107701.748]","(73267.267, 107701.748]","(68804.286, 107701.748]",*
86197.02921041845,"(78706.548, 107701.748]","(77412.749, 107701.748]","(75783.339, 107701.748]","(73267.267, 107701.748]","(68804.286, 107701.748]",*
86219.59857164514,"(78706.548, 107701.748]","(77412.749, 107701.748]","(75783.339, 107701.748]","(73267.267, 107701.748]","(68804.286, 107701.748]",*
86232.5995861315,"(78706.548, 107701.748]","(77412.749, 107701.748]","(75783.339, 107701.748]","(73267.267, 107701.748]","(68804.286, 107701.748]",*
86247.1750402076,"(78706.548, 107701.748]","(77412.749, 107701.748]","(75783.339, 107701.748]","(73267.267, 107701.748]","(68804.286, 107701.748]",*
86249.99306974189,"(78706.548, 107701.748]","(77412.749, 107701.748]","(75783.339, 107701.748]","(73267.267, 107701.748]","(68804.286, 107701.748]",*
86260.71100496253,"(78706.548, 107701.748]","(77412.749, 107701.748]","(75783.339, 107701.748]","(73267.267, 107701.748]","(68804.286, 107701.748]",*
86294.99908871058,"(78706.548, 107701.748]","(77412.749, 107701.748]","(75783.339, 107701.748]","(73267.267, 107701.748]","(68804.286, 107701.748]",*
86305.36514053609,"(78706.548, 107701.748]","(77412.749, 107701.748]","(75783.339, 107701.748]","(73267.267, 107701.748]","(68804.286, 107701.748]",*
86310.09015178807,"(78706.548, 107701.748]","(77412.749, 107701.748]","(75783.339, 107701.748]","(73267.267, 107701.748]","(68804.286, 107701.748]",*
86340.2872916062,"(78706.548, 107701.748]","(77412.749, 107701.748]","(75783.339, 107701.748]","(73267.267, 107701.748]","(68804.286, 107701.748]",*
86343.43786545955,"(78706.548, 107701.748]","(77412.749, 107701.748]","(75783.339, 107701.748]","(73267.267, 107701.748]","(68804.286, 107701.748]",*
86362.78339799965,"(78706.548, 107701.748]","(77412.749, 107701.748]","(75783.339, 107701.748]","(73267.267, 107701.748]","(68804.286, 107701.748]",*
86369.24033104371,"(78706.548, 107701.748]","(77412.749, 107701.748]","(75783.339, 107701.748]","(73267.267, 107701.748]","(68804.286, 107701.748]",*
86375.55797823201,"(78706.548, 107701.748]","(77412.749, 107701.748]","(75783.339, 107701.748]","(73267.267, 107701.748]","(68804.286, 107701.748]",*
86393.76993004278,"(78706.548, 107701.748]","(77412.749, 107701.748]","(75783.339, 107701.748]","(73267.267, 107701.748]","(68804.286, 107701.748]",*
86401.89381222962,"(78706.548, 107701.748]","(77412.749, 107701.748]","(75783.339, 107701.748]","(73267.267, 107701.748]","(68804.286, 107701.748]",*
86458.98085613902,"(78706.548, 107701.748]","(77412.749, 107701.748]","(75783.339, 107701.748]","(73267.267, 107701.748]","(68804.286, 107701.748]",*
86528.92653940784,"(78706.548, 107701.748]","(77412.749, 107701.748]","(75783.339, 107701.748]","(73267.267, 107701.748]","(68804.286, 107701.748]",*
86557.25246175255,"(78706.548, 107701.748]","(77412.749, 107701.748]","(75783.339, 107701.748]","(73267.267, 107701.748]","(68804.286, 107701.748]",*
86562.17887388951,"(78706.548, 107701.748]","(77412.749, 107701.748]","(75783.339, 107701.748]","(73267.267, 107701.748]","(68804.286, 107701.748]",*
86563.09683782923,"(78706.548, 107701.748]","(77412.749, 107701.748]","(75783.339, 107701.748]","(73267.267, 107701.748]","(68804.286, 107701.748]",*
86583.9336611974,"(78706.548, 107701.748]","(77412.749, 107701.748]","(75783.339, 107701.748]","(73267.267, 107701.748]","(68804.286, 107701.748]",*
86586.87243754425,"(78706.548, 107701.748]","(77412.749, 107701.748]","(75783.339, 107701.748]","(73267.267, 107701.748]","(68804.286, 107701.748]",*
86611.17801807851,"(78706.548, 107701.748]","(77412.749, 107701.748]","(75783.339, 107701.748]","(73267.267, 107701.748]","(68804.286, 107701.748]",*
86625.48183608272,"(78706.548, 107701.748]","(77412.749, 107701.748]","(75783.339, 107701.748]","(73267.267, 107701.748]","(68804.286, 107701.748]",*
86640.80159927002,"(78706.548, 107701.748]","(77412.749, 107701.748]","(75783.339, 107701.748]","(73267.267, 107701.748]","(68804.286, 107701.748]",*
86690.87330097138,"(78706.548, 107701.748]","(77412.749, 107701.748]","(75783.339, 107701.748]","(73267.267, 107701.748]","(68804.286, 107701.748]",*
86734.26699288918,"(78706.548, 107701.748]","(77412.749, 107701.748]","(75783.339, 107701.748]","(73267.267, 107701.748]","(68804.286, 107701.748]",*
86744.04917096143,"(78706.548, 107701.748]","(77412.749, 107701.748]","(75783.339, 107701.748]","(73267.267, 107701.748]","(68804.286, 107701.748]",*
86754.1966286121,"(78706.548, 107701.748]","(77412.749, 107701.748]","(75783.339, 107701.748]","(73267.267, 107701.748]","(68804.286, 107701.748]",*
86762.8828636063,"(78706.548, 107701.748]","(77412.749, 107701.748]","(75783.339, 107701.748]","(73267.267, 107701.748]","(68804.286, 107701.748]",*
86818.06875641666,"(78706.548, 107701.748]","(77412.749, 107701.748]","(75783.339, 107701.748]","(73267.267, 107701.748]","(68804.286, 107701.748]",*
86818.56588531262,"(78706.548, 107701.748]","(77412.749, 107701.748]","(75783.339, 107701.748]","(73267.267, 107701.748]","(68804.286, 107701.748]",*
86849.84442320287,"(78706.548, 107701.748]","(77412.749, 107701.748]","(75783.339, 107701.748]","(73267.267, 107701.748]","(68804.286, 107701.748]",*
86859.2044316309,"(78706.548, 107701.748]","(77412.749, 107701.748]","(75783.339, 107701.748]","(73267.267, 107701.748]","(68804.286, 107701.748]",*
86895.59620730738,"(78706.548, 107701.748]","(77412.749, 107701.748]","(75783.339, 107701.748]","(73267.267, 107701.748]","(68804.286, 107701.748]",*
86924.35876562174,"(78706.548, 107701.748]","(77412.749, 107701.748]","(75783.339, 107701.748]","(73267.267, 107701.748]","(68804.286, 107701.748]",*
86939.8389976464,"(78706.548, 107701.748]","(77412.749, 107701.748]","(75783.339, 107701.748]","(73267.267, 107701.748]","(68804.286, 107701.748]",*
86962.9577160288,"(78706.548, 107701.748]","(77412.749, 107701.748]","(75783.339, 107701.748]","(73267.267, 107701.748]","(68804.286, 107701.748]",*
86985.76434303325,"(78706.548, 107701.748]","(77412.749, 107701.748]","(75783.339, 107701.748]","(73267.267, 107701.748]","(68804.286, 107701.748]",*
87003.9957608433,"(78706.548, 107701.748]","(77412.749, 107701.748]","(75783.339, 107701.748]","(73267.267, 107701.748]","(68804.286, 107701.748]",*
87035.31767585517,"(78706.548, 107701.748]","(77412.749, 107701.748]","(75783.339, 107701.748]","(73267.267, 107701.748]","(68804.286, 107701.748]",*
87062.45740955429,"(78706.548, 107701.748]","(77412.749, 107701.748]","(75783.339, 107701.748]","(73267.267, 107701.748]","(68804.286, 107701.748]",*
87068.24513072059,"(78706.548, 107701.748]","(77412.749, 107701.748]","(75783.339, 107701.748]","(73267.267, 107701.748]","(68804.286, 107701.748]",*
87099.18848708183,"(78706.548, 107701.748]","(77412.749, 107701.748]","(75783.339, 107701.748]","(73267.267, 107701.748]","(68804.286, 107701.748]",*
87106.51379693963,"(78706.548, 107701.748]","(77412.749, 107701.748]","(75783.339, 107701.748]","(73267.267, 107701.748]","(68804.286, 107701.748]",*
87113.7922030133,"(78706.548, 107701.748]","(77412.749, 107701.748]","(75783.339, 107701.748]","(73267.267, 107701.748]","(68804.286, 107701.748]",*
87119.12146595045,"(78706.548, 107701.748]","(77412.749, 107701.748]","(75783.339, 107701.748]","(73267.267, 107701.748]","(68804.286, 107701.748]",*
87255.00029396759,"(78706.548, 107701.748]","(77412.749, 107701.748]","(75783.339, 107701.748]","(73267.267, 107701.748]","(68804.286, 107701.748]",*
87266.3402254392,"(78706.548, 107701.748]","(77412.749, 107701.748]","(75783.339, 107701.748]","(73267.267, 107701.748]","(68804.286, 107701.748]",*
87272.09339285835,"(78706.548, 107701.748]","(77412.749, 107701.748]","(75783.339, 107701.748]","(73267.267, 107701.748]","(68804.286, 107701.748]",*
87295.08843219692,"(78706.548, 107701.748]","(77412.749, 107701.748]","(75783.339, 107701.748]","(73267.267, 107701.748]","(68804.286, 107701.748]",*
87307.05224736877,"(78706.548, 107701.748]","(77412.749, 107701.748]","(75783.339, 107701.748]","(73267.267, 107701.748]","(68804.286, 107701.748]",*
87314.63581585439,"(78706.548, 107701.748]","(77412.749, 107701.748]","(75783.339, 107701.748]","(73267.267, 107701.748]","(68804.286, 107701.748]",*
87332.29323414886,"(78706.548, 107701.748]","(77412.749, 107701.748]","(75783.339, 107701.748]","(73267.267, 107701.748]","(68804.286, 107701.748]",*
87335.34804035982,"(78706.548, 107701.748]","(77412.749, 107701.748]","(75783.339, 107701.748]","(73267.267, 107701.748]","(68804.286, 107701.748]",*
87386.38472867009,"(78706.548, 107701.748]","(77412.749, 107701.748]","(75783.339, 107701.748]","(73267.267, 107701.748]","(68804.286, 107701.748]",*
87444.16913627299,"(78706.548, 107701.748]","(77412.749, 107701.748]","(75783.339, 107701.748]","(73267.267, 107701.748]","(68804.286, 107701.748]",*
87454.92540350991,"(78706.548, 107701.748]","(77412.749, 107701.748]","(75783.339, 107701.748]","(73267.267, 107701.748]","(68804.286, 107701.748]",*
87471.00446347508,"(78706.548, 107701.748]","(77412.749, 107701.748]","(75783.339, 107701.748]","(73267.267, 107701.748]","(68804.286, 107701.748]",*
87472.2569931284,"(78706.548, 107701.748]","(77412.749, 107701.748]","(75783.339, 107701.748]","(73267.267, 107701.748]","(68804.286, 107701.748]",*
87499.1257433985,"(78706.548, 107701.748]","(77412.749, 107701.748]","(75783.339, 107701.748]","(73267.267, 107701.748]","(68804.286, 107701.748]",*
87506.7319737543,"(78706.548, 107701.748]","(77412.749, 107701.748]","(75783.339, 107701.748]","(73267.267, 107701.748]","(68804.286, 107701.748]",*
87541.45287818492,"(78706.548, 107701.748]","(77412.749, 107701.748]","(75783.339, 107701.748]","(73267.267, 107701.748]","(68804.286, 107701.748]",*
87551.6011310262,"(78706.548, 107701.748]","(77412.749, 107701.748]","(75783.339, 107701.748]","(73267.267, 107701.748]","(68804.286, 107701.748]",*
87595.60279824231,"(78706.548, 107701.748]","(77412.749, 107701.748]","(75783.339, 107701.748]","(73267.267, 107701.748]","(68804.286, 107701.748]",*
87596.16655012696,"(78706.548, 107701.748]","(77412.749, 107701.748]","(75783.339, 107701.748]","(73267.267, 107701.748]","(68804.286, 107701.748]",*
87626.94347526769,"(78706.548, 107701.748]","(77412.749, 107701.748]","(75783.339, 107701.748]","(73267.267, 107701.748]","(68804.286, 107701.748]",*
87638.11565268232,"(78706.548, 107701.748]","(77412.749, 107701.748]","(75783.339, 107701.748]","(73267.267, 107701.748]","(68804.286, 107701.748]",*
87640.395702948,"(78706.548, 107701.748]","(77412.749, 107701.748]","(75783.339, 107701.748]","(73267.267, 107701.748]","(68804.286, 107701.748]",*
87674.45368773551,"(78706.548, 107701.748]","(77412.749, 107701.748]","(75783.339, 107701.748]","(73267.267, 107701.748]","(68804.286, 107701.748]",*
87678.03656398894,"(78706.548, 107701.748]","(77412.749, 107701.748]","(75783.339, 107701.748]","(73267.267, 107701.748]","(68804.286, 107701.748]",*
87678.16324158637,"(78706.548, 107701.748]","(77412.749, 107701.748]","(75783.339, 107701.748]","(73267.267, 107701.748]","(68804.286, 107701.748]",*
87733.86256043031,"(78706.548, 107701.748]","(77412.749, 107701.748]","(75783.339, 107701.748]","(73267.267, 107701.748]","(68804.286, 107701.748]",*
87736.40304871058,"(78706.548, 107701.748]","(77412.749, 107701.748]","(75783.339, 107701.748]","(73267.267, 107701.748]","(68804.286, 107701.748]",*
87758.43321307474,"(78706.548, 107701.748]","(77412.749, 107701.748]","(75783.339, 107701.748]","(73267.267, 107701.748]","(68804.286, 107701.748]",*
87765.52422783956,"(78706.548, 107701.748]","(77412.749, 107701.748]","(75783.339, 107701.748]","(73267.267, 107701.748]","(68804.286, 107701.748]",*
87768.40473981608,"(78706.548, 107701.748]","(77412.749, 107701.748]","(75783.339, 107701.748]","(73267.267, 107701.748]","(68804.286, 107701.748]",*
87802.39141133384,"(78706.548, 107701.748]","(77412.749, 107701.748]","(75783.339, 107701.748]","(73267.267, 107701.748]","(68804.286, 107701.748]",*
87835.27161186303,"(78706.548, 107701.748]","(77412.749, 107701.748]","(75783.339, 107701.748]","(73267.267, 107701.748]","(68804.286, 107701.748]",*
87847.0277181203,"(78706.548, 107701.748]","(77412.749, 107701.748]","(75783.339, 107701.748]","(73267.267, 107701.748]","(68804.286, 107701.748]",*
87853.84830089411,"(78706.548, 107701.748]","(77412.749, 107701.748]","(75783.339, 107701.748]","(73267.267, 107701.748]","(68804.286, 107701.748]",*
87883.58428655867,"(78706.548, 107701.748]","(77412.749, 107701.748]","(75783.339, 107701.748]","(73267.267, 107701.748]","(68804.286, 107701.748]",*
87895.86520991557,"(78706.548, 107701.748]","(77412.749, 107701.748]","(75783.339, 107701.748]","(73267.267, 107701.748]","(68804.286, 107701.748]",*
87903.74352888363,"(78706.548, 107701.748]","(77412.749, 107701.748]","(75783.339, 107701.748]","(73267.267, 107701.748]","(68804.286, 107701.748]",*
87916.9096240168,"(78706.548, 107701.748]","(77412.749, 107701.748]","(75783.339, 107701.748]","(73267.267, 107701.748]","(68804.286, 107701.748]",*
87927.96606058785,"(78706.548, 107701.748]","(77412.749, 107701.748]","(75783.339, 107701.748]","(73267.267, 107701.748]","(68804.286, 107701.748]",*
87928.13754352827,"(78706.548, 107701.748]","(77412.749, 107701.748]","(75783.339, 107701.748]","(73267.267, 107701.748]","(68804.286, 107701.748]",*
87929.45356682244,"(78706.548, 107701.748]","(77412.749, 107701.748]","(75783.339, 107701.748]","(73267.267, 107701.748]","(68804.286, 107701.748]",*
87934.15720237697,"(78706.548, 107701.748]","(77412.749, 107701.748]","(75783.339, 107701.748]","(73267.267, 107701.748]","(68804.286, 107701.748]",*
87978.41434031933,"(78706.548, 107701.748]","(77412.749, 107701.748]","(75783.339, 107701.748]","(73267.267, 107701.748]","(68804.286, 107701.748]",*
88054.31028963822,"(78706.548, 107701.748]","(77412.749, 107701.748]","(75783.339, 107701.748]","(73267.267, 107701.748]","(68804.286, 107701.748]",*
88090.37432225187,"(78706.548, 107701.748]","(77412.749, 107701.748]","(75783.339, 107701.748]","(73267.267, 107701.748]","(68804.286, 107701.748]",*
88190.46896212266,"(78706.548, 107701.748]","(77412.749, 107701.748]","(75783.339, 107701.748]","(73267.267, 107701.748]","(68804.286, 107701.748]",*
88222.0423929264,"(78706.548, 107701.748]","(77412.749, 107701.748]","(75783.339, 107701.748]","(73267.267, 107701.748]","(68804.286, 107701.748]",*
88244.61486738038,"(78706.548, 107701.748]","(77412.749, 107701.748]","(75783.339, 107701.748]","(73267.267, 107701.748]","(68804.286, 107701.748]",*
88273.20872865916,"(78706.548, 107701.748]","(77412.749, 107701.748]","(75783.339, 107701.748]","(73267.267, 107701.748]","(68804.286, 107701.748]",*
88305.92082086937,"(78706.548, 107701.748]","(77412.749, 107701.748]","(75783.339, 107701.748]","(73267.267, 107701.748]","(68804.286, 107701.748]",*
88345.95978420932,"(78706.548, 107701.748]","(77412.749, 107701.748]","(75783.339, 107701.748]","(73267.267, 107701.748]","(68804.286, 107701.748]",*
88470.86805605602,"(78706.548, 107701.748]","(77412.749, 107701.748]","(75783.339, 107701.748]","(73267.267, 107701.748]","(68804.286, 107701.748]",*
88508.05347528211,"(78706.548, 107701.748]","(77412.749, 107701.748]","(75783.339, 107701.748]","(73267.267, 107701.748]","(68804.286, 107701.748]",*
88531.09621742243,"(78706.548, 107701.748]","(77412.749, 107701.748]","(75783.339, 107701.748]","(73267.267, 107701.748]","(68804.286, 107701.748]",*
88556.00597995601,"(78706.548, 107701.748]","(77412.749, 107701.748]","(75783.339, 107701.748]","(73267.267, 107701.748]","(68804.286, 107701.748]",*
88603.20877605594,"(78706.548, 107701.748]","(77412.749, 107701.748]","(75783.339, 107701.748]","(73267.267, 107701.748]","(68804.286, 107701.748]",*
88613.86990128877,"(78706.548, 107701.748]","(77412.749, 107701.748]","(75783.339, 107701.748]","(73267.267, 107701.748]","(68804.286, 107701.748]",*
88661.64830451319,"(78706.548, 107701.748]","(77412.749, 107701.748]","(75783.339, 107701.748]","(73267.267, 107701.748]","(68804.286, 107701.748]",*
88691.12886561024,"(78706.548, 107701.748]","(77412.749, 107701.748]","(75783.339, 107701.748]","(73267.267, 107701.748]","(68804.286, 107701.748]",*
88697.61951620315,"(78706.548, 107701.748]","(77412.749, 107701.748]","(75783.339, 107701.748]","(73267.267, 107701.748]","(68804.286, 107701.748]",*
88721.12121433955,"(78706.548, 107701.748]","(77412.749, 107701.748]","(75783.339, 107701.748]","(73267.267, 107701.748]","(68804.286, 107701.748]",*
88722.95953540891,"(78706.548, 107701.748]","(77412.749, 107701.748]","(75783.339, 107701.748]","(73267.267, 107701.748]","(68804.286, 107701.748]",*
88733.44803038333,"(78706.548, 107701.748]","(77412.749, 107701.748]","(75783.339, 107701.748]","(73267.267, 107701.748]","(68804.286, 107701.748]",*
88767.53359535166,"(78706.548, 107701.748]","(77412.749, 107701.748]","(75783.339, 107701.748]","(73267.267, 107701.748]","(68804.286, 107701.748]",*
88768.26322531172,"(78706.548, 107701.748]","(77412.749, 107701.748]","(75783.339, 107701.748]","(73267.267, 107701.748]","(68804.286, 107701.748]",*
88794.59962903129,"(78706.548, 107701.748]","(77412.749, 107701.748]","(75783.339, 107701.748]","(73267.267, 107701.748]","(68804.286, 107701.748]",*
88799.30163631275,"(78706.548, 107701.748]","(77412.749, 107701.748]","(75783.339, 107701.748]","(73267.267, 107701.748]","(68804.286, 107701.748]",*
88824.50481436928,"(78706.548, 107701.748]","(77412.749, 107701.748]","(75783.339, 107701.748]","(73267.267, 107701.748]","(68804.286, 107701.748]",*
88850.4760205459,"(78706.548, 107701.748]","(77412.749, 107701.748]","(75783.339, 107701.748]","(73267.267, 107701.748]","(68804.286, 107701.748]",*
88876.31715383477,"(78706.548, 107701.748]","(77412.749, 107701.748]","(75783.339, 107701.748]","(73267.267, 107701.748]","(68804.286, 107701.748]",*
88904.33827855696,"(78706.548, 107701.748]","(77412.749, 107701.748]","(75783.339, 107701.748]","(73267.267, 107701.748]","(68804.286, 107701.748]",*
88905.83825633029,"(78706.548, 107701.748]","(77412.749, 107701.748]","(75783.339, 107701.748]","(73267.267, 107701.748]","(68804.286, 107701.748]",*
88933.1985113429,"(78706.548, 107701.748]","(77412.749, 107701.748]","(75783.339, 107701.748]","(73267.267, 107701.748]","(68804.286, 107701.748]",*
88968.52173221511,"(78706.548, 107701.748]","(77412.749, 107701.748]","(75783.339, 107701.748]","(73267.267, 107701.748]","(68804.286, 107701.748]",*
89026.80941910252,"(78706.548, 107701.748]","(77412.749, 107701.748]","(75783.339, 107701.748]","(73267.267, 107701.748]","(68804.286, 107701.748]",*
89030.56170908117,"(78706.548, 107701.748]","(77412.749, 107701.748]","(75783.339, 107701.748]","(73267.267, 107701.748]","(68804.286, 107701.748]",*
89056.92119447175,"(78706.548, 107701.748]","(77412.749, 107701.748]","(75783.339, 107701.748]","(73267.267, 107701.748]","(68804.286, 107701.748]",*
89088.60790545336,"(78706.548, 107701.748]","(77412.749, 107701.748]","(75783.339, 107701.748]","(73267.267, 107701.748]","(68804.286, 107701.748]",*
89089.43207450506,"(78706.548, 107701.748]","(77412.749, 107701.748]","(75783.339, 107701.748]","(73267.267, 107701.748]","(68804.286, 107701.748]",*
89112.70262747677,"(78706.548, 107701.748]","(77412.749, 107701.748]","(75783.339, 107701.748]","(73267.267, 107701.748]","(68804.286, 107701.748]",*
89130.03275655989,"(78706.548, 107701.748]","(77412.749, 107701.748]","(75783.339, 107701.748]","(73267.267, 107701.748]","(68804.286, 107701.748]",*
89157.61292515283,"(78706.548, 107701.748]","(77412.749, 107701.748]","(75783.339, 107701.748]","(73267.267, 107701.748]","(68804.286, 107701.748]",*
89163.49858832941,"(78706.548, 107701.748]","(77412.749, 107701.748]","(75783.339, 107701.748]","(73267.267, 107701.748]","(68804.286, 107701.748]",*
89209.08410317086,"(78706.548, 107701.748]","(77412.749, 107701.748]","(75783.339, 107701.748]","(73267.267, 107701.748]","(68804.286, 107701.748]",*
89286.0832488416,"(78706.548, 107701.748]","(77412.749, 107701.748]","(75783.339, 107701.748]","(73267.267, 107701.748]","(68804.286, 107701.748]",*
89338.4533739702,"(78706.548, 107701.748]","(77412.749, 107701.748]","(75783.339, 107701.748]","(73267.267, 107701.748]","(68804.286, 107701.748]",*
89358.86601748462,"(78706.548, 107701.748]","(77412.749, 107701.748]","(75783.339, 107701.748]","(73267.267, 107701.748]","(68804.286, 107701.748]",*
89475.5596986932,"(78706.548, 107701.748]","(77412.749, 107701.748]","(75783.339, 107701.748]","(73267.267, 107701.748]","(68804.286, 107701.748]",*
89488.6397616382,"(78706.548, 107701.748]","(77412.749, 107701.748]","(75783.339, 107701.748]","(73267.267, 107701.748]","(68804.286, 107701.748]",*
89502.84665832229,"(78706.548, 107701.748]","(77412.749, 107701.748]","(75783.339, 107701.748]","(73267.267, 107701.748]","(68804.286, 107701.748]",*
89510.91582488519,"(78706.548, 107701.748]","(77412.749, 107701.748]","(75783.339, 107701.748]","(73267.267, 107701.748]","(68804.286, 107701.748]",*
89518.83831440189,"(78706.548, 107701.748]","(77412.749, 107701.748]","(75783.339, 107701.748]","(73267.267, 107701.748]","(68804.286, 107701.748]",*
89548.14829900238,"(78706.548, 107701.748]","(77412.749, 107701.748]","(75783.339, 107701.748]","(73267.267, 107701.748]","(68804.286, 107701.748]",*
89551.73164623724,"(78706.548, 107701.748]","(77412.749, 107701.748]","(75783.339, 107701.748]","(73267.267, 107701.748]","(68804.286, 107701.748]",*
89671.01982481846,"(78706.548, 107701.748]","(77412.749, 107701.748]","(75783.339, 107701.748]","(73267.267, 107701.748]","(68804.286, 107701.748]",*
89687.4848248462,"(78706.548, 107701.748]","(77412.749, 107701.748]","(75783.339, 107701.748]","(73267.267, 107701.748]","(68804.286, 107701.748]",*
89716.84073616313,"(78706.548, 107701.748]","(77412.749, 107701.748]","(75783.339, 107701.748]","(73267.267, 107701.748]","(68804.286, 107701.748]",*
89730.52362590483,"(78706.548, 107701.748]","(77412.749, 107701.748]","(75783.339, 107701.748]","(73267.267, 107701.748]","(68804.286, 107701.748]",*
89760.91785636207,"(78706.548, 107701.748]","(77412.749, 107701.748]","(75783.339, 107701.748]","(73267.267, 107701.748]","(68804.286, 107701.748]",*
89808.62858843307,"(78706.548, 107701.748]","(77412.749, 107701.748]","(75783.339, 107701.748]","(73267.267, 107701.748]","(68804.286, 107701.748]",*
89825.65566639368,"(78706.548, 107701.748]","(77412.749, 107701.748]","(75783.339, 107701.748]","(73267.267, 107701.748]","(68804.286, 107701.748]",*
89831.31929199783,"(78706.548, 107701.748]","(77412.749, 107701.748]","(75783.339, 107701.748]","(73267.267, 107701.748]","(68804.286, 107701.748]",*
89868.89192719842,"(78706.548, 107701.748]","(77412.749, 107701.748]","(75783.339, 107701.748]","(73267.267, 107701.748]","(68804.286, 107701.748]",*
89908.77306293232,"(78706.548, 107701.748]","(77412.749, 107701.748]","(75783.339, 107701.748]","(73267.267, 107701.748]","(68804.286, 107701.748]",*
89910.75164289806,"(78706.548, 107701.748]","(77412.749, 107701.748]","(75783.339, 107701.748]","(73267.267, 107701.748]","(68804.286, 107701.748]",*
89946.90019942482,"(78706.548, 107701.748]","(77412.749, 107701.748]","(75783.339, 107701.748]","(73267.267, 107701.748]","(68804.286, 107701.748]",*
90160.69097362264,"(78706.548, 107701.748]","(77412.749, 107701.748]","(75783.339, 107701.748]","(73267.267, 107701.748]","(68804.286, 107701.748]",*
90201.40464254476,"(78706.548, 107701.748]","(77412.749, 107701.748]","(75783.339, 107701.748]","(73267.267, 107701.748]","(68804.286, 107701.748]",*
90244.76179876844,"(78706.548, 107701.748]","(77412.749, 107701.748]","(75783.339, 107701.748]","(73267.267, 107701.748]","(68804.286, 107701.748]",*
90293.0312092318,"(78706.548, 107701.748]","(77412.749, 107701.748]","(75783.339, 107701.748]","(73267.267, 107701.748]","(68804.286, 107701.748]",*
90436.98216550784,"(78706.548, 107701.748]","(77412.749, 107701.748]","(75783.339, 107701.748]","(73267.267, 107701.748]","(68804.286, 107701.748]",*
90493.59809656515,"(78706.548, 107701.748]","(77412.749, 107701.748]","(75783.339, 107701.748]","(73267.267, 107701.748]","(68804.286, 107701.748]",*
90499.0574513475,"(78706.548, 107701.748]","(77412.749, 107701.748]","(75783.339, 107701.748]","(73267.267, 107701.748]","(68804.286, 107701.748]",*
90533.3135158084,"(78706.548, 107701.748]","(77412.749, 107701.748]","(75783.339, 107701.748]","(73267.267, 107701.748]","(68804.286, 107701.748]",*
90535.16522136182,"(78706.548, 107701.748]","(77412.749, 107701.748]","(75783.339, 107701.748]","(73267.267, 107701.748]","(68804.286, 107701.748]",*
90586.12890514932,"(78706.548, 107701.748]","(77412.749, 107701.748]","(75783.339, 107701.748]","(73267.267, 107701.748]","(68804.286, 107701.748]",*
90592.46960928394,"(78706.548, 107701.748]","(77412.749, 107701.748]","(75783.339, 107701.748]","(73267.267, 107701.748]","(68804.286, 107701.748]",*
90691.20799503473,"(78706.548, 107701.748]","(77412.749, 107701.748]","(75783.339, 107701.748]","(73267.267, 107701.748]","(68804.286, 107701.748]",*
90863.99999222146,"(78706.548, 107701.748]","(77412.749, 107701.748]","(75783.339, 107701.748]","(73267.267, 107701.748]","(68804.286, 107701.748]",*
90864.87746126468,"(78706.548, 107701.748]","(77412.749, 107701.748]","(75783.339, 107701.748]","(73267.267, 107701.748]","(68804.286, 107701.748]",*
90882.846676247,"(78706.548, 107701.748]","(77412.749, 107701.748]","(75783.339, 107701.748]","(73267.267, 107701.748]","(68804.286, 107701.748]",*
90890.48581376827,"(78706.548, 107701.748]","(77412.749, 107701.748]","(75783.339, 107701.748]","(73267.267, 107701.748]","(68804.286, 107701.748]",*
90972.4061270065,"(78706.548, 107701.748]","(77412.749, 107701.748]","(75783.339, 107701.748]","(73267.267, 107701.748]","(68804.286, 107701.748]",*
90975.11327248043,"(78706.548, 107701.748]","(77412.749, 107701.748]","(75783.339, 107701.748]","(73267.267, 107701.748]","(68804.286, 107701.748]",*
91024.41730252848,"(78706.548, 107701.748]","(77412.749, 107701.748]","(75783.339, 107701.748]","(73267.267, 107701.748]","(68804.286, 107701.748]",*
91046.04178425117,"(78706.548, 107701.748]","(77412.749, 107701.748]","(75783.339, 107701.748]","(73267.267, 107701.748]","(68804.286, 107701.748]",*
91083.56908118556,"(78706.548, 107701.748]","(77412.749, 107701.748]","(75783.339, 107701.748]","(73267.267, 107701.748]","(68804.286, 107701.748]",*
91118.12722776056,"(78706.548, 107701.748]","(77412.749, 107701.748]","(75783.339, 107701.748]","(73267.267, 107701.748]","(68804.286, 107701.748]",*
91159.41832718057,"(78706.548, 107701.748]","(77412.749, 107701.748]","(75783.339, 107701.748]","(73267.267, 107701.748]","(68804.286, 107701.748]",*
91328.09244126423,"(78706.548, 107701.748]","(77412.749, 107701.748]","(75783.339, 107701.748]","(73267.267, 107701.748]","(68804.286, 107701.748]",*
91392.4193353864,"(78706.548, 107701.748]","(77412.749, 107701.748]","(75783.339, 107701.748]","(73267.267, 107701.748]","(68804.286, 107701.748]",*
91458.32735199408,"(78706.548, 107701.748]","(77412.749, 107701.748]","(75783.339, 107701.748]","(73267.267, 107701.748]","(68804.286, 107701.748]",*
91731.15438275636,"(78706.548, 107701.748]","(77412.749, 107701.748]","(75783.339, 107701.748]","(73267.267, 107701.748]","(68804.286, 107701.748]",*
91832.98968672245,"(78706.548, 107701.748]","(77412.749, 107701.748]","(75783.339, 107701.748]","(73267.267, 107701.748]","(68804.286, 107701.748]",*
91935.36685231984,"(78706.548, 107701.748]","(77412.749, 107701.748]","(75783.339, 107701.748]","(73267.267, 107701.748]","(68804.286, 107701.748]",*
91937.80788779426,"(78706.548, 107701.748]","(77412.749, 107701.748]","(75783.339, 107701.748]","(73267.267, 107701.748]","(68804.286, 107701.748]",*
92052.74763323694,"(78706.548, 107701.748]","(77412.749, 107701.748]","(75783.339, 107701.748]","(73267.267, 107701.748]","(68804.286, 107701.748]",*
92106.80386629573,"(78706.548, 107701.748]","(77412.749, 107701.748]","(75783.339, 107701.748]","(73267.267, 107701.748]","(68804.286, 107701.748]",*
92128.27066193124,"(78706.548, 107701.748]","(77412.749, 107701.748]","(75783.339, 107701.748]","(73267.267, 107701.748]","(68804.286, 107701.748]",*
92151.66658372388,"(78706.548, 107701.748]","(77412.749, 107701.748]","(75783.339, 107701.748]","(73267.267, 107701.748]","(68804.286, 107701.748]",*
92201.21432538648,"(78706.548, 107701.748]","(77412.749, 107701.748]","(75783.339, 107701.748]","(73267.267, 107701.748]","(68804.286, 107701.748]",*
92280.4974743426,"(78706.548, 107701.748]","(77412.749, 107701.748]","(75783.339, 107701.748]","(73267.267, 107701.748]","(68804.286, 107701.748]",*
92360.15230020307,"(78706.548, 107701.748]","(77412.749, 107701.748]","(75783.339, 107701.748]","(73267.267, 107701.748]","(68804.286, 107701.748]",*
92609.22769718392,"(78706.548, 107701.748]","(77412.749, 107701.748]","(75783.339, 107701.748]","(73267.267, 107701.748]","(68804.286, 107701.748]",*
92669.58803306188,"(78706.548, 107701.748]","(77412.749, 107701.748]","(75783.339, 107701.748]","(73267.267, 107701.748]","(68804.286, 107701.748]",*
92735.99691526112,"(78706.548, 107701.748]","(77412.749, 107701.748]","(75783.339, 107701.748]","(73267.267, 107701.748]","(68804.286, 107701.748]",*
92774.6756877768,"(78706.548, 107701.748]","(77412.749, 107701.748]","(75783.339, 107701.748]","(73267.267, 107701.748]","(68804.286, 107701.748]",*
92787.28247888415,"(78706.548, 107701.748]","(77412.749, 107701.748]","(75783.339, 107701.748]","(73267.267, 107701.748]","(68804.286, 107701.748]",*
93032.54170161809,"(78706.548, 107701.748]","(77412.749, 107701.748]","(75783.339, 107701.748]","(73267.267, 107701.748]","(68804.286, 107701.748]",*
93128.7210113658,"(78706.548, 107701.748]","(77412.749, 107701.748]","(75783.339, 107701.748]","(73267.267, 107701.748]","(68804.286, 107701.748]",*
93178.48670213216,"(78706.548, 107701.748]","(77412.749, 107701.748]","(75783.339, 107701.748]","(73267.267, 107701.748]","(68804.286, 107701.748]",*
93185.81348762772,"(78706.548, 107701.748]","(77412.749, 107701.748]","(75783.339, 107701.748]","(73267.267, 107701.748]","(68804.286, 107701.748]",*
93303.68384864288,"(78706.548, 107701.748]","(77412.749, 107701.748]","(75783.339, 107701.748]","(73267.267, 107701.748]","(68804.286, 107701.748]",*
93439.80413439537,"(78706.548, 107701.748]","(77412.749, 107701.748]","(75783.339, 107701.748]","(73267.267, 107701.748]","(68804.286, 107701.748]",*
93455.95295657734,"(78706.548, 107701.748]","(77412.749, 107701.748]","(75783.339, 107701.748]","(73267.267, 107701.748]","(68804.286, 107701.748]",*
93579.11667722544,"(78706.548, 107701.748]","(77412.749, 107701.748]","(75783.339, 107701.748]","(73267.267, 107701.748]","(68804.286, 107701.748]",*
93719.47074829174,"(78706.548, 107701.748]","(77412.749, 107701.748]","(75783.339, 107701.748]","(73267.267, 107701.748]","(68804.286, 107701.748]",*
93763.11282496838,"(78706.548, 107701.748]","(77412.749, 107701.748]","(75783.339, 107701.748]","(73267.267, 107701.748]","(68804.286, 107701.748]",*
93822.30848018806,"(78706.548, 107701.748]","(77412.749, 107701.748]","(75783.339, 107701.748]","(73267.267, 107701.748]","(68804.286, 107701.748]",*
93838.09765365368,"(78706.548, 107701.748]","(77412.749, 107701.748]","(75783.339, 107701.748]","(73267.267, 107701.748]","(68804.286, 107701.748]",*
93876.42899812006,"(78706.548, 107701.748]","(77412.749, 107701.748]","(75783.339, 107701.748]","(73267.267, 107701.748]","(68804.286, 107701.748]",*
93993.39978368534,"(78706.548, 107701.748]","(77412.749, 107701.748]","(75783.339, 107701.748]","(73267.267, 107701.748]","(68804.286, 107701.748]",*
94085.4729837614,"(78706.548, 107701.748]","(77412.749, 107701.748]","(75783.339, 107701.748]","(73267.267, 107701.748]","(68804.286, 107701.748]",*
94241.82332286533,"(78706.548, 107701.748]","(77412.749, 107701.748]","(75783.339, 107701.748]","(73267.267, 107701.748]","(68804.286, 107701.748]",*
94292.26362515424,"(78706.548, 107701.748]","(77412.749, 107701.748]","(75783.339, 107701.748]","(73267.267, 107701.748]","(68804.286, 107701.748]",*
94295.6632538238,"(78706.548, 107701.748]","(77412.749, 107701.748]","(75783.339, 107701.748]","(73267.267, 107701.748]","(68804.286, 107701.748]",*
94392.89787507372,"(78706.548, 107701.748]","(77412.749, 107701.748]","(75783.339, 107701.748]","(73267.267, 107701.748]","(68804.286, 107701.748]",*
94459.69621989178,"(78706.548, 107701.748]","(77412.749, 107701.748]","(75783.339, 107701.748]","(73267.267, 107701.748]","(68804.286, 107701.748]",*
94494.384349053,"(78706.548, 107701.748]","(77412.749, 107701.748]","(75783.339, 107701.748]","(73267.267, 107701.748]","(68804.286, 107701.748]",*
94650.54943973328,"(78706.548, 107701.748]","(77412.749, 107701.748]","(75783.339, 107701.748]","(73267.267, 107701.748]","(68804.286, 107701.748]",*
94670.04591605556,"(78706.548, 107701.748]","(77412.749, 107701.748]","(75783.339, 107701.748]","(73267.267, 107701.748]","(68804.286, 107701.748]",*
94712.11582194555,"(78706.548, 107701.748]","(77412.749, 107701.748]","(75783.339, 107701.748]","(73267.267, 107701.748]","(68804.286, 107701.748]",*
94733.9712754783,"(78706.548, 107701.748]","(77412.749, 107701.748]","(75783.339, 107701.748]","(73267.267, 107701.748]","(68804.286, 107701.748]",*
94805.3386388977,"(78706.548, 107701.748]","(77412.749, 107701.748]","(75783.339, 107701.748]","(73267.267, 107701.748]","(68804.286, 107701.748]",*
94889.80041253564,"(78706.548, 107701.748]","(77412.749, 107701.748]","(75783.339, 107701.748]","(73267.267, 107701.748]","(68804.286, 107701.748]",*
94902.23722038788,"(78706.548, 107701.748]","(77412.749, 107701.748]","(75783.339, 107701.748]","(73267.267, 107701.748]","(68804.286, 107701.748]",*
94923.40619394137,"(78706.548, 107701.748]","(77412.749, 107701.748]","(75783.339, 107701.748]","(73267.267, 107701.748]","(68804.286, 107701.748]",*
95000.78637455146,"(78706.548, 107701.748]","(77412.749, 107701.748]","(75783.339, 107701.748]","(73267.267, 107701.748]","(68804.286, 107701.748]",*
95212.4690909136,"(78706.548, 107701.748]","(77412.749, 107701.748]","(75783.339, 107701.748]","(73267.267, 107701.748]","(68804.286, 107701.748]",*
95236.13705412776,"(78706.548, 107701.748]","(77412.749, 107701.748]","(75783.339, 107701.748]","(73267.267, 107701.748]","(68804.286, 107701.748]",*
95358.18055081632,"(78706.548, 107701.748]","(77412.749, 107701.748]","(75783.339, 107701.748]","(73267.267, 107701.748]","(68804.286, 107701.748]",*
95450.29308601316,"(78706.548, 107701.748]","(77412.749, 107701.748]","(75783.339, 107701.748]","(73267.267, 107701.748]","(68804.286, 107701.748]",*
95603.9294800186,"(78706.548, 107701.748]","(77412.749, 107701.748]","(75783.339, 107701.748]","(73267.267, 107701.748]","(68804.286, 107701.748]",*
95997.67109975874,"(78706.548, 107701.748]","(77412.749, 107701.748]","(75783.339, 107701.748]","(73267.267, 107701.748]","(68804.286, 107701.748]",*
96216.95427056956,"(78706.548, 107701.748]","(77412.749, 107701.748]","(75783.339, 107701.748]","(73267.267, 107701.748]","(68804.286, 107701.748]",*
96290.15967304728,"(78706.548, 107701.748]","(77412.749, 107701.748]","(75783.339, 107701.748]","(73267.267, 107701.748]","(68804.286, 107701.748]",*
96395.32179839408,"(78706.548, 107701.748]","(77412.749, 107701.748]","(75783.339, 107701.748]","(73267.267, 107701.748]","(68804.286, 107701.748]",*
96397.58268419057,"(78706.548, 107701.748]","(77412.749, 107701.748]","(75783.339, 107701.748]","(73267.267, 107701.748]","(68804.286, 107701.748]",*
96550.99888324567,"(78706.548, 107701.748]","(77412.749, 107701.748]","(75783.339, 107701.748]","(73267.267, 107701.748]","(68804.286, 107701.748]",*
96778.12106507196,"(78706.548, 107701.748]","(77412.749, 107701.748]","(75783.339, 107701.748]","(73267.267, 107701.748]","(68804.286, 107701.748]",*
96807.436911718,"(78706.548, 107701.748]","(77412.749, 107701.748]","(75783.339, 107701.748]","(73267.267, 107701.748]","(68804.286, 107701.748]",*
96899.012587502,"(78706.548, 107701.748]","(77412.749, 107701.748]","(75783.339, 107701.748]","(73267.267, 107701.748]","(68804.286, 107701.748]",*
96901.08150593156,"(78706.548, 107701.748]","(77412.749, 107701.748]","(75783.339, 107701.748]","(73267.267, 107701.748]","(68804.286, 107701.748]",*
97076.16450304196,"(78706.548, 107701.748]","(77412.749, 107701.748]","(75783.339, 107701.748]","(73267.267, 107701.748]","(68804.286, 107701.748]",*
97112.361251824,"(78706.548, 107701.748]","(77412.749, 107701.748]","(75783.339, 107701.748]","(73267.267, 107701.748]","(68804.286, 107701.748]",*
97548.31041260507,"(78706.548, 107701.748]","(77412.749, 107701.748]","(75783.339, 107701.748]","(73267.267, 107701.748]","(68804.286, 107701.748]",*
97669.06449084358,"(78706.548, 107701.748]","(77412.749, 107701.748]","(75783.339, 107701.748]","(73267.267, 107701.748]","(68804.286, 107701.748]",*
97881.58727937556,"(78706.548, 107701.748]","(77412.749, 107701.748]","(75783.339, 107701.748]","(73267.267, 107701.748]","(68804.286, 107701.748]",*
98468.2536411164,"(78706.548, 107701.748]","(77412.749, 107701.748]","(75783.339, 107701.748]","(73267.267, 107701.748]","(68804.286, 107701.748]",*
99317.82314540035,"(78706.548, 107701.748]","(77412.749, 107701.748]","(75783.339, 107701.748]","(73267.267, 107701.748]","(68804.286, 107701.748]",*
99629.01358134775,"(78706.548, 107701.748]","(77412.749, 107701.748]","(75783.339, 107701.748]","(73267.267, 107701.748]","(68804.286, 107701.748]",*
100741.29858525375,"(78706.548, 107701.748]","(77412.749, 107701.748]","(75783.339, 107701.748]","(73267.267, 107701.748]","(68804.286, 107701.748]",*
101144.3239296864,"(78706.548, 107701.748]","(77412.749, 107701.748]","(75783.339, 107701.748]","(73267.267, 107701.748]","(68804.286, 107701.748]",*
101599.6705804352,"(78706.548, 107701.748]","(77412.749, 107701.748]","(75783.339, 107701.748]","(73267.267, 107701.748]","(68804.286, 107701.748]",*
101928.85805987818,"(78706.548, 107701.748]","(77412.749, 107701.748]","(75783.339, 107701.748]","(73267.267, 107701.748]","(68804.286, 107701.748]",*
102881.12090226932,"(78706.548, 107701.748]","(77412.749, 107701.748]","(75783.339, 107701.748]","(73267.267, 107701.748]","(68804.286, 107701.748]",*
104702.7242570266,"(78706.548, 107701.748]","(77412.749, 107701.748]","(75783.339, 107701.748]","(73267.267, 107701.748]","(68804.286, 107701.748]",*
107701.74837763936,"(78706.548, 107701.748]","(77412.749, 107701.748]","(75783.339, 107701.748]","(73267.267, 107701.748]","(68804.286, 107701.748]",*
