3.2361940234262048,"(3.2350000000000003, 6.003]","(3.2350000000000003, 6.132]","(3.2350000000000003, 6.299]","(3.2350000000000003, 6.567]","(3.2350000000000003, 7.003]",*
3.9502246874597167,"(3.2350000000000003, 6.003]","(3.2350000000000003, 6.132]","(3.2350000000000003, 6.299]","(3.2350000000000003, 6.567]","(3.2350000000000003, 7.003]",*
3.950972652889892,"(3.2350000000000003, 6.003]","(3.2350000000000003, 6.132]","(3.2350000000000003, 6.299]","(3.2350000000000003, 6.567]","(3.2350000000000003, 7.003]",*
3.9696316523619535,"(3.2350000000000003, 6.003]","(3.2350000000000003, 6.132]","(3.2350000000000003, 6.299]","(3.2350000000000003, 6.567]","(3.2350000000000003, 7.003]",*
4.027930715527429,"(3.2350000000000003, 6.003]","(3.2350000000000003, 6.132]","(3.2350000000000003, 6.299]","(3.2350000000000003, 6.567]","(3.2350000000000003, 7.003]",*
4.049320547634912,"(3.2350000000000003, 6.003]","(3.2350000000000003, 6.132]","(3.2350000000000003, 6.299]","(3.2350000000000003, 6.567]","(3.2350000000000003, 7.003]",*
4.08771835350632,"(3.2350000000000003, 6.003]","(3.2350000000000003, 6.132]","(3.2350000000000003, 6.299]","(3.2350000000000003, 6.567]","(3.2350000000000003, 7.003]",*
4.125278089529127,"(3.2350000000000003, 6.003]","(3.2350000000000003, 6.132]","(3.2350000000000003, 6.299]","(3.2350000000000003, 6.567]","(3.2350000000000003, 7.003]",*
4.129733360831915,"(3.2350000000000003, 6.003]","(3.2350000000000003, 6.132]","(3.2350000000000003, 6.299]","(3.2350000000000003, 6.567]","(3.2350000000000003, 7.003]",*
4.147430721617345,"(3.2350000000000003, 6.003]","(3.2350000000000003, 6.132]","(3.2350000000000003, 6.299]","(3.2350000000000003, 6.567]","(3.2350000000000003, 7.003]",*
4.198676629125799,"(3.2350000000000003, 6.003]","(3.2350000000000003, 6.132]","(3.2350000000000003, 6.299]","(3.2350000000000003, 6.567]","(3.2350000000000003, 7.003]",*
4.209620425081933,"(3.2350000000000003, 6.003]","(3.2350000000000003, 6.132]","(3.2350000000000003, 6.299]","(3.2350000000000003, 6.567]","(3.2350000000000003, 7.003]",*
4.242191301572632,"(3.2350000000000003, 6.003]","(3.2350000000000003, 6.132]","(3.2350000000000003, 6.299]","(3.2350000000000003, 6.567]","(3.2350000000000003, 7.003]",*
4.290193826454372,"(3.2350000000000003, 6.003]","(3.2350000000000003, 6.132]","(3.2350000000000003, 6.299]","(3.2350000000000003, 6.567]","(3.2350000000000003, 7.003]",*
4.29069917383452,"(3.2350000000000003, 6.003]","(3.2350000000000003, 6.132]","(3.2350000000000003, 6.299]","(3.2350000000000003, 6.567]","(3.2350000000000003, 7.003]",*
4.298220549817005,"(3.2350000000000003, 6.003]","(3.2350000000000003, 6.132]","(3.2350000000000003, 6.299]","(3.2350000000000003, 6.567]","(3.2350000000000003, 7.003]",*
4.316259053900536,"(3.2350000000000003, 6.003]","(3.2350000000000003, 6.132]","(3.2350000000000003, 6.299]","(3.2350000000000003, 6.567]","(3.2350000000000003, 7.003]",*
4.321938664394215,"(3.2350000000000003, 6.003]","(3.2350000000000003, 6.132]","(3.2350000000000003, 6.299]","(3.2350000000000003, 6.567]","(3.2350000000000003, 7.003]",*
4.334884494423243,"(3.2350000000000003, 6.003]","(3.2350000000000003, 6.132]","(3.2350000000000003, 6.299]","(3.2350000000000003, 6.567]","(3.2350000000000003, 7.003]",*
4.347851966453291,"(3.2350000000000003, 6.003]","(3.2350000000000003, 6.132]","(3.2350000000000003, 6.299]","(3.2350000000000003, 6.567]","(3.2350000000000003, 7.003]",*
4.365670693163542,"(3.2350000000000003, 6.003]","(3.2350000000000003, 6.132]","(3.2350000000000003, 6.299]","(3.2350000000000003, 6.567]","(3.2350000000000003, 7.003]",*
4.377965509360593,"(3.2350000000000003, 6.003]","(3.2350000000000003, 6.132]","(3.2350000000000003, 6.299]","(3.2350000000000003, 6.567]","(3.2350000000000003, 7.003]",*
4.384628712930369,"(3.2350000000000003, 6.003]","(3.2350000000000003, 6.132]","(3.2350000000000003, 6.299]","(3.2350000000000003, 6.567]","(3.2350000000000003, 7.003]",*
4.393191977907037,"(3.2350000000000003, 6.003]","(3.2350000000000003, 6.132]","(3.2350000000000003, 6.299]","(3.2350000000000003, 6.567]","(3.2350000000000003, 7.003]",*
4.406835937850689,"(3.2350000000000003, 6.003]","(3.2350000000000003, 6.132]","(3.2350000000000003, 6.299]","(3.2350000000000003, 6.567]","(3.2350000000000003, 7.003]",*
4.4073460820254,"(3.2350000000000003, 6.003]","(3.2350000000000003, 6.132]","(3.2350000000000003, 6.299]","(3.2350000000000003, 6.567]","(3.2350000000000003, 7.003]",*
4.414380865779894,"(3.2350000000000003, 6.003]","(3.2350000000000003, 6.132]","(3.2350000000000003, 6.299]","(3.2350000000000003, 6.567]","(3.2350000000000003, 7.003]",*
4.415753056275482,"(3.2350000000000003, 6.003]","(3.2350000000000003, 6.132]","(3.2350000000000003, 6.299]","(3.2350000000000003, 6.567]","(3.2350000000000003, 7.003]",*
4.419215488448463,"(3.2350000000000003, 6.003]","(3.2350000000000003, 6.132]","(3.2350000000000003, 6.299]","(3.2350000000000003, 6.567]","(3.2350000000000003, 7.003]",*
4.42595944691843,"(3.2350000000000003, 6.003]","(3.2350000000000003, 6.132]","(3.2350000000000003, 6.299]","(3.2350000000000003, 6.567]","(3.2350000000000003, 7.003]",*
4.430372460014088,"(3.2350000000000003, 6.003]","(3.2350000000000003, 6.132]","(3.2350000000000003, 6.299]","(3.2350000000000003, 6.567]","(3.2350000000000003, 7.003]",*
4.4324478803335605,"(3.2350000000000003, 6.003]","(3.2350000000000003, 6.132]","(3.2350000000000003, 6.299]","(3.2350000000000003, 6.567]","(3.2350000000000003, 7.003]",*
4.458940625086626,"(3.2350000000000003, 6.003]","(3.2350000000000003, 6.132]","(3.2350000000000003, 6.299]","(3.2350000000000003, 6.567]","(3.2350000000000003, 7.003]",*
4.46053037010385,"(3.2350000000000003, 6.003]","(3.2350000000000003, 6.132]","(3.2350000000000003, 6.299]","(3.2350000000000003, 6.567]","(3.2350000000000003, 7.003]",*
4.472098218673713,"(3.2350000000000003, 6.003]","(3.2350000000000003, 6.132]","(3.2350000000000003, 6.299]","(3.2350000000000003, 6.567]","(3.2350000000000003, 7.003]",*
4.474535671600727,"(3.2350000000000003, 6.003]","(3.2350000000000003, 6.132]","(3.2350000000000003, 6.299]","(3.2350000000000003, 6.567]","(3.2350000000000003, 7.003]",*
4.49007175494295,"(3.2350000000000003, 6.003]","(3.2350000000000003, 6.132]","(3.2350000000000003, 6.299]","(3.2350000000000003, 6.567]","(3.2350000000000003, 7.003]",*
4.491346745239569,"(3.2350000000000003, 6.003]","(3.2350000000000003, 6.132]","(3.2350000000000003, 6.299]","(3.2350000000000003, 6.567]","(3.2350000000000003, 7.003]",*
4.498698511686267,"(3.2350000000000003, 6.003]","(3.2350000000000003, 6.132]","(3.2350000000000003, 6.299]","(3.2350000000000003, 6.567]","(3.2350000000000003, 7.003]",*
4.499119974389712,"(3.2350000000000003, 6.003]","(3.2350000000000003, 6.132]","(3.2350000000000003, 6.299]","(3.2350000000000003, 6.567]","(3.2350000000000003, 7.003]",*
4.500165347584368,"(3.2350000000000003, 6.003]","(3.2350000000000003, 6.132]","(3.2350000000000003, 6.299]","(3.2350000000000003, 6.567]","(3.2350000000000003, 7.003]",*
4.513353831251732,"(3.2350000000000003, 6.003]","(3.2350000000000003, 6.132]","(3.2350000000000003, 6.299]","(3.2350000000000003, 6.567]","(3.2350000000000003, 7.003]",*
4.525421030814885,"(3.2350000000000003, 6.003]","(3.2350000000000003, 6.132]","(3.2350000000000003, 6.299]","(3.2350000000000003, 6.567]","(3.2350000000000003, 7.003]",*
4.541466869303932,"(3.2350000000000003, 6.003]","(3.2350000000000003, 6.132]","(3.2350000000000003, 6.299]","(3.2350000000000003, 6.567]","(3.2350000000000003, 7.003]",*
4.565155297878956,"(3.2350000000000003, 6.003]","(3.2350000000000003, 6.132]","(3.2350000000000003, 6.299]","(3.2350000000000003, 6.567]","(3.2350000000000003, 7.003]",*
4.580839920871763,"(3.2350000000000003, 6.003]","(3.2350000000000003, 6.132]","(3.2350000000000003, 6.299]","(3.2350000000000003, 6.567]","(3.2350000000000003, 7.003]",*
4.58364638792333,"(3.2350000000000003, 6.003]","(3.2350000000000003, 6.132]","(3.2350000000000003, 6.299]","(3.2350000000000003, 6.567]","(3.2350000000000003, 7.003]",*
4.5838699610814295,"(3.2350000000000003, 6.003]","(3.2350000000000003, 6.132]","(3.2350000000000003, 6.299]","(3.2350000000000003, 6.567]","(3.2350000000000003, 7.003]",*
4.595996065830649,"(3.2350000000000003, 6.003]","(3.2350000000000003, 6.132]","(3.2350000000000003, 6.299]","(3.2350000000000003, 6.567]","(3.2350000000000003, 7.003]",*
4.608842675091296,"(3.2350000000000003, 6.003]","(3.2350000000000003, 6.132]","(3.2350000000000003, 6.299]","(3.2350000000000003, 6.567]","(3.2350000000000003, 7.003]",*
4.620870485510206,"(3.2350000000000003, 6.003]","(3.2350000000000003, 6.132]","(3.2350000000000003, 6.299]","(3.2350000000000003, 6.567]","(3.2350000000000003, 7.003]",*
4.621370129145923,"(3.2350000000000003, 6.003]","(3.2350000000000003, 6.132]","(3.2350000000000003, 6.299]","(3.2350000000000003, 6.567]","(3.2350000000000003, 7.003]",*
4.621620061190644,"(3.2350000000000003, 6.003]","(3.2350000000000003, 6.132]","(3.2350000000000003, 6.299]","(3.2350000000000003, 6.567]","(3.2350000000000003, 7.003]",*
4.626053733027918,"(3.2350000000000003, 6.003]","(3.2350000000000003, 6.132]","(3.2350000000000003, 6.299]","(3.2350000000000003, 6.567]","(3.2350000000000003, 7.003]",*
4.626558166685231,"(3.2350000000000003, 6.003]","(3.2350000000000003, 6.132]","(3.2350000000000003, 6.299]","(3.2350000000000003, 6.567]","(3.2350000000000003, 7.003]",*
4.6302303284096045,"(3.2350000000000003, 6.003]","(3.2350000000000003, 6.132]","(3.2350000000000003, 6.299]","(3.2350000000000003, 6.567]","(3.2350000000000003, 7.003]",*
4.63291072280653,"(3.2350000000000003, 6.003]","(3.2350000000000003, 6.132]","(3.2350000000000003, 6.299]","(3.2350000000000003, 6.567]","(3.2350000000000003, 7.003]",*
4.635161107885296,"(3.2350000000000003, 6.003]","(3.2350000000000003, 6.132]","(3.2350000000000003, 6.299]","(3.2350000000000003, 6.567]","(3.2350000000000003, 7.003]",*
4.651974294470894,"(3.2350000000000003, 6.003]","(3.2350000000000003, 6.132]","(3.2350000000000003, 6.299]","(3.2350000000000003, 6.567]","(3.2350000000000003, 7.003]",*
4.652449120171196,"(3.2350000000000003, 6.003]","(3.2350000000000003, 6.132]","(3.2350000000000003, 6.299]","(3.2350000000000003, 6.567]","(3.2350000000000003, 7.003]",*
4.652717554450587,"(3.2350000000000003, 6.003]","(3.2350000000000003, 6.132]","(3.2350000000000003, 6.299]","(3.2350000000000003, 6.567]","(3.2350000000000003, 7.003]",*
4.658690271102616,"(3.2350000000000003, 6.003]","(3.2350000000000003, 6.132]","(3.2350000000000003, 6.299]","(3.2350000000000003, 6.567]","(3.2350000000000003, 7.003]",*
4.666259583423821,"(3.2350000000000003, 6.003]","(3.2350000000000003, 6.132]","(3.2350000000000003, 6.299]","(3.2350000000000003, 6.567]","(3.2350000000000003, 7.003]",*
4.6740735644436135,"(3.2350000000000003, 6.003]","(3.2350000000000003, 6.132]","(3.2350000000000003, 6.299]","(3.2350000000000003, 6.567]","(3.2350000000000003, 7.003]",*
4.6752861269355686,"(3.2350000000000003, 6.003]","(3.2350000000000003, 6.132]","(3.2350000000000003, 6.299]","(3.2350000000000003, 6.567]","(3.2350000000000003, 7.003]",*
4.6791342541236505,"(3.2350000000000003, 6.003]","(3.2350000000000003, 6.132]","(3.2350000000000003, 6.299]","(3.2350000000000003, 6.567]","(3.2350000000000003, 7.003]",*
4.683749946581049,"(3.2350000000000003, 6.003]","(3.2350000000000003, 6.132]","(3.2350000000000003, 6.299]","(3.2350000000000003, 6.567]","(3.2350000000000003, 7.003]",*
4.6939469300755,"(3.2350000000000003, 6.003]","(3.2350000000000003, 6.132]","(3.2350000000000003, 6.299]","(3.2350000000000003, 6.567]","(3.2350000000000003, 7.003]",*
4.696139827911331,"(3.2350000000000003, 6.003]","(3.2350000000000003, 6.132]","(3.2350000000000003, 6.299]","(3.2350000000000003, 6.567]","(3.2350000000000003, 7.003]",*
4.705015387452186,"(3.2350000000000003, 6.003]","(3.2350000000000003, 6.132]","(3.2350000000000003, 6.299]","(3.2350000000000003, 6.567]","(3.2350000000000003, 7.003]",*
4.707758995779682,"(3.2350000000000003, 6.003]","(3.2350000000000003, 6.132]","(3.2350000000000003, 6.299]","(3.2350000000000003, 6.567]","(3.2350000000000003, 7.003]",*
4.708243289481351,"(3.2350000000000003, 6.003]","(3.2350000000000003, 6.132]","(3.2350000000000003, 6.299]","(3.2350000000000003, 6.567]","(3.2350000000000003, 7.003]",*
4.71106043058696,"(3.2350000000000003, 6.003]","(3.2350000000000003, 6.132]","(3.2350000000000003, 6.299]","(3.2350000000000003, 6.567]","(3.2350000000000003, 7.003]",*
4.713907064539251,"(3.2350000000000003, 6.003]","(3.2350000000000003, 6.132]","(3.2350000000000003, 6.299]","(3.2350000000000003, 6.567]","(3.2350000000000003, 7.003]",*
4.714622729281746,"(3.2350000000000003, 6.003]","(3.2350000000000003, 6.132]","(3.2350000000000003, 6.299]","(3.2350000000000003, 6.567]","(3.2350000000000003, 7.003]",*
4.7253251166241865,"(3.2350000000000003, 6.003]","(3.2350000000000003, 6.132]","(3.2350000000000003, 6.299]","(3.2350000000000003, 6.567]","(3.2350000000000003, 7.003]",*
4.729553626260161,"(3.2350000000000003, 6.003]","(3.2350000000000003, 6.132]","(3.2350000000000003, 6.299]","(3.2350000000000003, 6.567]","(3.2350000000000003, 7.003]",*
4.7474997920216175,"(3.2350000000000003, 6.003]","(3.2350000000000003, 6.132]","(3.2350000000000003, 6.299]","(3.2350000000000003, 6.567]","(3.2350000000000003, 7.003]",*
4.765058235157006,"(3.2350000000000003, 6.003]","(3.2350000000000003, 6.132]","(3.2350000000000003, 6.299]","(3.2350000000000003, 6.567]","(3.2350000000000003, 7.003]",*
4.765903084260724,"(3.2350000000000003, 6.003]","(3.2350000000000003, 6.132]","(3.2350000000000003, 6.299]","(3.2350000000000003, 6.567]","(3.2350000000000003, 7.003]",*
4.774978250870109,"(3.2350000000000003, 6.003]","(3.2350000000000003, 6.132]","(3.2350000000000003, 6.299]","(3.2350000000000003, 6.567]","(3.2350000000000003, 7.003]",*
4.779414719276269,"(3.2350000000000003, 6.003]","(3.2350000000000003, 6.132]","(3.2350000000000003, 6.299]","(3.2350000000000003, 6.567]","(3.2350000000000003, 7.003]",*
4.780167701080359,"(3.2350000000000003, 6.003]","(3.2350000000000003, 6.132]","(3.2350000000000003, 6.299]","(3.2350000000000003, 6.567]","(3.2350000000000003, 7.003]",*
4.784442899973039,"(3.2350000000000003, 6.003]","(3.2350000000000003, 6.132]","(3.2350000000000003, 6.299]","(3.2350000000000003, 6.567]","(3.2350000000000003, 7.003]",*
4.7883802065518255,"(3.2350000000000003, 6.003]","(3.2350000000000003, 6.132]","(3.2350000000000003, 6.299]","(3.2350000000000003, 6.567]","(3.2350000000000003, 7.003]",*
4.794561406116628,"(3.2350000000000003, 6.003]","(3.2350000000000003, 6.132]","(3.2350000000000003, 6.299]","(3.2350000000000003, 6.567]","(3.2350000000000003, 7.003]",*
4.802796915946138,"(3.2350000000000003, 6.003]","(3.2350000000000003, 6.132]","(3.2350000000000003, 6.299]","(3.2350000000000003, 6.567]","(3.2350000000000003, 7.003]",*
4.805080980291155,"(3.2350000000000003, 6.003]","(3.2350000000000003, 6.132]","(3.2350000000000003, 6.299]","(3.2350000000000003, 6.567]","(3.2350000000000003, 7.003]",*
4.807387458070322,"(3.2350000000000003, 6.003]","(3.2350000000000003, 6.132]","(3.2350000000000003, 6.299]","(3.2350000000000003, 6.567]","(3.2350000000000003, 7.003]",*
4.807452587314575,"(3.2350000000000003, 6.003]","(3.2350000000000003, 6.132]","(3.2350000000000003, 6.299]","(3.2350000000000003, 6.567]","(3.2350000000000003, 7.003]",*
4.811622634951768,"(3.2350000000000003, 6.003]","(3.2350000000000003, 6.132]","(3.2350000000000003, 6.299]","(3.2350000000000003, 6.567]","(3.2350000000000003, 7.003]",*
4.827542872580262,"(3.2350000000000003, 6.003]","(3.2350000000000003, 6.132]","(3.2350000000000003, 6.299]","(3.2350000000000003, 6.567]","(3.2350000000000003, 7.003]",*
4.8360907779524895,"(3.2350000000000003, 6.003]","(3.2350000000000003, 6.132]","(3.2350000000000003, 6.299]","(3.2350000000000003, 6.567]","(3.2350000000000003, 7.003]",*
4.839427216046917,"(3.2350000000000003, 6.003]","(3.2350000000000003, 6.132]","(3.2350000000000003, 6.299]","(3.2350000000000003, 6.567]","(3.2350000000000003, 7.003]",*
4.840595055150166,"(3.2350000000000003, 6.003]","(3.2350000000000003, 6.132]","(3.2350000000000003, 6.299]","(3.2350000000000003, 6.567]","(3.2350000000000003, 7.003]",*
4.851423020144415,"(3.2350000000000003, 6.003]","(3.2350000000000003, 6.132]","(3.2350000000000003, 6.299]","(3.2350000000000003, 6.567]","(3.2350000000000003, 7.003]",*
4.869230945210908,"(3.2350000000000003, 6.003]","(3.2350000000000003, 6.132]","(3.2350000000000003, 6.299]","(3.2350000000000003, 6.567]","(3.2350000000000003, 7.003]",*
4.878168680902394,"(3.2350000000000003, 6.003]","(3.2350000000000003, 6.132]","(3.2350000000000003, 6.299]","(3.2350000000000003, 6.567]","(3.2350000000000003, 7.003]",*
4.878600638068855,"(3.2350000000000003, 6.003]","(3.2350000000000003, 6.132]","(3.2350000000000003, 6.299]","(3.2350000000000003, 6.567]","(3.2350000000000003, 7.003]",*
4.8788742867129145,"(3.2350000000000003, 6.003]","(3.2350000000000003, 6.132]","(3.2350000000000003, 6.299]","(3.2350000000000003, 6.567]","(3.2350000000000003, 7.003]",*
4.882380596004434,"(3.2350000000000003, 6.003]","(3.2350000000000003, 6.132]","(3.2350000000000003, 6.299]","(3.2350000000000003, 6.567]","(3.2350000000000003, 7.003]",*
4.887183995236437,"(3.2350000000000003, 6.003]","(3.2350000000000003, 6.132]","(3.2350000000000003, 6.299]","(3.2350000000000003, 6.567]","(3.2350000000000003, 7.003]",*
4.891429666076752,"(3.2350000000000003, 6.003]","(3.2350000000000003, 6.132]","(3.2350000000000003, 6.299]","(3.2350000000000003, 6.567]","(3.2350000000000003, 7.003]",*
4.891681432096019,"(3.2350000000000003, 6.003]","(3.2350000000000003, 6.132]","(3.2350000000000003, 6.299]","(3.2350000000000003, 6.567]","(3.2350000000000003, 7.003]",*
4.89420334103426,"(3.2350000000000003, 6.003]","(3.2350000000000003, 6.132]","(3.2350000000000003, 6.299]","(3.2350000000000003, 6.567]","(3.2350000000000003, 7.003]",*
4.90476836927562,"(3.2350000000000003, 6.003]","(3.2350000000000003, 6.132]","(3.2350000000000003, 6.299]","(3.2350000000000003, 6.567]","(3.2350000000000003, 7.003]",*
4.923681152276594,"(3.2350000000000003, 6.003]","(3.2350000000000003, 6.132]","(3.2350000000000003, 6.299]","(3.2350000000000003, 6.567]","(3.2350000000000003, 7.003]",*
4.932617458179231,"(3.2350000000000003, 6.003]","(3.2350000000000003, 6.132]","(3.2350000000000003, 6.299]","(3.2350000000000003, 6.567]","(3.2350000000000003, 7.003]",*
4.936329008647585,"(3.2350000000000003, 6.003]","(3.2350000000000003, 6.132]","(3.2350000000000003, 6.299]","(3.2350000000000003, 6.567]","(3.2350000000000003, 7.003]",*
4.946874791099376,"(3.2350000000000003, 6.003]","(3.2350000000000003, 6.132]","(3.2350000000000003, 6.299]","(3.2350000000000003, 6.567]","(3.2350000000000003, 7.003]",*
4.947302122656403,"(3.2350000000000003, 6.003]","(3.2350000000000003, 6.132]","(3.2350000000000003, 6.299]","(3.2350000000000003, 6.567]","(3.2350000000000003, 7.003]",*
4.954387464005629,"(3.2350000000000003, 6.003]","(3.2350000000000003, 6.132]","(3.2350000000000003, 6.299]","(3.2350000000000003, 6.567]","(3.2350000000000003, 7.003]",*
4.956271804541233,"(3.2350000000000003, 6.003]","(3.2350000000000003, 6.132]","(3.2350000000000003, 6.299]","(3.2350000000000003, 6.567]","(3.2350000000000003, 7.003]",*
4.958376817367278,"(3.2350000000000003, 6.003]","(3.2350000000000003, 6.132]","(3.2350000000000003, 6.299]","(3.2350000000000003, 6.567]","(3.2350000000000003, 7.003]",*
4.959858561955727,"(3.2350000000000003, 6.003]","(3.2350000000000003, 6.132]","(3.2350000000000003, 6.299]","(3.2350000000000003, 6.567]","(3.2350000000000003, 7.003]",*
4.960131756057528,"(3.2350000000000003, 6.003]","(3.2350000000000003, 6.132]","(3.2350000000000003, 6.299]","(3.2350000000000003, 6.567]","(3.2350000000000003, 7.003]",*
4.964948322464789,"(3.2350000000000003, 6.003]","(3.2350000000000003, 6.132]","(3.2350000000000003, 6.299]","(3.2350000000000003, 6.567]","(3.2350000000000003, 7.003]",*
4.967388399815217,"(3.2350000000000003, 6.003]","(3.2350000000000003, 6.132]","(3.2350000000000003, 6.299]","(3.2350000000000003, 6.567]","(3.2350000000000003, 7.003]",*
4.968281480737257,"(3.2350000000000003, 6.003]","(3.2350000000000003, 6.132]","(3.2350000000000003, 6.299]","(3.2350000000000003, 6.567]","(3.2350000000000003, 7.003]",*
4.969158206596392,"(3.2350000000000003, 6.003]","(3.2350000000000003, 6.132]","(3.2350000000000003, 6.299]","(3.2350000000000003, 6.567]","(3.2350000000000003, 7.003]",*
4.970758232534344,"(3.2350000000000003, 6.003]","(3.2350000000000003, 6.132]","(3.2350000000000003, 6.299]","(3.2350000000000003, 6.567]","(3.2350000000000003, 7.003]",*
4.977169149857937,"(3.2350000000000003, 6.003]","(3.2350000000000003, 6.132]","(3.2350000000000003, 6.299]","(3.2350000000000003, 6.567]","(3.2350000000000003, 7.003]",*
4.9802194725087405,"(3.2350000000000003, 6.003]","(3.2350000000000003, 6.132]","(3.2350000000000003, 6.299]","(3.2350000000000003, 6.567]","(3.2350000000000003, 7.003]",*
4.985136206837568,"(3.2350000000000003, 6.003]","(3.2350000000000003, 6.132]","(3.2350000000000003, 6.299]","(3.2350000000000003, 6.567]","(3.2350000000000003, 7.003]",*
4.990364538939866,"(3.2350000000000003, 6.003]","(3.2350000000000003, 6.132]","(3.2350000000000003, 6.299]","(3.2350000000000003, 6.567]","(3.2350000000000003, 7.003]",*
4.993759778341222,"(3.2350000000000003, 6.003]","(3.2350000000000003, 6.132]","(3.2350000000000003, 6.299]","(3.2350000000000003, 6.567]","(3.2350000000000003, 7.003]",*
4.9946897862828274,"(3.2350000000000003, 6.003]","(3.2350000000000003, 6.132]","(3.2350000000000003, 6.299]","(3.2350000000000003, 6.567]","(3.2350000000000003, 7.003]",*
5.00383636755668,"(3.2350000000000003, 6.003]","(3.2350000000000003, 6.132]","(3.2350000000000003, 6.299]","(3.2350000000000003, 6.567]","(3.2350000000000003, 7.003]",*
5.004809473311838,"(3.2350000000000003, 6.003]","(3.2350000000000003, 6.132]","(3.2350000000000003, 6.299]","(3.2350000000000003, 6.567]","(3.2350000000000003, 7.003]",*
5.012792885931186,"(3.2350000000000003, 6.003]","(3.2350000000000003, 6.132]","(3.2350000000000003, 6.299]","(3.2350000000000003, 6.567]","(3.2350000000000003, 7.003]",*
5.012885305742059,"(3.2350000000000003, 6.003]","(3.2350000000000003, 6.132]","(3.2350000000000003, 6.299]","(3.2350000000000003, 6.567]","(3.2350000000000003, 7.003]",*
5.014301356372574,"(3.2350000000000003, 6.003]","(3.2350000000000003, 6.132]","(3.2350000000000003, 6.299]","(3.2350000000000003, 6.567]","(3.2350000000000003, 7.003]",*
5.014916517281431,"(3.2350000000000003, 6.003]","(3.2350000000000003, 6.132]","(3.2350000000000003, 6.299]","(3.2350000000000003, 6.567]","(3.2350000000000003, 7.003]",*
5.034525351903061,"(3.2350000000000003, 6.003]","(3.2350000000000003, 6.132]","(3.2350000000000003, 6.299]","(3.2350000000000003, 6.567]","(3.2350000000000003, 7.003]",*
5.036428917792847,"(3.2350000000000003, 6.003]","(3.2350000000000003, 6.132]","(3.2350000000000003, 6.299]","(3.2350000000000003, 6.567]","(3.2350000000000003, 7.003]",*
5.0387898079957845,"(3.2350000000000003, 6.003]","(3.2350000000000003, 6.132]","(3.2350000000000003, 6.299]","(3.2350000000000003, 6.567]","(3.2350000000000003, 7.003]",*
5.03958706866012,"(3.2350000000000003, 6.003]","(3.2350000000000003, 6.132]","(3.2350000000000003, 6.299]","(3.2350000000000003, 6.567]","(3.2350000000000003, 7.003]",*
5.040349931431433,"(3.2350000000000003, 6.003]","(3.2350000000000003, 6.132]","(3.2350000000000003, 6.299]","(3.2350000000000003, 6.567]","(3.2350000000000003, 7.003]",*
5.042575353614733,"(3.2350000000000003, 6.003]","(3.2350000000000003, 6.132]","(3.2350000000000003, 6.299]","(3.2350000000000003, 6.567]","(3.2350000000000003, 7.003]",*
5.042746799645982,"(3.2350000000000003, 6.003]","(3.2350000000000003, 6.132]","(3.2350000000000003, 6.299]","(3.2350000000000003, 6.567]","(3.2350000000000003, 7.003]",*
5.04812784554222,"(3.2350000000000003, 6.003]","(3.2350000000000003, 6.132]","(3.2350000000000003, 6.299]","(3.2350000000000003, 6.567]","(3.2350000000000003, 7.003]",*
5.0530658891736815,"(3.2350000000000003, 6.003]","(3.2350000000000003, 6.132]","(3.2350000000000003, 6.299]","(3.2350000000000003, 6.567]","(3.2350000000000003, 7.003]",*
5.0556286385681055,"(3.2350000000000003, 6.003]","(3.2350000000000003, 6.132]","(3.2350000000000003, 6.299]","(3.2350000000000003, 6.567]","(3.2350000000000003, 7.003]",*
5.055857860913258,"(3.2350000000000003, 6.003]","(3.2350000000000003, 6.132]","(3.2350000000000003, 6.299]","(3.2350000000000003, 6.567]","(3.2350000000000003, 7.003]",*
5.0561897402650064,"(3.2350000000000003, 6.003]","(3.2350000000000003, 6.132]","(3.2350000000000003, 6.299]","(3.2350000000000003, 6.567]","(3.2350000000000003, 7.003]",*
5.0567341273363535,"(3.2350000000000003, 6.003]","(3.2350000000000003, 6.132]","(3.2350000000000003, 6.299]","(3.2350000000000003, 6.567]","(3.2350000000000003, 7.003]",*
5.058460706047713,"(3.2350000000000003, 6.003]","(3.2350000000000003, 6.132]","(3.2350000000000003, 6.299]","(3.2350000000000003, 6.567]","(3.2350000000000003, 7.003]",*
5.058696699648513,"(3.2350000000000003, 6.003]","(3.2350000000000003, 6.132]","(3.2350000000000003, 6.299]","(3.2350000000000003, 6.567]","(3.2350000000000003, 7.003]",*
5.060174793737951,"(3.2350000000000003, 6.003]","(3.2350000000000003, 6.132]","(3.2350000000000003, 6.299]","(3.2350000000000003, 6.567]","(3.2350000000000003, 7.003]",*
5.062461856861177,"(3.2350000000000003, 6.003]","(3.2350000000000003, 6.132]","(3.2350000000000003, 6.299]","(3.2350000000000003, 6.567]","(3.2350000000000003, 7.003]",*
5.066614325875821,"(3.2350000000000003, 6.003]","(3.2350000000000003, 6.132]","(3.2350000000000003, 6.299]","(3.2350000000000003, 6.567]","(3.2350000000000003, 7.003]",*
5.070184059038814,"(3.2350000000000003, 6.003]","(3.2350000000000003, 6.132]","(3.2350000000000003, 6.299]","(3.2350000000000003, 6.567]","(3.2350000000000003, 7.003]",*
5.0711118668430055,"(3.2350000000000003, 6.003]","(3.2350000000000003, 6.132]","(3.2350000000000003, 6.299]","(3.2350000000000003, 6.567]","(3.2350000000000003, 7.003]",*
5.079670605595699,"(3.2350000000000003, 6.003]","(3.2350000000000003, 6.132]","(3.2350000000000003, 6.299]","(3.2350000000000003, 6.567]","(3.2350000000000003, 7.003]",*
5.08021516884955,"(3.2350000000000003, 6.003]","(3.2350000000000003, 6.132]","(3.2350000000000003, 6.299]","(3.2350000000000003, 6.567]","(3.2350000000000003, 7.003]",*
5.086433684044206,"(3.2350000000000003, 6.003]","(3.2350000000000003, 6.132]","(3.2350000000000003, 6.299]","(3.2350000000000003, 6.567]","(3.2350000000000003, 7.003]",*
5.093526735078053,"(3.2350000000000003, 6.003]","(3.2350000000000003, 6.132]","(3.2350000000000003, 6.299]","(3.2350000000000003, 6.567]","(3.2350000000000003, 7.003]",*
5.096917456207575,"(3.2350000000000003, 6.003]","(3.2350000000000003, 6.132]","(3.2350000000000003, 6.299]","(3.2350000000000003, 6.567]","(3.2350000000000003, 7.003]",*
5.0970095543775615,"(3.2350000000000003, 6.003]","(3.2350000000000003, 6.132]","(3.2350000000000003, 6.299]","(3.2350000000000003, 6.567]","(3.2350000000000003, 7.003]",*
5.097025362049049,"(3.2350000000000003, 6.003]","(3.2350000000000003, 6.132]","(3.2350000000000003, 6.299]","(3.2350000000000003, 6.567]","(3.2350000000000003, 7.003]",*
5.105792852120161,"(3.2350000000000003, 6.003]","(3.2350000000000003, 6.132]","(3.2350000000000003, 6.299]","(3.2350000000000003, 6.567]","(3.2350000000000003, 7.003]",*
5.1069622472529925,"(3.2350000000000003, 6.003]","(3.2350000000000003, 6.132]","(3.2350000000000003, 6.299]","(3.2350000000000003, 6.567]","(3.2350000000000003, 7.003]",*
5.108517591632415,"(3.2350000000000003, 6.003]","(3.2350000000000003, 6.132]","(3.2350000000000003, 6.299]","(3.2350000000000003, 6.567]","(3.2350000000000003, 7.003]",*
5.110956385550419,"(3.2350000000000003, 6.003]","(3.2350000000000003, 6.132]","(3.2350000000000003, 6.299]","(3.2350000000000003, 6.567]","(3.2350000000000003, 7.003]",*
5.1120990124580405,"(3.2350000000000003, 6.003]","(3.2350000000000003, 6.132]","(3.2350000000000003, 6.299]","(3.2350000000000003, 6.567]","(3.2350000000000003, 7.003]",*
5.1159451642401335,"(3.2350000000000003, 6.003]","(3.2350000000000003, 6.132]","(3.2350000000000003, 6.299]","(3.2350000000000003, 6.567]","(3.2350000000000003, 7.003]",*
5.116256419308323,"(3.2350000000000003, 6.003]","(3.2350000000000003, 6.132]","(3.2350000000000003, 6.299]","(3.2350000000000003, 6.567]","(3.2350000000000003, 7.003]",*
5.122241484135612,"(3.2350000000000003, 6.003]","(3.2350000000000003, 6.132]","(3.2350000000000003, 6.299]","(3.2350000000000003, 6.567]","(3.2350000000000003, 7.003]",*
5.123795283832028,"(3.2350000000000003, 6.003]","(3.2350000000000003, 6.132]","(3.2350000000000003, 6.299]","(3.2350000000000003, 6.567]","(3.2350000000000003, 7.003]",*
5.128000603787303,"(3.2350000000000003, 6.003]","(3.2350000000000003, 6.132]","(3.2350000000000003, 6.299]","(3.2350000000000003, 6.567]","(3.2350000000000003, 7.003]",*
5.12912055199554,"(3.2350000000000003, 6.003]","(3.2350000000000003, 6.132]","(3.2350000000000003, 6.299]","(3.2350000000000003, 6.567]","(3.2350000000000003, 7.003]",*
5.133465710813106,"(3.2350000000000003, 6.003]","(3.2350000000000003, 6.132]","(3.2350000000000003, 6.299]","(3.2350000000000003, 6.567]","(3.2350000000000003, 7.003]",*
5.136280125637692,"(3.2350000000000003, 6.003]","(3.2350000000000003, 6.132]","(3.2350000000000003, 6.299]","(3.2350000000000003, 6.567]","(3.2350000000000003, 7.003]",*
5.139219088521372,"(3.2350000000000003, 6.003]","(3.2350000000000003, 6.132]","(3.2350000000000003, 6.299]","(3.2350000000000003, 6.567]","(3.2350000000000003, 7.003]",*
5.139752529108062,"(3.2350000000000003, 6.003]","(3.2350000000000003, 6.132]","(3.2350000000000003, 6.299]","(3.2350000000000003, 6.567]","(3.2350000000000003, 7.003]",*
5.144538564622333,"(3.2350000000000003, 6.003]","(3.2350000000000003, 6.132]","(3.2350000000000003, 6.299]","(3.2350000000000003, 6.567]","(3.2350000000000003, 7.003]",*
5.144709635560877,"(3.2350000000000003, 6.003]","(3.2350000000000003, 6.132]","(3.2350000000000003, 6.299]","(3.2350000000000003, 6.567]","(3.2350000000000003, 7.003]",*
5.153574702931829,"(3.2350000000000003, 6.003]","(3.2350000000000003, 6.132]","(3.2350000000000003, 6.299]","(3.2350000000000003, 6.567]","(3.2350000000000003, 7.003]",*
5.157097217512554,"(3.2350000000000003, 6.003]","(3.2350000000000003, 6.132]","(3.2350000000000003, 6.299]","(3.2350000000000003, 6.567]","(3.2350000000000003, 7.003]",*
5.16023950447391,"(3.2350000000000003, 6.003]","(3.2350000000000003, 6.132]","(3.2350000000000003, 6.299]","(3.2350000000000003, 6.567]","(3.2350000000000003, 7.003]",*
5.164151598825394,"(3.2350000000000003, 6.003]","(3.2350000000000003, 6.132]","(3.2350000000000003, 6.299]","(3.2350000000000003, 6.567]","(3.2350000000000003, 7.003]",*
5.1647846479018575,"(3.2350000000000003, 6.003]","(3.2350000000000003, 6.132]","(3.2350000000000003, 6.299]","(3.2350000000000003, 6.567]","(3.2350000000000003, 7.003]",*
5.1648654759782895,"(3.2350000000000003, 6.003]","(3.2350000000000003, 6.132]","(3.2350000000000003, 6.299]","(3.2350000000000003, 6.567]","(3.2350000000000003, 7.003]",*
5.1658672554990686,"(3.2350000000000003, 6.003]","(3.2350000000000003, 6.132]","(3.2350000000000003, 6.299]","(3.2350000000000003, 6.567]","(3.2350000000000003, 7.003]",*
5.165901842364981,"(3.2350000000000003, 6.003]","(3.2350000000000003, 6.132]","(3.2350000000000003, 6.299]","(3.2350000000000003, 6.567]","(3.2350000000000003, 7.003]",*
5.167324385034484,"(3.2350000000000003, 6.003]","(3.2350000000000003, 6.132]","(3.2350000000000003, 6.299]","(3.2350000000000003, 6.567]","(3.2350000000000003, 7.003]",*
5.169303401222397,"(3.2350000000000003, 6.003]","(3.2350000000000003, 6.132]","(3.2350000000000003, 6.299]","(3.2350000000000003, 6.567]","(3.2350000000000003, 7.003]",*
5.169596691341092,"(3.2350000000000003, 6.003]","(3.2350000000000003, 6.132]","(3.2350000000000003, 6.299]","(3.2350000000000003, 6.567]","(3.2350000000000003, 7.003]",*
5.178078664413969,"(3.2350000000000003, 6.003]","(3.2350000000000003, 6.132]","(3.2350000000000003, 6.299]","(3.2350000000000003, 6.567]","(3.2350000000000003, 7.003]",*
5.178628478991158,"(3.2350000000000003, 6.003]","(3.2350000000000003, 6.132]","(3.2350000000000003, 6.299]","(3.2350000000000003, 6.567]","(3.2350000000000003, 7.003]",*
5.181613803996049,"(3.2350000000000003, 6.003]","(3.2350000000000003, 6.132]","(3.2350000000000003, 6.299]","(3.2350000000000003, 6.567]","(3.2350000000000003, 7.003]",*
5.183636551768097,"(3.2350000000000003, 6.003]","(3.2350000000000003, 6.132]","(3.2350000000000003, 6.299]","(3.2350000000000003, 6.567]","(3.2350000000000003, 7.003]",*
5.18456892281346,"(3.2350000000000003, 6.003]","(3.2350000000000003, 6.132]","(3.2350000000000003, 6.299]","(3.2350000000000003, 6.567]","(3.2350000000000003, 7.003]",*
5.185860953261519,"(3.2350000000000003, 6.003]","(3.2350000000000003, 6.132]","(3.2350000000000003, 6.299]","(3.2350000000000003, 6.567]","(3.2350000000000003, 7.003]",*
5.186852795730614,"(3.2350000000000003, 6.003]","(3.2350000000000003, 6.132]","(3.2350000000000003, 6.299]","(3.2350000000000003, 6.567]","(3.2350000000000003, 7.003]",*
5.187313979000792,"(3.2350000000000003, 6.003]","(3.2350000000000003, 6.132]","(3.2350000000000003, 6.299]","(3.2350000000000003, 6.567]","(3.2350000000000003, 7.003]",*
5.192787773328778,"(3.2350000000000003, 6.003]","(3.2350000000000003, 6.132]","(3.2350000000000003, 6.299]","(3.2350000000000003, 6.567]","(3.2350000000000003, 7.003]",*
5.193259488049739,"(3.2350000000000003, 6.003]","(3.2350000000000003, 6.132]","(3.2350000000000003, 6.299]","(3.2350000000000003, 6.567]","(3.2350000000000003, 7.003]",*
5.1947818998877695,"(3.2350000000000003, 6.003]","(3.2350000000000003, 6.132]","(3.2350000000000003, 6.299]","(3.2350000000000003, 6.567]","(3.2350000000000003, 7.003]",*
5.197253904709156,"(3.2350000000000003, 6.003]","(3.2350000000000003, 6.132]","(3.2350000000000003, 6.299]","(3.2350000000000003, 6.567]","(3.2350000000000003, 7.003]",*
5.210848293705902,"(3.2350000000000003, 6.003]","(3.2350000000000003, 6.132]","(3.2350000000000003, 6.299]","(3.2350000000000003, 6.567]","(3.2350000000000003, 7.003]",*
5.2116956265858665,"(3.2350000000000003, 6.003]","(3.2350000000000003, 6.132]","(3.2350000000000003, 6.299]","(3.2350000000000003, 6.567]","(3.2350000000000003, 7.003]",*
5.211933975691822,"(3.2350000000000003, 6.003]","(3.2350000000000003, 6.132]","(3.2350000000000003, 6.299]","(3.2350000000000003, 6.567]","(3.2350000000000003, 7.003]",*
5.213234052189499,"(3.2350000000000003, 6.003]","(3.2350000000000003, 6.132]","(3.2350000000000003, 6.299]","(3.2350000000000003, 6.567]","(3.2350000000000003, 7.003]",*
5.216144084277786,"(3.2350000000000003, 6.003]","(3.2350000000000003, 6.132]","(3.2350000000000003, 6.299]","(3.2350000000000003, 6.567]","(3.2350000000000003, 7.003]",*
5.216166888972396,"(3.2350000000000003, 6.003]","(3.2350000000000003, 6.132]","(3.2350000000000003, 6.299]","(3.2350000000000003, 6.567]","(3.2350000000000003, 7.003]",*
5.218507156074958,"(3.2350000000000003, 6.003]","(3.2350000000000003, 6.132]","(3.2350000000000003, 6.299]","(3.2350000000000003, 6.567]","(3.2350000000000003, 7.003]",*
5.219754029195479,"(3.2350000000000003, 6.003]","(3.2350000000000003, 6.132]","(3.2350000000000003, 6.299]","(3.2350000000000003, 6.567]","(3.2350000000000003, 7.003]",*
5.220126531775328,"(3.2350000000000003, 6.003]","(3.2350000000000003, 6.132]","(3.2350000000000003, 6.299]","(3.2350000000000003, 6.567]","(3.2350000000000003, 7.003]",*
5.220527709444481,"(3.2350000000000003, 6.003]","(3.2350000000000003, 6.132]","(3.2350000000000003, 6.299]","(3.2350000000000003, 6.567]","(3.2350000000000003, 7.003]",*
5.225281600890286,"(3.2350000000000003, 6.003]","(3.2350000000000003, 6.132]","(3.2350000000000003, 6.299]","(3.2350000000000003, 6.567]","(3.2350000000000003, 7.003]",*
5.2279881676896025,"(3.2350000000000003, 6.003]","(3.2350000000000003, 6.132]","(3.2350000000000003, 6.299]","(3.2350000000000003, 6.567]","(3.2350000000000003, 7.003]",*
5.2284394477919856,"(3.2350000000000003, 6.003]","(3.2350000000000003, 6.132]","(3.2350000000000003, 6.299]","(3.2350000000000003, 6.567]","(3.2350000000000003, 7.003]",*
5.229619480723949,"(3.2350000000000003, 6.003]","(3.2350000000000003, 6.132]","(3.2350000000000003, 6.299]","(3.2350000000000003, 6.567]","(3.2350000000000003, 7.003]",*
5.23019618594607,"(3.2350000000000003, 6.003]","(3.2350000000000003, 6.132]","(3.2350000000000003, 6.299]","(3.2350000000000003, 6.567]","(3.2350000000000003, 7.003]",*
5.230451273977756,"(3.2350000000000003, 6.003]","(3.2350000000000003, 6.132]","(3.2350000000000003, 6.299]","(3.2350000000000003, 6.567]","(3.2350000000000003, 7.003]",*
5.23261615318447,"(3.2350000000000003, 6.003]","(3.2350000000000003, 6.132]","(3.2350000000000003, 6.299]","(3.2350000000000003, 6.567]","(3.2350000000000003, 7.003]",*
5.23351353804151,"(3.2350000000000003, 6.003]","(3.2350000000000003, 6.132]","(3.2350000000000003, 6.299]","(3.2350000000000003, 6.567]","(3.2350000000000003, 7.003]",*
5.233763008437677,"(3.2350000000000003, 6.003]","(3.2350000000000003, 6.132]","(3.2350000000000003, 6.299]","(3.2350000000000003, 6.567]","(3.2350000000000003, 7.003]",*
5.240300886600403,"(3.2350000000000003, 6.003]","(3.2350000000000003, 6.132]","(3.2350000000000003, 6.299]","(3.2350000000000003, 6.567]","(3.2350000000000003, 7.003]",*
5.242644353667428,"(3.2350000000000003, 6.003]","(3.2350000000000003, 6.132]","(3.2350000000000003, 6.299]","(3.2350000000000003, 6.567]","(3.2350000000000003, 7.003]",*
5.243971276165572,"(3.2350000000000003, 6.003]","(3.2350000000000003, 6.132]","(3.2350000000000003, 6.299]","(3.2350000000000003, 6.567]","(3.2350000000000003, 7.003]",*
5.2548729822184255,"(3.2350000000000003, 6.003]","(3.2350000000000003, 6.132]","(3.2350000000000003, 6.299]","(3.2350000000000003, 6.567]","(3.2350000000000003, 7.003]",*
5.258021705177955,"(3.2350000000000003, 6.003]","(3.2350000000000003, 6.132]","(3.2350000000000003, 6.299]","(3.2350000000000003, 6.567]","(3.2350000000000003, 7.003]",*
5.2586963937301485,"(3.2350000000000003, 6.003]","(3.2350000000000003, 6.132]","(3.2350000000000003, 6.299]","(3.2350000000000003, 6.567]","(3.2350000000000003, 7.003]",*
5.259695411851781,"(3.2350000000000003, 6.003]","(3.2350000000000003, 6.132]","(3.2350000000000003, 6.299]","(3.2350000000000003, 6.567]","(3.2350000000000003, 7.003]",*
5.2663067895335445,"(3.2350000000000003, 6.003]","(3.2350000000000003, 6.132]","(3.2350000000000003, 6.299]","(3.2350000000000003, 6.567]","(3.2350000000000003, 7.003]",*
5.274642348637816,"(3.2350000000000003, 6.003]","(3.2350000000000003, 6.132]","(3.2350000000000003, 6.299]","(3.2350000000000003, 6.567]","(3.2350000000000003, 7.003]",*
5.275145433450397,"(3.2350000000000003, 6.003]","(3.2350000000000003, 6.132]","(3.2350000000000003, 6.299]","(3.2350000000000003, 6.567]","(3.2350000000000003, 7.003]",*
5.278282131298741,"(3.2350000000000003, 6.003]","(3.2350000000000003, 6.132]","(3.2350000000000003, 6.299]","(3.2350000000000003, 6.567]","(3.2350000000000003, 7.003]",*
5.279549359619933,"(3.2350000000000003, 6.003]","(3.2350000000000003, 6.132]","(3.2350000000000003, 6.299]","(3.2350000000000003, 6.567]","(3.2350000000000003, 7.003]",*
5.280332632219748,"(3.2350000000000003, 6.003]","(3.2350000000000003, 6.132]","(3.2350000000000003, 6.299]","(3.2350000000000003, 6.567]","(3.2350000000000003, 7.003]",*
5.283166552018477,"(3.2350000000000003, 6.003]","(3.2350000000000003, 6.132]","(3.2350000000000003, 6.299]","(3.2350000000000003, 6.567]","(3.2350000000000003, 7.003]",*
5.288572790348836,"(3.2350000000000003, 6.003]","(3.2350000000000003, 6.132]","(3.2350000000000003, 6.299]","(3.2350000000000003, 6.567]","(3.2350000000000003, 7.003]",*
5.28932728336713,"(3.2350000000000003, 6.003]","(3.2350000000000003, 6.132]","(3.2350000000000003, 6.299]","(3.2350000000000003, 6.567]","(3.2350000000000003, 7.003]",*
5.293383164975026,"(3.2350000000000003, 6.003]","(3.2350000000000003, 6.132]","(3.2350000000000003, 6.299]","(3.2350000000000003, 6.567]","(3.2350000000000003, 7.003]",*
5.29682702013482,"(3.2350000000000003, 6.003]","(3.2350000000000003, 6.132]","(3.2350000000000003, 6.299]","(3.2350000000000003, 6.567]","(3.2350000000000003, 7.003]",*
5.298417822529892,"(3.2350000000000003, 6.003]","(3.2350000000000003, 6.132]","(3.2350000000000003, 6.299]","(3.2350000000000003, 6.567]","(3.2350000000000003, 7.003]",*
5.30079845585441,"(3.2350000000000003, 6.003]","(3.2350000000000003, 6.132]","(3.2350000000000003, 6.299]","(3.2350000000000003, 6.567]","(3.2350000000000003, 7.003]",*
5.300989403017113,"(3.2350000000000003, 6.003]","(3.2350000000000003, 6.132]","(3.2350000000000003, 6.299]","(3.2350000000000003, 6.567]","(3.2350000000000003, 7.003]",*
5.303686665501512,"(3.2350000000000003, 6.003]","(3.2350000000000003, 6.132]","(3.2350000000000003, 6.299]","(3.2350000000000003, 6.567]","(3.2350000000000003, 7.003]",*
5.305000412053215,"(3.2350000000000003, 6.003]","(3.2350000000000003, 6.132]","(3.2350000000000003, 6.299]","(3.2350000000000003, 6.567]","(3.2350000000000003, 7.003]",*
5.307994551599048,"(3.2350000000000003, 6.003]","(3.2350000000000003, 6.132]","(3.2350000000000003, 6.299]","(3.2350000000000003, 6.567]","(3.2350000000000003, 7.003]",*
5.310761266224165,"(3.2350000000000003, 6.003]","(3.2350000000000003, 6.132]","(3.2350000000000003, 6.299]","(3.2350000000000003, 6.567]","(3.2350000000000003, 7.003]",*
5.313801865848131,"(3.2350000000000003, 6.003]","(3.2350000000000003, 6.132]","(3.2350000000000003, 6.299]","(3.2350000000000003, 6.567]","(3.2350000000000003, 7.003]",*
5.325036954981479,"(3.2350000000000003, 6.003]","(3.2350000000000003, 6.132]","(3.2350000000000003, 6.299]","(3.2350000000000003, 6.567]","(3.2350000000000003, 7.003]",*
5.326505508705943,"(3.2350000000000003, 6.003]","(3.2350000000000003, 6.132]","(3.2350000000000003, 6.299]","(3.2350000000000003, 6.567]","(3.2350000000000003, 7.003]",*
5.329030779329608,"(3.2350000000000003, 6.003]","(3.2350000000000003, 6.132]","(3.2350000000000003, 6.299]","(3.2350000000000003, 6.567]","(3.2350000000000003, 7.003]",*
5.330557139674255,"(3.2350000000000003, 6.003]","(3.2350000000000003, 6.132]","(3.2350000000000003, 6.299]","(3.2350000000000003, 6.567]","(3.2350000000000003, 7.003]",*
5.330953290664882,"(3.2350000000000003, 6.003]","(3.2350000000000003, 6.132]","(3.2350000000000003, 6.299]","(3.2350000000000003, 6.567]","(3.2350000000000003, 7.003]",*
5.331010175821481,"(3.2350000000000003, 6.003]","(3.2350000000000003, 6.132]","(3.2350000000000003, 6.299]","(3.2350000000000003, 6.567]","(3.2350000000000003, 7.003]",*
5.332060288787363,"(3.2350000000000003, 6.003]","(3.2350000000000003, 6.132]","(3.2350000000000003, 6.299]","(3.2350000000000003, 6.567]","(3.2350000000000003, 7.003]",*
5.332264567917743,"(3.2350000000000003, 6.003]","(3.2350000000000003, 6.132]","(3.2350000000000003, 6.299]","(3.2350000000000003, 6.567]","(3.2350000000000003, 7.003]",*
5.335454983971137,"(3.2350000000000003, 6.003]","(3.2350000000000003, 6.132]","(3.2350000000000003, 6.299]","(3.2350000000000003, 6.567]","(3.2350000000000003, 7.003]",*
5.335758659191688,"(3.2350000000000003, 6.003]","(3.2350000000000003, 6.132]","(3.2350000000000003, 6.299]","(3.2350000000000003, 6.567]","(3.2350000000000003, 7.003]",*
5.336456812757179,"(3.2350000000000003, 6.003]","(3.2350000000000003, 6.132]","(3.2350000000000003, 6.299]","(3.2350000000000003, 6.567]","(3.2350000000000003, 7.003]",*
5.33653468129093,"(3.2350000000000003, 6.003]","(3.2350000000000003, 6.132]","(3.2350000000000003, 6.299]","(3.2350000000000003, 6.567]","(3.2350000000000003, 7.003]",*
5.3367782194170434,"(3.2350000000000003, 6.003]","(3.2350000000000003, 6.132]","(3.2350000000000003, 6.299]","(3.2350000000000003, 6.567]","(3.2350000000000003, 7.003]",*
5.336841155637915,"(3.2350000000000003, 6.003]","(3.2350000000000003, 6.132]","(3.2350000000000003, 6.299]","(3.2350000000000003, 6.567]","(3.2350000000000003, 7.003]",*
5.340058389713907,"(3.2350000000000003, 6.003]","(3.2350000000000003, 6.132]","(3.2350000000000003, 6.299]","(3.2350000000000003, 6.567]","(3.2350000000000003, 7.003]",*
5.340590654844919,"(3.2350000000000003, 6.003]","(3.2350000000000003, 6.132]","(3.2350000000000003, 6.299]","(3.2350000000000003, 6.567]","(3.2350000000000003, 7.003]",*
5.34221715799716,"(3.2350000000000003, 6.003]","(3.2350000000000003, 6.132]","(3.2350000000000003, 6.299]","(3.2350000000000003, 6.567]","(3.2350000000000003, 7.003]",*
5.3431819256373085,"(3.2350000000000003, 6.003]","(3.2350000000000003, 6.132]","(3.2350000000000003, 6.299]","(3.2350000000000003, 6.567]","(3.2350000000000003, 7.003]",*
5.345303336959972,"(3.2350000000000003, 6.003]","(3.2350000000000003, 6.132]","(3.2350000000000003, 6.299]","(3.2350000000000003, 6.567]","(3.2350000000000003, 7.003]",*
5.346830442494945,"(3.2350000000000003, 6.003]","(3.2350000000000003, 6.132]","(3.2350000000000003, 6.299]","(3.2350000000000003, 6.567]","(3.2350000000000003, 7.003]",*
5.347027061136258,"(3.2350000000000003, 6.003]","(3.2350000000000003, 6.132]","(3.2350000000000003, 6.299]","(3.2350000000000003, 6.567]","(3.2350000000000003, 7.003]",*
5.348048644830668,"(3.2350000000000003, 6.003]","(3.2350000000000003, 6.132]","(3.2350000000000003, 6.299]","(3.2350000000000003, 6.567]","(3.2350000000000003, 7.003]",*
5.355012549854008,"(3.2350000000000003, 6.003]","(3.2350000000000003, 6.132]","(3.2350000000000003, 6.299]","(3.2350000000000003, 6.567]","(3.2350000000000003, 7.003]",*
5.355105144395681,"(3.2350000000000003, 6.003]","(3.2350000000000003, 6.132]","(3.2350000000000003, 6.299]","(3.2350000000000003, 6.567]","(3.2350000000000003, 7.003]",*
5.355113623616555,"(3.2350000000000003, 6.003]","(3.2350000000000003, 6.132]","(3.2350000000000003, 6.299]","(3.2350000000000003, 6.567]","(3.2350000000000003, 7.003]",*
5.355861176465199,"(3.2350000000000003, 6.003]","(3.2350000000000003, 6.132]","(3.2350000000000003, 6.299]","(3.2350000000000003, 6.567]","(3.2350000000000003, 7.003]",*
5.360885834200758,"(3.2350000000000003, 6.003]","(3.2350000000000003, 6.132]","(3.2350000000000003, 6.299]","(3.2350000000000003, 6.567]","(3.2350000000000003, 7.003]",*
5.362668496322407,"(3.2350000000000003, 6.003]","(3.2350000000000003, 6.132]","(3.2350000000000003, 6.299]","(3.2350000000000003, 6.567]","(3.2350000000000003, 7.003]",*
5.364679402688277,"(3.2350000000000003, 6.003]","(3.2350000000000003, 6.132]","(3.2350000000000003, 6.299]","(3.2350000000000003, 6.567]","(3.2350000000000003, 7.003]",*
5.365198871230152,"(3.2350000000000003, 6.003]","(3.2350000000000003, 6.132]","(3.2350000000000003, 6.299]","(3.2350000000000003, 6.567]","(3.2350000000000003, 7.003]",*
5.368804360142369,"(3.2350000000000003, 6.003]","(3.2350000000000003, 6.132]","(3.2350000000000003, 6.299]","(3.2350000000000003, 6.567]","(3.2350000000000003, 7.003]",*
5.3692824739213405,"(3.2350000000000003, 6.003]","(3.2350000000000003, 6.132]","(3.2350000000000003, 6.299]","(3.2350000000000003, 6.567]","(3.2350000000000003, 7.003]",*
5.370162144071164,"(3.2350000000000003, 6.003]","(3.2350000000000003, 6.132]","(3.2350000000000003, 6.299]","(3.2350000000000003, 6.567]","(3.2350000000000003, 7.003]",*
5.370211325715167,"(3.2350000000000003, 6.003]","(3.2350000000000003, 6.132]","(3.2350000000000003, 6.299]","(3.2350000000000003, 6.567]","(3.2350000000000003, 7.003]",*
5.370386614169023,"(3.2350000000000003, 6.003]","(3.2350000000000003, 6.132]","(3.2350000000000003, 6.299]","(3.2350000000000003, 6.567]","(3.2350000000000003, 7.003]",*
5.3729922955212,"(3.2350000000000003, 6.003]","(3.2350000000000003, 6.132]","(3.2350000000000003, 6.299]","(3.2350000000000003, 6.567]","(3.2350000000000003, 7.003]",*
5.374961622361369,"(3.2350000000000003, 6.003]","(3.2350000000000003, 6.132]","(3.2350000000000003, 6.299]","(3.2350000000000003, 6.567]","(3.2350000000000003, 7.003]",*
5.37673369672094,"(3.2350000000000003, 6.003]","(3.2350000000000003, 6.132]","(3.2350000000000003, 6.299]","(3.2350000000000003, 6.567]","(3.2350000000000003, 7.003]",*
5.378450453515479,"(3.2350000000000003, 6.003]","(3.2350000000000003, 6.132]","(3.2350000000000003, 6.299]","(3.2350000000000003, 6.567]","(3.2350000000000003, 7.003]",*
5.379363224583494,"(3.2350000000000003, 6.003]","(3.2350000000000003, 6.132]","(3.2350000000000003, 6.299]","(3.2350000000000003, 6.567]","(3.2350000000000003, 7.003]",*
5.381038359373993,"(3.2350000000000003, 6.003]","(3.2350000000000003, 6.132]","(3.2350000000000003, 6.299]","(3.2350000000000003, 6.567]","(3.2350000000000003, 7.003]",*
5.382998153970088,"(3.2350000000000003, 6.003]","(3.2350000000000003, 6.132]","(3.2350000000000003, 6.299]","(3.2350000000000003, 6.567]","(3.2350000000000003, 7.003]",*
5.385339777521385,"(3.2350000000000003, 6.003]","(3.2350000000000003, 6.132]","(3.2350000000000003, 6.299]","(3.2350000000000003, 6.567]","(3.2350000000000003, 7.003]",*
5.386571385476851,"(3.2350000000000003, 6.003]","(3.2350000000000003, 6.132]","(3.2350000000000003, 6.299]","(3.2350000000000003, 6.567]","(3.2350000000000003, 7.003]",*
5.3884627846188735,"(3.2350000000000003, 6.003]","(3.2350000000000003, 6.132]","(3.2350000000000003, 6.299]","(3.2350000000000003, 6.567]","(3.2350000000000003, 7.003]",*
5.397883694727908,"(3.2350000000000003, 6.003]","(3.2350000000000003, 6.132]","(3.2350000000000003, 6.299]","(3.2350000000000003, 6.567]","(3.2350000000000003, 7.003]",*
5.401579141401541,"(3.2350000000000003, 6.003]","(3.2350000000000003, 6.132]","(3.2350000000000003, 6.299]","(3.2350000000000003, 6.567]","(3.2350000000000003, 7.003]",*
5.401786825109081,"(3.2350000000000003, 6.003]","(3.2350000000000003, 6.132]","(3.2350000000000003, 6.299]","(3.2350000000000003, 6.567]","(3.2350000000000003, 7.003]",*
5.406339145545564,"(3.2350000000000003, 6.003]","(3.2350000000000003, 6.132]","(3.2350000000000003, 6.299]","(3.2350000000000003, 6.567]","(3.2350000000000003, 7.003]",*
5.407523268825863,"(3.2350000000000003, 6.003]","(3.2350000000000003, 6.132]","(3.2350000000000003, 6.299]","(3.2350000000000003, 6.567]","(3.2350000000000003, 7.003]",*
5.407974627278722,"(3.2350000000000003, 6.003]","(3.2350000000000003, 6.132]","(3.2350000000000003, 6.299]","(3.2350000000000003, 6.567]","(3.2350000000000003, 7.003]",*
5.408033959633155,"(3.2350000000000003, 6.003]","(3.2350000000000003, 6.132]","(3.2350000000000003, 6.299]","(3.2350000000000003, 6.567]","(3.2350000000000003, 7.003]",*
5.408604779515621,"(3.2350000000000003, 6.003]","(3.2350000000000003, 6.132]","(3.2350000000000003, 6.299]","(3.2350000000000003, 6.567]","(3.2350000000000003, 7.003]",*
5.40936787813958,"(3.2350000000000003, 6.003]","(3.2350000000000003, 6.132]","(3.2350000000000003, 6.299]","(3.2350000000000003, 6.567]","(3.2350000000000003, 7.003]",*
5.411953102999759,"(3.2350000000000003, 6.003]","(3.2350000000000003, 6.132]","(3.2350000000000003, 6.299]","(3.2350000000000003, 6.567]","(3.2350000000000003, 7.003]",*
5.4164102732636925,"(3.2350000000000003, 6.003]","(3.2350000000000003, 6.132]","(3.2350000000000003, 6.299]","(3.2350000000000003, 6.567]","(3.2350000000000003, 7.003]",*
5.41923578334456,"(3.2350000000000003, 6.003]","(3.2350000000000003, 6.132]","(3.2350000000000003, 6.299]","(3.2350000000000003, 6.567]","(3.2350000000000003, 7.003]",*
5.421475759112365,"(3.2350000000000003, 6.003]","(3.2350000000000003, 6.132]","(3.2350000000000003, 6.299]","(3.2350000000000003, 6.567]","(3.2350000000000003, 7.003]",*
5.4242394175965325,"(3.2350000000000003, 6.003]","(3.2350000000000003, 6.132]","(3.2350000000000003, 6.299]","(3.2350000000000003, 6.567]","(3.2350000000000003, 7.003]",*
5.4269028586106165,"(3.2350000000000003, 6.003]","(3.2350000000000003, 6.132]","(3.2350000000000003, 6.299]","(3.2350000000000003, 6.567]","(3.2350000000000003, 7.003]",*
5.428846667140256,"(3.2350000000000003, 6.003]","(3.2350000000000003, 6.132]","(3.2350000000000003, 6.299]","(3.2350000000000003, 6.567]","(3.2350000000000003, 7.003]",*
5.431043507963727,"(3.2350000000000003, 6.003]","(3.2350000000000003, 6.132]","(3.2350000000000003, 6.299]","(3.2350000000000003, 6.567]","(3.2350000000000003, 7.003]",*
5.4325887299502895,"(3.2350000000000003, 6.003]","(3.2350000000000003, 6.132]","(3.2350000000000003, 6.299]","(3.2350000000000003, 6.567]","(3.2350000000000003, 7.003]",*
5.441022977650542,"(3.2350000000000003, 6.003]","(3.2350000000000003, 6.132]","(3.2350000000000003, 6.299]","(3.2350000000000003, 6.567]","(3.2350000000000003, 7.003]",*
5.441100447331551,"(3.2350000000000003, 6.003]","(3.2350000000000003, 6.132]","(3.2350000000000003, 6.299]","(3.2350000000000003, 6.567]","(3.2350000000000003, 7.003]",*
5.448580096721183,"(3.2350000000000003, 6.003]","(3.2350000000000003, 6.132]","(3.2350000000000003, 6.299]","(3.2350000000000003, 6.567]","(3.2350000000000003, 7.003]",*
5.448956029609428,"(3.2350000000000003, 6.003]","(3.2350000000000003, 6.132]","(3.2350000000000003, 6.299]","(3.2350000000000003, 6.567]","(3.2350000000000003, 7.003]",*
5.449274801532008,"(3.2350000000000003, 6.003]","(3.2350000000000003, 6.132]","(3.2350000000000003, 6.299]","(3.2350000000000003, 6.567]","(3.2350000000000003, 7.003]",*
5.450658516539263,"(3.2350000000000003, 6.003]","(3.2350000000000003, 6.132]","(3.2350000000000003, 6.299]","(3.2350000000000003, 6.567]","(3.2350000000000003, 7.003]",*
5.455929870431111,"(3.2350000000000003, 6.003]","(3.2350000000000003, 6.132]","(3.2350000000000003, 6.299]","(3.2350000000000003, 6.567]","(3.2350000000000003, 7.003]",*
5.456042406756656,"(3.2350000000000003, 6.003]","(3.2350000000000003, 6.132]","(3.2350000000000003, 6.299]","(3.2350000000000003, 6.567]","(3.2350000000000003, 7.003]",*
5.457060934698823,"(3.2350000000000003, 6.003]","(3.2350000000000003, 6.132]","(3.2350000000000003, 6.299]","(3.2350000000000003, 6.567]","(3.2350000000000003, 7.003]",*
5.4571458490780325,"(3.2350000000000003, 6.003]","(3.2350000000000003, 6.132]","(3.2350000000000003, 6.299]","(3.2350000000000003, 6.567]","(3.2350000000000003, 7.003]",*
5.457161866418955,"(3.2350000000000003, 6.003]","(3.2350000000000003, 6.132]","(3.2350000000000003, 6.299]","(3.2350000000000003, 6.567]","(3.2350000000000003, 7.003]",*
5.458379948588005,"(3.2350000000000003, 6.003]","(3.2350000000000003, 6.132]","(3.2350000000000003, 6.299]","(3.2350000000000003, 6.567]","(3.2350000000000003, 7.003]",*
5.4587893778993255,"(3.2350000000000003, 6.003]","(3.2350000000000003, 6.132]","(3.2350000000000003, 6.299]","(3.2350000000000003, 6.567]","(3.2350000000000003, 7.003]",*
5.463987578160381,"(3.2350000000000003, 6.003]","(3.2350000000000003, 6.132]","(3.2350000000000003, 6.299]","(3.2350000000000003, 6.567]","(3.2350000000000003, 7.003]",*
5.4642647824980255,"(3.2350000000000003, 6.003]","(3.2350000000000003, 6.132]","(3.2350000000000003, 6.299]","(3.2350000000000003, 6.567]","(3.2350000000000003, 7.003]",*
5.464338971286142,"(3.2350000000000003, 6.003]","(3.2350000000000003, 6.132]","(3.2350000000000003, 6.299]","(3.2350000000000003, 6.567]","(3.2350000000000003, 7.003]",*
5.469354824738336,"(3.2350000000000003, 6.003]","(3.2350000000000003, 6.132]","(3.2350000000000003, 6.299]","(3.2350000000000003, 6.567]","(3.2350000000000003, 7.003]",*
5.470050058437071,"(3.2350000000000003, 6.003]","(3.2350000000000003, 6.132]","(3.2350000000000003, 6.299]","(3.2350000000000003, 6.567]","(3.2350000000000003, 7.003]",*
5.4701227028065125,"(3.2350000000000003, 6.003]","(3.2350000000000003, 6.132]","(3.2350000000000003, 6.299]","(3.2350000000000003, 6.567]","(3.2350000000000003, 7.003]",*
5.475252653496949,"(3.2350000000000003, 6.003]","(3.2350000000000003, 6.132]","(3.2350000000000003, 6.299]","(3.2350000000000003, 6.567]","(3.2350000000000003, 7.003]",*
5.478087730769143,"(3.2350000000000003, 6.003]","(3.2350000000000003, 6.132]","(3.2350000000000003, 6.299]","(3.2350000000000003, 6.567]","(3.2350000000000003, 7.003]",*
5.478595654705952,"(3.2350000000000003, 6.003]","(3.2350000000000003, 6.132]","(3.2350000000000003, 6.299]","(3.2350000000000003, 6.567]","(3.2350000000000003, 7.003]",*
5.481830335418861,"(3.2350000000000003, 6.003]","(3.2350000000000003, 6.132]","(3.2350000000000003, 6.299]","(3.2350000000000003, 6.567]","(3.2350000000000003, 7.003]",*
5.4828226034919645,"(3.2350000000000003, 6.003]","(3.2350000000000003, 6.132]","(3.2350000000000003, 6.299]","(3.2350000000000003, 6.567]","(3.2350000000000003, 7.003]",*
5.486194341114645,"(3.2350000000000003, 6.003]","(3.2350000000000003, 6.132]","(3.2350000000000003, 6.299]","(3.2350000000000003, 6.567]","(3.2350000000000003, 7.003]",*
5.487903073420924,"(3.2350000000000003, 6.003]","(3.2350000000000003, 6.132]","(3.2350000000000003, 6.299]","(3.2350000000000003, 6.567]","(3.2350000000000003, 7.003]",*
5.488894385603912,"(3.2350000000000003, 6.003]","(3.2350000000000003, 6.132]","(3.2350000000000003, 6.299]","(3.2350000000000003, 6.567]","(3.2350000000000003, 7.003]",*
5.490311820244938,"(3.2350000000000003, 6.003]","(3.2350000000000003, 6.132]","(3.2350000000000003, 6.299]","(3.2350000000000003, 6.567]","(3.2350000000000003, 7.003]",*
5.4906318685398565,"(3.2350000000000003, 6.003]","(3.2350000000000003, 6.132]","(3.2350000000000003, 6.299]","(3.2350000000000003, 6.567]","(3.2350000000000003, 7.003]",*
5.491746099982391,"(3.2350000000000003, 6.003]","(3.2350000000000003, 6.132]","(3.2350000000000003, 6.299]","(3.2350000000000003, 6.567]","(3.2350000000000003, 7.003]",*
5.493294013074307,"(3.2350000000000003, 6.003]","(3.2350000000000003, 6.132]","(3.2350000000000003, 6.299]","(3.2350000000000003, 6.567]","(3.2350000000000003, 7.003]",*
5.495635406334773,"(3.2350000000000003, 6.003]","(3.2350000000000003, 6.132]","(3.2350000000000003, 6.299]","(3.2350000000000003, 6.567]","(3.2350000000000003, 7.003]",*
5.49744983944904,"(3.2350000000000003, 6.003]","(3.2350000000000003, 6.132]","(3.2350000000000003, 6.299]","(3.2350000000000003, 6.567]","(3.2350000000000003, 7.003]",*
5.499329846272109,"(3.2350000000000003, 6.003]","(3.2350000000000003, 6.132]","(3.2350000000000003, 6.299]","(3.2350000000000003, 6.567]","(3.2350000000000003, 7.003]",*
5.501755137617892,"(3.2350000000000003, 6.003]","(3.2350000000000003, 6.132]","(3.2350000000000003, 6.299]","(3.2350000000000003, 6.567]","(3.2350000000000003, 7.003]",*
5.501980069328182,"(3.2350000000000003, 6.003]","(3.2350000000000003, 6.132]","(3.2350000000000003, 6.299]","(3.2350000000000003, 6.567]","(3.2350000000000003, 7.003]",*
5.502792730578438,"(3.2350000000000003, 6.003]","(3.2350000000000003, 6.132]","(3.2350000000000003, 6.299]","(3.2350000000000003, 6.567]","(3.2350000000000003, 7.003]",*
5.507529287455349,"(3.2350000000000003, 6.003]","(3.2350000000000003, 6.132]","(3.2350000000000003, 6.299]","(3.2350000000000003, 6.567]","(3.2350000000000003, 7.003]",*
5.51304036942652,"(3.2350000000000003, 6.003]","(3.2350000000000003, 6.132]","(3.2350000000000003, 6.299]","(3.2350000000000003, 6.567]","(3.2350000000000003, 7.003]",*
5.51489720479704,"(3.2350000000000003, 6.003]","(3.2350000000000003, 6.132]","(3.2350000000000003, 6.299]","(3.2350000000000003, 6.567]","(3.2350000000000003, 7.003]",*
5.516670471334369,"(3.2350000000000003, 6.003]","(3.2350000000000003, 6.132]","(3.2350000000000003, 6.299]","(3.2350000000000003, 6.567]","(3.2350000000000003, 7.003]",*
5.518835024331598,"(3.2350000000000003, 6.003]","(3.2350000000000003, 6.132]","(3.2350000000000003, 6.299]","(3.2350000000000003, 6.567]","(3.2350000000000003, 7.003]",*
5.5197174379044185,"(3.2350000000000003, 6.003]","(3.2350000000000003, 6.132]","(3.2350000000000003, 6.299]","(3.2350000000000003, 6.567]","(3.2350000000000003, 7.003]",*
5.520686904705969,"(3.2350000000000003, 6.003]","(3.2350000000000003, 6.132]","(3.2350000000000003, 6.299]","(3.2350000000000003, 6.567]","(3.2350000000000003, 7.003]",*
5.52075051195963,"(3.2350000000000003, 6.003]","(3.2350000000000003, 6.132]","(3.2350000000000003, 6.299]","(3.2350000000000003, 6.567]","(3.2350000000000003, 7.003]",*
5.521216370644254,"(3.2350000000000003, 6.003]","(3.2350000000000003, 6.132]","(3.2350000000000003, 6.299]","(3.2350000000000003, 6.567]","(3.2350000000000003, 7.003]",*
5.521489298839982,"(3.2350000000000003, 6.003]","(3.2350000000000003, 6.132]","(3.2350000000000003, 6.299]","(3.2350000000000003, 6.567]","(3.2350000000000003, 7.003]",*
5.521846997025461,"(3.2350000000000003, 6.003]","(3.2350000000000003, 6.132]","(3.2350000000000003, 6.299]","(3.2350000000000003, 6.567]","(3.2350000000000003, 7.003]",*
5.5249620672745685,"(3.2350000000000003, 6.003]","(3.2350000000000003, 6.132]","(3.2350000000000003, 6.299]","(3.2350000000000003, 6.567]","(3.2350000000000003, 7.003]",*
5.525397640914702,"(3.2350000000000003, 6.003]","(3.2350000000000003, 6.132]","(3.2350000000000003, 6.299]","(3.2350000000000003, 6.567]","(3.2350000000000003, 7.003]",*
5.525708755568577,"(3.2350000000000003, 6.003]","(3.2350000000000003, 6.132]","(3.2350000000000003, 6.299]","(3.2350000000000003, 6.567]","(3.2350000000000003, 7.003]",*
5.5275865895779095,"(3.2350000000000003, 6.003]","(3.2350000000000003, 6.132]","(3.2350000000000003, 6.299]","(3.2350000000000003, 6.567]","(3.2350000000000003, 7.003]",*
5.527813260365966,"(3.2350000000000003, 6.003]","(3.2350000000000003, 6.132]","(3.2350000000000003, 6.299]","(3.2350000000000003, 6.567]","(3.2350000000000003, 7.003]",*
5.528943863929147,"(3.2350000000000003, 6.003]","(3.2350000000000003, 6.132]","(3.2350000000000003, 6.299]","(3.2350000000000003, 6.567]","(3.2350000000000003, 7.003]",*
5.530624743932092,"(3.2350000000000003, 6.003]","(3.2350000000000003, 6.132]","(3.2350000000000003, 6.299]","(3.2350000000000003, 6.567]","(3.2350000000000003, 7.003]",*
5.531987766880282,"(3.2350000000000003, 6.003]","(3.2350000000000003, 6.132]","(3.2350000000000003, 6.299]","(3.2350000000000003, 6.567]","(3.2350000000000003, 7.003]",*
5.532091954777579,"(3.2350000000000003, 6.003]","(3.2350000000000003, 6.132]","(3.2350000000000003, 6.299]","(3.2350000000000003, 6.567]","(3.2350000000000003, 7.003]",*
5.536174783804822,"(3.2350000000000003, 6.003]","(3.2350000000000003, 6.132]","(3.2350000000000003, 6.299]","(3.2350000000000003, 6.567]","(3.2350000000000003, 7.003]",*
5.538058083063562,"(3.2350000000000003, 6.003]","(3.2350000000000003, 6.132]","(3.2350000000000003, 6.299]","(3.2350000000000003, 6.567]","(3.2350000000000003, 7.003]",*
5.5392865192031815,"(3.2350000000000003, 6.003]","(3.2350000000000003, 6.132]","(3.2350000000000003, 6.299]","(3.2350000000000003, 6.567]","(3.2350000000000003, 7.003]",*
5.539636424443315,"(3.2350000000000003, 6.003]","(3.2350000000000003, 6.132]","(3.2350000000000003, 6.299]","(3.2350000000000003, 6.567]","(3.2350000000000003, 7.003]",*
5.540148415159512,"(3.2350000000000003, 6.003]","(3.2350000000000003, 6.132]","(3.2350000000000003, 6.299]","(3.2350000000000003, 6.567]","(3.2350000000000003, 7.003]",*
5.543896646981711,"(3.2350000000000003, 6.003]","(3.2350000000000003, 6.132]","(3.2350000000000003, 6.299]","(3.2350000000000003, 6.567]","(3.2350000000000003, 7.003]",*
5.544031749704153,"(3.2350000000000003, 6.003]","(3.2350000000000003, 6.132]","(3.2350000000000003, 6.299]","(3.2350000000000003, 6.567]","(3.2350000000000003, 7.003]",*
5.54675971799706,"(3.2350000000000003, 6.003]","(3.2350000000000003, 6.132]","(3.2350000000000003, 6.299]","(3.2350000000000003, 6.567]","(3.2350000000000003, 7.003]",*
5.546842196035343,"(3.2350000000000003, 6.003]","(3.2350000000000003, 6.132]","(3.2350000000000003, 6.299]","(3.2350000000000003, 6.567]","(3.2350000000000003, 7.003]",*
5.548139816181606,"(3.2350000000000003, 6.003]","(3.2350000000000003, 6.132]","(3.2350000000000003, 6.299]","(3.2350000000000003, 6.567]","(3.2350000000000003, 7.003]",*
5.5483633341950345,"(3.2350000000000003, 6.003]","(3.2350000000000003, 6.132]","(3.2350000000000003, 6.299]","(3.2350000000000003, 6.567]","(3.2350000000000003, 7.003]",*
5.548906180616775,"(3.2350000000000003, 6.003]","(3.2350000000000003, 6.132]","(3.2350000000000003, 6.299]","(3.2350000000000003, 6.567]","(3.2350000000000003, 7.003]",*
5.548952363496409,"(3.2350000000000003, 6.003]","(3.2350000000000003, 6.132]","(3.2350000000000003, 6.299]","(3.2350000000000003, 6.567]","(3.2350000000000003, 7.003]",*
5.550745867826327,"(3.2350000000000003, 6.003]","(3.2350000000000003, 6.132]","(3.2350000000000003, 6.299]","(3.2350000000000003, 6.567]","(3.2350000000000003, 7.003]",*
5.552289861955953,"(3.2350000000000003, 6.003]","(3.2350000000000003, 6.132]","(3.2350000000000003, 6.299]","(3.2350000000000003, 6.567]","(3.2350000000000003, 7.003]",*
5.553070981905925,"(3.2350000000000003, 6.003]","(3.2350000000000003, 6.132]","(3.2350000000000003, 6.299]","(3.2350000000000003, 6.567]","(3.2350000000000003, 7.003]",*
5.560293965222333,"(3.2350000000000003, 6.003]","(3.2350000000000003, 6.132]","(3.2350000000000003, 6.299]","(3.2350000000000003, 6.567]","(3.2350000000000003, 7.003]",*
5.5614143266066325,"(3.2350000000000003, 6.003]","(3.2350000000000003, 6.132]","(3.2350000000000003, 6.299]","(3.2350000000000003, 6.567]","(3.2350000000000003, 7.003]",*
5.563805067980938,"(3.2350000000000003, 6.003]","(3.2350000000000003, 6.132]","(3.2350000000000003, 6.299]","(3.2350000000000003, 6.567]","(3.2350000000000003, 7.003]",*
5.564071863260728,"(3.2350000000000003, 6.003]","(3.2350000000000003, 6.132]","(3.2350000000000003, 6.299]","(3.2350000000000003, 6.567]","(3.2350000000000003, 7.003]",*
5.564352875406084,"(3.2350000000000003, 6.003]","(3.2350000000000003, 6.132]","(3.2350000000000003, 6.299]","(3.2350000000000003, 6.567]","(3.2350000000000003, 7.003]",*
5.564653446266573,"(3.2350000000000003, 6.003]","(3.2350000000000003, 6.132]","(3.2350000000000003, 6.299]","(3.2350000000000003, 6.567]","(3.2350000000000003, 7.003]",*
5.564721387967466,"(3.2350000000000003, 6.003]","(3.2350000000000003, 6.132]","(3.2350000000000003, 6.299]","(3.2350000000000003, 6.567]","(3.2350000000000003, 7.003]",*
5.565494073039347,"(3.2350000000000003, 6.003]","(3.2350000000000003, 6.132]","(3.2350000000000003, 6.299]","(3.2350000000000003, 6.567]","(3.2350000000000003, 7.003]",*
5.567048467882724,"(3.2350000000000003, 6.003]","(3.2350000000000003, 6.132]","(3.2350000000000003, 6.299]","(3.2350000000000003, 6.567]","(3.2350000000000003, 7.003]",*
5.567667216005899,"(3.2350000000000003, 6.003]","(3.2350000000000003, 6.132]","(3.2350000000000003, 6.299]","(3.2350000000000003, 6.567]","(3.2350000000000003, 7.003]",*
5.569340160600678,"(3.2350000000000003, 6.003]","(3.2350000000000003, 6.132]","(3.2350000000000003, 6.299]","(3.2350000000000003, 6.567]","(3.2350000000000003, 7.003]",*
5.571042790526572,"(3.2350000000000003, 6.003]","(3.2350000000000003, 6.132]","(3.2350000000000003, 6.299]","(3.2350000000000003, 6.567]","(3.2350000000000003, 7.003]",*
5.572610331163209,"(3.2350000000000003, 6.003]","(3.2350000000000003, 6.132]","(3.2350000000000003, 6.299]","(3.2350000000000003, 6.567]","(3.2350000000000003, 7.003]",*
5.5730915971537565,"(3.2350000000000003, 6.003]","(3.2350000000000003, 6.132]","(3.2350000000000003, 6.299]","(3.2350000000000003, 6.567]","(3.2350000000000003, 7.003]",*
5.573351069287439,"(3.2350000000000003, 6.003]","(3.2350000000000003, 6.132]","(3.2350000000000003, 6.299]","(3.2350000000000003, 6.567]","(3.2350000000000003, 7.003]",*
5.574714349694394,"(3.2350000000000003, 6.003]","(3.2350000000000003, 6.132]","(3.2350000000000003, 6.299]","(3.2350000000000003, 6.567]","(3.2350000000000003, 7.003]",*
5.575260460224512,"(3.2350000000000003, 6.003]","(3.2350000000000003, 6.132]","(3.2350000000000003, 6.299]","(3.2350000000000003, 6.567]","(3.2350000000000003, 7.003]",*
5.575276373376441,"(3.2350000000000003, 6.003]","(3.2350000000000003, 6.132]","(3.2350000000000003, 6.299]","(3.2350000000000003, 6.567]","(3.2350000000000003, 7.003]",*
5.57541385047989,"(3.2350000000000003, 6.003]","(3.2350000000000003, 6.132]","(3.2350000000000003, 6.299]","(3.2350000000000003, 6.567]","(3.2350000000000003, 7.003]",*
5.575816266901399,"(3.2350000000000003, 6.003]","(3.2350000000000003, 6.132]","(3.2350000000000003, 6.299]","(3.2350000000000003, 6.567]","(3.2350000000000003, 7.003]",*
5.577576305267367,"(3.2350000000000003, 6.003]","(3.2350000000000003, 6.132]","(3.2350000000000003, 6.299]","(3.2350000000000003, 6.567]","(3.2350000000000003, 7.003]",*
5.577942462718261,"(3.2350000000000003, 6.003]","(3.2350000000000003, 6.132]","(3.2350000000000003, 6.299]","(3.2350000000000003, 6.567]","(3.2350000000000003, 7.003]",*
5.5797660549495385,"(3.2350000000000003, 6.003]","(3.2350000000000003, 6.132]","(3.2350000000000003, 6.299]","(3.2350000000000003, 6.567]","(3.2350000000000003, 7.003]",*
5.580905937457928,"(3.2350000000000003, 6.003]","(3.2350000000000003, 6.132]","(3.2350000000000003, 6.299]","(3.2350000000000003, 6.567]","(3.2350000000000003, 7.003]",*
5.580975021731661,"(3.2350000000000003, 6.003]","(3.2350000000000003, 6.132]","(3.2350000000000003, 6.299]","(3.2350000000000003, 6.567]","(3.2350000000000003, 7.003]",*
5.580979937830441,"(3.2350000000000003, 6.003]","(3.2350000000000003, 6.132]","(3.2350000000000003, 6.299]","(3.2350000000000003, 6.567]","(3.2350000000000003, 7.003]",*
5.581040691887528,"(3.2350000000000003, 6.003]","(3.2350000000000003, 6.132]","(3.2350000000000003, 6.299]","(3.2350000000000003, 6.567]","(3.2350000000000003, 7.003]",*
5.584221041927451,"(3.2350000000000003, 6.003]","(3.2350000000000003, 6.132]","(3.2350000000000003, 6.299]","(3.2350000000000003, 6.567]","(3.2350000000000003, 7.003]",*
5.585786731055917,"(3.2350000000000003, 6.003]","(3.2350000000000003, 6.132]","(3.2350000000000003, 6.299]","(3.2350000000000003, 6.567]","(3.2350000000000003, 7.003]",*
5.585896781544468,"(3.2350000000000003, 6.003]","(3.2350000000000003, 6.132]","(3.2350000000000003, 6.299]","(3.2350000000000003, 6.567]","(3.2350000000000003, 7.003]",*
5.586250786988233,"(3.2350000000000003, 6.003]","(3.2350000000000003, 6.132]","(3.2350000000000003, 6.299]","(3.2350000000000003, 6.567]","(3.2350000000000003, 7.003]",*
5.586728664827653,"(3.2350000000000003, 6.003]","(3.2350000000000003, 6.132]","(3.2350000000000003, 6.299]","(3.2350000000000003, 6.567]","(3.2350000000000003, 7.003]",*
5.586794441572472,"(3.2350000000000003, 6.003]","(3.2350000000000003, 6.132]","(3.2350000000000003, 6.299]","(3.2350000000000003, 6.567]","(3.2350000000000003, 7.003]",*
5.587997954266652,"(3.2350000000000003, 6.003]","(3.2350000000000003, 6.132]","(3.2350000000000003, 6.299]","(3.2350000000000003, 6.567]","(3.2350000000000003, 7.003]",*
5.588030875880975,"(3.2350000000000003, 6.003]","(3.2350000000000003, 6.132]","(3.2350000000000003, 6.299]","(3.2350000000000003, 6.567]","(3.2350000000000003, 7.003]",*
5.588733070014019,"(3.2350000000000003, 6.003]","(3.2350000000000003, 6.132]","(3.2350000000000003, 6.299]","(3.2350000000000003, 6.567]","(3.2350000000000003, 7.003]",*
5.5892106197702685,"(3.2350000000000003, 6.003]","(3.2350000000000003, 6.132]","(3.2350000000000003, 6.299]","(3.2350000000000003, 6.567]","(3.2350000000000003, 7.003]",*
5.590037494597022,"(3.2350000000000003, 6.003]","(3.2350000000000003, 6.132]","(3.2350000000000003, 6.299]","(3.2350000000000003, 6.567]","(3.2350000000000003, 7.003]",*
5.596366580799455,"(3.2350000000000003, 6.003]","(3.2350000000000003, 6.132]","(3.2350000000000003, 6.299]","(3.2350000000000003, 6.567]","(3.2350000000000003, 7.003]",*
5.596535836964159,"(3.2350000000000003, 6.003]","(3.2350000000000003, 6.132]","(3.2350000000000003, 6.299]","(3.2350000000000003, 6.567]","(3.2350000000000003, 7.003]",*
5.600072674994613,"(3.2350000000000003, 6.003]","(3.2350000000000003, 6.132]","(3.2350000000000003, 6.299]","(3.2350000000000003, 6.567]","(3.2350000000000003, 7.003]",*
5.600755239572908,"(3.2350000000000003, 6.003]","(3.2350000000000003, 6.132]","(3.2350000000000003, 6.299]","(3.2350000000000003, 6.567]","(3.2350000000000003, 7.003]",*
5.6008729723103245,"(3.2350000000000003, 6.003]","(3.2350000000000003, 6.132]","(3.2350000000000003, 6.299]","(3.2350000000000003, 6.567]","(3.2350000000000003, 7.003]",*
5.604803418518351,"(3.2350000000000003, 6.003]","(3.2350000000000003, 6.132]","(3.2350000000000003, 6.299]","(3.2350000000000003, 6.567]","(3.2350000000000003, 7.003]",*
5.604893613996005,"(3.2350000000000003, 6.003]","(3.2350000000000003, 6.132]","(3.2350000000000003, 6.299]","(3.2350000000000003, 6.567]","(3.2350000000000003, 7.003]",*
5.605024325975788,"(3.2350000000000003, 6.003]","(3.2350000000000003, 6.132]","(3.2350000000000003, 6.299]","(3.2350000000000003, 6.567]","(3.2350000000000003, 7.003]",*
5.607135037827076,"(3.2350000000000003, 6.003]","(3.2350000000000003, 6.132]","(3.2350000000000003, 6.299]","(3.2350000000000003, 6.567]","(3.2350000000000003, 7.003]",*
5.6137524429225385,"(3.2350000000000003, 6.003]","(3.2350000000000003, 6.132]","(3.2350000000000003, 6.299]","(3.2350000000000003, 6.567]","(3.2350000000000003, 7.003]",*
5.613788460249635,"(3.2350000000000003, 6.003]","(3.2350000000000003, 6.132]","(3.2350000000000003, 6.299]","(3.2350000000000003, 6.567]","(3.2350000000000003, 7.003]",*
5.613834274098309,"(3.2350000000000003, 6.003]","(3.2350000000000003, 6.132]","(3.2350000000000003, 6.299]","(3.2350000000000003, 6.567]","(3.2350000000000003, 7.003]",*
5.614293707083566,"(3.2350000000000003, 6.003]","(3.2350000000000003, 6.132]","(3.2350000000000003, 6.299]","(3.2350000000000003, 6.567]","(3.2350000000000003, 7.003]",*
5.614572015827677,"(3.2350000000000003, 6.003]","(3.2350000000000003, 6.132]","(3.2350000000000003, 6.299]","(3.2350000000000003, 6.567]","(3.2350000000000003, 7.003]",*
5.614777225168932,"(3.2350000000000003, 6.003]","(3.2350000000000003, 6.132]","(3.2350000000000003, 6.299]","(3.2350000000000003, 6.567]","(3.2350000000000003, 7.003]",*
5.615798050279668,"(3.2350000000000003, 6.003]","(3.2350000000000003, 6.132]","(3.2350000000000003, 6.299]","(3.2350000000000003, 6.567]","(3.2350000000000003, 7.003]",*
5.615992213234488,"(3.2350000000000003, 6.003]","(3.2350000000000003, 6.132]","(3.2350000000000003, 6.299]","(3.2350000000000003, 6.567]","(3.2350000000000003, 7.003]",*
5.617544352963657,"(3.2350000000000003, 6.003]","(3.2350000000000003, 6.132]","(3.2350000000000003, 6.299]","(3.2350000000000003, 6.567]","(3.2350000000000003, 7.003]",*
5.617601975546616,"(3.2350000000000003, 6.003]","(3.2350000000000003, 6.132]","(3.2350000000000003, 6.299]","(3.2350000000000003, 6.567]","(3.2350000000000003, 7.003]",*
5.620100233912464,"(3.2350000000000003, 6.003]","(3.2350000000000003, 6.132]","(3.2350000000000003, 6.299]","(3.2350000000000003, 6.567]","(3.2350000000000003, 7.003]",*
5.620779363987667,"(3.2350000000000003, 6.003]","(3.2350000000000003, 6.132]","(3.2350000000000003, 6.299]","(3.2350000000000003, 6.567]","(3.2350000000000003, 7.003]",*
5.622522051987825,"(3.2350000000000003, 6.003]","(3.2350000000000003, 6.132]","(3.2350000000000003, 6.299]","(3.2350000000000003, 6.567]","(3.2350000000000003, 7.003]",*
5.623473081863049,"(3.2350000000000003, 6.003]","(3.2350000000000003, 6.132]","(3.2350000000000003, 6.299]","(3.2350000000000003, 6.567]","(3.2350000000000003, 7.003]",*
5.62550981808095,"(3.2350000000000003, 6.003]","(3.2350000000000003, 6.132]","(3.2350000000000003, 6.299]","(3.2350000000000003, 6.567]","(3.2350000000000003, 7.003]",*
5.625555163742822,"(3.2350000000000003, 6.003]","(3.2350000000000003, 6.132]","(3.2350000000000003, 6.299]","(3.2350000000000003, 6.567]","(3.2350000000000003, 7.003]",*
5.626159181679645,"(3.2350000000000003, 6.003]","(3.2350000000000003, 6.132]","(3.2350000000000003, 6.299]","(3.2350000000000003, 6.567]","(3.2350000000000003, 7.003]",*
5.627074814930877,"(3.2350000000000003, 6.003]","(3.2350000000000003, 6.132]","(3.2350000000000003, 6.299]","(3.2350000000000003, 6.567]","(3.2350000000000003, 7.003]",*
5.6273878290267945,"(3.2350000000000003, 6.003]","(3.2350000000000003, 6.132]","(3.2350000000000003, 6.299]","(3.2350000000000003, 6.567]","(3.2350000000000003, 7.003]",*
5.6276634340293565,"(3.2350000000000003, 6.003]","(3.2350000000000003, 6.132]","(3.2350000000000003, 6.299]","(3.2350000000000003, 6.567]","(3.2350000000000003, 7.003]",*
5.628334764316257,"(3.2350000000000003, 6.003]","(3.2350000000000003, 6.132]","(3.2350000000000003, 6.299]","(3.2350000000000003, 6.567]","(3.2350000000000003, 7.003]",*
5.629372721000813,"(3.2350000000000003, 6.003]","(3.2350000000000003, 6.132]","(3.2350000000000003, 6.299]","(3.2350000000000003, 6.567]","(3.2350000000000003, 7.003]",*
5.630525331754607,"(3.2350000000000003, 6.003]","(3.2350000000000003, 6.132]","(3.2350000000000003, 6.299]","(3.2350000000000003, 6.567]","(3.2350000000000003, 7.003]",*
5.632025806681983,"(3.2350000000000003, 6.003]","(3.2350000000000003, 6.132]","(3.2350000000000003, 6.299]","(3.2350000000000003, 6.567]","(3.2350000000000003, 7.003]",*
5.635315210869117,"(3.2350000000000003, 6.003]","(3.2350000000000003, 6.132]","(3.2350000000000003, 6.299]","(3.2350000000000003, 6.567]","(3.2350000000000003, 7.003]",*
5.6362595697631175,"(3.2350000000000003, 6.003]","(3.2350000000000003, 6.132]","(3.2350000000000003, 6.299]","(3.2350000000000003, 6.567]","(3.2350000000000003, 7.003]",*
5.636779394573885,"(3.2350000000000003, 6.003]","(3.2350000000000003, 6.132]","(3.2350000000000003, 6.299]","(3.2350000000000003, 6.567]","(3.2350000000000003, 7.003]",*
5.63727917690659,"(3.2350000000000003, 6.003]","(3.2350000000000003, 6.132]","(3.2350000000000003, 6.299]","(3.2350000000000003, 6.567]","(3.2350000000000003, 7.003]",*
5.637925148454308,"(3.2350000000000003, 6.003]","(3.2350000000000003, 6.132]","(3.2350000000000003, 6.299]","(3.2350000000000003, 6.567]","(3.2350000000000003, 7.003]",*
5.640784927128285,"(3.2350000000000003, 6.003]","(3.2350000000000003, 6.132]","(3.2350000000000003, 6.299]","(3.2350000000000003, 6.567]","(3.2350000000000003, 7.003]",*
5.645363139909139,"(3.2350000000000003, 6.003]","(3.2350000000000003, 6.132]","(3.2350000000000003, 6.299]","(3.2350000000000003, 6.567]","(3.2350000000000003, 7.003]",*
5.645458791595918,"(3.2350000000000003, 6.003]","(3.2350000000000003, 6.132]","(3.2350000000000003, 6.299]","(3.2350000000000003, 6.567]","(3.2350000000000003, 7.003]",*
5.645543716152713,"(3.2350000000000003, 6.003]","(3.2350000000000003, 6.132]","(3.2350000000000003, 6.299]","(3.2350000000000003, 6.567]","(3.2350000000000003, 7.003]",*
5.64764584969608,"(3.2350000000000003, 6.003]","(3.2350000000000003, 6.132]","(3.2350000000000003, 6.299]","(3.2350000000000003, 6.567]","(3.2350000000000003, 7.003]",*
5.64855539650755,"(3.2350000000000003, 6.003]","(3.2350000000000003, 6.132]","(3.2350000000000003, 6.299]","(3.2350000000000003, 6.567]","(3.2350000000000003, 7.003]",*
5.65090028566729,"(3.2350000000000003, 6.003]","(3.2350000000000003, 6.132]","(3.2350000000000003, 6.299]","(3.2350000000000003, 6.567]","(3.2350000000000003, 7.003]",*
5.651019168902731,"(3.2350000000000003, 6.003]","(3.2350000000000003, 6.132]","(3.2350000000000003, 6.299]","(3.2350000000000003, 6.567]","(3.2350000000000003, 7.003]",*
5.652140784173146,"(3.2350000000000003, 6.003]","(3.2350000000000003, 6.132]","(3.2350000000000003, 6.299]","(3.2350000000000003, 6.567]","(3.2350000000000003, 7.003]",*
5.652291126045959,"(3.2350000000000003, 6.003]","(3.2350000000000003, 6.132]","(3.2350000000000003, 6.299]","(3.2350000000000003, 6.567]","(3.2350000000000003, 7.003]",*
5.652694477356138,"(3.2350000000000003, 6.003]","(3.2350000000000003, 6.132]","(3.2350000000000003, 6.299]","(3.2350000000000003, 6.567]","(3.2350000000000003, 7.003]",*
5.652974236183473,"(3.2350000000000003, 6.003]","(3.2350000000000003, 6.132]","(3.2350000000000003, 6.299]","(3.2350000000000003, 6.567]","(3.2350000000000003, 7.003]",*
5.654256367696142,"(3.2350000000000003, 6.003]","(3.2350000000000003, 6.132]","(3.2350000000000003, 6.299]","(3.2350000000000003, 6.567]","(3.2350000000000003, 7.003]",*
5.655271415429188,"(3.2350000000000003, 6.003]","(3.2350000000000003, 6.132]","(3.2350000000000003, 6.299]","(3.2350000000000003, 6.567]","(3.2350000000000003, 7.003]",*
5.656993706465872,"(3.2350000000000003, 6.003]","(3.2350000000000003, 6.132]","(3.2350000000000003, 6.299]","(3.2350000000000003, 6.567]","(3.2350000000000003, 7.003]",*
5.657957745852972,"(3.2350000000000003, 6.003]","(3.2350000000000003, 6.132]","(3.2350000000000003, 6.299]","(3.2350000000000003, 6.567]","(3.2350000000000003, 7.003]",*
5.659969092431134,"(3.2350000000000003, 6.003]","(3.2350000000000003, 6.132]","(3.2350000000000003, 6.299]","(3.2350000000000003, 6.567]","(3.2350000000000003, 7.003]",*
5.660253117440304,"(3.2350000000000003, 6.003]","(3.2350000000000003, 6.132]","(3.2350000000000003, 6.299]","(3.2350000000000003, 6.567]","(3.2350000000000003, 7.003]",*
5.660723945896836,"(3.2350000000000003, 6.003]","(3.2350000000000003, 6.132]","(3.2350000000000003, 6.299]","(3.2350000000000003, 6.567]","(3.2350000000000003, 7.003]",*
5.661064126685242,"(3.2350000000000003, 6.003]","(3.2350000000000003, 6.132]","(3.2350000000000003, 6.299]","(3.2350000000000003, 6.567]","(3.2350000000000003, 7.003]",*
5.661512496199809,"(3.2350000000000003, 6.003]","(3.2350000000000003, 6.132]","(3.2350000000000003, 6.299]","(3.2350000000000003, 6.567]","(3.2350000000000003, 7.003]",*
5.6617595091426205,"(3.2350000000000003, 6.003]","(3.2350000000000003, 6.132]","(3.2350000000000003, 6.299]","(3.2350000000000003, 6.567]","(3.2350000000000003, 7.003]",*
5.662139683987958,"(3.2350000000000003, 6.003]","(3.2350000000000003, 6.132]","(3.2350000000000003, 6.299]","(3.2350000000000003, 6.567]","(3.2350000000000003, 7.003]",*
5.662264373631745,"(3.2350000000000003, 6.003]","(3.2350000000000003, 6.132]","(3.2350000000000003, 6.299]","(3.2350000000000003, 6.567]","(3.2350000000000003, 7.003]",*
5.662268147045037,"(3.2350000000000003, 6.003]","(3.2350000000000003, 6.132]","(3.2350000000000003, 6.299]","(3.2350000000000003, 6.567]","(3.2350000000000003, 7.003]",*
5.66271822862956,"(3.2350000000000003, 6.003]","(3.2350000000000003, 6.132]","(3.2350000000000003, 6.299]","(3.2350000000000003, 6.567]","(3.2350000000000003, 7.003]",*
5.663657859743716,"(3.2350000000000003, 6.003]","(3.2350000000000003, 6.132]","(3.2350000000000003, 6.299]","(3.2350000000000003, 6.567]","(3.2350000000000003, 7.003]",*
5.664155884676728,"(3.2350000000000003, 6.003]","(3.2350000000000003, 6.132]","(3.2350000000000003, 6.299]","(3.2350000000000003, 6.567]","(3.2350000000000003, 7.003]",*
5.664879907953822,"(3.2350000000000003, 6.003]","(3.2350000000000003, 6.132]","(3.2350000000000003, 6.299]","(3.2350000000000003, 6.567]","(3.2350000000000003, 7.003]",*
5.666756834017881,"(3.2350000000000003, 6.003]","(3.2350000000000003, 6.132]","(3.2350000000000003, 6.299]","(3.2350000000000003, 6.567]","(3.2350000000000003, 7.003]",*
5.667117320554232,"(3.2350000000000003, 6.003]","(3.2350000000000003, 6.132]","(3.2350000000000003, 6.299]","(3.2350000000000003, 6.567]","(3.2350000000000003, 7.003]",*
5.668122840659751,"(3.2350000000000003, 6.003]","(3.2350000000000003, 6.132]","(3.2350000000000003, 6.299]","(3.2350000000000003, 6.567]","(3.2350000000000003, 7.003]",*
5.6696002700870585,"(3.2350000000000003, 6.003]","(3.2350000000000003, 6.132]","(3.2350000000000003, 6.299]","(3.2350000000000003, 6.567]","(3.2350000000000003, 7.003]",*
5.670832930480929,"(3.2350000000000003, 6.003]","(3.2350000000000003, 6.132]","(3.2350000000000003, 6.299]","(3.2350000000000003, 6.567]","(3.2350000000000003, 7.003]",*
5.670991666248053,"(3.2350000000000003, 6.003]","(3.2350000000000003, 6.132]","(3.2350000000000003, 6.299]","(3.2350000000000003, 6.567]","(3.2350000000000003, 7.003]",*
5.671136342785448,"(3.2350000000000003, 6.003]","(3.2350000000000003, 6.132]","(3.2350000000000003, 6.299]","(3.2350000000000003, 6.567]","(3.2350000000000003, 7.003]",*
5.672823578720357,"(3.2350000000000003, 6.003]","(3.2350000000000003, 6.132]","(3.2350000000000003, 6.299]","(3.2350000000000003, 6.567]","(3.2350000000000003, 7.003]",*
5.675535152827304,"(3.2350000000000003, 6.003]","(3.2350000000000003, 6.132]","(3.2350000000000003, 6.299]","(3.2350000000000003, 6.567]","(3.2350000000000003, 7.003]",*
5.677937885619081,"(3.2350000000000003, 6.003]","(3.2350000000000003, 6.132]","(3.2350000000000003, 6.299]","(3.2350000000000003, 6.567]","(3.2350000000000003, 7.003]",*
5.678555483410878,"(3.2350000000000003, 6.003]","(3.2350000000000003, 6.132]","(3.2350000000000003, 6.299]","(3.2350000000000003, 6.567]","(3.2350000000000003, 7.003]",*
5.679461819173392,"(3.2350000000000003, 6.003]","(3.2350000000000003, 6.132]","(3.2350000000000003, 6.299]","(3.2350000000000003, 6.567]","(3.2350000000000003, 7.003]",*
5.68014342554349,"(3.2350000000000003, 6.003]","(3.2350000000000003, 6.132]","(3.2350000000000003, 6.299]","(3.2350000000000003, 6.567]","(3.2350000000000003, 7.003]",*
5.681833507283006,"(3.2350000000000003, 6.003]","(3.2350000000000003, 6.132]","(3.2350000000000003, 6.299]","(3.2350000000000003, 6.567]","(3.2350000000000003, 7.003]",*
5.68196442365223,"(3.2350000000000003, 6.003]","(3.2350000000000003, 6.132]","(3.2350000000000003, 6.299]","(3.2350000000000003, 6.567]","(3.2350000000000003, 7.003]",*
5.683634534344575,"(3.2350000000000003, 6.003]","(3.2350000000000003, 6.132]","(3.2350000000000003, 6.299]","(3.2350000000000003, 6.567]","(3.2350000000000003, 7.003]",*
5.685407674588572,"(3.2350000000000003, 6.003]","(3.2350000000000003, 6.132]","(3.2350000000000003, 6.299]","(3.2350000000000003, 6.567]","(3.2350000000000003, 7.003]",*
5.687062576234172,"(3.2350000000000003, 6.003]","(3.2350000000000003, 6.132]","(3.2350000000000003, 6.299]","(3.2350000000000003, 6.567]","(3.2350000000000003, 7.003]",*
5.6887034796170495,"(3.2350000000000003, 6.003]","(3.2350000000000003, 6.132]","(3.2350000000000003, 6.299]","(3.2350000000000003, 6.567]","(3.2350000000000003, 7.003]",*
5.6905063468558525,"(3.2350000000000003, 6.003]","(3.2350000000000003, 6.132]","(3.2350000000000003, 6.299]","(3.2350000000000003, 6.567]","(3.2350000000000003, 7.003]",*
5.690825420436616,"(3.2350000000000003, 6.003]","(3.2350000000000003, 6.132]","(3.2350000000000003, 6.299]","(3.2350000000000003, 6.567]","(3.2350000000000003, 7.003]",*
5.692281119144947,"(3.2350000000000003, 6.003]","(3.2350000000000003, 6.132]","(3.2350000000000003, 6.299]","(3.2350000000000003, 6.567]","(3.2350000000000003, 7.003]",*
5.693536281173527,"(3.2350000000000003, 6.003]","(3.2350000000000003, 6.132]","(3.2350000000000003, 6.299]","(3.2350000000000003, 6.567]","(3.2350000000000003, 7.003]",*
5.697630215085457,"(3.2350000000000003, 6.003]","(3.2350000000000003, 6.132]","(3.2350000000000003, 6.299]","(3.2350000000000003, 6.567]","(3.2350000000000003, 7.003]",*
5.698082517635246,"(3.2350000000000003, 6.003]","(3.2350000000000003, 6.132]","(3.2350000000000003, 6.299]","(3.2350000000000003, 6.567]","(3.2350000000000003, 7.003]",*
5.698131455817793,"(3.2350000000000003, 6.003]","(3.2350000000000003, 6.132]","(3.2350000000000003, 6.299]","(3.2350000000000003, 6.567]","(3.2350000000000003, 7.003]",*
5.702489232687952,"(3.2350000000000003, 6.003]","(3.2350000000000003, 6.132]","(3.2350000000000003, 6.299]","(3.2350000000000003, 6.567]","(3.2350000000000003, 7.003]",*
5.703481954785604,"(3.2350000000000003, 6.003]","(3.2350000000000003, 6.132]","(3.2350000000000003, 6.299]","(3.2350000000000003, 6.567]","(3.2350000000000003, 7.003]",*
5.705233513350827,"(3.2350000000000003, 6.003]","(3.2350000000000003, 6.132]","(3.2350000000000003, 6.299]","(3.2350000000000003, 6.567]","(3.2350000000000003, 7.003]",*
5.706925272255224,"(3.2350000000000003, 6.003]","(3.2350000000000003, 6.132]","(3.2350000000000003, 6.299]","(3.2350000000000003, 6.567]","(3.2350000000000003, 7.003]",*
5.707288323542413,"(3.2350000000000003, 6.003]","(3.2350000000000003, 6.132]","(3.2350000000000003, 6.299]","(3.2350000000000003, 6.567]","(3.2350000000000003, 7.003]",*
5.708119192722324,"(3.2350000000000003, 6.003]","(3.2350000000000003, 6.132]","(3.2350000000000003, 6.299]","(3.2350000000000003, 6.567]","(3.2350000000000003, 7.003]",*
5.709652813938669,"(3.2350000000000003, 6.003]","(3.2350000000000003, 6.132]","(3.2350000000000003, 6.299]","(3.2350000000000003, 6.567]","(3.2350000000000003, 7.003]",*
5.70967182645133,"(3.2350000000000003, 6.003]","(3.2350000000000003, 6.132]","(3.2350000000000003, 6.299]","(3.2350000000000003, 6.567]","(3.2350000000000003, 7.003]",*
5.712521055514755,"(3.2350000000000003, 6.003]","(3.2350000000000003, 6.132]","(3.2350000000000003, 6.299]","(3.2350000000000003, 6.567]","(3.2350000000000003, 7.003]",*
5.713653887529197,"(3.2350000000000003, 6.003]","(3.2350000000000003, 6.132]","(3.2350000000000003, 6.299]","(3.2350000000000003, 6.567]","(3.2350000000000003, 7.003]",*
5.7154410589279445,"(3.2350000000000003, 6.003]","(3.2350000000000003, 6.132]","(3.2350000000000003, 6.299]","(3.2350000000000003, 6.567]","(3.2350000000000003, 7.003]",*
5.715533352098907,"(3.2350000000000003, 6.003]","(3.2350000000000003, 6.132]","(3.2350000000000003, 6.299]","(3.2350000000000003, 6.567]","(3.2350000000000003, 7.003]",*
5.717740091343675,"(3.2350000000000003, 6.003]","(3.2350000000000003, 6.132]","(3.2350000000000003, 6.299]","(3.2350000000000003, 6.567]","(3.2350000000000003, 7.003]",*
5.719328415250411,"(3.2350000000000003, 6.003]","(3.2350000000000003, 6.132]","(3.2350000000000003, 6.299]","(3.2350000000000003, 6.567]","(3.2350000000000003, 7.003]",*
5.7216185155137405,"(3.2350000000000003, 6.003]","(3.2350000000000003, 6.132]","(3.2350000000000003, 6.299]","(3.2350000000000003, 6.567]","(3.2350000000000003, 7.003]",*
5.721902142586711,"(3.2350000000000003, 6.003]","(3.2350000000000003, 6.132]","(3.2350000000000003, 6.299]","(3.2350000000000003, 6.567]","(3.2350000000000003, 7.003]",*
5.7225874258627165,"(3.2350000000000003, 6.003]","(3.2350000000000003, 6.132]","(3.2350000000000003, 6.299]","(3.2350000000000003, 6.567]","(3.2350000000000003, 7.003]",*
5.723008684988692,"(3.2350000000000003, 6.003]","(3.2350000000000003, 6.132]","(3.2350000000000003, 6.299]","(3.2350000000000003, 6.567]","(3.2350000000000003, 7.003]",*
5.724607393156624,"(3.2350000000000003, 6.003]","(3.2350000000000003, 6.132]","(3.2350000000000003, 6.299]","(3.2350000000000003, 6.567]","(3.2350000000000003, 7.003]",*
5.725160307712827,"(3.2350000000000003, 6.003]","(3.2350000000000003, 6.132]","(3.2350000000000003, 6.299]","(3.2350000000000003, 6.567]","(3.2350000000000003, 7.003]",*
5.725266904170662,"(3.2350000000000003, 6.003]","(3.2350000000000003, 6.132]","(3.2350000000000003, 6.299]","(3.2350000000000003, 6.567]","(3.2350000000000003, 7.003]",*
5.725930315808662,"(3.2350000000000003, 6.003]","(3.2350000000000003, 6.132]","(3.2350000000000003, 6.299]","(3.2350000000000003, 6.567]","(3.2350000000000003, 7.003]",*
5.726046838707847,"(3.2350000000000003, 6.003]","(3.2350000000000003, 6.132]","(3.2350000000000003, 6.299]","(3.2350000000000003, 6.567]","(3.2350000000000003, 7.003]",*
5.727202198568503,"(3.2350000000000003, 6.003]","(3.2350000000000003, 6.132]","(3.2350000000000003, 6.299]","(3.2350000000000003, 6.567]","(3.2350000000000003, 7.003]",*
5.727367756101588,"(3.2350000000000003, 6.003]","(3.2350000000000003, 6.132]","(3.2350000000000003, 6.299]","(3.2350000000000003, 6.567]","(3.2350000000000003, 7.003]",*
5.728417582633549,"(3.2350000000000003, 6.003]","(3.2350000000000003, 6.132]","(3.2350000000000003, 6.299]","(3.2350000000000003, 6.567]","(3.2350000000000003, 7.003]",*
5.72859731606807,"(3.2350000000000003, 6.003]","(3.2350000000000003, 6.132]","(3.2350000000000003, 6.299]","(3.2350000000000003, 6.567]","(3.2350000000000003, 7.003]",*
5.728607327546822,"(3.2350000000000003, 6.003]","(3.2350000000000003, 6.132]","(3.2350000000000003, 6.299]","(3.2350000000000003, 6.567]","(3.2350000000000003, 7.003]",*
5.728891848701579,"(3.2350000000000003, 6.003]","(3.2350000000000003, 6.132]","(3.2350000000000003, 6.299]","(3.2350000000000003, 6.567]","(3.2350000000000003, 7.003]",*
5.729563124170571,"(3.2350000000000003, 6.003]","(3.2350000000000003, 6.132]","(3.2350000000000003, 6.299]","(3.2350000000000003, 6.567]","(3.2350000000000003, 7.003]",*
5.731824124869714,"(3.2350000000000003, 6.003]","(3.2350000000000003, 6.132]","(3.2350000000000003, 6.299]","(3.2350000000000003, 6.567]","(3.2350000000000003, 7.003]",*
5.73259325993979,"(3.2350000000000003, 6.003]","(3.2350000000000003, 6.132]","(3.2350000000000003, 6.299]","(3.2350000000000003, 6.567]","(3.2350000000000003, 7.003]",*
5.733026919838022,"(3.2350000000000003, 6.003]","(3.2350000000000003, 6.132]","(3.2350000000000003, 6.299]","(3.2350000000000003, 6.567]","(3.2350000000000003, 7.003]",*
5.733121471691196,"(3.2350000000000003, 6.003]","(3.2350000000000003, 6.132]","(3.2350000000000003, 6.299]","(3.2350000000000003, 6.567]","(3.2350000000000003, 7.003]",*
5.733871078037487,"(3.2350000000000003, 6.003]","(3.2350000000000003, 6.132]","(3.2350000000000003, 6.299]","(3.2350000000000003, 6.567]","(3.2350000000000003, 7.003]",*
5.734362221498492,"(3.2350000000000003, 6.003]","(3.2350000000000003, 6.132]","(3.2350000000000003, 6.299]","(3.2350000000000003, 6.567]","(3.2350000000000003, 7.003]",*
5.734420555664961,"(3.2350000000000003, 6.003]","(3.2350000000000003, 6.132]","(3.2350000000000003, 6.299]","(3.2350000000000003, 6.567]","(3.2350000000000003, 7.003]",*
5.734957109647142,"(3.2350000000000003, 6.003]","(3.2350000000000003, 6.132]","(3.2350000000000003, 6.299]","(3.2350000000000003, 6.567]","(3.2350000000000003, 7.003]",*
5.7349989138771535,"(3.2350000000000003, 6.003]","(3.2350000000000003, 6.132]","(3.2350000000000003, 6.299]","(3.2350000000000003, 6.567]","(3.2350000000000003, 7.003]",*
5.736029404406763,"(3.2350000000000003, 6.003]","(3.2350000000000003, 6.132]","(3.2350000000000003, 6.299]","(3.2350000000000003, 6.567]","(3.2350000000000003, 7.003]",*
5.736700645195104,"(3.2350000000000003, 6.003]","(3.2350000000000003, 6.132]","(3.2350000000000003, 6.299]","(3.2350000000000003, 6.567]","(3.2350000000000003, 7.003]",*
5.736896365312343,"(3.2350000000000003, 6.003]","(3.2350000000000003, 6.132]","(3.2350000000000003, 6.299]","(3.2350000000000003, 6.567]","(3.2350000000000003, 7.003]",*
5.736983352194223,"(3.2350000000000003, 6.003]","(3.2350000000000003, 6.132]","(3.2350000000000003, 6.299]","(3.2350000000000003, 6.567]","(3.2350000000000003, 7.003]",*
5.7376758586584655,"(3.2350000000000003, 6.003]","(3.2350000000000003, 6.132]","(3.2350000000000003, 6.299]","(3.2350000000000003, 6.567]","(3.2350000000000003, 7.003]",*
5.740479724362851,"(3.2350000000000003, 6.003]","(3.2350000000000003, 6.132]","(3.2350000000000003, 6.299]","(3.2350000000000003, 6.567]","(3.2350000000000003, 7.003]",*
5.740486568335964,"(3.2350000000000003, 6.003]","(3.2350000000000003, 6.132]","(3.2350000000000003, 6.299]","(3.2350000000000003, 6.567]","(3.2350000000000003, 7.003]",*
5.744059838138965,"(3.2350000000000003, 6.003]","(3.2350000000000003, 6.132]","(3.2350000000000003, 6.299]","(3.2350000000000003, 6.567]","(3.2350000000000003, 7.003]",*
5.744912780710178,"(3.2350000000000003, 6.003]","(3.2350000000000003, 6.132]","(3.2350000000000003, 6.299]","(3.2350000000000003, 6.567]","(3.2350000000000003, 7.003]",*
5.7480822230334265,"(3.2350000000000003, 6.003]","(3.2350000000000003, 6.132]","(3.2350000000000003, 6.299]","(3.2350000000000003, 6.567]","(3.2350000000000003, 7.003]",*
5.748437260210997,"(3.2350000000000003, 6.003]","(3.2350000000000003, 6.132]","(3.2350000000000003, 6.299]","(3.2350000000000003, 6.567]","(3.2350000000000003, 7.003]",*
5.750671922110195,"(3.2350000000000003, 6.003]","(3.2350000000000003, 6.132]","(3.2350000000000003, 6.299]","(3.2350000000000003, 6.567]","(3.2350000000000003, 7.003]",*
5.751756292970973,"(3.2350000000000003, 6.003]","(3.2350000000000003, 6.132]","(3.2350000000000003, 6.299]","(3.2350000000000003, 6.567]","(3.2350000000000003, 7.003]",*
5.753579051240723,"(3.2350000000000003, 6.003]","(3.2350000000000003, 6.132]","(3.2350000000000003, 6.299]","(3.2350000000000003, 6.567]","(3.2350000000000003, 7.003]",*
5.754071063100791,"(3.2350000000000003, 6.003]","(3.2350000000000003, 6.132]","(3.2350000000000003, 6.299]","(3.2350000000000003, 6.567]","(3.2350000000000003, 7.003]",*
5.754531582784474,"(3.2350000000000003, 6.003]","(3.2350000000000003, 6.132]","(3.2350000000000003, 6.299]","(3.2350000000000003, 6.567]","(3.2350000000000003, 7.003]",*
5.755619902362941,"(3.2350000000000003, 6.003]","(3.2350000000000003, 6.132]","(3.2350000000000003, 6.299]","(3.2350000000000003, 6.567]","(3.2350000000000003, 7.003]",*
5.755817808360479,"(3.2350000000000003, 6.003]","(3.2350000000000003, 6.132]","(3.2350000000000003, 6.299]","(3.2350000000000003, 6.567]","(3.2350000000000003, 7.003]",*
5.7571650868142425,"(3.2350000000000003, 6.003]","(3.2350000000000003, 6.132]","(3.2350000000000003, 6.299]","(3.2350000000000003, 6.567]","(3.2350000000000003, 7.003]",*
5.75839100550622,"(3.2350000000000003, 6.003]","(3.2350000000000003, 6.132]","(3.2350000000000003, 6.299]","(3.2350000000000003, 6.567]","(3.2350000000000003, 7.003]",*
5.758483953791845,"(3.2350000000000003, 6.003]","(3.2350000000000003, 6.132]","(3.2350000000000003, 6.299]","(3.2350000000000003, 6.567]","(3.2350000000000003, 7.003]",*
5.7588669250449565,"(3.2350000000000003, 6.003]","(3.2350000000000003, 6.132]","(3.2350000000000003, 6.299]","(3.2350000000000003, 6.567]","(3.2350000000000003, 7.003]",*
5.759583193048414,"(3.2350000000000003, 6.003]","(3.2350000000000003, 6.132]","(3.2350000000000003, 6.299]","(3.2350000000000003, 6.567]","(3.2350000000000003, 7.003]",*
5.759739521796035,"(3.2350000000000003, 6.003]","(3.2350000000000003, 6.132]","(3.2350000000000003, 6.299]","(3.2350000000000003, 6.567]","(3.2350000000000003, 7.003]",*
5.761669848072267,"(3.2350000000000003, 6.003]","(3.2350000000000003, 6.132]","(3.2350000000000003, 6.299]","(3.2350000000000003, 6.567]","(3.2350000000000003, 7.003]",*
5.761823456201782,"(3.2350000000000003, 6.003]","(3.2350000000000003, 6.132]","(3.2350000000000003, 6.299]","(3.2350000000000003, 6.567]","(3.2350000000000003, 7.003]",*
5.762404547964313,"(3.2350000000000003, 6.003]","(3.2350000000000003, 6.132]","(3.2350000000000003, 6.299]","(3.2350000000000003, 6.567]","(3.2350000000000003, 7.003]",*
5.7637879575065964,"(3.2350000000000003, 6.003]","(3.2350000000000003, 6.132]","(3.2350000000000003, 6.299]","(3.2350000000000003, 6.567]","(3.2350000000000003, 7.003]",*
5.764141193485293,"(3.2350000000000003, 6.003]","(3.2350000000000003, 6.132]","(3.2350000000000003, 6.299]","(3.2350000000000003, 6.567]","(3.2350000000000003, 7.003]",*
5.765715831871178,"(3.2350000000000003, 6.003]","(3.2350000000000003, 6.132]","(3.2350000000000003, 6.299]","(3.2350000000000003, 6.567]","(3.2350000000000003, 7.003]",*
5.767253271528123,"(3.2350000000000003, 6.003]","(3.2350000000000003, 6.132]","(3.2350000000000003, 6.299]","(3.2350000000000003, 6.567]","(3.2350000000000003, 7.003]",*
5.767366135557098,"(3.2350000000000003, 6.003]","(3.2350000000000003, 6.132]","(3.2350000000000003, 6.299]","(3.2350000000000003, 6.567]","(3.2350000000000003, 7.003]",*
5.768682534066079,"(3.2350000000000003, 6.003]","(3.2350000000000003, 6.132]","(3.2350000000000003, 6.299]","(3.2350000000000003, 6.567]","(3.2350000000000003, 7.003]",*
5.771422322397388,"(3.2350000000000003, 6.003]","(3.2350000000000003, 6.132]","(3.2350000000000003, 6.299]","(3.2350000000000003, 6.567]","(3.2350000000000003, 7.003]",*
5.772280411968984,"(3.2350000000000003, 6.003]","(3.2350000000000003, 6.132]","(3.2350000000000003, 6.299]","(3.2350000000000003, 6.567]","(3.2350000000000003, 7.003]",*
5.7728513403736965,"(3.2350000000000003, 6.003]","(3.2350000000000003, 6.132]","(3.2350000000000003, 6.299]","(3.2350000000000003, 6.567]","(3.2350000000000003, 7.003]",*
5.773618813540487,"(3.2350000000000003, 6.003]","(3.2350000000000003, 6.132]","(3.2350000000000003, 6.299]","(3.2350000000000003, 6.567]","(3.2350000000000003, 7.003]",*
5.774408720781183,"(3.2350000000000003, 6.003]","(3.2350000000000003, 6.132]","(3.2350000000000003, 6.299]","(3.2350000000000003, 6.567]","(3.2350000000000003, 7.003]",*
5.77633034131683,"(3.2350000000000003, 6.003]","(3.2350000000000003, 6.132]","(3.2350000000000003, 6.299]","(3.2350000000000003, 6.567]","(3.2350000000000003, 7.003]",*
5.776343122126606,"(3.2350000000000003, 6.003]","(3.2350000000000003, 6.132]","(3.2350000000000003, 6.299]","(3.2350000000000003, 6.567]","(3.2350000000000003, 7.003]",*
5.779484515653555,"(3.2350000000000003, 6.003]","(3.2350000000000003, 6.132]","(3.2350000000000003, 6.299]","(3.2350000000000003, 6.567]","(3.2350000000000003, 7.003]",*
5.780350788733363,"(3.2350000000000003, 6.003]","(3.2350000000000003, 6.132]","(3.2350000000000003, 6.299]","(3.2350000000000003, 6.567]","(3.2350000000000003, 7.003]",*
5.781082744033308,"(3.2350000000000003, 6.003]","(3.2350000000000003, 6.132]","(3.2350000000000003, 6.299]","(3.2350000000000003, 6.567]","(3.2350000000000003, 7.003]",*
5.782156520097259,"(3.2350000000000003, 6.003]","(3.2350000000000003, 6.132]","(3.2350000000000003, 6.299]","(3.2350000000000003, 6.567]","(3.2350000000000003, 7.003]",*
5.783253683484185,"(3.2350000000000003, 6.003]","(3.2350000000000003, 6.132]","(3.2350000000000003, 6.299]","(3.2350000000000003, 6.567]","(3.2350000000000003, 7.003]",*
5.783362387739254,"(3.2350000000000003, 6.003]","(3.2350000000000003, 6.132]","(3.2350000000000003, 6.299]","(3.2350000000000003, 6.567]","(3.2350000000000003, 7.003]",*
5.783415539101091,"(3.2350000000000003, 6.003]","(3.2350000000000003, 6.132]","(3.2350000000000003, 6.299]","(3.2350000000000003, 6.567]","(3.2350000000000003, 7.003]",*
5.783612778547622,"(3.2350000000000003, 6.003]","(3.2350000000000003, 6.132]","(3.2350000000000003, 6.299]","(3.2350000000000003, 6.567]","(3.2350000000000003, 7.003]",*
5.785358396849128,"(3.2350000000000003, 6.003]","(3.2350000000000003, 6.132]","(3.2350000000000003, 6.299]","(3.2350000000000003, 6.567]","(3.2350000000000003, 7.003]",*
5.785742624067893,"(3.2350000000000003, 6.003]","(3.2350000000000003, 6.132]","(3.2350000000000003, 6.299]","(3.2350000000000003, 6.567]","(3.2350000000000003, 7.003]",*
5.786412329853682,"(3.2350000000000003, 6.003]","(3.2350000000000003, 6.132]","(3.2350000000000003, 6.299]","(3.2350000000000003, 6.567]","(3.2350000000000003, 7.003]",*
5.786855348445027,"(3.2350000000000003, 6.003]","(3.2350000000000003, 6.132]","(3.2350000000000003, 6.299]","(3.2350000000000003, 6.567]","(3.2350000000000003, 7.003]",*
5.787261160199206,"(3.2350000000000003, 6.003]","(3.2350000000000003, 6.132]","(3.2350000000000003, 6.299]","(3.2350000000000003, 6.567]","(3.2350000000000003, 7.003]",*
5.789188149325505,"(3.2350000000000003, 6.003]","(3.2350000000000003, 6.132]","(3.2350000000000003, 6.299]","(3.2350000000000003, 6.567]","(3.2350000000000003, 7.003]",*
5.790005274481309,"(3.2350000000000003, 6.003]","(3.2350000000000003, 6.132]","(3.2350000000000003, 6.299]","(3.2350000000000003, 6.567]","(3.2350000000000003, 7.003]",*
5.790228358629582,"(3.2350000000000003, 6.003]","(3.2350000000000003, 6.132]","(3.2350000000000003, 6.299]","(3.2350000000000003, 6.567]","(3.2350000000000003, 7.003]",*
5.7919575738124935,"(3.2350000000000003, 6.003]","(3.2350000000000003, 6.132]","(3.2350000000000003, 6.299]","(3.2350000000000003, 6.567]","(3.2350000000000003, 7.003]",*
5.793122826461674,"(3.2350000000000003, 6.003]","(3.2350000000000003, 6.132]","(3.2350000000000003, 6.299]","(3.2350000000000003, 6.567]","(3.2350000000000003, 7.003]",*
5.793589811958597,"(3.2350000000000003, 6.003]","(3.2350000000000003, 6.132]","(3.2350000000000003, 6.299]","(3.2350000000000003, 6.567]","(3.2350000000000003, 7.003]",*
5.796622943238027,"(3.2350000000000003, 6.003]","(3.2350000000000003, 6.132]","(3.2350000000000003, 6.299]","(3.2350000000000003, 6.567]","(3.2350000000000003, 7.003]",*
5.799201196487965,"(3.2350000000000003, 6.003]","(3.2350000000000003, 6.132]","(3.2350000000000003, 6.299]","(3.2350000000000003, 6.567]","(3.2350000000000003, 7.003]",*
5.800259721360161,"(3.2350000000000003, 6.003]","(3.2350000000000003, 6.132]","(3.2350000000000003, 6.299]","(3.2350000000000003, 6.567]","(3.2350000000000003, 7.003]",*
5.800783311874134,"(3.2350000000000003, 6.003]","(3.2350000000000003, 6.132]","(3.2350000000000003, 6.299]","(3.2350000000000003, 6.567]","(3.2350000000000003, 7.003]",*
5.800903188839205,"(3.2350000000000003, 6.003]","(3.2350000000000003, 6.132]","(3.2350000000000003, 6.299]","(3.2350000000000003, 6.567]","(3.2350000000000003, 7.003]",*
5.80239713469888,"(3.2350000000000003, 6.003]","(3.2350000000000003, 6.132]","(3.2350000000000003, 6.299]","(3.2350000000000003, 6.567]","(3.2350000000000003, 7.003]",*
5.802756598044653,"(3.2350000000000003, 6.003]","(3.2350000000000003, 6.132]","(3.2350000000000003, 6.299]","(3.2350000000000003, 6.567]","(3.2350000000000003, 7.003]",*
5.805193227628077,"(3.2350000000000003, 6.003]","(3.2350000000000003, 6.132]","(3.2350000000000003, 6.299]","(3.2350000000000003, 6.567]","(3.2350000000000003, 7.003]",*
5.806265554895543,"(3.2350000000000003, 6.003]","(3.2350000000000003, 6.132]","(3.2350000000000003, 6.299]","(3.2350000000000003, 6.567]","(3.2350000000000003, 7.003]",*
5.80740147918808,"(3.2350000000000003, 6.003]","(3.2350000000000003, 6.132]","(3.2350000000000003, 6.299]","(3.2350000000000003, 6.567]","(3.2350000000000003, 7.003]",*
5.807509527238798,"(3.2350000000000003, 6.003]","(3.2350000000000003, 6.132]","(3.2350000000000003, 6.299]","(3.2350000000000003, 6.567]","(3.2350000000000003, 7.003]",*
5.809147305516637,"(3.2350000000000003, 6.003]","(3.2350000000000003, 6.132]","(3.2350000000000003, 6.299]","(3.2350000000000003, 6.567]","(3.2350000000000003, 7.003]",*
5.809245850501795,"(3.2350000000000003, 6.003]","(3.2350000000000003, 6.132]","(3.2350000000000003, 6.299]","(3.2350000000000003, 6.567]","(3.2350000000000003, 7.003]",*
5.810728687186082,"(3.2350000000000003, 6.003]","(3.2350000000000003, 6.132]","(3.2350000000000003, 6.299]","(3.2350000000000003, 6.567]","(3.2350000000000003, 7.003]",*
5.8109425115908495,"(3.2350000000000003, 6.003]","(3.2350000000000003, 6.132]","(3.2350000000000003, 6.299]","(3.2350000000000003, 6.567]","(3.2350000000000003, 7.003]",*
5.811247931957407,"(3.2350000000000003, 6.003]","(3.2350000000000003, 6.132]","(3.2350000000000003, 6.299]","(3.2350000000000003, 6.567]","(3.2350000000000003, 7.003]",*
5.814822648120503,"(3.2350000000000003, 6.003]","(3.2350000000000003, 6.132]","(3.2350000000000003, 6.299]","(3.2350000000000003, 6.567]","(3.2350000000000003, 7.003]",*
5.816436332604026,"(3.2350000000000003, 6.003]","(3.2350000000000003, 6.132]","(3.2350000000000003, 6.299]","(3.2350000000000003, 6.567]","(3.2350000000000003, 7.003]",*
5.816627673636299,"(3.2350000000000003, 6.003]","(3.2350000000000003, 6.132]","(3.2350000000000003, 6.299]","(3.2350000000000003, 6.567]","(3.2350000000000003, 7.003]",*
5.820731843409248,"(3.2350000000000003, 6.003]","(3.2350000000000003, 6.132]","(3.2350000000000003, 6.299]","(3.2350000000000003, 6.567]","(3.2350000000000003, 7.003]",*
5.8212038521660805,"(3.2350000000000003, 6.003]","(3.2350000000000003, 6.132]","(3.2350000000000003, 6.299]","(3.2350000000000003, 6.567]","(3.2350000000000003, 7.003]",*
5.821400900299122,"(3.2350000000000003, 6.003]","(3.2350000000000003, 6.132]","(3.2350000000000003, 6.299]","(3.2350000000000003, 6.567]","(3.2350000000000003, 7.003]",*
5.825405472888403,"(3.2350000000000003, 6.003]","(3.2350000000000003, 6.132]","(3.2350000000000003, 6.299]","(3.2350000000000003, 6.567]","(3.2350000000000003, 7.003]",*
5.8280721759664464,"(3.2350000000000003, 6.003]","(3.2350000000000003, 6.132]","(3.2350000000000003, 6.299]","(3.2350000000000003, 6.567]","(3.2350000000000003, 7.003]",*
5.82894806073527,"(3.2350000000000003, 6.003]","(3.2350000000000003, 6.132]","(3.2350000000000003, 6.299]","(3.2350000000000003, 6.567]","(3.2350000000000003, 7.003]",*
5.828975487352791,"(3.2350000000000003, 6.003]","(3.2350000000000003, 6.132]","(3.2350000000000003, 6.299]","(3.2350000000000003, 6.567]","(3.2350000000000003, 7.003]",*
5.829254933443747,"(3.2350000000000003, 6.003]","(3.2350000000000003, 6.132]","(3.2350000000000003, 6.299]","(3.2350000000000003, 6.567]","(3.2350000000000003, 7.003]",*
5.829703683594148,"(3.2350000000000003, 6.003]","(3.2350000000000003, 6.132]","(3.2350000000000003, 6.299]","(3.2350000000000003, 6.567]","(3.2350000000000003, 7.003]",*
5.829800995829703,"(3.2350000000000003, 6.003]","(3.2350000000000003, 6.132]","(3.2350000000000003, 6.299]","(3.2350000000000003, 6.567]","(3.2350000000000003, 7.003]",*
5.831738972572462,"(3.2350000000000003, 6.003]","(3.2350000000000003, 6.132]","(3.2350000000000003, 6.299]","(3.2350000000000003, 6.567]","(3.2350000000000003, 7.003]",*
5.831951102499162,"(3.2350000000000003, 6.003]","(3.2350000000000003, 6.132]","(3.2350000000000003, 6.299]","(3.2350000000000003, 6.567]","(3.2350000000000003, 7.003]",*
5.832411834580037,"(3.2350000000000003, 6.003]","(3.2350000000000003, 6.132]","(3.2350000000000003, 6.299]","(3.2350000000000003, 6.567]","(3.2350000000000003, 7.003]",*
5.833625637072937,"(3.2350000000000003, 6.003]","(3.2350000000000003, 6.132]","(3.2350000000000003, 6.299]","(3.2350000000000003, 6.567]","(3.2350000000000003, 7.003]",*
5.833799708787987,"(3.2350000000000003, 6.003]","(3.2350000000000003, 6.132]","(3.2350000000000003, 6.299]","(3.2350000000000003, 6.567]","(3.2350000000000003, 7.003]",*
5.835420750157176,"(3.2350000000000003, 6.003]","(3.2350000000000003, 6.132]","(3.2350000000000003, 6.299]","(3.2350000000000003, 6.567]","(3.2350000000000003, 7.003]",*
5.838844174221832,"(3.2350000000000003, 6.003]","(3.2350000000000003, 6.132]","(3.2350000000000003, 6.299]","(3.2350000000000003, 6.567]","(3.2350000000000003, 7.003]",*
5.839049562367696,"(3.2350000000000003, 6.003]","(3.2350000000000003, 6.132]","(3.2350000000000003, 6.299]","(3.2350000000000003, 6.567]","(3.2350000000000003, 7.003]",*
5.841565100650506,"(3.2350000000000003, 6.003]","(3.2350000000000003, 6.132]","(3.2350000000000003, 6.299]","(3.2350000000000003, 6.567]","(3.2350000000000003, 7.003]",*
5.842130448527416,"(3.2350000000000003, 6.003]","(3.2350000000000003, 6.132]","(3.2350000000000003, 6.299]","(3.2350000000000003, 6.567]","(3.2350000000000003, 7.003]",*
5.843207841016095,"(3.2350000000000003, 6.003]","(3.2350000000000003, 6.132]","(3.2350000000000003, 6.299]","(3.2350000000000003, 6.567]","(3.2350000000000003, 7.003]",*
5.844185597595291,"(3.2350000000000003, 6.003]","(3.2350000000000003, 6.132]","(3.2350000000000003, 6.299]","(3.2350000000000003, 6.567]","(3.2350000000000003, 7.003]",*
5.845243834101094,"(3.2350000000000003, 6.003]","(3.2350000000000003, 6.132]","(3.2350000000000003, 6.299]","(3.2350000000000003, 6.567]","(3.2350000000000003, 7.003]",*
5.847043910849701,"(3.2350000000000003, 6.003]","(3.2350000000000003, 6.132]","(3.2350000000000003, 6.299]","(3.2350000000000003, 6.567]","(3.2350000000000003, 7.003]",*
5.84742299652075,"(3.2350000000000003, 6.003]","(3.2350000000000003, 6.132]","(3.2350000000000003, 6.299]","(3.2350000000000003, 6.567]","(3.2350000000000003, 7.003]",*
5.847510741501258,"(3.2350000000000003, 6.003]","(3.2350000000000003, 6.132]","(3.2350000000000003, 6.299]","(3.2350000000000003, 6.567]","(3.2350000000000003, 7.003]",*
5.8495755693435,"(3.2350000000000003, 6.003]","(3.2350000000000003, 6.132]","(3.2350000000000003, 6.299]","(3.2350000000000003, 6.567]","(3.2350000000000003, 7.003]",*
5.849840776326762,"(3.2350000000000003, 6.003]","(3.2350000000000003, 6.132]","(3.2350000000000003, 6.299]","(3.2350000000000003, 6.567]","(3.2350000000000003, 7.003]",*
5.850243433327661,"(3.2350000000000003, 6.003]","(3.2350000000000003, 6.132]","(3.2350000000000003, 6.299]","(3.2350000000000003, 6.567]","(3.2350000000000003, 7.003]",*
5.852508280301926,"(3.2350000000000003, 6.003]","(3.2350000000000003, 6.132]","(3.2350000000000003, 6.299]","(3.2350000000000003, 6.567]","(3.2350000000000003, 7.003]",*
5.853322091362604,"(3.2350000000000003, 6.003]","(3.2350000000000003, 6.132]","(3.2350000000000003, 6.299]","(3.2350000000000003, 6.567]","(3.2350000000000003, 7.003]",*
5.853657263638046,"(3.2350000000000003, 6.003]","(3.2350000000000003, 6.132]","(3.2350000000000003, 6.299]","(3.2350000000000003, 6.567]","(3.2350000000000003, 7.003]",*
5.8544198823801,"(3.2350000000000003, 6.003]","(3.2350000000000003, 6.132]","(3.2350000000000003, 6.299]","(3.2350000000000003, 6.567]","(3.2350000000000003, 7.003]",*
5.855901209512558,"(3.2350000000000003, 6.003]","(3.2350000000000003, 6.132]","(3.2350000000000003, 6.299]","(3.2350000000000003, 6.567]","(3.2350000000000003, 7.003]",*
5.8559723089516895,"(3.2350000000000003, 6.003]","(3.2350000000000003, 6.132]","(3.2350000000000003, 6.299]","(3.2350000000000003, 6.567]","(3.2350000000000003, 7.003]",*
5.856581440901638,"(3.2350000000000003, 6.003]","(3.2350000000000003, 6.132]","(3.2350000000000003, 6.299]","(3.2350000000000003, 6.567]","(3.2350000000000003, 7.003]",*
5.857573045683478,"(3.2350000000000003, 6.003]","(3.2350000000000003, 6.132]","(3.2350000000000003, 6.299]","(3.2350000000000003, 6.567]","(3.2350000000000003, 7.003]",*
5.857585574008223,"(3.2350000000000003, 6.003]","(3.2350000000000003, 6.132]","(3.2350000000000003, 6.299]","(3.2350000000000003, 6.567]","(3.2350000000000003, 7.003]",*
5.858797056204343,"(3.2350000000000003, 6.003]","(3.2350000000000003, 6.132]","(3.2350000000000003, 6.299]","(3.2350000000000003, 6.567]","(3.2350000000000003, 7.003]",*
5.8594943405804765,"(3.2350000000000003, 6.003]","(3.2350000000000003, 6.132]","(3.2350000000000003, 6.299]","(3.2350000000000003, 6.567]","(3.2350000000000003, 7.003]",*
5.8599864483858655,"(3.2350000000000003, 6.003]","(3.2350000000000003, 6.132]","(3.2350000000000003, 6.299]","(3.2350000000000003, 6.567]","(3.2350000000000003, 7.003]",*
5.860112374379642,"(3.2350000000000003, 6.003]","(3.2350000000000003, 6.132]","(3.2350000000000003, 6.299]","(3.2350000000000003, 6.567]","(3.2350000000000003, 7.003]",*
5.860630264995978,"(3.2350000000000003, 6.003]","(3.2350000000000003, 6.132]","(3.2350000000000003, 6.299]","(3.2350000000000003, 6.567]","(3.2350000000000003, 7.003]",*
5.8609893616417175,"(3.2350000000000003, 6.003]","(3.2350000000000003, 6.132]","(3.2350000000000003, 6.299]","(3.2350000000000003, 6.567]","(3.2350000000000003, 7.003]",*
5.861133737233804,"(3.2350000000000003, 6.003]","(3.2350000000000003, 6.132]","(3.2350000000000003, 6.299]","(3.2350000000000003, 6.567]","(3.2350000000000003, 7.003]",*
5.8615764210120735,"(3.2350000000000003, 6.003]","(3.2350000000000003, 6.132]","(3.2350000000000003, 6.299]","(3.2350000000000003, 6.567]","(3.2350000000000003, 7.003]",*
5.8624478709742665,"(3.2350000000000003, 6.003]","(3.2350000000000003, 6.132]","(3.2350000000000003, 6.299]","(3.2350000000000003, 6.567]","(3.2350000000000003, 7.003]",*
5.864071285895754,"(3.2350000000000003, 6.003]","(3.2350000000000003, 6.132]","(3.2350000000000003, 6.299]","(3.2350000000000003, 6.567]","(3.2350000000000003, 7.003]",*
5.865544033988483,"(3.2350000000000003, 6.003]","(3.2350000000000003, 6.132]","(3.2350000000000003, 6.299]","(3.2350000000000003, 6.567]","(3.2350000000000003, 7.003]",*
5.865716151693734,"(3.2350000000000003, 6.003]","(3.2350000000000003, 6.132]","(3.2350000000000003, 6.299]","(3.2350000000000003, 6.567]","(3.2350000000000003, 7.003]",*
5.8665081715971805,"(3.2350000000000003, 6.003]","(3.2350000000000003, 6.132]","(3.2350000000000003, 6.299]","(3.2350000000000003, 6.567]","(3.2350000000000003, 7.003]",*
5.867638545426352,"(3.2350000000000003, 6.003]","(3.2350000000000003, 6.132]","(3.2350000000000003, 6.299]","(3.2350000000000003, 6.567]","(3.2350000000000003, 7.003]",*
5.869941434729983,"(3.2350000000000003, 6.003]","(3.2350000000000003, 6.132]","(3.2350000000000003, 6.299]","(3.2350000000000003, 6.567]","(3.2350000000000003, 7.003]",*
5.870013340409724,"(3.2350000000000003, 6.003]","(3.2350000000000003, 6.132]","(3.2350000000000003, 6.299]","(3.2350000000000003, 6.567]","(3.2350000000000003, 7.003]",*
5.870545006270554,"(3.2350000000000003, 6.003]","(3.2350000000000003, 6.132]","(3.2350000000000003, 6.299]","(3.2350000000000003, 6.567]","(3.2350000000000003, 7.003]",*
5.870675012965008,"(3.2350000000000003, 6.003]","(3.2350000000000003, 6.132]","(3.2350000000000003, 6.299]","(3.2350000000000003, 6.567]","(3.2350000000000003, 7.003]",*
5.8709708014914685,"(3.2350000000000003, 6.003]","(3.2350000000000003, 6.132]","(3.2350000000000003, 6.299]","(3.2350000000000003, 6.567]","(3.2350000000000003, 7.003]",*
5.87174580472217,"(3.2350000000000003, 6.003]","(3.2350000000000003, 6.132]","(3.2350000000000003, 6.299]","(3.2350000000000003, 6.567]","(3.2350000000000003, 7.003]",*
5.871991131906867,"(3.2350000000000003, 6.003]","(3.2350000000000003, 6.132]","(3.2350000000000003, 6.299]","(3.2350000000000003, 6.567]","(3.2350000000000003, 7.003]",*
5.872524435012371,"(3.2350000000000003, 6.003]","(3.2350000000000003, 6.132]","(3.2350000000000003, 6.299]","(3.2350000000000003, 6.567]","(3.2350000000000003, 7.003]",*
5.873084078239497,"(3.2350000000000003, 6.003]","(3.2350000000000003, 6.132]","(3.2350000000000003, 6.299]","(3.2350000000000003, 6.567]","(3.2350000000000003, 7.003]",*
5.873194052842817,"(3.2350000000000003, 6.003]","(3.2350000000000003, 6.132]","(3.2350000000000003, 6.299]","(3.2350000000000003, 6.567]","(3.2350000000000003, 7.003]",*
5.873414594030187,"(3.2350000000000003, 6.003]","(3.2350000000000003, 6.132]","(3.2350000000000003, 6.299]","(3.2350000000000003, 6.567]","(3.2350000000000003, 7.003]",*
5.873583755155457,"(3.2350000000000003, 6.003]","(3.2350000000000003, 6.132]","(3.2350000000000003, 6.299]","(3.2350000000000003, 6.567]","(3.2350000000000003, 7.003]",*
5.875689351590417,"(3.2350000000000003, 6.003]","(3.2350000000000003, 6.132]","(3.2350000000000003, 6.299]","(3.2350000000000003, 6.567]","(3.2350000000000003, 7.003]",*
5.875831850445107,"(3.2350000000000003, 6.003]","(3.2350000000000003, 6.132]","(3.2350000000000003, 6.299]","(3.2350000000000003, 6.567]","(3.2350000000000003, 7.003]",*
5.876852141174476,"(3.2350000000000003, 6.003]","(3.2350000000000003, 6.132]","(3.2350000000000003, 6.299]","(3.2350000000000003, 6.567]","(3.2350000000000003, 7.003]",*
5.877785178849026,"(3.2350000000000003, 6.003]","(3.2350000000000003, 6.132]","(3.2350000000000003, 6.299]","(3.2350000000000003, 6.567]","(3.2350000000000003, 7.003]",*
5.879803420108456,"(3.2350000000000003, 6.003]","(3.2350000000000003, 6.132]","(3.2350000000000003, 6.299]","(3.2350000000000003, 6.567]","(3.2350000000000003, 7.003]",*
5.880684949769983,"(3.2350000000000003, 6.003]","(3.2350000000000003, 6.132]","(3.2350000000000003, 6.299]","(3.2350000000000003, 6.567]","(3.2350000000000003, 7.003]",*
5.8807532343071935,"(3.2350000000000003, 6.003]","(3.2350000000000003, 6.132]","(3.2350000000000003, 6.299]","(3.2350000000000003, 6.567]","(3.2350000000000003, 7.003]",*
5.881851884649381,"(3.2350000000000003, 6.003]","(3.2350000000000003, 6.132]","(3.2350000000000003, 6.299]","(3.2350000000000003, 6.567]","(3.2350000000000003, 7.003]",*
5.88209173376331,"(3.2350000000000003, 6.003]","(3.2350000000000003, 6.132]","(3.2350000000000003, 6.299]","(3.2350000000000003, 6.567]","(3.2350000000000003, 7.003]",*
5.884169742827486,"(3.2350000000000003, 6.003]","(3.2350000000000003, 6.132]","(3.2350000000000003, 6.299]","(3.2350000000000003, 6.567]","(3.2350000000000003, 7.003]",*
5.884307665905557,"(3.2350000000000003, 6.003]","(3.2350000000000003, 6.132]","(3.2350000000000003, 6.299]","(3.2350000000000003, 6.567]","(3.2350000000000003, 7.003]",*
5.887910667650227,"(3.2350000000000003, 6.003]","(3.2350000000000003, 6.132]","(3.2350000000000003, 6.299]","(3.2350000000000003, 6.567]","(3.2350000000000003, 7.003]",*
5.889038037843688,"(3.2350000000000003, 6.003]","(3.2350000000000003, 6.132]","(3.2350000000000003, 6.299]","(3.2350000000000003, 6.567]","(3.2350000000000003, 7.003]",*
5.889162188007568,"(3.2350000000000003, 6.003]","(3.2350000000000003, 6.132]","(3.2350000000000003, 6.299]","(3.2350000000000003, 6.567]","(3.2350000000000003, 7.003]",*
5.890387970539634,"(3.2350000000000003, 6.003]","(3.2350000000000003, 6.132]","(3.2350000000000003, 6.299]","(3.2350000000000003, 6.567]","(3.2350000000000003, 7.003]",*
5.89168775396153,"(3.2350000000000003, 6.003]","(3.2350000000000003, 6.132]","(3.2350000000000003, 6.299]","(3.2350000000000003, 6.567]","(3.2350000000000003, 7.003]",*
5.891707892761264,"(3.2350000000000003, 6.003]","(3.2350000000000003, 6.132]","(3.2350000000000003, 6.299]","(3.2350000000000003, 6.567]","(3.2350000000000003, 7.003]",*
5.892084942143979,"(3.2350000000000003, 6.003]","(3.2350000000000003, 6.132]","(3.2350000000000003, 6.299]","(3.2350000000000003, 6.567]","(3.2350000000000003, 7.003]",*
5.892268713196152,"(3.2350000000000003, 6.003]","(3.2350000000000003, 6.132]","(3.2350000000000003, 6.299]","(3.2350000000000003, 6.567]","(3.2350000000000003, 7.003]",*
5.8929538788600135,"(3.2350000000000003, 6.003]","(3.2350000000000003, 6.132]","(3.2350000000000003, 6.299]","(3.2350000000000003, 6.567]","(3.2350000000000003, 7.003]",*
5.893543734231539,"(3.2350000000000003, 6.003]","(3.2350000000000003, 6.132]","(3.2350000000000003, 6.299]","(3.2350000000000003, 6.567]","(3.2350000000000003, 7.003]",*
5.89441194891935,"(3.2350000000000003, 6.003]","(3.2350000000000003, 6.132]","(3.2350000000000003, 6.299]","(3.2350000000000003, 6.567]","(3.2350000000000003, 7.003]",*
5.8947618802098445,"(3.2350000000000003, 6.003]","(3.2350000000000003, 6.132]","(3.2350000000000003, 6.299]","(3.2350000000000003, 6.567]","(3.2350000000000003, 7.003]",*
5.895335123876549,"(3.2350000000000003, 6.003]","(3.2350000000000003, 6.132]","(3.2350000000000003, 6.299]","(3.2350000000000003, 6.567]","(3.2350000000000003, 7.003]",*
5.895589431082724,"(3.2350000000000003, 6.003]","(3.2350000000000003, 6.132]","(3.2350000000000003, 6.299]","(3.2350000000000003, 6.567]","(3.2350000000000003, 7.003]",*
5.897052836266327,"(3.2350000000000003, 6.003]","(3.2350000000000003, 6.132]","(3.2350000000000003, 6.299]","(3.2350000000000003, 6.567]","(3.2350000000000003, 7.003]",*
5.8984474281813215,"(3.2350000000000003, 6.003]","(3.2350000000000003, 6.132]","(3.2350000000000003, 6.299]","(3.2350000000000003, 6.567]","(3.2350000000000003, 7.003]",*
5.899076341909404,"(3.2350000000000003, 6.003]","(3.2350000000000003, 6.132]","(3.2350000000000003, 6.299]","(3.2350000000000003, 6.567]","(3.2350000000000003, 7.003]",*
5.8996903516835495,"(3.2350000000000003, 6.003]","(3.2350000000000003, 6.132]","(3.2350000000000003, 6.299]","(3.2350000000000003, 6.567]","(3.2350000000000003, 7.003]",*
5.900321137819773,"(3.2350000000000003, 6.003]","(3.2350000000000003, 6.132]","(3.2350000000000003, 6.299]","(3.2350000000000003, 6.567]","(3.2350000000000003, 7.003]",*
5.901030674337085,"(3.2350000000000003, 6.003]","(3.2350000000000003, 6.132]","(3.2350000000000003, 6.299]","(3.2350000000000003, 6.567]","(3.2350000000000003, 7.003]",*
5.903083906592946,"(3.2350000000000003, 6.003]","(3.2350000000000003, 6.132]","(3.2350000000000003, 6.299]","(3.2350000000000003, 6.567]","(3.2350000000000003, 7.003]",*
5.903753582132808,"(3.2350000000000003, 6.003]","(3.2350000000000003, 6.132]","(3.2350000000000003, 6.299]","(3.2350000000000003, 6.567]","(3.2350000000000003, 7.003]",*
5.904927969771132,"(3.2350000000000003, 6.003]","(3.2350000000000003, 6.132]","(3.2350000000000003, 6.299]","(3.2350000000000003, 6.567]","(3.2350000000000003, 7.003]",*
5.9050243437326095,"(3.2350000000000003, 6.003]","(3.2350000000000003, 6.132]","(3.2350000000000003, 6.299]","(3.2350000000000003, 6.567]","(3.2350000000000003, 7.003]",*
5.906375023480107,"(3.2350000000000003, 6.003]","(3.2350000000000003, 6.132]","(3.2350000000000003, 6.299]","(3.2350000000000003, 6.567]","(3.2350000000000003, 7.003]",*
5.9065012593053705,"(3.2350000000000003, 6.003]","(3.2350000000000003, 6.132]","(3.2350000000000003, 6.299]","(3.2350000000000003, 6.567]","(3.2350000000000003, 7.003]",*
5.906940080477402,"(3.2350000000000003, 6.003]","(3.2350000000000003, 6.132]","(3.2350000000000003, 6.299]","(3.2350000000000003, 6.567]","(3.2350000000000003, 7.003]",*
5.9079010939684204,"(3.2350000000000003, 6.003]","(3.2350000000000003, 6.132]","(3.2350000000000003, 6.299]","(3.2350000000000003, 6.567]","(3.2350000000000003, 7.003]",*
5.908484845433103,"(3.2350000000000003, 6.003]","(3.2350000000000003, 6.132]","(3.2350000000000003, 6.299]","(3.2350000000000003, 6.567]","(3.2350000000000003, 7.003]",*
5.908601198803806,"(3.2350000000000003, 6.003]","(3.2350000000000003, 6.132]","(3.2350000000000003, 6.299]","(3.2350000000000003, 6.567]","(3.2350000000000003, 7.003]",*
5.908719870278113,"(3.2350000000000003, 6.003]","(3.2350000000000003, 6.132]","(3.2350000000000003, 6.299]","(3.2350000000000003, 6.567]","(3.2350000000000003, 7.003]",*
5.909451927712682,"(3.2350000000000003, 6.003]","(3.2350000000000003, 6.132]","(3.2350000000000003, 6.299]","(3.2350000000000003, 6.567]","(3.2350000000000003, 7.003]",*
5.910012560121938,"(3.2350000000000003, 6.003]","(3.2350000000000003, 6.132]","(3.2350000000000003, 6.299]","(3.2350000000000003, 6.567]","(3.2350000000000003, 7.003]",*
5.911061464211238,"(3.2350000000000003, 6.003]","(3.2350000000000003, 6.132]","(3.2350000000000003, 6.299]","(3.2350000000000003, 6.567]","(3.2350000000000003, 7.003]",*
5.911176411361345,"(3.2350000000000003, 6.003]","(3.2350000000000003, 6.132]","(3.2350000000000003, 6.299]","(3.2350000000000003, 6.567]","(3.2350000000000003, 7.003]",*
5.9119530833084175,"(3.2350000000000003, 6.003]","(3.2350000000000003, 6.132]","(3.2350000000000003, 6.299]","(3.2350000000000003, 6.567]","(3.2350000000000003, 7.003]",*
5.913453614518467,"(3.2350000000000003, 6.003]","(3.2350000000000003, 6.132]","(3.2350000000000003, 6.299]","(3.2350000000000003, 6.567]","(3.2350000000000003, 7.003]",*
5.91489223468696,"(3.2350000000000003, 6.003]","(3.2350000000000003, 6.132]","(3.2350000000000003, 6.299]","(3.2350000000000003, 6.567]","(3.2350000000000003, 7.003]",*
5.914977243612483,"(3.2350000000000003, 6.003]","(3.2350000000000003, 6.132]","(3.2350000000000003, 6.299]","(3.2350000000000003, 6.567]","(3.2350000000000003, 7.003]",*
5.917064457918362,"(3.2350000000000003, 6.003]","(3.2350000000000003, 6.132]","(3.2350000000000003, 6.299]","(3.2350000000000003, 6.567]","(3.2350000000000003, 7.003]",*
5.917112689708719,"(3.2350000000000003, 6.003]","(3.2350000000000003, 6.132]","(3.2350000000000003, 6.299]","(3.2350000000000003, 6.567]","(3.2350000000000003, 7.003]",*
5.918463831688911,"(3.2350000000000003, 6.003]","(3.2350000000000003, 6.132]","(3.2350000000000003, 6.299]","(3.2350000000000003, 6.567]","(3.2350000000000003, 7.003]",*
5.918798409625334,"(3.2350000000000003, 6.003]","(3.2350000000000003, 6.132]","(3.2350000000000003, 6.299]","(3.2350000000000003, 6.567]","(3.2350000000000003, 7.003]",*
5.919230725467024,"(3.2350000000000003, 6.003]","(3.2350000000000003, 6.132]","(3.2350000000000003, 6.299]","(3.2350000000000003, 6.567]","(3.2350000000000003, 7.003]",*
5.921215988897924,"(3.2350000000000003, 6.003]","(3.2350000000000003, 6.132]","(3.2350000000000003, 6.299]","(3.2350000000000003, 6.567]","(3.2350000000000003, 7.003]",*
5.921795630759092,"(3.2350000000000003, 6.003]","(3.2350000000000003, 6.132]","(3.2350000000000003, 6.299]","(3.2350000000000003, 6.567]","(3.2350000000000003, 7.003]",*
5.922408509220776,"(3.2350000000000003, 6.003]","(3.2350000000000003, 6.132]","(3.2350000000000003, 6.299]","(3.2350000000000003, 6.567]","(3.2350000000000003, 7.003]",*
5.924214538211968,"(3.2350000000000003, 6.003]","(3.2350000000000003, 6.132]","(3.2350000000000003, 6.299]","(3.2350000000000003, 6.567]","(3.2350000000000003, 7.003]",*
5.928223472951472,"(3.2350000000000003, 6.003]","(3.2350000000000003, 6.132]","(3.2350000000000003, 6.299]","(3.2350000000000003, 6.567]","(3.2350000000000003, 7.003]",*
5.929137507838831,"(3.2350000000000003, 6.003]","(3.2350000000000003, 6.132]","(3.2350000000000003, 6.299]","(3.2350000000000003, 6.567]","(3.2350000000000003, 7.003]",*
5.92942150286992,"(3.2350000000000003, 6.003]","(3.2350000000000003, 6.132]","(3.2350000000000003, 6.299]","(3.2350000000000003, 6.567]","(3.2350000000000003, 7.003]",*
5.929531324239572,"(3.2350000000000003, 6.003]","(3.2350000000000003, 6.132]","(3.2350000000000003, 6.299]","(3.2350000000000003, 6.567]","(3.2350000000000003, 7.003]",*
5.929733805119477,"(3.2350000000000003, 6.003]","(3.2350000000000003, 6.132]","(3.2350000000000003, 6.299]","(3.2350000000000003, 6.567]","(3.2350000000000003, 7.003]",*
5.931333447357818,"(3.2350000000000003, 6.003]","(3.2350000000000003, 6.132]","(3.2350000000000003, 6.299]","(3.2350000000000003, 6.567]","(3.2350000000000003, 7.003]",*
5.9320698912649314,"(3.2350000000000003, 6.003]","(3.2350000000000003, 6.132]","(3.2350000000000003, 6.299]","(3.2350000000000003, 6.567]","(3.2350000000000003, 7.003]",*
5.9356186206054495,"(3.2350000000000003, 6.003]","(3.2350000000000003, 6.132]","(3.2350000000000003, 6.299]","(3.2350000000000003, 6.567]","(3.2350000000000003, 7.003]",*
5.935699281251122,"(3.2350000000000003, 6.003]","(3.2350000000000003, 6.132]","(3.2350000000000003, 6.299]","(3.2350000000000003, 6.567]","(3.2350000000000003, 7.003]",*
5.935709308708147,"(3.2350000000000003, 6.003]","(3.2350000000000003, 6.132]","(3.2350000000000003, 6.299]","(3.2350000000000003, 6.567]","(3.2350000000000003, 7.003]",*
5.935909326221994,"(3.2350000000000003, 6.003]","(3.2350000000000003, 6.132]","(3.2350000000000003, 6.299]","(3.2350000000000003, 6.567]","(3.2350000000000003, 7.003]",*
5.93628687490275,"(3.2350000000000003, 6.003]","(3.2350000000000003, 6.132]","(3.2350000000000003, 6.299]","(3.2350000000000003, 6.567]","(3.2350000000000003, 7.003]",*
5.937846801773273,"(3.2350000000000003, 6.003]","(3.2350000000000003, 6.132]","(3.2350000000000003, 6.299]","(3.2350000000000003, 6.567]","(3.2350000000000003, 7.003]",*
5.938396400537728,"(3.2350000000000003, 6.003]","(3.2350000000000003, 6.132]","(3.2350000000000003, 6.299]","(3.2350000000000003, 6.567]","(3.2350000000000003, 7.003]",*
5.938542334943192,"(3.2350000000000003, 6.003]","(3.2350000000000003, 6.132]","(3.2350000000000003, 6.299]","(3.2350000000000003, 6.567]","(3.2350000000000003, 7.003]",*
5.9392191789804505,"(3.2350000000000003, 6.003]","(3.2350000000000003, 6.132]","(3.2350000000000003, 6.299]","(3.2350000000000003, 6.567]","(3.2350000000000003, 7.003]",*
5.939874980509035,"(3.2350000000000003, 6.003]","(3.2350000000000003, 6.132]","(3.2350000000000003, 6.299]","(3.2350000000000003, 6.567]","(3.2350000000000003, 7.003]",*
5.941448931996844,"(3.2350000000000003, 6.003]","(3.2350000000000003, 6.132]","(3.2350000000000003, 6.299]","(3.2350000000000003, 6.567]","(3.2350000000000003, 7.003]",*
5.94227564553573,"(3.2350000000000003, 6.003]","(3.2350000000000003, 6.132]","(3.2350000000000003, 6.299]","(3.2350000000000003, 6.567]","(3.2350000000000003, 7.003]",*
5.942341759096639,"(3.2350000000000003, 6.003]","(3.2350000000000003, 6.132]","(3.2350000000000003, 6.299]","(3.2350000000000003, 6.567]","(3.2350000000000003, 7.003]",*
5.943765121754649,"(3.2350000000000003, 6.003]","(3.2350000000000003, 6.132]","(3.2350000000000003, 6.299]","(3.2350000000000003, 6.567]","(3.2350000000000003, 7.003]",*
5.943870379019686,"(3.2350000000000003, 6.003]","(3.2350000000000003, 6.132]","(3.2350000000000003, 6.299]","(3.2350000000000003, 6.567]","(3.2350000000000003, 7.003]",*
5.945618540897615,"(3.2350000000000003, 6.003]","(3.2350000000000003, 6.132]","(3.2350000000000003, 6.299]","(3.2350000000000003, 6.567]","(3.2350000000000003, 7.003]",*
5.9457596106251405,"(3.2350000000000003, 6.003]","(3.2350000000000003, 6.132]","(3.2350000000000003, 6.299]","(3.2350000000000003, 6.567]","(3.2350000000000003, 7.003]",*
5.945896721613284,"(3.2350000000000003, 6.003]","(3.2350000000000003, 6.132]","(3.2350000000000003, 6.299]","(3.2350000000000003, 6.567]","(3.2350000000000003, 7.003]",*
5.945900038661165,"(3.2350000000000003, 6.003]","(3.2350000000000003, 6.132]","(3.2350000000000003, 6.299]","(3.2350000000000003, 6.567]","(3.2350000000000003, 7.003]",*
5.9483920944663335,"(3.2350000000000003, 6.003]","(3.2350000000000003, 6.132]","(3.2350000000000003, 6.299]","(3.2350000000000003, 6.567]","(3.2350000000000003, 7.003]",*
5.949677130054996,"(3.2350000000000003, 6.003]","(3.2350000000000003, 6.132]","(3.2350000000000003, 6.299]","(3.2350000000000003, 6.567]","(3.2350000000000003, 7.003]",*
5.951785742735968,"(3.2350000000000003, 6.003]","(3.2350000000000003, 6.132]","(3.2350000000000003, 6.299]","(3.2350000000000003, 6.567]","(3.2350000000000003, 7.003]",*
5.9533466655100975,"(3.2350000000000003, 6.003]","(3.2350000000000003, 6.132]","(3.2350000000000003, 6.299]","(3.2350000000000003, 6.567]","(3.2350000000000003, 7.003]",*
5.954193530559609,"(3.2350000000000003, 6.003]","(3.2350000000000003, 6.132]","(3.2350000000000003, 6.299]","(3.2350000000000003, 6.567]","(3.2350000000000003, 7.003]",*
5.954445409630019,"(3.2350000000000003, 6.003]","(3.2350000000000003, 6.132]","(3.2350000000000003, 6.299]","(3.2350000000000003, 6.567]","(3.2350000000000003, 7.003]",*
5.955308380720228,"(3.2350000000000003, 6.003]","(3.2350000000000003, 6.132]","(3.2350000000000003, 6.299]","(3.2350000000000003, 6.567]","(3.2350000000000003, 7.003]",*
5.955943931295643,"(3.2350000000000003, 6.003]","(3.2350000000000003, 6.132]","(3.2350000000000003, 6.299]","(3.2350000000000003, 6.567]","(3.2350000000000003, 7.003]",*
5.956463605405528,"(3.2350000000000003, 6.003]","(3.2350000000000003, 6.132]","(3.2350000000000003, 6.299]","(3.2350000000000003, 6.567]","(3.2350000000000003, 7.003]",*
5.958069865040463,"(3.2350000000000003, 6.003]","(3.2350000000000003, 6.132]","(3.2350000000000003, 6.299]","(3.2350000000000003, 6.567]","(3.2350000000000003, 7.003]",*
5.958260743276505,"(3.2350000000000003, 6.003]","(3.2350000000000003, 6.132]","(3.2350000000000003, 6.299]","(3.2350000000000003, 6.567]","(3.2350000000000003, 7.003]",*
5.959272268306881,"(3.2350000000000003, 6.003]","(3.2350000000000003, 6.132]","(3.2350000000000003, 6.299]","(3.2350000000000003, 6.567]","(3.2350000000000003, 7.003]",*
5.959743409180057,"(3.2350000000000003, 6.003]","(3.2350000000000003, 6.132]","(3.2350000000000003, 6.299]","(3.2350000000000003, 6.567]","(3.2350000000000003, 7.003]",*
5.960443411222234,"(3.2350000000000003, 6.003]","(3.2350000000000003, 6.132]","(3.2350000000000003, 6.299]","(3.2350000000000003, 6.567]","(3.2350000000000003, 7.003]",*
5.960565275355322,"(3.2350000000000003, 6.003]","(3.2350000000000003, 6.132]","(3.2350000000000003, 6.299]","(3.2350000000000003, 6.567]","(3.2350000000000003, 7.003]",*
5.960675668174432,"(3.2350000000000003, 6.003]","(3.2350000000000003, 6.132]","(3.2350000000000003, 6.299]","(3.2350000000000003, 6.567]","(3.2350000000000003, 7.003]",*
5.961239758789812,"(3.2350000000000003, 6.003]","(3.2350000000000003, 6.132]","(3.2350000000000003, 6.299]","(3.2350000000000003, 6.567]","(3.2350000000000003, 7.003]",*
5.961406780001048,"(3.2350000000000003, 6.003]","(3.2350000000000003, 6.132]","(3.2350000000000003, 6.299]","(3.2350000000000003, 6.567]","(3.2350000000000003, 7.003]",*
5.9626122834114765,"(3.2350000000000003, 6.003]","(3.2350000000000003, 6.132]","(3.2350000000000003, 6.299]","(3.2350000000000003, 6.567]","(3.2350000000000003, 7.003]",*
5.963031884078483,"(3.2350000000000003, 6.003]","(3.2350000000000003, 6.132]","(3.2350000000000003, 6.299]","(3.2350000000000003, 6.567]","(3.2350000000000003, 7.003]",*
5.963194701396527,"(3.2350000000000003, 6.003]","(3.2350000000000003, 6.132]","(3.2350000000000003, 6.299]","(3.2350000000000003, 6.567]","(3.2350000000000003, 7.003]",*
5.9636795939457885,"(3.2350000000000003, 6.003]","(3.2350000000000003, 6.132]","(3.2350000000000003, 6.299]","(3.2350000000000003, 6.567]","(3.2350000000000003, 7.003]",*
5.96533054583796,"(3.2350000000000003, 6.003]","(3.2350000000000003, 6.132]","(3.2350000000000003, 6.299]","(3.2350000000000003, 6.567]","(3.2350000000000003, 7.003]",*
5.965859466598843,"(3.2350000000000003, 6.003]","(3.2350000000000003, 6.132]","(3.2350000000000003, 6.299]","(3.2350000000000003, 6.567]","(3.2350000000000003, 7.003]",*
5.966318330035974,"(3.2350000000000003, 6.003]","(3.2350000000000003, 6.132]","(3.2350000000000003, 6.299]","(3.2350000000000003, 6.567]","(3.2350000000000003, 7.003]",*
5.966878902421487,"(3.2350000000000003, 6.003]","(3.2350000000000003, 6.132]","(3.2350000000000003, 6.299]","(3.2350000000000003, 6.567]","(3.2350000000000003, 7.003]",*
5.967832307070272,"(3.2350000000000003, 6.003]","(3.2350000000000003, 6.132]","(3.2350000000000003, 6.299]","(3.2350000000000003, 6.567]","(3.2350000000000003, 7.003]",*
5.969959493652295,"(3.2350000000000003, 6.003]","(3.2350000000000003, 6.132]","(3.2350000000000003, 6.299]","(3.2350000000000003, 6.567]","(3.2350000000000003, 7.003]",*
5.971224418606198,"(3.2350000000000003, 6.003]","(3.2350000000000003, 6.132]","(3.2350000000000003, 6.299]","(3.2350000000000003, 6.567]","(3.2350000000000003, 7.003]",*
5.9767766133060185,"(3.2350000000000003, 6.003]","(3.2350000000000003, 6.132]","(3.2350000000000003, 6.299]","(3.2350000000000003, 6.567]","(3.2350000000000003, 7.003]",*
5.977781617402865,"(3.2350000000000003, 6.003]","(3.2350000000000003, 6.132]","(3.2350000000000003, 6.299]","(3.2350000000000003, 6.567]","(3.2350000000000003, 7.003]",*
5.979165221333215,"(3.2350000000000003, 6.003]","(3.2350000000000003, 6.132]","(3.2350000000000003, 6.299]","(3.2350000000000003, 6.567]","(3.2350000000000003, 7.003]",*
5.980078562985429,"(3.2350000000000003, 6.003]","(3.2350000000000003, 6.132]","(3.2350000000000003, 6.299]","(3.2350000000000003, 6.567]","(3.2350000000000003, 7.003]",*
5.980229280131588,"(3.2350000000000003, 6.003]","(3.2350000000000003, 6.132]","(3.2350000000000003, 6.299]","(3.2350000000000003, 6.567]","(3.2350000000000003, 7.003]",*
5.980715519973782,"(3.2350000000000003, 6.003]","(3.2350000000000003, 6.132]","(3.2350000000000003, 6.299]","(3.2350000000000003, 6.567]","(3.2350000000000003, 7.003]",*
5.982669476601831,"(3.2350000000000003, 6.003]","(3.2350000000000003, 6.132]","(3.2350000000000003, 6.299]","(3.2350000000000003, 6.567]","(3.2350000000000003, 7.003]",*
5.982743947852132,"(3.2350000000000003, 6.003]","(3.2350000000000003, 6.132]","(3.2350000000000003, 6.299]","(3.2350000000000003, 6.567]","(3.2350000000000003, 7.003]",*
5.9832047216642525,"(3.2350000000000003, 6.003]","(3.2350000000000003, 6.132]","(3.2350000000000003, 6.299]","(3.2350000000000003, 6.567]","(3.2350000000000003, 7.003]",*
5.984186173183613,"(3.2350000000000003, 6.003]","(3.2350000000000003, 6.132]","(3.2350000000000003, 6.299]","(3.2350000000000003, 6.567]","(3.2350000000000003, 7.003]",*
5.985129881795015,"(3.2350000000000003, 6.003]","(3.2350000000000003, 6.132]","(3.2350000000000003, 6.299]","(3.2350000000000003, 6.567]","(3.2350000000000003, 7.003]",*
5.985692419750423,"(3.2350000000000003, 6.003]","(3.2350000000000003, 6.132]","(3.2350000000000003, 6.299]","(3.2350000000000003, 6.567]","(3.2350000000000003, 7.003]",*
5.986455182728835,"(3.2350000000000003, 6.003]","(3.2350000000000003, 6.132]","(3.2350000000000003, 6.299]","(3.2350000000000003, 6.567]","(3.2350000000000003, 7.003]",*
5.987424292269036,"(3.2350000000000003, 6.003]","(3.2350000000000003, 6.132]","(3.2350000000000003, 6.299]","(3.2350000000000003, 6.567]","(3.2350000000000003, 7.003]",*
5.987896443725842,"(3.2350000000000003, 6.003]","(3.2350000000000003, 6.132]","(3.2350000000000003, 6.299]","(3.2350000000000003, 6.567]","(3.2350000000000003, 7.003]",*
5.987958371847173,"(3.2350000000000003, 6.003]","(3.2350000000000003, 6.132]","(3.2350000000000003, 6.299]","(3.2350000000000003, 6.567]","(3.2350000000000003, 7.003]",*
5.98852709755665,"(3.2350000000000003, 6.003]","(3.2350000000000003, 6.132]","(3.2350000000000003, 6.299]","(3.2350000000000003, 6.567]","(3.2350000000000003, 7.003]",*
5.989111803157901,"(3.2350000000000003, 6.003]","(3.2350000000000003, 6.132]","(3.2350000000000003, 6.299]","(3.2350000000000003, 6.567]","(3.2350000000000003, 7.003]",*
5.9931879009455695,"(3.2350000000000003, 6.003]","(3.2350000000000003, 6.132]","(3.2350000000000003, 6.299]","(3.2350000000000003, 6.567]","(3.2350000000000003, 7.003]",*
5.994692017645964,"(3.2350000000000003, 6.003]","(3.2350000000000003, 6.132]","(3.2350000000000003, 6.299]","(3.2350000000000003, 6.567]","(3.2350000000000003, 7.003]",*
5.995248573341971,"(3.2350000000000003, 6.003]","(3.2350000000000003, 6.132]","(3.2350000000000003, 6.299]","(3.2350000000000003, 6.567]","(3.2350000000000003, 7.003]",*
5.9965430048951065,"(3.2350000000000003, 6.003]","(3.2350000000000003, 6.132]","(3.2350000000000003, 6.299]","(3.2350000000000003, 6.567]","(3.2350000000000003, 7.003]",*
6.0007693266114215,"(3.2350000000000003, 6.003]","(3.2350000000000003, 6.132]","(3.2350000000000003, 6.299]","(3.2350000000000003, 6.567]","(3.2350000000000003, 7.003]",*
6.001261362192467,"(3.2350000000000003, 6.003]","(3.2350000000000003, 6.132]","(3.2350000000000003, 6.299]","(3.2350000000000003, 6.567]","(3.2350000000000003, 7.003]",*
6.001574334569032,"(3.2350000000000003, 6.003]","(3.2350000000000003, 6.132]","(3.2350000000000003, 6.299]","(3.2350000000000003, 6.567]","(3.2350000000000003, 7.003]",*
6.002304868294862,"(3.2350000000000003, 6.003]","(3.2350000000000003, 6.132]","(3.2350000000000003, 6.299]","(3.2350000000000003, 6.567]","(3.2350000000000003, 7.003]",*
6.002938215194697,"(3.2350000000000003, 6.003]","(3.2350000000000003, 6.132]","(3.2350000000000003, 6.299]","(3.2350000000000003, 6.567]","(3.2350000000000003, 7.003]",*
6.003180901539638,"(6.003, 6.567]","(3.2350000000000003, 6.132]","(3.2350000000000003, 6.299]","(3.2350000000000003, 6.567]","(3.2350000000000003, 7.003]",*
6.00352184618508,"(6.003, 6.567]","(3.2350000000000003, 6.132]","(3.2350000000000003, 6.299]","(3.2350000000000003, 6.567]","(3.2350000000000003, 7.003]",*
6.004365015081183,"(6.003, 6.567]","(3.2350000000000003, 6.132]","(3.2350000000000003, 6.299]","(3.2350000000000003, 6.567]","(3.2350000000000003, 7.003]",*
6.005656489951434,"(6.003, 6.567]","(3.2350000000000003, 6.132]","(3.2350000000000003, 6.299]","(3.2350000000000003, 6.567]","(3.2350000000000003, 7.003]",*
6.007036493751108,"(6.003, 6.567]","(3.2350000000000003, 6.132]","(3.2350000000000003, 6.299]","(3.2350000000000003, 6.567]","(3.2350000000000003, 7.003]",*
6.007374114743245,"(6.003, 6.567]","(3.2350000000000003, 6.132]","(3.2350000000000003, 6.299]","(3.2350000000000003, 6.567]","(3.2350000000000003, 7.003]",*
6.00738166141595,"(6.003, 6.567]","(3.2350000000000003, 6.132]","(3.2350000000000003, 6.299]","(3.2350000000000003, 6.567]","(3.2350000000000003, 7.003]",*
6.0077802255603325,"(6.003, 6.567]","(3.2350000000000003, 6.132]","(3.2350000000000003, 6.299]","(3.2350000000000003, 6.567]","(3.2350000000000003, 7.003]",*
6.009736690143878,"(6.003, 6.567]","(3.2350000000000003, 6.132]","(3.2350000000000003, 6.299]","(3.2350000000000003, 6.567]","(3.2350000000000003, 7.003]",*
6.009883203686084,"(6.003, 6.567]","(3.2350000000000003, 6.132]","(3.2350000000000003, 6.299]","(3.2350000000000003, 6.567]","(3.2350000000000003, 7.003]",*
6.010627933492787,"(6.003, 6.567]","(3.2350000000000003, 6.132]","(3.2350000000000003, 6.299]","(3.2350000000000003, 6.567]","(3.2350000000000003, 7.003]",*
6.010742815421219,"(6.003, 6.567]","(3.2350000000000003, 6.132]","(3.2350000000000003, 6.299]","(3.2350000000000003, 6.567]","(3.2350000000000003, 7.003]",*
6.0108311687704745,"(6.003, 6.567]","(3.2350000000000003, 6.132]","(3.2350000000000003, 6.299]","(3.2350000000000003, 6.567]","(3.2350000000000003, 7.003]",*
6.011422792693306,"(6.003, 6.567]","(3.2350000000000003, 6.132]","(3.2350000000000003, 6.299]","(3.2350000000000003, 6.567]","(3.2350000000000003, 7.003]",*
6.011897277924494,"(6.003, 6.567]","(3.2350000000000003, 6.132]","(3.2350000000000003, 6.299]","(3.2350000000000003, 6.567]","(3.2350000000000003, 7.003]",*
6.014092418784906,"(6.003, 6.567]","(3.2350000000000003, 6.132]","(3.2350000000000003, 6.299]","(3.2350000000000003, 6.567]","(3.2350000000000003, 7.003]",*
6.014719301326307,"(6.003, 6.567]","(3.2350000000000003, 6.132]","(3.2350000000000003, 6.299]","(3.2350000000000003, 6.567]","(3.2350000000000003, 7.003]",*
6.015495165269315,"(6.003, 6.567]","(3.2350000000000003, 6.132]","(3.2350000000000003, 6.299]","(3.2350000000000003, 6.567]","(3.2350000000000003, 7.003]",*
6.015787794714665,"(6.003, 6.567]","(3.2350000000000003, 6.132]","(3.2350000000000003, 6.299]","(3.2350000000000003, 6.567]","(3.2350000000000003, 7.003]",*
6.0161586105429965,"(6.003, 6.567]","(3.2350000000000003, 6.132]","(3.2350000000000003, 6.299]","(3.2350000000000003, 6.567]","(3.2350000000000003, 7.003]",*
6.017354465025719,"(6.003, 6.567]","(3.2350000000000003, 6.132]","(3.2350000000000003, 6.299]","(3.2350000000000003, 6.567]","(3.2350000000000003, 7.003]",*
6.017693900465423,"(6.003, 6.567]","(3.2350000000000003, 6.132]","(3.2350000000000003, 6.299]","(3.2350000000000003, 6.567]","(3.2350000000000003, 7.003]",*
6.018646502679608,"(6.003, 6.567]","(3.2350000000000003, 6.132]","(3.2350000000000003, 6.299]","(3.2350000000000003, 6.567]","(3.2350000000000003, 7.003]",*
6.019018389028318,"(6.003, 6.567]","(3.2350000000000003, 6.132]","(3.2350000000000003, 6.299]","(3.2350000000000003, 6.567]","(3.2350000000000003, 7.003]",*
6.019277066957383,"(6.003, 6.567]","(3.2350000000000003, 6.132]","(3.2350000000000003, 6.299]","(3.2350000000000003, 6.567]","(3.2350000000000003, 7.003]",*
6.020201205065965,"(6.003, 6.567]","(3.2350000000000003, 6.132]","(3.2350000000000003, 6.299]","(3.2350000000000003, 6.567]","(3.2350000000000003, 7.003]",*
6.020747962793032,"(6.003, 6.567]","(3.2350000000000003, 6.132]","(3.2350000000000003, 6.299]","(3.2350000000000003, 6.567]","(3.2350000000000003, 7.003]",*
6.0209850356892805,"(6.003, 6.567]","(3.2350000000000003, 6.132]","(3.2350000000000003, 6.299]","(3.2350000000000003, 6.567]","(3.2350000000000003, 7.003]",*
6.021413187842437,"(6.003, 6.567]","(3.2350000000000003, 6.132]","(3.2350000000000003, 6.299]","(3.2350000000000003, 6.567]","(3.2350000000000003, 7.003]",*
6.023472290442287,"(6.003, 6.567]","(3.2350000000000003, 6.132]","(3.2350000000000003, 6.299]","(3.2350000000000003, 6.567]","(3.2350000000000003, 7.003]",*
6.024523188388942,"(6.003, 6.567]","(3.2350000000000003, 6.132]","(3.2350000000000003, 6.299]","(3.2350000000000003, 6.567]","(3.2350000000000003, 7.003]",*
6.024768371379516,"(6.003, 6.567]","(3.2350000000000003, 6.132]","(3.2350000000000003, 6.299]","(3.2350000000000003, 6.567]","(3.2350000000000003, 7.003]",*
6.025570210718759,"(6.003, 6.567]","(3.2350000000000003, 6.132]","(3.2350000000000003, 6.299]","(3.2350000000000003, 6.567]","(3.2350000000000003, 7.003]",*
6.028782350698879,"(6.003, 6.567]","(3.2350000000000003, 6.132]","(3.2350000000000003, 6.299]","(3.2350000000000003, 6.567]","(3.2350000000000003, 7.003]",*
6.029160867165066,"(6.003, 6.567]","(3.2350000000000003, 6.132]","(3.2350000000000003, 6.299]","(3.2350000000000003, 6.567]","(3.2350000000000003, 7.003]",*
6.029203977497208,"(6.003, 6.567]","(3.2350000000000003, 6.132]","(3.2350000000000003, 6.299]","(3.2350000000000003, 6.567]","(3.2350000000000003, 7.003]",*
6.029291539395987,"(6.003, 6.567]","(3.2350000000000003, 6.132]","(3.2350000000000003, 6.299]","(3.2350000000000003, 6.567]","(3.2350000000000003, 7.003]",*
6.030097991795322,"(6.003, 6.567]","(3.2350000000000003, 6.132]","(3.2350000000000003, 6.299]","(3.2350000000000003, 6.567]","(3.2350000000000003, 7.003]",*
6.031215138027151,"(6.003, 6.567]","(3.2350000000000003, 6.132]","(3.2350000000000003, 6.299]","(3.2350000000000003, 6.567]","(3.2350000000000003, 7.003]",*
6.031407265266884,"(6.003, 6.567]","(3.2350000000000003, 6.132]","(3.2350000000000003, 6.299]","(3.2350000000000003, 6.567]","(3.2350000000000003, 7.003]",*
6.0315609141080895,"(6.003, 6.567]","(3.2350000000000003, 6.132]","(3.2350000000000003, 6.299]","(3.2350000000000003, 6.567]","(3.2350000000000003, 7.003]",*
6.031842600358633,"(6.003, 6.567]","(3.2350000000000003, 6.132]","(3.2350000000000003, 6.299]","(3.2350000000000003, 6.567]","(3.2350000000000003, 7.003]",*
6.032795264653433,"(6.003, 6.567]","(3.2350000000000003, 6.132]","(3.2350000000000003, 6.299]","(3.2350000000000003, 6.567]","(3.2350000000000003, 7.003]",*
6.0336431375013495,"(6.003, 6.567]","(3.2350000000000003, 6.132]","(3.2350000000000003, 6.299]","(3.2350000000000003, 6.567]","(3.2350000000000003, 7.003]",*
6.035038932041253,"(6.003, 6.567]","(3.2350000000000003, 6.132]","(3.2350000000000003, 6.299]","(3.2350000000000003, 6.567]","(3.2350000000000003, 7.003]",*
6.036318039720572,"(6.003, 6.567]","(3.2350000000000003, 6.132]","(3.2350000000000003, 6.299]","(3.2350000000000003, 6.567]","(3.2350000000000003, 7.003]",*
6.036458018078103,"(6.003, 6.567]","(3.2350000000000003, 6.132]","(3.2350000000000003, 6.299]","(3.2350000000000003, 6.567]","(3.2350000000000003, 7.003]",*
6.036621215250689,"(6.003, 6.567]","(3.2350000000000003, 6.132]","(3.2350000000000003, 6.299]","(3.2350000000000003, 6.567]","(3.2350000000000003, 7.003]",*
6.038487979300023,"(6.003, 6.567]","(3.2350000000000003, 6.132]","(3.2350000000000003, 6.299]","(3.2350000000000003, 6.567]","(3.2350000000000003, 7.003]",*
6.03937781748979,"(6.003, 6.567]","(3.2350000000000003, 6.132]","(3.2350000000000003, 6.299]","(3.2350000000000003, 6.567]","(3.2350000000000003, 7.003]",*
6.040314056712838,"(6.003, 6.567]","(3.2350000000000003, 6.132]","(3.2350000000000003, 6.299]","(3.2350000000000003, 6.567]","(3.2350000000000003, 7.003]",*
6.04232838002287,"(6.003, 6.567]","(3.2350000000000003, 6.132]","(3.2350000000000003, 6.299]","(3.2350000000000003, 6.567]","(3.2350000000000003, 7.003]",*
6.043040289758483,"(6.003, 6.567]","(3.2350000000000003, 6.132]","(3.2350000000000003, 6.299]","(3.2350000000000003, 6.567]","(3.2350000000000003, 7.003]",*
6.045749359660901,"(6.003, 6.567]","(3.2350000000000003, 6.132]","(3.2350000000000003, 6.299]","(3.2350000000000003, 6.567]","(3.2350000000000003, 7.003]",*
6.045984022177644,"(6.003, 6.567]","(3.2350000000000003, 6.132]","(3.2350000000000003, 6.299]","(3.2350000000000003, 6.567]","(3.2350000000000003, 7.003]",*
6.048295389410787,"(6.003, 6.567]","(3.2350000000000003, 6.132]","(3.2350000000000003, 6.299]","(3.2350000000000003, 6.567]","(3.2350000000000003, 7.003]",*
6.048691881169564,"(6.003, 6.567]","(3.2350000000000003, 6.132]","(3.2350000000000003, 6.299]","(3.2350000000000003, 6.567]","(3.2350000000000003, 7.003]",*
6.0493319622805855,"(6.003, 6.567]","(3.2350000000000003, 6.132]","(3.2350000000000003, 6.299]","(3.2350000000000003, 6.567]","(3.2350000000000003, 7.003]",*
6.0507915192278805,"(6.003, 6.567]","(3.2350000000000003, 6.132]","(3.2350000000000003, 6.299]","(3.2350000000000003, 6.567]","(3.2350000000000003, 7.003]",*
6.051938963481718,"(6.003, 6.567]","(3.2350000000000003, 6.132]","(3.2350000000000003, 6.299]","(3.2350000000000003, 6.567]","(3.2350000000000003, 7.003]",*
6.05251825489048,"(6.003, 6.567]","(3.2350000000000003, 6.132]","(3.2350000000000003, 6.299]","(3.2350000000000003, 6.567]","(3.2350000000000003, 7.003]",*
6.0532404078611055,"(6.003, 6.567]","(3.2350000000000003, 6.132]","(3.2350000000000003, 6.299]","(3.2350000000000003, 6.567]","(3.2350000000000003, 7.003]",*
6.053602092692602,"(6.003, 6.567]","(3.2350000000000003, 6.132]","(3.2350000000000003, 6.299]","(3.2350000000000003, 6.567]","(3.2350000000000003, 7.003]",*
6.055684980734823,"(6.003, 6.567]","(3.2350000000000003, 6.132]","(3.2350000000000003, 6.299]","(3.2350000000000003, 6.567]","(3.2350000000000003, 7.003]",*
6.055720744811609,"(6.003, 6.567]","(3.2350000000000003, 6.132]","(3.2350000000000003, 6.299]","(3.2350000000000003, 6.567]","(3.2350000000000003, 7.003]",*
6.056316024226691,"(6.003, 6.567]","(3.2350000000000003, 6.132]","(3.2350000000000003, 6.299]","(3.2350000000000003, 6.567]","(3.2350000000000003, 7.003]",*
6.0585631069434704,"(6.003, 6.567]","(3.2350000000000003, 6.132]","(3.2350000000000003, 6.299]","(3.2350000000000003, 6.567]","(3.2350000000000003, 7.003]",*
6.0597171364357685,"(6.003, 6.567]","(3.2350000000000003, 6.132]","(3.2350000000000003, 6.299]","(3.2350000000000003, 6.567]","(3.2350000000000003, 7.003]",*
6.060884655694612,"(6.003, 6.567]","(3.2350000000000003, 6.132]","(3.2350000000000003, 6.299]","(3.2350000000000003, 6.567]","(3.2350000000000003, 7.003]",*
6.0612081102559126,"(6.003, 6.567]","(3.2350000000000003, 6.132]","(3.2350000000000003, 6.299]","(3.2350000000000003, 6.567]","(3.2350000000000003, 7.003]",*
6.061395448697808,"(6.003, 6.567]","(3.2350000000000003, 6.132]","(3.2350000000000003, 6.299]","(3.2350000000000003, 6.567]","(3.2350000000000003, 7.003]",*
6.0630845086434695,"(6.003, 6.567]","(3.2350000000000003, 6.132]","(3.2350000000000003, 6.299]","(3.2350000000000003, 6.567]","(3.2350000000000003, 7.003]",*
6.063146040746286,"(6.003, 6.567]","(3.2350000000000003, 6.132]","(3.2350000000000003, 6.299]","(3.2350000000000003, 6.567]","(3.2350000000000003, 7.003]",*
6.063472847558912,"(6.003, 6.567]","(3.2350000000000003, 6.132]","(3.2350000000000003, 6.299]","(3.2350000000000003, 6.567]","(3.2350000000000003, 7.003]",*
6.063680473400789,"(6.003, 6.567]","(3.2350000000000003, 6.132]","(3.2350000000000003, 6.299]","(3.2350000000000003, 6.567]","(3.2350000000000003, 7.003]",*
6.063734592410071,"(6.003, 6.567]","(3.2350000000000003, 6.132]","(3.2350000000000003, 6.299]","(3.2350000000000003, 6.567]","(3.2350000000000003, 7.003]",*
6.063933310548772,"(6.003, 6.567]","(3.2350000000000003, 6.132]","(3.2350000000000003, 6.299]","(3.2350000000000003, 6.567]","(3.2350000000000003, 7.003]",*
6.0659001949819045,"(6.003, 6.567]","(3.2350000000000003, 6.132]","(3.2350000000000003, 6.299]","(3.2350000000000003, 6.567]","(3.2350000000000003, 7.003]",*
6.066880652673478,"(6.003, 6.567]","(3.2350000000000003, 6.132]","(3.2350000000000003, 6.299]","(3.2350000000000003, 6.567]","(3.2350000000000003, 7.003]",*
6.068082980959193,"(6.003, 6.567]","(3.2350000000000003, 6.132]","(3.2350000000000003, 6.299]","(3.2350000000000003, 6.567]","(3.2350000000000003, 7.003]",*
6.068655888564629,"(6.003, 6.567]","(3.2350000000000003, 6.132]","(3.2350000000000003, 6.299]","(3.2350000000000003, 6.567]","(3.2350000000000003, 7.003]",*
6.069095962441738,"(6.003, 6.567]","(3.2350000000000003, 6.132]","(3.2350000000000003, 6.299]","(3.2350000000000003, 6.567]","(3.2350000000000003, 7.003]",*
6.070059215650902,"(6.003, 6.567]","(3.2350000000000003, 6.132]","(3.2350000000000003, 6.299]","(3.2350000000000003, 6.567]","(3.2350000000000003, 7.003]",*
6.071830702665838,"(6.003, 6.567]","(3.2350000000000003, 6.132]","(3.2350000000000003, 6.299]","(3.2350000000000003, 6.567]","(3.2350000000000003, 7.003]",*
6.074014508273269,"(6.003, 6.567]","(3.2350000000000003, 6.132]","(3.2350000000000003, 6.299]","(3.2350000000000003, 6.567]","(3.2350000000000003, 7.003]",*
6.075156455381157,"(6.003, 6.567]","(3.2350000000000003, 6.132]","(3.2350000000000003, 6.299]","(3.2350000000000003, 6.567]","(3.2350000000000003, 7.003]",*
6.0755805890551295,"(6.003, 6.567]","(3.2350000000000003, 6.132]","(3.2350000000000003, 6.299]","(3.2350000000000003, 6.567]","(3.2350000000000003, 7.003]",*
6.07579782162179,"(6.003, 6.567]","(3.2350000000000003, 6.132]","(3.2350000000000003, 6.299]","(3.2350000000000003, 6.567]","(3.2350000000000003, 7.003]",*
6.075986806527742,"(6.003, 6.567]","(3.2350000000000003, 6.132]","(3.2350000000000003, 6.299]","(3.2350000000000003, 6.567]","(3.2350000000000003, 7.003]",*
6.076763138825166,"(6.003, 6.567]","(3.2350000000000003, 6.132]","(3.2350000000000003, 6.299]","(3.2350000000000003, 6.567]","(3.2350000000000003, 7.003]",*
6.077188812741076,"(6.003, 6.567]","(3.2350000000000003, 6.132]","(3.2350000000000003, 6.299]","(3.2350000000000003, 6.567]","(3.2350000000000003, 7.003]",*
6.077607451150854,"(6.003, 6.567]","(3.2350000000000003, 6.132]","(3.2350000000000003, 6.299]","(3.2350000000000003, 6.567]","(3.2350000000000003, 7.003]",*
6.077795397231133,"(6.003, 6.567]","(3.2350000000000003, 6.132]","(3.2350000000000003, 6.299]","(3.2350000000000003, 6.567]","(3.2350000000000003, 7.003]",*
6.077955688117617,"(6.003, 6.567]","(3.2350000000000003, 6.132]","(3.2350000000000003, 6.299]","(3.2350000000000003, 6.567]","(3.2350000000000003, 7.003]",*
6.077988864974785,"(6.003, 6.567]","(3.2350000000000003, 6.132]","(3.2350000000000003, 6.299]","(3.2350000000000003, 6.567]","(3.2350000000000003, 7.003]",*
6.079272301587293,"(6.003, 6.567]","(3.2350000000000003, 6.132]","(3.2350000000000003, 6.299]","(3.2350000000000003, 6.567]","(3.2350000000000003, 7.003]",*
6.079424489385206,"(6.003, 6.567]","(3.2350000000000003, 6.132]","(3.2350000000000003, 6.299]","(3.2350000000000003, 6.567]","(3.2350000000000003, 7.003]",*
6.080269605626559,"(6.003, 6.567]","(3.2350000000000003, 6.132]","(3.2350000000000003, 6.299]","(3.2350000000000003, 6.567]","(3.2350000000000003, 7.003]",*
6.080981099574747,"(6.003, 6.567]","(3.2350000000000003, 6.132]","(3.2350000000000003, 6.299]","(3.2350000000000003, 6.567]","(3.2350000000000003, 7.003]",*
6.0828413103880905,"(6.003, 6.567]","(3.2350000000000003, 6.132]","(3.2350000000000003, 6.299]","(3.2350000000000003, 6.567]","(3.2350000000000003, 7.003]",*
6.083193453991559,"(6.003, 6.567]","(3.2350000000000003, 6.132]","(3.2350000000000003, 6.299]","(3.2350000000000003, 6.567]","(3.2350000000000003, 7.003]",*
6.083343254935353,"(6.003, 6.567]","(3.2350000000000003, 6.132]","(3.2350000000000003, 6.299]","(3.2350000000000003, 6.567]","(3.2350000000000003, 7.003]",*
6.0834796697480416,"(6.003, 6.567]","(3.2350000000000003, 6.132]","(3.2350000000000003, 6.299]","(3.2350000000000003, 6.567]","(3.2350000000000003, 7.003]",*
6.083928891511137,"(6.003, 6.567]","(3.2350000000000003, 6.132]","(3.2350000000000003, 6.299]","(3.2350000000000003, 6.567]","(3.2350000000000003, 7.003]",*
6.084322474716858,"(6.003, 6.567]","(3.2350000000000003, 6.132]","(3.2350000000000003, 6.299]","(3.2350000000000003, 6.567]","(3.2350000000000003, 7.003]",*
6.08450851403905,"(6.003, 6.567]","(3.2350000000000003, 6.132]","(3.2350000000000003, 6.299]","(3.2350000000000003, 6.567]","(3.2350000000000003, 7.003]",*
6.085444349087063,"(6.003, 6.567]","(3.2350000000000003, 6.132]","(3.2350000000000003, 6.299]","(3.2350000000000003, 6.567]","(3.2350000000000003, 7.003]",*
6.085627685772509,"(6.003, 6.567]","(3.2350000000000003, 6.132]","(3.2350000000000003, 6.299]","(3.2350000000000003, 6.567]","(3.2350000000000003, 7.003]",*
6.086302486253919,"(6.003, 6.567]","(3.2350000000000003, 6.132]","(3.2350000000000003, 6.299]","(3.2350000000000003, 6.567]","(3.2350000000000003, 7.003]",*
6.086976868396585,"(6.003, 6.567]","(3.2350000000000003, 6.132]","(3.2350000000000003, 6.299]","(3.2350000000000003, 6.567]","(3.2350000000000003, 7.003]",*
6.087208748508552,"(6.003, 6.567]","(3.2350000000000003, 6.132]","(3.2350000000000003, 6.299]","(3.2350000000000003, 6.567]","(3.2350000000000003, 7.003]",*
6.087284206879398,"(6.003, 6.567]","(3.2350000000000003, 6.132]","(3.2350000000000003, 6.299]","(3.2350000000000003, 6.567]","(3.2350000000000003, 7.003]",*
6.087649649526927,"(6.003, 6.567]","(3.2350000000000003, 6.132]","(3.2350000000000003, 6.299]","(3.2350000000000003, 6.567]","(3.2350000000000003, 7.003]",*
6.087748127212441,"(6.003, 6.567]","(3.2350000000000003, 6.132]","(3.2350000000000003, 6.299]","(3.2350000000000003, 6.567]","(3.2350000000000003, 7.003]",*
6.088061911419518,"(6.003, 6.567]","(3.2350000000000003, 6.132]","(3.2350000000000003, 6.299]","(3.2350000000000003, 6.567]","(3.2350000000000003, 7.003]",*
6.088335077745851,"(6.003, 6.567]","(3.2350000000000003, 6.132]","(3.2350000000000003, 6.299]","(3.2350000000000003, 6.567]","(3.2350000000000003, 7.003]",*
6.090956382773397,"(6.003, 6.567]","(3.2350000000000003, 6.132]","(3.2350000000000003, 6.299]","(3.2350000000000003, 6.567]","(3.2350000000000003, 7.003]",*
6.0916307769595495,"(6.003, 6.567]","(3.2350000000000003, 6.132]","(3.2350000000000003, 6.299]","(3.2350000000000003, 6.567]","(3.2350000000000003, 7.003]",*
6.0919059997617495,"(6.003, 6.567]","(3.2350000000000003, 6.132]","(3.2350000000000003, 6.299]","(3.2350000000000003, 6.567]","(3.2350000000000003, 7.003]",*
6.092099589574452,"(6.003, 6.567]","(3.2350000000000003, 6.132]","(3.2350000000000003, 6.299]","(3.2350000000000003, 6.567]","(3.2350000000000003, 7.003]",*
6.092501894739488,"(6.003, 6.567]","(3.2350000000000003, 6.132]","(3.2350000000000003, 6.299]","(3.2350000000000003, 6.567]","(3.2350000000000003, 7.003]",*
6.0958615223120844,"(6.003, 6.567]","(3.2350000000000003, 6.132]","(3.2350000000000003, 6.299]","(3.2350000000000003, 6.567]","(3.2350000000000003, 7.003]",*
6.096913211234607,"(6.003, 6.567]","(3.2350000000000003, 6.132]","(3.2350000000000003, 6.299]","(3.2350000000000003, 6.567]","(3.2350000000000003, 7.003]",*
6.097469332990494,"(6.003, 6.567]","(3.2350000000000003, 6.132]","(3.2350000000000003, 6.299]","(3.2350000000000003, 6.567]","(3.2350000000000003, 7.003]",*
6.098219274483935,"(6.003, 6.567]","(3.2350000000000003, 6.132]","(3.2350000000000003, 6.299]","(3.2350000000000003, 6.567]","(3.2350000000000003, 7.003]",*
6.098750129746664,"(6.003, 6.567]","(3.2350000000000003, 6.132]","(3.2350000000000003, 6.299]","(3.2350000000000003, 6.567]","(3.2350000000000003, 7.003]",*
6.100550699489582,"(6.003, 6.567]","(3.2350000000000003, 6.132]","(3.2350000000000003, 6.299]","(3.2350000000000003, 6.567]","(3.2350000000000003, 7.003]",*
6.100990731070657,"(6.003, 6.567]","(3.2350000000000003, 6.132]","(3.2350000000000003, 6.299]","(3.2350000000000003, 6.567]","(3.2350000000000003, 7.003]",*
6.102667946963831,"(6.003, 6.567]","(3.2350000000000003, 6.132]","(3.2350000000000003, 6.299]","(3.2350000000000003, 6.567]","(3.2350000000000003, 7.003]",*
6.103863334858241,"(6.003, 6.567]","(3.2350000000000003, 6.132]","(3.2350000000000003, 6.299]","(3.2350000000000003, 6.567]","(3.2350000000000003, 7.003]",*
6.104512439428879,"(6.003, 6.567]","(3.2350000000000003, 6.132]","(3.2350000000000003, 6.299]","(3.2350000000000003, 6.567]","(3.2350000000000003, 7.003]",*
6.105253613941216,"(6.003, 6.567]","(3.2350000000000003, 6.132]","(3.2350000000000003, 6.299]","(3.2350000000000003, 6.567]","(3.2350000000000003, 7.003]",*
6.105858132153572,"(6.003, 6.567]","(3.2350000000000003, 6.132]","(3.2350000000000003, 6.299]","(3.2350000000000003, 6.567]","(3.2350000000000003, 7.003]",*
6.107278834429043,"(6.003, 6.567]","(3.2350000000000003, 6.132]","(3.2350000000000003, 6.299]","(3.2350000000000003, 6.567]","(3.2350000000000003, 7.003]",*
6.1085669945297445,"(6.003, 6.567]","(3.2350000000000003, 6.132]","(3.2350000000000003, 6.299]","(3.2350000000000003, 6.567]","(3.2350000000000003, 7.003]",*
6.108848404166088,"(6.003, 6.567]","(3.2350000000000003, 6.132]","(3.2350000000000003, 6.299]","(3.2350000000000003, 6.567]","(3.2350000000000003, 7.003]",*
6.108966827159224,"(6.003, 6.567]","(3.2350000000000003, 6.132]","(3.2350000000000003, 6.299]","(3.2350000000000003, 6.567]","(3.2350000000000003, 7.003]",*
6.10993462482489,"(6.003, 6.567]","(3.2350000000000003, 6.132]","(3.2350000000000003, 6.299]","(3.2350000000000003, 6.567]","(3.2350000000000003, 7.003]",*
6.11002146932872,"(6.003, 6.567]","(3.2350000000000003, 6.132]","(3.2350000000000003, 6.299]","(3.2350000000000003, 6.567]","(3.2350000000000003, 7.003]",*
6.110107841145798,"(6.003, 6.567]","(3.2350000000000003, 6.132]","(3.2350000000000003, 6.299]","(3.2350000000000003, 6.567]","(3.2350000000000003, 7.003]",*
6.110191693779182,"(6.003, 6.567]","(3.2350000000000003, 6.132]","(3.2350000000000003, 6.299]","(3.2350000000000003, 6.567]","(3.2350000000000003, 7.003]",*
6.110465776897419,"(6.003, 6.567]","(3.2350000000000003, 6.132]","(3.2350000000000003, 6.299]","(3.2350000000000003, 6.567]","(3.2350000000000003, 7.003]",*
6.111099733943789,"(6.003, 6.567]","(3.2350000000000003, 6.132]","(3.2350000000000003, 6.299]","(3.2350000000000003, 6.567]","(3.2350000000000003, 7.003]",*
6.111174616019458,"(6.003, 6.567]","(3.2350000000000003, 6.132]","(3.2350000000000003, 6.299]","(3.2350000000000003, 6.567]","(3.2350000000000003, 7.003]",*
6.111658422464468,"(6.003, 6.567]","(3.2350000000000003, 6.132]","(3.2350000000000003, 6.299]","(3.2350000000000003, 6.567]","(3.2350000000000003, 7.003]",*
6.112848061724574,"(6.003, 6.567]","(3.2350000000000003, 6.132]","(3.2350000000000003, 6.299]","(3.2350000000000003, 6.567]","(3.2350000000000003, 7.003]",*
6.114027235581553,"(6.003, 6.567]","(3.2350000000000003, 6.132]","(3.2350000000000003, 6.299]","(3.2350000000000003, 6.567]","(3.2350000000000003, 7.003]",*
6.114323194868642,"(6.003, 6.567]","(3.2350000000000003, 6.132]","(3.2350000000000003, 6.299]","(3.2350000000000003, 6.567]","(3.2350000000000003, 7.003]",*
6.115470080853528,"(6.003, 6.567]","(3.2350000000000003, 6.132]","(3.2350000000000003, 6.299]","(3.2350000000000003, 6.567]","(3.2350000000000003, 7.003]",*
6.116972741385697,"(6.003, 6.567]","(3.2350000000000003, 6.132]","(3.2350000000000003, 6.299]","(3.2350000000000003, 6.567]","(3.2350000000000003, 7.003]",*
6.117542390801601,"(6.003, 6.567]","(3.2350000000000003, 6.132]","(3.2350000000000003, 6.299]","(3.2350000000000003, 6.567]","(3.2350000000000003, 7.003]",*
6.119781300071491,"(6.003, 6.567]","(3.2350000000000003, 6.132]","(3.2350000000000003, 6.299]","(3.2350000000000003, 6.567]","(3.2350000000000003, 7.003]",*
6.119832858947816,"(6.003, 6.567]","(3.2350000000000003, 6.132]","(3.2350000000000003, 6.299]","(3.2350000000000003, 6.567]","(3.2350000000000003, 7.003]",*
6.11987876505921,"(6.003, 6.567]","(3.2350000000000003, 6.132]","(3.2350000000000003, 6.299]","(3.2350000000000003, 6.567]","(3.2350000000000003, 7.003]",*
6.119938320557842,"(6.003, 6.567]","(3.2350000000000003, 6.132]","(3.2350000000000003, 6.299]","(3.2350000000000003, 6.567]","(3.2350000000000003, 7.003]",*
6.1206234276777245,"(6.003, 6.567]","(3.2350000000000003, 6.132]","(3.2350000000000003, 6.299]","(3.2350000000000003, 6.567]","(3.2350000000000003, 7.003]",*
6.120781744820117,"(6.003, 6.567]","(3.2350000000000003, 6.132]","(3.2350000000000003, 6.299]","(3.2350000000000003, 6.567]","(3.2350000000000003, 7.003]",*
6.122157594401248,"(6.003, 6.567]","(3.2350000000000003, 6.132]","(3.2350000000000003, 6.299]","(3.2350000000000003, 6.567]","(3.2350000000000003, 7.003]",*
6.1224652254032055,"(6.003, 6.567]","(3.2350000000000003, 6.132]","(3.2350000000000003, 6.299]","(3.2350000000000003, 6.567]","(3.2350000000000003, 7.003]",*
6.1229088183623945,"(6.003, 6.567]","(3.2350000000000003, 6.132]","(3.2350000000000003, 6.299]","(3.2350000000000003, 6.567]","(3.2350000000000003, 7.003]",*
6.123813003615526,"(6.003, 6.567]","(3.2350000000000003, 6.132]","(3.2350000000000003, 6.299]","(3.2350000000000003, 6.567]","(3.2350000000000003, 7.003]",*
6.1248009886611054,"(6.003, 6.567]","(3.2350000000000003, 6.132]","(3.2350000000000003, 6.299]","(3.2350000000000003, 6.567]","(3.2350000000000003, 7.003]",*
6.125858572351468,"(6.003, 6.567]","(3.2350000000000003, 6.132]","(3.2350000000000003, 6.299]","(3.2350000000000003, 6.567]","(3.2350000000000003, 7.003]",*
6.126718904364648,"(6.003, 6.567]","(3.2350000000000003, 6.132]","(3.2350000000000003, 6.299]","(3.2350000000000003, 6.567]","(3.2350000000000003, 7.003]",*
6.129404565114171,"(6.003, 6.567]","(3.2350000000000003, 6.132]","(3.2350000000000003, 6.299]","(3.2350000000000003, 6.567]","(3.2350000000000003, 7.003]",*
6.130976570560138,"(6.003, 6.567]","(3.2350000000000003, 6.132]","(3.2350000000000003, 6.299]","(3.2350000000000003, 6.567]","(3.2350000000000003, 7.003]",*
6.1325330553595485,"(6.003, 6.567]","(6.132, 6.744]","(3.2350000000000003, 6.299]","(3.2350000000000003, 6.567]","(3.2350000000000003, 7.003]",*
6.132714371577394,"(6.003, 6.567]","(6.132, 6.744]","(3.2350000000000003, 6.299]","(3.2350000000000003, 6.567]","(3.2350000000000003, 7.003]",*
6.133645727414041,"(6.003, 6.567]","(6.132, 6.744]","(3.2350000000000003, 6.299]","(3.2350000000000003, 6.567]","(3.2350000000000003, 7.003]",*
6.133704184584892,"(6.003, 6.567]","(6.132, 6.744]","(3.2350000000000003, 6.299]","(3.2350000000000003, 6.567]","(3.2350000000000003, 7.003]",*
6.134192932850684,"(6.003, 6.567]","(6.132, 6.744]","(3.2350000000000003, 6.299]","(3.2350000000000003, 6.567]","(3.2350000000000003, 7.003]",*
6.134419622818212,"(6.003, 6.567]","(6.132, 6.744]","(3.2350000000000003, 6.299]","(3.2350000000000003, 6.567]","(3.2350000000000003, 7.003]",*
6.134831392335364,"(6.003, 6.567]","(6.132, 6.744]","(3.2350000000000003, 6.299]","(3.2350000000000003, 6.567]","(3.2350000000000003, 7.003]",*
6.135489839605768,"(6.003, 6.567]","(6.132, 6.744]","(3.2350000000000003, 6.299]","(3.2350000000000003, 6.567]","(3.2350000000000003, 7.003]",*
6.135518447799053,"(6.003, 6.567]","(6.132, 6.744]","(3.2350000000000003, 6.299]","(3.2350000000000003, 6.567]","(3.2350000000000003, 7.003]",*
6.135948234253799,"(6.003, 6.567]","(6.132, 6.744]","(3.2350000000000003, 6.299]","(3.2350000000000003, 6.567]","(3.2350000000000003, 7.003]",*
6.137134572185103,"(6.003, 6.567]","(6.132, 6.744]","(3.2350000000000003, 6.299]","(3.2350000000000003, 6.567]","(3.2350000000000003, 7.003]",*
6.13735622764076,"(6.003, 6.567]","(6.132, 6.744]","(3.2350000000000003, 6.299]","(3.2350000000000003, 6.567]","(3.2350000000000003, 7.003]",*
6.137954507316652,"(6.003, 6.567]","(6.132, 6.744]","(3.2350000000000003, 6.299]","(3.2350000000000003, 6.567]","(3.2350000000000003, 7.003]",*
6.1384566611713005,"(6.003, 6.567]","(6.132, 6.744]","(3.2350000000000003, 6.299]","(3.2350000000000003, 6.567]","(3.2350000000000003, 7.003]",*
6.139734378070703,"(6.003, 6.567]","(6.132, 6.744]","(3.2350000000000003, 6.299]","(3.2350000000000003, 6.567]","(3.2350000000000003, 7.003]",*
6.139857974366763,"(6.003, 6.567]","(6.132, 6.744]","(3.2350000000000003, 6.299]","(3.2350000000000003, 6.567]","(3.2350000000000003, 7.003]",*
6.140354992955334,"(6.003, 6.567]","(6.132, 6.744]","(3.2350000000000003, 6.299]","(3.2350000000000003, 6.567]","(3.2350000000000003, 7.003]",*
6.140596672994051,"(6.003, 6.567]","(6.132, 6.744]","(3.2350000000000003, 6.299]","(3.2350000000000003, 6.567]","(3.2350000000000003, 7.003]",*
6.141204524824087,"(6.003, 6.567]","(6.132, 6.744]","(3.2350000000000003, 6.299]","(3.2350000000000003, 6.567]","(3.2350000000000003, 7.003]",*
6.142730956374693,"(6.003, 6.567]","(6.132, 6.744]","(3.2350000000000003, 6.299]","(3.2350000000000003, 6.567]","(3.2350000000000003, 7.003]",*
6.143235226246654,"(6.003, 6.567]","(6.132, 6.744]","(3.2350000000000003, 6.299]","(3.2350000000000003, 6.567]","(3.2350000000000003, 7.003]",*
6.143545198018456,"(6.003, 6.567]","(6.132, 6.744]","(3.2350000000000003, 6.299]","(3.2350000000000003, 6.567]","(3.2350000000000003, 7.003]",*
6.144038119393716,"(6.003, 6.567]","(6.132, 6.744]","(3.2350000000000003, 6.299]","(3.2350000000000003, 6.567]","(3.2350000000000003, 7.003]",*
6.14405887281539,"(6.003, 6.567]","(6.132, 6.744]","(3.2350000000000003, 6.299]","(3.2350000000000003, 6.567]","(3.2350000000000003, 7.003]",*
6.144249342582554,"(6.003, 6.567]","(6.132, 6.744]","(3.2350000000000003, 6.299]","(3.2350000000000003, 6.567]","(3.2350000000000003, 7.003]",*
6.146798103293544,"(6.003, 6.567]","(6.132, 6.744]","(3.2350000000000003, 6.299]","(3.2350000000000003, 6.567]","(3.2350000000000003, 7.003]",*
6.147313624339491,"(6.003, 6.567]","(6.132, 6.744]","(3.2350000000000003, 6.299]","(3.2350000000000003, 6.567]","(3.2350000000000003, 7.003]",*
6.147907595982693,"(6.003, 6.567]","(6.132, 6.744]","(3.2350000000000003, 6.299]","(3.2350000000000003, 6.567]","(3.2350000000000003, 7.003]",*
6.148469909905338,"(6.003, 6.567]","(6.132, 6.744]","(3.2350000000000003, 6.299]","(3.2350000000000003, 6.567]","(3.2350000000000003, 7.003]",*
6.148675305245504,"(6.003, 6.567]","(6.132, 6.744]","(3.2350000000000003, 6.299]","(3.2350000000000003, 6.567]","(3.2350000000000003, 7.003]",*
6.149040327498629,"(6.003, 6.567]","(6.132, 6.744]","(3.2350000000000003, 6.299]","(3.2350000000000003, 6.567]","(3.2350000000000003, 7.003]",*
6.151416284834683,"(6.003, 6.567]","(6.132, 6.744]","(3.2350000000000003, 6.299]","(3.2350000000000003, 6.567]","(3.2350000000000003, 7.003]",*
6.151475524764483,"(6.003, 6.567]","(6.132, 6.744]","(3.2350000000000003, 6.299]","(3.2350000000000003, 6.567]","(3.2350000000000003, 7.003]",*
6.151771340476157,"(6.003, 6.567]","(6.132, 6.744]","(3.2350000000000003, 6.299]","(3.2350000000000003, 6.567]","(3.2350000000000003, 7.003]",*
6.152203519193576,"(6.003, 6.567]","(6.132, 6.744]","(3.2350000000000003, 6.299]","(3.2350000000000003, 6.567]","(3.2350000000000003, 7.003]",*
6.1542278983450025,"(6.003, 6.567]","(6.132, 6.744]","(3.2350000000000003, 6.299]","(3.2350000000000003, 6.567]","(3.2350000000000003, 7.003]",*
6.154788047780713,"(6.003, 6.567]","(6.132, 6.744]","(3.2350000000000003, 6.299]","(3.2350000000000003, 6.567]","(3.2350000000000003, 7.003]",*
6.156978417139559,"(6.003, 6.567]","(6.132, 6.744]","(3.2350000000000003, 6.299]","(3.2350000000000003, 6.567]","(3.2350000000000003, 7.003]",*
6.157821467322955,"(6.003, 6.567]","(6.132, 6.744]","(3.2350000000000003, 6.299]","(3.2350000000000003, 6.567]","(3.2350000000000003, 7.003]",*
6.1591829595977,"(6.003, 6.567]","(6.132, 6.744]","(3.2350000000000003, 6.299]","(3.2350000000000003, 6.567]","(3.2350000000000003, 7.003]",*
6.159705222415725,"(6.003, 6.567]","(6.132, 6.744]","(3.2350000000000003, 6.299]","(3.2350000000000003, 6.567]","(3.2350000000000003, 7.003]",*
6.160047887139227,"(6.003, 6.567]","(6.132, 6.744]","(3.2350000000000003, 6.299]","(3.2350000000000003, 6.567]","(3.2350000000000003, 7.003]",*
6.160323135389308,"(6.003, 6.567]","(6.132, 6.744]","(3.2350000000000003, 6.299]","(3.2350000000000003, 6.567]","(3.2350000000000003, 7.003]",*
6.160888332750522,"(6.003, 6.567]","(6.132, 6.744]","(3.2350000000000003, 6.299]","(3.2350000000000003, 6.567]","(3.2350000000000003, 7.003]",*
6.162871421934657,"(6.003, 6.567]","(6.132, 6.744]","(3.2350000000000003, 6.299]","(3.2350000000000003, 6.567]","(3.2350000000000003, 7.003]",*
6.163236778081273,"(6.003, 6.567]","(6.132, 6.744]","(3.2350000000000003, 6.299]","(3.2350000000000003, 6.567]","(3.2350000000000003, 7.003]",*
6.163614759106183,"(6.003, 6.567]","(6.132, 6.744]","(3.2350000000000003, 6.299]","(3.2350000000000003, 6.567]","(3.2350000000000003, 7.003]",*
6.164151448843569,"(6.003, 6.567]","(6.132, 6.744]","(3.2350000000000003, 6.299]","(3.2350000000000003, 6.567]","(3.2350000000000003, 7.003]",*
6.165344905723865,"(6.003, 6.567]","(6.132, 6.744]","(3.2350000000000003, 6.299]","(3.2350000000000003, 6.567]","(3.2350000000000003, 7.003]",*
6.165414013234222,"(6.003, 6.567]","(6.132, 6.744]","(3.2350000000000003, 6.299]","(3.2350000000000003, 6.567]","(3.2350000000000003, 7.003]",*
6.166052316082893,"(6.003, 6.567]","(6.132, 6.744]","(3.2350000000000003, 6.299]","(3.2350000000000003, 6.567]","(3.2350000000000003, 7.003]",*
6.166459076857582,"(6.003, 6.567]","(6.132, 6.744]","(3.2350000000000003, 6.299]","(3.2350000000000003, 6.567]","(3.2350000000000003, 7.003]",*
6.168513957125187,"(6.003, 6.567]","(6.132, 6.744]","(3.2350000000000003, 6.299]","(3.2350000000000003, 6.567]","(3.2350000000000003, 7.003]",*
6.169214911001626,"(6.003, 6.567]","(6.132, 6.744]","(3.2350000000000003, 6.299]","(3.2350000000000003, 6.567]","(3.2350000000000003, 7.003]",*
6.169238369795872,"(6.003, 6.567]","(6.132, 6.744]","(3.2350000000000003, 6.299]","(3.2350000000000003, 6.567]","(3.2350000000000003, 7.003]",*
6.169512175195711,"(6.003, 6.567]","(6.132, 6.744]","(3.2350000000000003, 6.299]","(3.2350000000000003, 6.567]","(3.2350000000000003, 7.003]",*
6.169854621469197,"(6.003, 6.567]","(6.132, 6.744]","(3.2350000000000003, 6.299]","(3.2350000000000003, 6.567]","(3.2350000000000003, 7.003]",*
6.170817027883985,"(6.003, 6.567]","(6.132, 6.744]","(3.2350000000000003, 6.299]","(3.2350000000000003, 6.567]","(3.2350000000000003, 7.003]",*
6.172397700615921,"(6.003, 6.567]","(6.132, 6.744]","(3.2350000000000003, 6.299]","(3.2350000000000003, 6.567]","(3.2350000000000003, 7.003]",*
6.172489491715582,"(6.003, 6.567]","(6.132, 6.744]","(3.2350000000000003, 6.299]","(3.2350000000000003, 6.567]","(3.2350000000000003, 7.003]",*
6.172883894828996,"(6.003, 6.567]","(6.132, 6.744]","(3.2350000000000003, 6.299]","(3.2350000000000003, 6.567]","(3.2350000000000003, 7.003]",*
6.173060324351282,"(6.003, 6.567]","(6.132, 6.744]","(3.2350000000000003, 6.299]","(3.2350000000000003, 6.567]","(3.2350000000000003, 7.003]",*
6.174081783878527,"(6.003, 6.567]","(6.132, 6.744]","(3.2350000000000003, 6.299]","(3.2350000000000003, 6.567]","(3.2350000000000003, 7.003]",*
6.174577804367049,"(6.003, 6.567]","(6.132, 6.744]","(3.2350000000000003, 6.299]","(3.2350000000000003, 6.567]","(3.2350000000000003, 7.003]",*
6.175147478841415,"(6.003, 6.567]","(6.132, 6.744]","(3.2350000000000003, 6.299]","(3.2350000000000003, 6.567]","(3.2350000000000003, 7.003]",*
6.175532974163239,"(6.003, 6.567]","(6.132, 6.744]","(3.2350000000000003, 6.299]","(3.2350000000000003, 6.567]","(3.2350000000000003, 7.003]",*
6.1766595649697305,"(6.003, 6.567]","(6.132, 6.744]","(3.2350000000000003, 6.299]","(3.2350000000000003, 6.567]","(3.2350000000000003, 7.003]",*
6.177536468242523,"(6.003, 6.567]","(6.132, 6.744]","(3.2350000000000003, 6.299]","(3.2350000000000003, 6.567]","(3.2350000000000003, 7.003]",*
6.1780777035905015,"(6.003, 6.567]","(6.132, 6.744]","(3.2350000000000003, 6.299]","(3.2350000000000003, 6.567]","(3.2350000000000003, 7.003]",*
6.178423367361411,"(6.003, 6.567]","(6.132, 6.744]","(3.2350000000000003, 6.299]","(3.2350000000000003, 6.567]","(3.2350000000000003, 7.003]",*
6.178535052600688,"(6.003, 6.567]","(6.132, 6.744]","(3.2350000000000003, 6.299]","(3.2350000000000003, 6.567]","(3.2350000000000003, 7.003]",*
6.18084525065711,"(6.003, 6.567]","(6.132, 6.744]","(3.2350000000000003, 6.299]","(3.2350000000000003, 6.567]","(3.2350000000000003, 7.003]",*
6.1812278612311005,"(6.003, 6.567]","(6.132, 6.744]","(3.2350000000000003, 6.299]","(3.2350000000000003, 6.567]","(3.2350000000000003, 7.003]",*
6.181664333611376,"(6.003, 6.567]","(6.132, 6.744]","(3.2350000000000003, 6.299]","(3.2350000000000003, 6.567]","(3.2350000000000003, 7.003]",*
6.181705422555036,"(6.003, 6.567]","(6.132, 6.744]","(3.2350000000000003, 6.299]","(3.2350000000000003, 6.567]","(3.2350000000000003, 7.003]",*
6.182282849256088,"(6.003, 6.567]","(6.132, 6.744]","(3.2350000000000003, 6.299]","(3.2350000000000003, 6.567]","(3.2350000000000003, 7.003]",*
6.182842582000109,"(6.003, 6.567]","(6.132, 6.744]","(3.2350000000000003, 6.299]","(3.2350000000000003, 6.567]","(3.2350000000000003, 7.003]",*
6.183440077191862,"(6.003, 6.567]","(6.132, 6.744]","(3.2350000000000003, 6.299]","(3.2350000000000003, 6.567]","(3.2350000000000003, 7.003]",*
6.183847169070793,"(6.003, 6.567]","(6.132, 6.744]","(3.2350000000000003, 6.299]","(3.2350000000000003, 6.567]","(3.2350000000000003, 7.003]",*
6.184767912679881,"(6.003, 6.567]","(6.132, 6.744]","(3.2350000000000003, 6.299]","(3.2350000000000003, 6.567]","(3.2350000000000003, 7.003]",*
6.185129253601723,"(6.003, 6.567]","(6.132, 6.744]","(3.2350000000000003, 6.299]","(3.2350000000000003, 6.567]","(3.2350000000000003, 7.003]",*
6.185950711252415,"(6.003, 6.567]","(6.132, 6.744]","(3.2350000000000003, 6.299]","(3.2350000000000003, 6.567]","(3.2350000000000003, 7.003]",*
6.1880168844416215,"(6.003, 6.567]","(6.132, 6.744]","(3.2350000000000003, 6.299]","(3.2350000000000003, 6.567]","(3.2350000000000003, 7.003]",*
6.188287003297128,"(6.003, 6.567]","(6.132, 6.744]","(3.2350000000000003, 6.299]","(3.2350000000000003, 6.567]","(3.2350000000000003, 7.003]",*
6.189798582779599,"(6.003, 6.567]","(6.132, 6.744]","(3.2350000000000003, 6.299]","(3.2350000000000003, 6.567]","(3.2350000000000003, 7.003]",*
6.191056965006287,"(6.003, 6.567]","(6.132, 6.744]","(3.2350000000000003, 6.299]","(3.2350000000000003, 6.567]","(3.2350000000000003, 7.003]",*
6.191885161822299,"(6.003, 6.567]","(6.132, 6.744]","(3.2350000000000003, 6.299]","(3.2350000000000003, 6.567]","(3.2350000000000003, 7.003]",*
6.191981453708657,"(6.003, 6.567]","(6.132, 6.744]","(3.2350000000000003, 6.299]","(3.2350000000000003, 6.567]","(3.2350000000000003, 7.003]",*
6.193617968359328,"(6.003, 6.567]","(6.132, 6.744]","(3.2350000000000003, 6.299]","(3.2350000000000003, 6.567]","(3.2350000000000003, 7.003]",*
6.1938354626932846,"(6.003, 6.567]","(6.132, 6.744]","(3.2350000000000003, 6.299]","(3.2350000000000003, 6.567]","(3.2350000000000003, 7.003]",*
6.19406836304838,"(6.003, 6.567]","(6.132, 6.744]","(3.2350000000000003, 6.299]","(3.2350000000000003, 6.567]","(3.2350000000000003, 7.003]",*
6.1945455416926185,"(6.003, 6.567]","(6.132, 6.744]","(3.2350000000000003, 6.299]","(3.2350000000000003, 6.567]","(3.2350000000000003, 7.003]",*
6.1946130509581865,"(6.003, 6.567]","(6.132, 6.744]","(3.2350000000000003, 6.299]","(3.2350000000000003, 6.567]","(3.2350000000000003, 7.003]",*
6.194794324882633,"(6.003, 6.567]","(6.132, 6.744]","(3.2350000000000003, 6.299]","(3.2350000000000003, 6.567]","(3.2350000000000003, 7.003]",*
6.194836048921074,"(6.003, 6.567]","(6.132, 6.744]","(3.2350000000000003, 6.299]","(3.2350000000000003, 6.567]","(3.2350000000000003, 7.003]",*
6.1952703081616525,"(6.003, 6.567]","(6.132, 6.744]","(3.2350000000000003, 6.299]","(3.2350000000000003, 6.567]","(3.2350000000000003, 7.003]",*
6.1960933496107495,"(6.003, 6.567]","(6.132, 6.744]","(3.2350000000000003, 6.299]","(3.2350000000000003, 6.567]","(3.2350000000000003, 7.003]",*
6.196703573451247,"(6.003, 6.567]","(6.132, 6.744]","(3.2350000000000003, 6.299]","(3.2350000000000003, 6.567]","(3.2350000000000003, 7.003]",*
6.197942058654523,"(6.003, 6.567]","(6.132, 6.744]","(3.2350000000000003, 6.299]","(3.2350000000000003, 6.567]","(3.2350000000000003, 7.003]",*
6.1984763652542565,"(6.003, 6.567]","(6.132, 6.744]","(3.2350000000000003, 6.299]","(3.2350000000000003, 6.567]","(3.2350000000000003, 7.003]",*
6.200115671279256,"(6.003, 6.567]","(6.132, 6.744]","(3.2350000000000003, 6.299]","(3.2350000000000003, 6.567]","(3.2350000000000003, 7.003]",*
6.20011812284399,"(6.003, 6.567]","(6.132, 6.744]","(3.2350000000000003, 6.299]","(3.2350000000000003, 6.567]","(3.2350000000000003, 7.003]",*
6.201132727860202,"(6.003, 6.567]","(6.132, 6.744]","(3.2350000000000003, 6.299]","(3.2350000000000003, 6.567]","(3.2350000000000003, 7.003]",*
6.201155203178255,"(6.003, 6.567]","(6.132, 6.744]","(3.2350000000000003, 6.299]","(3.2350000000000003, 6.567]","(3.2350000000000003, 7.003]",*
6.201996784035032,"(6.003, 6.567]","(6.132, 6.744]","(3.2350000000000003, 6.299]","(3.2350000000000003, 6.567]","(3.2350000000000003, 7.003]",*
6.203728816011823,"(6.003, 6.567]","(6.132, 6.744]","(3.2350000000000003, 6.299]","(3.2350000000000003, 6.567]","(3.2350000000000003, 7.003]",*
6.204286864712616,"(6.003, 6.567]","(6.132, 6.744]","(3.2350000000000003, 6.299]","(3.2350000000000003, 6.567]","(3.2350000000000003, 7.003]",*
6.205327516628472,"(6.003, 6.567]","(6.132, 6.744]","(3.2350000000000003, 6.299]","(3.2350000000000003, 6.567]","(3.2350000000000003, 7.003]",*
6.2061565121494695,"(6.003, 6.567]","(6.132, 6.744]","(3.2350000000000003, 6.299]","(3.2350000000000003, 6.567]","(3.2350000000000003, 7.003]",*
6.206599757479247,"(6.003, 6.567]","(6.132, 6.744]","(3.2350000000000003, 6.299]","(3.2350000000000003, 6.567]","(3.2350000000000003, 7.003]",*
6.207145313715468,"(6.003, 6.567]","(6.132, 6.744]","(3.2350000000000003, 6.299]","(3.2350000000000003, 6.567]","(3.2350000000000003, 7.003]",*
6.210030142376679,"(6.003, 6.567]","(6.132, 6.744]","(3.2350000000000003, 6.299]","(3.2350000000000003, 6.567]","(3.2350000000000003, 7.003]",*
6.210895018343997,"(6.003, 6.567]","(6.132, 6.744]","(3.2350000000000003, 6.299]","(3.2350000000000003, 6.567]","(3.2350000000000003, 7.003]",*
6.211583195869273,"(6.003, 6.567]","(6.132, 6.744]","(3.2350000000000003, 6.299]","(3.2350000000000003, 6.567]","(3.2350000000000003, 7.003]",*
6.211783185601897,"(6.003, 6.567]","(6.132, 6.744]","(3.2350000000000003, 6.299]","(3.2350000000000003, 6.567]","(3.2350000000000003, 7.003]",*
6.212700018761172,"(6.003, 6.567]","(6.132, 6.744]","(3.2350000000000003, 6.299]","(3.2350000000000003, 6.567]","(3.2350000000000003, 7.003]",*
6.213020579089445,"(6.003, 6.567]","(6.132, 6.744]","(3.2350000000000003, 6.299]","(3.2350000000000003, 6.567]","(3.2350000000000003, 7.003]",*
6.214868824630897,"(6.003, 6.567]","(6.132, 6.744]","(3.2350000000000003, 6.299]","(3.2350000000000003, 6.567]","(3.2350000000000003, 7.003]",*
6.2153359573554186,"(6.003, 6.567]","(6.132, 6.744]","(3.2350000000000003, 6.299]","(3.2350000000000003, 6.567]","(3.2350000000000003, 7.003]",*
6.218125926825839,"(6.003, 6.567]","(6.132, 6.744]","(3.2350000000000003, 6.299]","(3.2350000000000003, 6.567]","(3.2350000000000003, 7.003]",*
6.219018193643549,"(6.003, 6.567]","(6.132, 6.744]","(3.2350000000000003, 6.299]","(3.2350000000000003, 6.567]","(3.2350000000000003, 7.003]",*
6.219345209843117,"(6.003, 6.567]","(6.132, 6.744]","(3.2350000000000003, 6.299]","(3.2350000000000003, 6.567]","(3.2350000000000003, 7.003]",*
6.219390710503818,"(6.003, 6.567]","(6.132, 6.744]","(3.2350000000000003, 6.299]","(3.2350000000000003, 6.567]","(3.2350000000000003, 7.003]",*
6.220692268755938,"(6.003, 6.567]","(6.132, 6.744]","(3.2350000000000003, 6.299]","(3.2350000000000003, 6.567]","(3.2350000000000003, 7.003]",*
6.220975938989947,"(6.003, 6.567]","(6.132, 6.744]","(3.2350000000000003, 6.299]","(3.2350000000000003, 6.567]","(3.2350000000000003, 7.003]",*
6.220987362186272,"(6.003, 6.567]","(6.132, 6.744]","(3.2350000000000003, 6.299]","(3.2350000000000003, 6.567]","(3.2350000000000003, 7.003]",*
6.2217372378657405,"(6.003, 6.567]","(6.132, 6.744]","(3.2350000000000003, 6.299]","(3.2350000000000003, 6.567]","(3.2350000000000003, 7.003]",*
6.222667231970941,"(6.003, 6.567]","(6.132, 6.744]","(3.2350000000000003, 6.299]","(3.2350000000000003, 6.567]","(3.2350000000000003, 7.003]",*
6.222769257253206,"(6.003, 6.567]","(6.132, 6.744]","(3.2350000000000003, 6.299]","(3.2350000000000003, 6.567]","(3.2350000000000003, 7.003]",*
6.222862550847758,"(6.003, 6.567]","(6.132, 6.744]","(3.2350000000000003, 6.299]","(3.2350000000000003, 6.567]","(3.2350000000000003, 7.003]",*
6.223772512029844,"(6.003, 6.567]","(6.132, 6.744]","(3.2350000000000003, 6.299]","(3.2350000000000003, 6.567]","(3.2350000000000003, 7.003]",*
6.224971330084706,"(6.003, 6.567]","(6.132, 6.744]","(3.2350000000000003, 6.299]","(3.2350000000000003, 6.567]","(3.2350000000000003, 7.003]",*
6.225548367299655,"(6.003, 6.567]","(6.132, 6.744]","(3.2350000000000003, 6.299]","(3.2350000000000003, 6.567]","(3.2350000000000003, 7.003]",*
6.225801975177113,"(6.003, 6.567]","(6.132, 6.744]","(3.2350000000000003, 6.299]","(3.2350000000000003, 6.567]","(3.2350000000000003, 7.003]",*
6.22641197305533,"(6.003, 6.567]","(6.132, 6.744]","(3.2350000000000003, 6.299]","(3.2350000000000003, 6.567]","(3.2350000000000003, 7.003]",*
6.227752215905236,"(6.003, 6.567]","(6.132, 6.744]","(3.2350000000000003, 6.299]","(3.2350000000000003, 6.567]","(3.2350000000000003, 7.003]",*
6.228655544154005,"(6.003, 6.567]","(6.132, 6.744]","(3.2350000000000003, 6.299]","(3.2350000000000003, 6.567]","(3.2350000000000003, 7.003]",*
6.228863671405281,"(6.003, 6.567]","(6.132, 6.744]","(3.2350000000000003, 6.299]","(3.2350000000000003, 6.567]","(3.2350000000000003, 7.003]",*
6.229155634783174,"(6.003, 6.567]","(6.132, 6.744]","(3.2350000000000003, 6.299]","(3.2350000000000003, 6.567]","(3.2350000000000003, 7.003]",*
6.229360043389067,"(6.003, 6.567]","(6.132, 6.744]","(3.2350000000000003, 6.299]","(3.2350000000000003, 6.567]","(3.2350000000000003, 7.003]",*
6.229458539830885,"(6.003, 6.567]","(6.132, 6.744]","(3.2350000000000003, 6.299]","(3.2350000000000003, 6.567]","(3.2350000000000003, 7.003]",*
6.2295913159303495,"(6.003, 6.567]","(6.132, 6.744]","(3.2350000000000003, 6.299]","(3.2350000000000003, 6.567]","(3.2350000000000003, 7.003]",*
6.229965286788139,"(6.003, 6.567]","(6.132, 6.744]","(3.2350000000000003, 6.299]","(3.2350000000000003, 6.567]","(3.2350000000000003, 7.003]",*
6.230312382154379,"(6.003, 6.567]","(6.132, 6.744]","(3.2350000000000003, 6.299]","(3.2350000000000003, 6.567]","(3.2350000000000003, 7.003]",*
6.2303457165027165,"(6.003, 6.567]","(6.132, 6.744]","(3.2350000000000003, 6.299]","(3.2350000000000003, 6.567]","(3.2350000000000003, 7.003]",*
6.230365773174678,"(6.003, 6.567]","(6.132, 6.744]","(3.2350000000000003, 6.299]","(3.2350000000000003, 6.567]","(3.2350000000000003, 7.003]",*
6.231167773904744,"(6.003, 6.567]","(6.132, 6.744]","(3.2350000000000003, 6.299]","(3.2350000000000003, 6.567]","(3.2350000000000003, 7.003]",*
6.231330171147567,"(6.003, 6.567]","(6.132, 6.744]","(3.2350000000000003, 6.299]","(3.2350000000000003, 6.567]","(3.2350000000000003, 7.003]",*
6.232295864706267,"(6.003, 6.567]","(6.132, 6.744]","(3.2350000000000003, 6.299]","(3.2350000000000003, 6.567]","(3.2350000000000003, 7.003]",*
6.232450674664098,"(6.003, 6.567]","(6.132, 6.744]","(3.2350000000000003, 6.299]","(3.2350000000000003, 6.567]","(3.2350000000000003, 7.003]",*
6.2338231705675975,"(6.003, 6.567]","(6.132, 6.744]","(3.2350000000000003, 6.299]","(3.2350000000000003, 6.567]","(3.2350000000000003, 7.003]",*
6.234098671453875,"(6.003, 6.567]","(6.132, 6.744]","(3.2350000000000003, 6.299]","(3.2350000000000003, 6.567]","(3.2350000000000003, 7.003]",*
6.234253208739392,"(6.003, 6.567]","(6.132, 6.744]","(3.2350000000000003, 6.299]","(3.2350000000000003, 6.567]","(3.2350000000000003, 7.003]",*
6.2346146404078375,"(6.003, 6.567]","(6.132, 6.744]","(3.2350000000000003, 6.299]","(3.2350000000000003, 6.567]","(3.2350000000000003, 7.003]",*
6.2360059846528575,"(6.003, 6.567]","(6.132, 6.744]","(3.2350000000000003, 6.299]","(3.2350000000000003, 6.567]","(3.2350000000000003, 7.003]",*
6.236221561144693,"(6.003, 6.567]","(6.132, 6.744]","(3.2350000000000003, 6.299]","(3.2350000000000003, 6.567]","(3.2350000000000003, 7.003]",*
6.237990623275535,"(6.003, 6.567]","(6.132, 6.744]","(3.2350000000000003, 6.299]","(3.2350000000000003, 6.567]","(3.2350000000000003, 7.003]",*
6.238272814488231,"(6.003, 6.567]","(6.132, 6.744]","(3.2350000000000003, 6.299]","(3.2350000000000003, 6.567]","(3.2350000000000003, 7.003]",*
6.2395608633730335,"(6.003, 6.567]","(6.132, 6.744]","(3.2350000000000003, 6.299]","(3.2350000000000003, 6.567]","(3.2350000000000003, 7.003]",*
6.24002907913956,"(6.003, 6.567]","(6.132, 6.744]","(3.2350000000000003, 6.299]","(3.2350000000000003, 6.567]","(3.2350000000000003, 7.003]",*
6.240497295141357,"(6.003, 6.567]","(6.132, 6.744]","(3.2350000000000003, 6.299]","(3.2350000000000003, 6.567]","(3.2350000000000003, 7.003]",*
6.240884739396488,"(6.003, 6.567]","(6.132, 6.744]","(3.2350000000000003, 6.299]","(3.2350000000000003, 6.567]","(3.2350000000000003, 7.003]",*
6.241565368050423,"(6.003, 6.567]","(6.132, 6.744]","(3.2350000000000003, 6.299]","(3.2350000000000003, 6.567]","(3.2350000000000003, 7.003]",*
6.242872600682063,"(6.003, 6.567]","(6.132, 6.744]","(3.2350000000000003, 6.299]","(3.2350000000000003, 6.567]","(3.2350000000000003, 7.003]",*
6.243116027044499,"(6.003, 6.567]","(6.132, 6.744]","(3.2350000000000003, 6.299]","(3.2350000000000003, 6.567]","(3.2350000000000003, 7.003]",*
6.245523075145655,"(6.003, 6.567]","(6.132, 6.744]","(3.2350000000000003, 6.299]","(3.2350000000000003, 6.567]","(3.2350000000000003, 7.003]",*
6.245655682932126,"(6.003, 6.567]","(6.132, 6.744]","(3.2350000000000003, 6.299]","(3.2350000000000003, 6.567]","(3.2350000000000003, 7.003]",*
6.246758845062968,"(6.003, 6.567]","(6.132, 6.744]","(3.2350000000000003, 6.299]","(3.2350000000000003, 6.567]","(3.2350000000000003, 7.003]",*
6.247076987311663,"(6.003, 6.567]","(6.132, 6.744]","(3.2350000000000003, 6.299]","(3.2350000000000003, 6.567]","(3.2350000000000003, 7.003]",*
6.248338850784849,"(6.003, 6.567]","(6.132, 6.744]","(3.2350000000000003, 6.299]","(3.2350000000000003, 6.567]","(3.2350000000000003, 7.003]",*
6.248574072604897,"(6.003, 6.567]","(6.132, 6.744]","(3.2350000000000003, 6.299]","(3.2350000000000003, 6.567]","(3.2350000000000003, 7.003]",*
6.248854452220216,"(6.003, 6.567]","(6.132, 6.744]","(3.2350000000000003, 6.299]","(3.2350000000000003, 6.567]","(3.2350000000000003, 7.003]",*
6.2491922346316775,"(6.003, 6.567]","(6.132, 6.744]","(3.2350000000000003, 6.299]","(3.2350000000000003, 6.567]","(3.2350000000000003, 7.003]",*
6.249293573809072,"(6.003, 6.567]","(6.132, 6.744]","(3.2350000000000003, 6.299]","(3.2350000000000003, 6.567]","(3.2350000000000003, 7.003]",*
6.2504476842796,"(6.003, 6.567]","(6.132, 6.744]","(3.2350000000000003, 6.299]","(3.2350000000000003, 6.567]","(3.2350000000000003, 7.003]",*
6.2505878760313625,"(6.003, 6.567]","(6.132, 6.744]","(3.2350000000000003, 6.299]","(3.2350000000000003, 6.567]","(3.2350000000000003, 7.003]",*
6.250972907359048,"(6.003, 6.567]","(6.132, 6.744]","(3.2350000000000003, 6.299]","(3.2350000000000003, 6.567]","(3.2350000000000003, 7.003]",*
6.251224245813187,"(6.003, 6.567]","(6.132, 6.744]","(3.2350000000000003, 6.299]","(3.2350000000000003, 6.567]","(3.2350000000000003, 7.003]",*
6.2512390982334445,"(6.003, 6.567]","(6.132, 6.744]","(3.2350000000000003, 6.299]","(3.2350000000000003, 6.567]","(3.2350000000000003, 7.003]",*
6.252454805349369,"(6.003, 6.567]","(6.132, 6.744]","(3.2350000000000003, 6.299]","(3.2350000000000003, 6.567]","(3.2350000000000003, 7.003]",*
6.252545270636298,"(6.003, 6.567]","(6.132, 6.744]","(3.2350000000000003, 6.299]","(3.2350000000000003, 6.567]","(3.2350000000000003, 7.003]",*
6.252757357745479,"(6.003, 6.567]","(6.132, 6.744]","(3.2350000000000003, 6.299]","(3.2350000000000003, 6.567]","(3.2350000000000003, 7.003]",*
6.254684423150144,"(6.003, 6.567]","(6.132, 6.744]","(3.2350000000000003, 6.299]","(3.2350000000000003, 6.567]","(3.2350000000000003, 7.003]",*
6.255674884306754,"(6.003, 6.567]","(6.132, 6.744]","(3.2350000000000003, 6.299]","(3.2350000000000003, 6.567]","(3.2350000000000003, 7.003]",*
6.255855255287282,"(6.003, 6.567]","(6.132, 6.744]","(3.2350000000000003, 6.299]","(3.2350000000000003, 6.567]","(3.2350000000000003, 7.003]",*
6.255900110328938,"(6.003, 6.567]","(6.132, 6.744]","(3.2350000000000003, 6.299]","(3.2350000000000003, 6.567]","(3.2350000000000003, 7.003]",*
6.256624835249688,"(6.003, 6.567]","(6.132, 6.744]","(3.2350000000000003, 6.299]","(3.2350000000000003, 6.567]","(3.2350000000000003, 7.003]",*
6.256982113161928,"(6.003, 6.567]","(6.132, 6.744]","(3.2350000000000003, 6.299]","(3.2350000000000003, 6.567]","(3.2350000000000003, 7.003]",*
6.257289048762164,"(6.003, 6.567]","(6.132, 6.744]","(3.2350000000000003, 6.299]","(3.2350000000000003, 6.567]","(3.2350000000000003, 7.003]",*
6.257776744024702,"(6.003, 6.567]","(6.132, 6.744]","(3.2350000000000003, 6.299]","(3.2350000000000003, 6.567]","(3.2350000000000003, 7.003]",*
6.257963586923362,"(6.003, 6.567]","(6.132, 6.744]","(3.2350000000000003, 6.299]","(3.2350000000000003, 6.567]","(3.2350000000000003, 7.003]",*
6.258952049068292,"(6.003, 6.567]","(6.132, 6.744]","(3.2350000000000003, 6.299]","(3.2350000000000003, 6.567]","(3.2350000000000003, 7.003]",*
6.258994779564624,"(6.003, 6.567]","(6.132, 6.744]","(3.2350000000000003, 6.299]","(3.2350000000000003, 6.567]","(3.2350000000000003, 7.003]",*
6.259069919909482,"(6.003, 6.567]","(6.132, 6.744]","(3.2350000000000003, 6.299]","(3.2350000000000003, 6.567]","(3.2350000000000003, 7.003]",*
6.2595466266768565,"(6.003, 6.567]","(6.132, 6.744]","(3.2350000000000003, 6.299]","(3.2350000000000003, 6.567]","(3.2350000000000003, 7.003]",*
6.261276083031906,"(6.003, 6.567]","(6.132, 6.744]","(3.2350000000000003, 6.299]","(3.2350000000000003, 6.567]","(3.2350000000000003, 7.003]",*
6.261535284081697,"(6.003, 6.567]","(6.132, 6.744]","(3.2350000000000003, 6.299]","(3.2350000000000003, 6.567]","(3.2350000000000003, 7.003]",*
6.262020744109173,"(6.003, 6.567]","(6.132, 6.744]","(3.2350000000000003, 6.299]","(3.2350000000000003, 6.567]","(3.2350000000000003, 7.003]",*
6.262380422612265,"(6.003, 6.567]","(6.132, 6.744]","(3.2350000000000003, 6.299]","(3.2350000000000003, 6.567]","(3.2350000000000003, 7.003]",*
6.262597146507182,"(6.003, 6.567]","(6.132, 6.744]","(3.2350000000000003, 6.299]","(3.2350000000000003, 6.567]","(3.2350000000000003, 7.003]",*
6.262825883607428,"(6.003, 6.567]","(6.132, 6.744]","(3.2350000000000003, 6.299]","(3.2350000000000003, 6.567]","(3.2350000000000003, 7.003]",*
6.262991666012863,"(6.003, 6.567]","(6.132, 6.744]","(3.2350000000000003, 6.299]","(3.2350000000000003, 6.567]","(3.2350000000000003, 7.003]",*
6.263176694594872,"(6.003, 6.567]","(6.132, 6.744]","(3.2350000000000003, 6.299]","(3.2350000000000003, 6.567]","(3.2350000000000003, 7.003]",*
6.264975082695569,"(6.003, 6.567]","(6.132, 6.744]","(3.2350000000000003, 6.299]","(3.2350000000000003, 6.567]","(3.2350000000000003, 7.003]",*
6.264976849173888,"(6.003, 6.567]","(6.132, 6.744]","(3.2350000000000003, 6.299]","(3.2350000000000003, 6.567]","(3.2350000000000003, 7.003]",*
6.265051496273136,"(6.003, 6.567]","(6.132, 6.744]","(3.2350000000000003, 6.299]","(3.2350000000000003, 6.567]","(3.2350000000000003, 7.003]",*
6.265592475541746,"(6.003, 6.567]","(6.132, 6.744]","(3.2350000000000003, 6.299]","(3.2350000000000003, 6.567]","(3.2350000000000003, 7.003]",*
6.2694615585979285,"(6.003, 6.567]","(6.132, 6.744]","(3.2350000000000003, 6.299]","(3.2350000000000003, 6.567]","(3.2350000000000003, 7.003]",*
6.271344624285348,"(6.003, 6.567]","(6.132, 6.744]","(3.2350000000000003, 6.299]","(3.2350000000000003, 6.567]","(3.2350000000000003, 7.003]",*
6.273381407147366,"(6.003, 6.567]","(6.132, 6.744]","(3.2350000000000003, 6.299]","(3.2350000000000003, 6.567]","(3.2350000000000003, 7.003]",*
6.273771049126781,"(6.003, 6.567]","(6.132, 6.744]","(3.2350000000000003, 6.299]","(3.2350000000000003, 6.567]","(3.2350000000000003, 7.003]",*
6.274272190609548,"(6.003, 6.567]","(6.132, 6.744]","(3.2350000000000003, 6.299]","(3.2350000000000003, 6.567]","(3.2350000000000003, 7.003]",*
6.274672883772032,"(6.003, 6.567]","(6.132, 6.744]","(3.2350000000000003, 6.299]","(3.2350000000000003, 6.567]","(3.2350000000000003, 7.003]",*
6.2753711251437725,"(6.003, 6.567]","(6.132, 6.744]","(3.2350000000000003, 6.299]","(3.2350000000000003, 6.567]","(3.2350000000000003, 7.003]",*
6.276441914054296,"(6.003, 6.567]","(6.132, 6.744]","(3.2350000000000003, 6.299]","(3.2350000000000003, 6.567]","(3.2350000000000003, 7.003]",*
6.276444356020397,"(6.003, 6.567]","(6.132, 6.744]","(3.2350000000000003, 6.299]","(3.2350000000000003, 6.567]","(3.2350000000000003, 7.003]",*
6.277831678398438,"(6.003, 6.567]","(6.132, 6.744]","(3.2350000000000003, 6.299]","(3.2350000000000003, 6.567]","(3.2350000000000003, 7.003]",*
6.278178092831725,"(6.003, 6.567]","(6.132, 6.744]","(3.2350000000000003, 6.299]","(3.2350000000000003, 6.567]","(3.2350000000000003, 7.003]",*
6.27845280074448,"(6.003, 6.567]","(6.132, 6.744]","(3.2350000000000003, 6.299]","(3.2350000000000003, 6.567]","(3.2350000000000003, 7.003]",*
6.278728814918183,"(6.003, 6.567]","(6.132, 6.744]","(3.2350000000000003, 6.299]","(3.2350000000000003, 6.567]","(3.2350000000000003, 7.003]",*
6.280358762951018,"(6.003, 6.567]","(6.132, 6.744]","(3.2350000000000003, 6.299]","(3.2350000000000003, 6.567]","(3.2350000000000003, 7.003]",*
6.280863820922071,"(6.003, 6.567]","(6.132, 6.744]","(3.2350000000000003, 6.299]","(3.2350000000000003, 6.567]","(3.2350000000000003, 7.003]",*
6.281916393472897,"(6.003, 6.567]","(6.132, 6.744]","(3.2350000000000003, 6.299]","(3.2350000000000003, 6.567]","(3.2350000000000003, 7.003]",*
6.282827422367735,"(6.003, 6.567]","(6.132, 6.744]","(3.2350000000000003, 6.299]","(3.2350000000000003, 6.567]","(3.2350000000000003, 7.003]",*
6.2852068934335525,"(6.003, 6.567]","(6.132, 6.744]","(3.2350000000000003, 6.299]","(3.2350000000000003, 6.567]","(3.2350000000000003, 7.003]",*
6.285246737266706,"(6.003, 6.567]","(6.132, 6.744]","(3.2350000000000003, 6.299]","(3.2350000000000003, 6.567]","(3.2350000000000003, 7.003]",*
6.285785524843657,"(6.003, 6.567]","(6.132, 6.744]","(3.2350000000000003, 6.299]","(3.2350000000000003, 6.567]","(3.2350000000000003, 7.003]",*
6.28657947944278,"(6.003, 6.567]","(6.132, 6.744]","(3.2350000000000003, 6.299]","(3.2350000000000003, 6.567]","(3.2350000000000003, 7.003]",*
6.2869283554544255,"(6.003, 6.567]","(6.132, 6.744]","(3.2350000000000003, 6.299]","(3.2350000000000003, 6.567]","(3.2350000000000003, 7.003]",*
6.287213170590824,"(6.003, 6.567]","(6.132, 6.744]","(3.2350000000000003, 6.299]","(3.2350000000000003, 6.567]","(3.2350000000000003, 7.003]",*
6.287424347713463,"(6.003, 6.567]","(6.132, 6.744]","(3.2350000000000003, 6.299]","(3.2350000000000003, 6.567]","(3.2350000000000003, 7.003]",*
6.288488368552795,"(6.003, 6.567]","(6.132, 6.744]","(3.2350000000000003, 6.299]","(3.2350000000000003, 6.567]","(3.2350000000000003, 7.003]",*
6.28861141774087,"(6.003, 6.567]","(6.132, 6.744]","(3.2350000000000003, 6.299]","(3.2350000000000003, 6.567]","(3.2350000000000003, 7.003]",*
6.28875153630908,"(6.003, 6.567]","(6.132, 6.744]","(3.2350000000000003, 6.299]","(3.2350000000000003, 6.567]","(3.2350000000000003, 7.003]",*
6.289606881113928,"(6.003, 6.567]","(6.132, 6.744]","(3.2350000000000003, 6.299]","(3.2350000000000003, 6.567]","(3.2350000000000003, 7.003]",*
6.289812907688519,"(6.003, 6.567]","(6.132, 6.744]","(3.2350000000000003, 6.299]","(3.2350000000000003, 6.567]","(3.2350000000000003, 7.003]",*
6.2903058884706295,"(6.003, 6.567]","(6.132, 6.744]","(3.2350000000000003, 6.299]","(3.2350000000000003, 6.567]","(3.2350000000000003, 7.003]",*
6.290820166996657,"(6.003, 6.567]","(6.132, 6.744]","(3.2350000000000003, 6.299]","(3.2350000000000003, 6.567]","(3.2350000000000003, 7.003]",*
6.291600795963247,"(6.003, 6.567]","(6.132, 6.744]","(3.2350000000000003, 6.299]","(3.2350000000000003, 6.567]","(3.2350000000000003, 7.003]",*
6.291818147841385,"(6.003, 6.567]","(6.132, 6.744]","(3.2350000000000003, 6.299]","(3.2350000000000003, 6.567]","(3.2350000000000003, 7.003]",*
6.292952626811882,"(6.003, 6.567]","(6.132, 6.744]","(3.2350000000000003, 6.299]","(3.2350000000000003, 6.567]","(3.2350000000000003, 7.003]",*
6.29375686408376,"(6.003, 6.567]","(6.132, 6.744]","(3.2350000000000003, 6.299]","(3.2350000000000003, 6.567]","(3.2350000000000003, 7.003]",*
6.294054950948832,"(6.003, 6.567]","(6.132, 6.744]","(3.2350000000000003, 6.299]","(3.2350000000000003, 6.567]","(3.2350000000000003, 7.003]",*
6.294627287481871,"(6.003, 6.567]","(6.132, 6.744]","(3.2350000000000003, 6.299]","(3.2350000000000003, 6.567]","(3.2350000000000003, 7.003]",*
6.295968674664255,"(6.003, 6.567]","(6.132, 6.744]","(3.2350000000000003, 6.299]","(3.2350000000000003, 6.567]","(3.2350000000000003, 7.003]",*
6.296473140181086,"(6.003, 6.567]","(6.132, 6.744]","(3.2350000000000003, 6.299]","(3.2350000000000003, 6.567]","(3.2350000000000003, 7.003]",*
6.296933084619972,"(6.003, 6.567]","(6.132, 6.744]","(3.2350000000000003, 6.299]","(3.2350000000000003, 6.567]","(3.2350000000000003, 7.003]",*
6.2971603100714,"(6.003, 6.567]","(6.132, 6.744]","(3.2350000000000003, 6.299]","(3.2350000000000003, 6.567]","(3.2350000000000003, 7.003]",*
6.2979078073144805,"(6.003, 6.567]","(6.132, 6.744]","(3.2350000000000003, 6.299]","(3.2350000000000003, 6.567]","(3.2350000000000003, 7.003]",*
6.298966338516728,"(6.003, 6.567]","(6.132, 6.744]","(3.2350000000000003, 6.299]","(3.2350000000000003, 6.567]","(3.2350000000000003, 7.003]",*
6.299344686642756,"(6.003, 6.567]","(6.132, 6.744]","(6.299, 7.003]","(3.2350000000000003, 6.567]","(3.2350000000000003, 7.003]",*
6.2998072622544345,"(6.003, 6.567]","(6.132, 6.744]","(6.299, 7.003]","(3.2350000000000003, 6.567]","(3.2350000000000003, 7.003]",*
6.301145365713056,"(6.003, 6.567]","(6.132, 6.744]","(6.299, 7.003]","(3.2350000000000003, 6.567]","(3.2350000000000003, 7.003]",*
6.301235186602633,"(6.003, 6.567]","(6.132, 6.744]","(6.299, 7.003]","(3.2350000000000003, 6.567]","(3.2350000000000003, 7.003]",*
6.302285243433558,"(6.003, 6.567]","(6.132, 6.744]","(6.299, 7.003]","(3.2350000000000003, 6.567]","(3.2350000000000003, 7.003]",*
6.303023842941059,"(6.003, 6.567]","(6.132, 6.744]","(6.299, 7.003]","(3.2350000000000003, 6.567]","(3.2350000000000003, 7.003]",*
6.303479005577383,"(6.003, 6.567]","(6.132, 6.744]","(6.299, 7.003]","(3.2350000000000003, 6.567]","(3.2350000000000003, 7.003]",*
6.304586149753275,"(6.003, 6.567]","(6.132, 6.744]","(6.299, 7.003]","(3.2350000000000003, 6.567]","(3.2350000000000003, 7.003]",*
6.305270066286028,"(6.003, 6.567]","(6.132, 6.744]","(6.299, 7.003]","(3.2350000000000003, 6.567]","(3.2350000000000003, 7.003]",*
6.306116349848911,"(6.003, 6.567]","(6.132, 6.744]","(6.299, 7.003]","(3.2350000000000003, 6.567]","(3.2350000000000003, 7.003]",*
6.30811423776209,"(6.003, 6.567]","(6.132, 6.744]","(6.299, 7.003]","(3.2350000000000003, 6.567]","(3.2350000000000003, 7.003]",*
6.308415219714076,"(6.003, 6.567]","(6.132, 6.744]","(6.299, 7.003]","(3.2350000000000003, 6.567]","(3.2350000000000003, 7.003]",*
6.308682062163035,"(6.003, 6.567]","(6.132, 6.744]","(6.299, 7.003]","(3.2350000000000003, 6.567]","(3.2350000000000003, 7.003]",*
6.308777182358098,"(6.003, 6.567]","(6.132, 6.744]","(6.299, 7.003]","(3.2350000000000003, 6.567]","(3.2350000000000003, 7.003]",*
6.309415619644638,"(6.003, 6.567]","(6.132, 6.744]","(6.299, 7.003]","(3.2350000000000003, 6.567]","(3.2350000000000003, 7.003]",*
6.309588608347406,"(6.003, 6.567]","(6.132, 6.744]","(6.299, 7.003]","(3.2350000000000003, 6.567]","(3.2350000000000003, 7.003]",*
6.310709450220943,"(6.003, 6.567]","(6.132, 6.744]","(6.299, 7.003]","(3.2350000000000003, 6.567]","(3.2350000000000003, 7.003]",*
6.3107545887620144,"(6.003, 6.567]","(6.132, 6.744]","(6.299, 7.003]","(3.2350000000000003, 6.567]","(3.2350000000000003, 7.003]",*
6.311064909420745,"(6.003, 6.567]","(6.132, 6.744]","(6.299, 7.003]","(3.2350000000000003, 6.567]","(3.2350000000000003, 7.003]",*
6.311314926047977,"(6.003, 6.567]","(6.132, 6.744]","(6.299, 7.003]","(3.2350000000000003, 6.567]","(3.2350000000000003, 7.003]",*
6.311452472059699,"(6.003, 6.567]","(6.132, 6.744]","(6.299, 7.003]","(3.2350000000000003, 6.567]","(3.2350000000000003, 7.003]",*
6.312252808472887,"(6.003, 6.567]","(6.132, 6.744]","(6.299, 7.003]","(3.2350000000000003, 6.567]","(3.2350000000000003, 7.003]",*
6.3130620776485085,"(6.003, 6.567]","(6.132, 6.744]","(6.299, 7.003]","(3.2350000000000003, 6.567]","(3.2350000000000003, 7.003]",*
6.315200309683522,"(6.003, 6.567]","(6.132, 6.744]","(6.299, 7.003]","(3.2350000000000003, 6.567]","(3.2350000000000003, 7.003]",*
6.315602396299096,"(6.003, 6.567]","(6.132, 6.744]","(6.299, 7.003]","(3.2350000000000003, 6.567]","(3.2350000000000003, 7.003]",*
6.316480020228284,"(6.003, 6.567]","(6.132, 6.744]","(6.299, 7.003]","(3.2350000000000003, 6.567]","(3.2350000000000003, 7.003]",*
6.317399606302597,"(6.003, 6.567]","(6.132, 6.744]","(6.299, 7.003]","(3.2350000000000003, 6.567]","(3.2350000000000003, 7.003]",*
6.31780679845946,"(6.003, 6.567]","(6.132, 6.744]","(6.299, 7.003]","(3.2350000000000003, 6.567]","(3.2350000000000003, 7.003]",*
6.317906884605081,"(6.003, 6.567]","(6.132, 6.744]","(6.299, 7.003]","(3.2350000000000003, 6.567]","(3.2350000000000003, 7.003]",*
6.320001130486407,"(6.003, 6.567]","(6.132, 6.744]","(6.299, 7.003]","(3.2350000000000003, 6.567]","(3.2350000000000003, 7.003]",*
6.3200358969764645,"(6.003, 6.567]","(6.132, 6.744]","(6.299, 7.003]","(3.2350000000000003, 6.567]","(3.2350000000000003, 7.003]",*
6.320235228097501,"(6.003, 6.567]","(6.132, 6.744]","(6.299, 7.003]","(3.2350000000000003, 6.567]","(3.2350000000000003, 7.003]",*
6.321704335702728,"(6.003, 6.567]","(6.132, 6.744]","(6.299, 7.003]","(3.2350000000000003, 6.567]","(3.2350000000000003, 7.003]",*
6.322571379095762,"(6.003, 6.567]","(6.132, 6.744]","(6.299, 7.003]","(3.2350000000000003, 6.567]","(3.2350000000000003, 7.003]",*
6.322610857377093,"(6.003, 6.567]","(6.132, 6.744]","(6.299, 7.003]","(3.2350000000000003, 6.567]","(3.2350000000000003, 7.003]",*
6.322715919195192,"(6.003, 6.567]","(6.132, 6.744]","(6.299, 7.003]","(3.2350000000000003, 6.567]","(3.2350000000000003, 7.003]",*
6.323822116417398,"(6.003, 6.567]","(6.132, 6.744]","(6.299, 7.003]","(3.2350000000000003, 6.567]","(3.2350000000000003, 7.003]",*
6.324137675917687,"(6.003, 6.567]","(6.132, 6.744]","(6.299, 7.003]","(3.2350000000000003, 6.567]","(3.2350000000000003, 7.003]",*
6.324806827786599,"(6.003, 6.567]","(6.132, 6.744]","(6.299, 7.003]","(3.2350000000000003, 6.567]","(3.2350000000000003, 7.003]",*
6.325363470975339,"(6.003, 6.567]","(6.132, 6.744]","(6.299, 7.003]","(3.2350000000000003, 6.567]","(3.2350000000000003, 7.003]",*
6.328047603160638,"(6.003, 6.567]","(6.132, 6.744]","(6.299, 7.003]","(3.2350000000000003, 6.567]","(3.2350000000000003, 7.003]",*
6.329661762056444,"(6.003, 6.567]","(6.132, 6.744]","(6.299, 7.003]","(3.2350000000000003, 6.567]","(3.2350000000000003, 7.003]",*
6.3296706644405445,"(6.003, 6.567]","(6.132, 6.744]","(6.299, 7.003]","(3.2350000000000003, 6.567]","(3.2350000000000003, 7.003]",*
6.330174373552935,"(6.003, 6.567]","(6.132, 6.744]","(6.299, 7.003]","(3.2350000000000003, 6.567]","(3.2350000000000003, 7.003]",*
6.330243408157092,"(6.003, 6.567]","(6.132, 6.744]","(6.299, 7.003]","(3.2350000000000003, 6.567]","(3.2350000000000003, 7.003]",*
6.330875763656758,"(6.003, 6.567]","(6.132, 6.744]","(6.299, 7.003]","(3.2350000000000003, 6.567]","(3.2350000000000003, 7.003]",*
6.332473050254059,"(6.003, 6.567]","(6.132, 6.744]","(6.299, 7.003]","(3.2350000000000003, 6.567]","(3.2350000000000003, 7.003]",*
6.332626733044224,"(6.003, 6.567]","(6.132, 6.744]","(6.299, 7.003]","(3.2350000000000003, 6.567]","(3.2350000000000003, 7.003]",*
6.332676904959189,"(6.003, 6.567]","(6.132, 6.744]","(6.299, 7.003]","(3.2350000000000003, 6.567]","(3.2350000000000003, 7.003]",*
6.333123380284706,"(6.003, 6.567]","(6.132, 6.744]","(6.299, 7.003]","(3.2350000000000003, 6.567]","(3.2350000000000003, 7.003]",*
6.333616931880895,"(6.003, 6.567]","(6.132, 6.744]","(6.299, 7.003]","(3.2350000000000003, 6.567]","(3.2350000000000003, 7.003]",*
6.3339205621406265,"(6.003, 6.567]","(6.132, 6.744]","(6.299, 7.003]","(3.2350000000000003, 6.567]","(3.2350000000000003, 7.003]",*
6.334296043010916,"(6.003, 6.567]","(6.132, 6.744]","(6.299, 7.003]","(3.2350000000000003, 6.567]","(3.2350000000000003, 7.003]",*
6.335303101789358,"(6.003, 6.567]","(6.132, 6.744]","(6.299, 7.003]","(3.2350000000000003, 6.567]","(3.2350000000000003, 7.003]",*
6.335377325124984,"(6.003, 6.567]","(6.132, 6.744]","(6.299, 7.003]","(3.2350000000000003, 6.567]","(3.2350000000000003, 7.003]",*
6.33569266426642,"(6.003, 6.567]","(6.132, 6.744]","(6.299, 7.003]","(3.2350000000000003, 6.567]","(3.2350000000000003, 7.003]",*
6.336485312955539,"(6.003, 6.567]","(6.132, 6.744]","(6.299, 7.003]","(3.2350000000000003, 6.567]","(3.2350000000000003, 7.003]",*
6.337053805456722,"(6.003, 6.567]","(6.132, 6.744]","(6.299, 7.003]","(3.2350000000000003, 6.567]","(3.2350000000000003, 7.003]",*
6.337285588091662,"(6.003, 6.567]","(6.132, 6.744]","(6.299, 7.003]","(3.2350000000000003, 6.567]","(3.2350000000000003, 7.003]",*
6.338758114886208,"(6.003, 6.567]","(6.132, 6.744]","(6.299, 7.003]","(3.2350000000000003, 6.567]","(3.2350000000000003, 7.003]",*
6.3387956199933,"(6.003, 6.567]","(6.132, 6.744]","(6.299, 7.003]","(3.2350000000000003, 6.567]","(3.2350000000000003, 7.003]",*
6.3409602071293545,"(6.003, 6.567]","(6.132, 6.744]","(6.299, 7.003]","(3.2350000000000003, 6.567]","(3.2350000000000003, 7.003]",*
6.340996259614204,"(6.003, 6.567]","(6.132, 6.744]","(6.299, 7.003]","(3.2350000000000003, 6.567]","(3.2350000000000003, 7.003]",*
6.341021453631617,"(6.003, 6.567]","(6.132, 6.744]","(6.299, 7.003]","(3.2350000000000003, 6.567]","(3.2350000000000003, 7.003]",*
6.34119585017053,"(6.003, 6.567]","(6.132, 6.744]","(6.299, 7.003]","(3.2350000000000003, 6.567]","(3.2350000000000003, 7.003]",*
6.341246108243199,"(6.003, 6.567]","(6.132, 6.744]","(6.299, 7.003]","(3.2350000000000003, 6.567]","(3.2350000000000003, 7.003]",*
6.341483733227122,"(6.003, 6.567]","(6.132, 6.744]","(6.299, 7.003]","(3.2350000000000003, 6.567]","(3.2350000000000003, 7.003]",*
6.34437964245266,"(6.003, 6.567]","(6.132, 6.744]","(6.299, 7.003]","(3.2350000000000003, 6.567]","(3.2350000000000003, 7.003]",*
6.3449436355469295,"(6.003, 6.567]","(6.132, 6.744]","(6.299, 7.003]","(3.2350000000000003, 6.567]","(3.2350000000000003, 7.003]",*
6.345069812319841,"(6.003, 6.567]","(6.132, 6.744]","(6.299, 7.003]","(3.2350000000000003, 6.567]","(3.2350000000000003, 7.003]",*
6.345777149458423,"(6.003, 6.567]","(6.132, 6.744]","(6.299, 7.003]","(3.2350000000000003, 6.567]","(3.2350000000000003, 7.003]",*
6.3460720530896895,"(6.003, 6.567]","(6.132, 6.744]","(6.299, 7.003]","(3.2350000000000003, 6.567]","(3.2350000000000003, 7.003]",*
6.3463275642065975,"(6.003, 6.567]","(6.132, 6.744]","(6.299, 7.003]","(3.2350000000000003, 6.567]","(3.2350000000000003, 7.003]",*
6.347262170261298,"(6.003, 6.567]","(6.132, 6.744]","(6.299, 7.003]","(3.2350000000000003, 6.567]","(3.2350000000000003, 7.003]",*
6.348067700382508,"(6.003, 6.567]","(6.132, 6.744]","(6.299, 7.003]","(3.2350000000000003, 6.567]","(3.2350000000000003, 7.003]",*
6.348261153161241,"(6.003, 6.567]","(6.132, 6.744]","(6.299, 7.003]","(3.2350000000000003, 6.567]","(3.2350000000000003, 7.003]",*
6.349176252010879,"(6.003, 6.567]","(6.132, 6.744]","(6.299, 7.003]","(3.2350000000000003, 6.567]","(3.2350000000000003, 7.003]",*
6.349387980051754,"(6.003, 6.567]","(6.132, 6.744]","(6.299, 7.003]","(3.2350000000000003, 6.567]","(3.2350000000000003, 7.003]",*
6.349965618078043,"(6.003, 6.567]","(6.132, 6.744]","(6.299, 7.003]","(3.2350000000000003, 6.567]","(3.2350000000000003, 7.003]",*
6.350156835634861,"(6.003, 6.567]","(6.132, 6.744]","(6.299, 7.003]","(3.2350000000000003, 6.567]","(3.2350000000000003, 7.003]",*
6.351662613919193,"(6.003, 6.567]","(6.132, 6.744]","(6.299, 7.003]","(3.2350000000000003, 6.567]","(3.2350000000000003, 7.003]",*
6.352985107766773,"(6.003, 6.567]","(6.132, 6.744]","(6.299, 7.003]","(3.2350000000000003, 6.567]","(3.2350000000000003, 7.003]",*
6.3531574099861725,"(6.003, 6.567]","(6.132, 6.744]","(6.299, 7.003]","(3.2350000000000003, 6.567]","(3.2350000000000003, 7.003]",*
6.353573022982999,"(6.003, 6.567]","(6.132, 6.744]","(6.299, 7.003]","(3.2350000000000003, 6.567]","(3.2350000000000003, 7.003]",*
6.354214252387966,"(6.003, 6.567]","(6.132, 6.744]","(6.299, 7.003]","(3.2350000000000003, 6.567]","(3.2350000000000003, 7.003]",*
6.356258719499955,"(6.003, 6.567]","(6.132, 6.744]","(6.299, 7.003]","(3.2350000000000003, 6.567]","(3.2350000000000003, 7.003]",*
6.357830820050718,"(6.003, 6.567]","(6.132, 6.744]","(6.299, 7.003]","(3.2350000000000003, 6.567]","(3.2350000000000003, 7.003]",*
6.357873552508916,"(6.003, 6.567]","(6.132, 6.744]","(6.299, 7.003]","(3.2350000000000003, 6.567]","(3.2350000000000003, 7.003]",*
6.358629330248303,"(6.003, 6.567]","(6.132, 6.744]","(6.299, 7.003]","(3.2350000000000003, 6.567]","(3.2350000000000003, 7.003]",*
6.360123570936437,"(6.003, 6.567]","(6.132, 6.744]","(6.299, 7.003]","(3.2350000000000003, 6.567]","(3.2350000000000003, 7.003]",*
6.3607222181323895,"(6.003, 6.567]","(6.132, 6.744]","(6.299, 7.003]","(3.2350000000000003, 6.567]","(3.2350000000000003, 7.003]",*
6.361238404842278,"(6.003, 6.567]","(6.132, 6.744]","(6.299, 7.003]","(3.2350000000000003, 6.567]","(3.2350000000000003, 7.003]",*
6.361764813943211,"(6.003, 6.567]","(6.132, 6.744]","(6.299, 7.003]","(3.2350000000000003, 6.567]","(3.2350000000000003, 7.003]",*
6.362455875424299,"(6.003, 6.567]","(6.132, 6.744]","(6.299, 7.003]","(3.2350000000000003, 6.567]","(3.2350000000000003, 7.003]",*
6.363084013968988,"(6.003, 6.567]","(6.132, 6.744]","(6.299, 7.003]","(3.2350000000000003, 6.567]","(3.2350000000000003, 7.003]",*
6.363733642598717,"(6.003, 6.567]","(6.132, 6.744]","(6.299, 7.003]","(3.2350000000000003, 6.567]","(3.2350000000000003, 7.003]",*
6.364705293495718,"(6.003, 6.567]","(6.132, 6.744]","(6.299, 7.003]","(3.2350000000000003, 6.567]","(3.2350000000000003, 7.003]",*
6.364756684179671,"(6.003, 6.567]","(6.132, 6.744]","(6.299, 7.003]","(3.2350000000000003, 6.567]","(3.2350000000000003, 7.003]",*
6.365205749253002,"(6.003, 6.567]","(6.132, 6.744]","(6.299, 7.003]","(3.2350000000000003, 6.567]","(3.2350000000000003, 7.003]",*
6.36553627118961,"(6.003, 6.567]","(6.132, 6.744]","(6.299, 7.003]","(3.2350000000000003, 6.567]","(3.2350000000000003, 7.003]",*
6.367672416275577,"(6.003, 6.567]","(6.132, 6.744]","(6.299, 7.003]","(3.2350000000000003, 6.567]","(3.2350000000000003, 7.003]",*
6.368112907902262,"(6.003, 6.567]","(6.132, 6.744]","(6.299, 7.003]","(3.2350000000000003, 6.567]","(3.2350000000000003, 7.003]",*
6.368278687739713,"(6.003, 6.567]","(6.132, 6.744]","(6.299, 7.003]","(3.2350000000000003, 6.567]","(3.2350000000000003, 7.003]",*
6.3687917275722565,"(6.003, 6.567]","(6.132, 6.744]","(6.299, 7.003]","(3.2350000000000003, 6.567]","(3.2350000000000003, 7.003]",*
6.370260764760138,"(6.003, 6.567]","(6.132, 6.744]","(6.299, 7.003]","(3.2350000000000003, 6.567]","(3.2350000000000003, 7.003]",*
6.370539308938339,"(6.003, 6.567]","(6.132, 6.744]","(6.299, 7.003]","(3.2350000000000003, 6.567]","(3.2350000000000003, 7.003]",*
6.3723987966001125,"(6.003, 6.567]","(6.132, 6.744]","(6.299, 7.003]","(3.2350000000000003, 6.567]","(3.2350000000000003, 7.003]",*
6.372552343438933,"(6.003, 6.567]","(6.132, 6.744]","(6.299, 7.003]","(3.2350000000000003, 6.567]","(3.2350000000000003, 7.003]",*
6.373969072487648,"(6.003, 6.567]","(6.132, 6.744]","(6.299, 7.003]","(3.2350000000000003, 6.567]","(3.2350000000000003, 7.003]",*
6.373991612603112,"(6.003, 6.567]","(6.132, 6.744]","(6.299, 7.003]","(3.2350000000000003, 6.567]","(3.2350000000000003, 7.003]",*
6.375204649206728,"(6.003, 6.567]","(6.132, 6.744]","(6.299, 7.003]","(3.2350000000000003, 6.567]","(3.2350000000000003, 7.003]",*
6.375371505488283,"(6.003, 6.567]","(6.132, 6.744]","(6.299, 7.003]","(3.2350000000000003, 6.567]","(3.2350000000000003, 7.003]",*
6.3758734633566085,"(6.003, 6.567]","(6.132, 6.744]","(6.299, 7.003]","(3.2350000000000003, 6.567]","(3.2350000000000003, 7.003]",*
6.376060218233443,"(6.003, 6.567]","(6.132, 6.744]","(6.299, 7.003]","(3.2350000000000003, 6.567]","(3.2350000000000003, 7.003]",*
6.376401250633996,"(6.003, 6.567]","(6.132, 6.744]","(6.299, 7.003]","(3.2350000000000003, 6.567]","(3.2350000000000003, 7.003]",*
6.376804344225521,"(6.003, 6.567]","(6.132, 6.744]","(6.299, 7.003]","(3.2350000000000003, 6.567]","(3.2350000000000003, 7.003]",*
6.377310794535162,"(6.003, 6.567]","(6.132, 6.744]","(6.299, 7.003]","(3.2350000000000003, 6.567]","(3.2350000000000003, 7.003]",*
6.3776348669674805,"(6.003, 6.567]","(6.132, 6.744]","(6.299, 7.003]","(3.2350000000000003, 6.567]","(3.2350000000000003, 7.003]",*
6.377735418564598,"(6.003, 6.567]","(6.132, 6.744]","(6.299, 7.003]","(3.2350000000000003, 6.567]","(3.2350000000000003, 7.003]",*
6.380724549280317,"(6.003, 6.567]","(6.132, 6.744]","(6.299, 7.003]","(3.2350000000000003, 6.567]","(3.2350000000000003, 7.003]",*
6.380818198973612,"(6.003, 6.567]","(6.132, 6.744]","(6.299, 7.003]","(3.2350000000000003, 6.567]","(3.2350000000000003, 7.003]",*
6.381162195541898,"(6.003, 6.567]","(6.132, 6.744]","(6.299, 7.003]","(3.2350000000000003, 6.567]","(3.2350000000000003, 7.003]",*
6.381775608525892,"(6.003, 6.567]","(6.132, 6.744]","(6.299, 7.003]","(3.2350000000000003, 6.567]","(3.2350000000000003, 7.003]",*
6.3824720301330045,"(6.003, 6.567]","(6.132, 6.744]","(6.299, 7.003]","(3.2350000000000003, 6.567]","(3.2350000000000003, 7.003]",*
6.382668351356907,"(6.003, 6.567]","(6.132, 6.744]","(6.299, 7.003]","(3.2350000000000003, 6.567]","(3.2350000000000003, 7.003]",*
6.384181936457624,"(6.003, 6.567]","(6.132, 6.744]","(6.299, 7.003]","(3.2350000000000003, 6.567]","(3.2350000000000003, 7.003]",*
6.385068965369679,"(6.003, 6.567]","(6.132, 6.744]","(6.299, 7.003]","(3.2350000000000003, 6.567]","(3.2350000000000003, 7.003]",*
6.385907942478185,"(6.003, 6.567]","(6.132, 6.744]","(6.299, 7.003]","(3.2350000000000003, 6.567]","(3.2350000000000003, 7.003]",*
6.386089397657938,"(6.003, 6.567]","(6.132, 6.744]","(6.299, 7.003]","(3.2350000000000003, 6.567]","(3.2350000000000003, 7.003]",*
6.386486308858613,"(6.003, 6.567]","(6.132, 6.744]","(6.299, 7.003]","(3.2350000000000003, 6.567]","(3.2350000000000003, 7.003]",*
6.386952949676693,"(6.003, 6.567]","(6.132, 6.744]","(6.299, 7.003]","(3.2350000000000003, 6.567]","(3.2350000000000003, 7.003]",*
6.3876937404859255,"(6.003, 6.567]","(6.132, 6.744]","(6.299, 7.003]","(3.2350000000000003, 6.567]","(3.2350000000000003, 7.003]",*
6.3883626345670805,"(6.003, 6.567]","(6.132, 6.744]","(6.299, 7.003]","(3.2350000000000003, 6.567]","(3.2350000000000003, 7.003]",*
6.388986061251195,"(6.003, 6.567]","(6.132, 6.744]","(6.299, 7.003]","(3.2350000000000003, 6.567]","(3.2350000000000003, 7.003]",*
6.389380953832301,"(6.003, 6.567]","(6.132, 6.744]","(6.299, 7.003]","(3.2350000000000003, 6.567]","(3.2350000000000003, 7.003]",*
6.392023266050787,"(6.003, 6.567]","(6.132, 6.744]","(6.299, 7.003]","(3.2350000000000003, 6.567]","(3.2350000000000003, 7.003]",*
6.3931209805509015,"(6.003, 6.567]","(6.132, 6.744]","(6.299, 7.003]","(3.2350000000000003, 6.567]","(3.2350000000000003, 7.003]",*
6.393210121895403,"(6.003, 6.567]","(6.132, 6.744]","(6.299, 7.003]","(3.2350000000000003, 6.567]","(3.2350000000000003, 7.003]",*
6.393980784250005,"(6.003, 6.567]","(6.132, 6.744]","(6.299, 7.003]","(3.2350000000000003, 6.567]","(3.2350000000000003, 7.003]",*
6.3940935917580966,"(6.003, 6.567]","(6.132, 6.744]","(6.299, 7.003]","(3.2350000000000003, 6.567]","(3.2350000000000003, 7.003]",*
6.394185042971477,"(6.003, 6.567]","(6.132, 6.744]","(6.299, 7.003]","(3.2350000000000003, 6.567]","(3.2350000000000003, 7.003]",*
6.394383439320515,"(6.003, 6.567]","(6.132, 6.744]","(6.299, 7.003]","(3.2350000000000003, 6.567]","(3.2350000000000003, 7.003]",*
6.394880318397705,"(6.003, 6.567]","(6.132, 6.744]","(6.299, 7.003]","(3.2350000000000003, 6.567]","(3.2350000000000003, 7.003]",*
6.395175979754682,"(6.003, 6.567]","(6.132, 6.744]","(6.299, 7.003]","(3.2350000000000003, 6.567]","(3.2350000000000003, 7.003]",*
6.395309806908434,"(6.003, 6.567]","(6.132, 6.744]","(6.299, 7.003]","(3.2350000000000003, 6.567]","(3.2350000000000003, 7.003]",*
6.395768938281866,"(6.003, 6.567]","(6.132, 6.744]","(6.299, 7.003]","(3.2350000000000003, 6.567]","(3.2350000000000003, 7.003]",*
6.396100737015643,"(6.003, 6.567]","(6.132, 6.744]","(6.299, 7.003]","(3.2350000000000003, 6.567]","(3.2350000000000003, 7.003]",*
6.396268005904592,"(6.003, 6.567]","(6.132, 6.744]","(6.299, 7.003]","(3.2350000000000003, 6.567]","(3.2350000000000003, 7.003]",*
6.396445089615988,"(6.003, 6.567]","(6.132, 6.744]","(6.299, 7.003]","(3.2350000000000003, 6.567]","(3.2350000000000003, 7.003]",*
6.396693318024164,"(6.003, 6.567]","(6.132, 6.744]","(6.299, 7.003]","(3.2350000000000003, 6.567]","(3.2350000000000003, 7.003]",*
6.397619485032628,"(6.003, 6.567]","(6.132, 6.744]","(6.299, 7.003]","(3.2350000000000003, 6.567]","(3.2350000000000003, 7.003]",*
6.398407811747326,"(6.003, 6.567]","(6.132, 6.744]","(6.299, 7.003]","(3.2350000000000003, 6.567]","(3.2350000000000003, 7.003]",*
6.398561271124016,"(6.003, 6.567]","(6.132, 6.744]","(6.299, 7.003]","(3.2350000000000003, 6.567]","(3.2350000000000003, 7.003]",*
6.399106707691886,"(6.003, 6.567]","(6.132, 6.744]","(6.299, 7.003]","(3.2350000000000003, 6.567]","(3.2350000000000003, 7.003]",*
6.400131740541246,"(6.003, 6.567]","(6.132, 6.744]","(6.299, 7.003]","(3.2350000000000003, 6.567]","(3.2350000000000003, 7.003]",*
6.4006850493111775,"(6.003, 6.567]","(6.132, 6.744]","(6.299, 7.003]","(3.2350000000000003, 6.567]","(3.2350000000000003, 7.003]",*
6.402028316635014,"(6.003, 6.567]","(6.132, 6.744]","(6.299, 7.003]","(3.2350000000000003, 6.567]","(3.2350000000000003, 7.003]",*
6.402843907337399,"(6.003, 6.567]","(6.132, 6.744]","(6.299, 7.003]","(3.2350000000000003, 6.567]","(3.2350000000000003, 7.003]",*
6.403764216702157,"(6.003, 6.567]","(6.132, 6.744]","(6.299, 7.003]","(3.2350000000000003, 6.567]","(3.2350000000000003, 7.003]",*
6.404430464829573,"(6.003, 6.567]","(6.132, 6.744]","(6.299, 7.003]","(3.2350000000000003, 6.567]","(3.2350000000000003, 7.003]",*
6.404475409246553,"(6.003, 6.567]","(6.132, 6.744]","(6.299, 7.003]","(3.2350000000000003, 6.567]","(3.2350000000000003, 7.003]",*
6.404665038588427,"(6.003, 6.567]","(6.132, 6.744]","(6.299, 7.003]","(3.2350000000000003, 6.567]","(3.2350000000000003, 7.003]",*
6.404836421459311,"(6.003, 6.567]","(6.132, 6.744]","(6.299, 7.003]","(3.2350000000000003, 6.567]","(3.2350000000000003, 7.003]",*
6.404905702373623,"(6.003, 6.567]","(6.132, 6.744]","(6.299, 7.003]","(3.2350000000000003, 6.567]","(3.2350000000000003, 7.003]",*
6.406117576691048,"(6.003, 6.567]","(6.132, 6.744]","(6.299, 7.003]","(3.2350000000000003, 6.567]","(3.2350000000000003, 7.003]",*
6.406176134754382,"(6.003, 6.567]","(6.132, 6.744]","(6.299, 7.003]","(3.2350000000000003, 6.567]","(3.2350000000000003, 7.003]",*
6.406944569880968,"(6.003, 6.567]","(6.132, 6.744]","(6.299, 7.003]","(3.2350000000000003, 6.567]","(3.2350000000000003, 7.003]",*
6.407189449007079,"(6.003, 6.567]","(6.132, 6.744]","(6.299, 7.003]","(3.2350000000000003, 6.567]","(3.2350000000000003, 7.003]",*
6.407339520069296,"(6.003, 6.567]","(6.132, 6.744]","(6.299, 7.003]","(3.2350000000000003, 6.567]","(3.2350000000000003, 7.003]",*
6.408500539138664,"(6.003, 6.567]","(6.132, 6.744]","(6.299, 7.003]","(3.2350000000000003, 6.567]","(3.2350000000000003, 7.003]",*
6.408818529755407,"(6.003, 6.567]","(6.132, 6.744]","(6.299, 7.003]","(3.2350000000000003, 6.567]","(3.2350000000000003, 7.003]",*
6.408996608011629,"(6.003, 6.567]","(6.132, 6.744]","(6.299, 7.003]","(3.2350000000000003, 6.567]","(3.2350000000000003, 7.003]",*
6.409772531767881,"(6.003, 6.567]","(6.132, 6.744]","(6.299, 7.003]","(3.2350000000000003, 6.567]","(3.2350000000000003, 7.003]",*
6.410173910264278,"(6.003, 6.567]","(6.132, 6.744]","(6.299, 7.003]","(3.2350000000000003, 6.567]","(3.2350000000000003, 7.003]",*
6.41031819914194,"(6.003, 6.567]","(6.132, 6.744]","(6.299, 7.003]","(3.2350000000000003, 6.567]","(3.2350000000000003, 7.003]",*
6.410508878678826,"(6.003, 6.567]","(6.132, 6.744]","(6.299, 7.003]","(3.2350000000000003, 6.567]","(3.2350000000000003, 7.003]",*
6.411736420794941,"(6.003, 6.567]","(6.132, 6.744]","(6.299, 7.003]","(3.2350000000000003, 6.567]","(3.2350000000000003, 7.003]",*
6.411871045228232,"(6.003, 6.567]","(6.132, 6.744]","(6.299, 7.003]","(3.2350000000000003, 6.567]","(3.2350000000000003, 7.003]",*
6.4120602346824205,"(6.003, 6.567]","(6.132, 6.744]","(6.299, 7.003]","(3.2350000000000003, 6.567]","(3.2350000000000003, 7.003]",*
6.412197841540654,"(6.003, 6.567]","(6.132, 6.744]","(6.299, 7.003]","(3.2350000000000003, 6.567]","(3.2350000000000003, 7.003]",*
6.412440489212723,"(6.003, 6.567]","(6.132, 6.744]","(6.299, 7.003]","(3.2350000000000003, 6.567]","(3.2350000000000003, 7.003]",*
6.413906388890853,"(6.003, 6.567]","(6.132, 6.744]","(6.299, 7.003]","(3.2350000000000003, 6.567]","(3.2350000000000003, 7.003]",*
6.414579249343612,"(6.003, 6.567]","(6.132, 6.744]","(6.299, 7.003]","(3.2350000000000003, 6.567]","(3.2350000000000003, 7.003]",*
6.414774565326267,"(6.003, 6.567]","(6.132, 6.744]","(6.299, 7.003]","(3.2350000000000003, 6.567]","(3.2350000000000003, 7.003]",*
6.415312420825086,"(6.003, 6.567]","(6.132, 6.744]","(6.299, 7.003]","(3.2350000000000003, 6.567]","(3.2350000000000003, 7.003]",*
6.415893842744813,"(6.003, 6.567]","(6.132, 6.744]","(6.299, 7.003]","(3.2350000000000003, 6.567]","(3.2350000000000003, 7.003]",*
6.416867709533718,"(6.003, 6.567]","(6.132, 6.744]","(6.299, 7.003]","(3.2350000000000003, 6.567]","(3.2350000000000003, 7.003]",*
6.417572621814379,"(6.003, 6.567]","(6.132, 6.744]","(6.299, 7.003]","(3.2350000000000003, 6.567]","(3.2350000000000003, 7.003]",*
6.420078342976558,"(6.003, 6.567]","(6.132, 6.744]","(6.299, 7.003]","(3.2350000000000003, 6.567]","(3.2350000000000003, 7.003]",*
6.420641902329109,"(6.003, 6.567]","(6.132, 6.744]","(6.299, 7.003]","(3.2350000000000003, 6.567]","(3.2350000000000003, 7.003]",*
6.422631236394558,"(6.003, 6.567]","(6.132, 6.744]","(6.299, 7.003]","(3.2350000000000003, 6.567]","(3.2350000000000003, 7.003]",*
6.424085419609916,"(6.003, 6.567]","(6.132, 6.744]","(6.299, 7.003]","(3.2350000000000003, 6.567]","(3.2350000000000003, 7.003]",*
6.424496498427375,"(6.003, 6.567]","(6.132, 6.744]","(6.299, 7.003]","(3.2350000000000003, 6.567]","(3.2350000000000003, 7.003]",*
6.425835416015109,"(6.003, 6.567]","(6.132, 6.744]","(6.299, 7.003]","(3.2350000000000003, 6.567]","(3.2350000000000003, 7.003]",*
6.426074813426332,"(6.003, 6.567]","(6.132, 6.744]","(6.299, 7.003]","(3.2350000000000003, 6.567]","(3.2350000000000003, 7.003]",*
6.426440694209808,"(6.003, 6.567]","(6.132, 6.744]","(6.299, 7.003]","(3.2350000000000003, 6.567]","(3.2350000000000003, 7.003]",*
6.427597572226956,"(6.003, 6.567]","(6.132, 6.744]","(6.299, 7.003]","(3.2350000000000003, 6.567]","(3.2350000000000003, 7.003]",*
6.428539207716246,"(6.003, 6.567]","(6.132, 6.744]","(6.299, 7.003]","(3.2350000000000003, 6.567]","(3.2350000000000003, 7.003]",*
6.429240597069024,"(6.003, 6.567]","(6.132, 6.744]","(6.299, 7.003]","(3.2350000000000003, 6.567]","(3.2350000000000003, 7.003]",*
6.429997120518371,"(6.003, 6.567]","(6.132, 6.744]","(6.299, 7.003]","(3.2350000000000003, 6.567]","(3.2350000000000003, 7.003]",*
6.430482045315747,"(6.003, 6.567]","(6.132, 6.744]","(6.299, 7.003]","(3.2350000000000003, 6.567]","(3.2350000000000003, 7.003]",*
6.431351306877676,"(6.003, 6.567]","(6.132, 6.744]","(6.299, 7.003]","(3.2350000000000003, 6.567]","(3.2350000000000003, 7.003]",*
6.4314303376540645,"(6.003, 6.567]","(6.132, 6.744]","(6.299, 7.003]","(3.2350000000000003, 6.567]","(3.2350000000000003, 7.003]",*
6.433308459853902,"(6.003, 6.567]","(6.132, 6.744]","(6.299, 7.003]","(3.2350000000000003, 6.567]","(3.2350000000000003, 7.003]",*
6.434120692343964,"(6.003, 6.567]","(6.132, 6.744]","(6.299, 7.003]","(3.2350000000000003, 6.567]","(3.2350000000000003, 7.003]",*
6.434659153399241,"(6.003, 6.567]","(6.132, 6.744]","(6.299, 7.003]","(3.2350000000000003, 6.567]","(3.2350000000000003, 7.003]",*
6.4349356664886255,"(6.003, 6.567]","(6.132, 6.744]","(6.299, 7.003]","(3.2350000000000003, 6.567]","(3.2350000000000003, 7.003]",*
6.436541956458293,"(6.003, 6.567]","(6.132, 6.744]","(6.299, 7.003]","(3.2350000000000003, 6.567]","(3.2350000000000003, 7.003]",*
6.43747844833822,"(6.003, 6.567]","(6.132, 6.744]","(6.299, 7.003]","(3.2350000000000003, 6.567]","(3.2350000000000003, 7.003]",*
6.437633335376128,"(6.003, 6.567]","(6.132, 6.744]","(6.299, 7.003]","(3.2350000000000003, 6.567]","(3.2350000000000003, 7.003]",*
6.4383406335204585,"(6.003, 6.567]","(6.132, 6.744]","(6.299, 7.003]","(3.2350000000000003, 6.567]","(3.2350000000000003, 7.003]",*
6.439048721458494,"(6.003, 6.567]","(6.132, 6.744]","(6.299, 7.003]","(3.2350000000000003, 6.567]","(3.2350000000000003, 7.003]",*
6.439651108808352,"(6.003, 6.567]","(6.132, 6.744]","(6.299, 7.003]","(3.2350000000000003, 6.567]","(3.2350000000000003, 7.003]",*
6.440243236333304,"(6.003, 6.567]","(6.132, 6.744]","(6.299, 7.003]","(3.2350000000000003, 6.567]","(3.2350000000000003, 7.003]",*
6.440255754985625,"(6.003, 6.567]","(6.132, 6.744]","(6.299, 7.003]","(3.2350000000000003, 6.567]","(3.2350000000000003, 7.003]",*
6.441014974423393,"(6.003, 6.567]","(6.132, 6.744]","(6.299, 7.003]","(3.2350000000000003, 6.567]","(3.2350000000000003, 7.003]",*
6.441304335471384,"(6.003, 6.567]","(6.132, 6.744]","(6.299, 7.003]","(3.2350000000000003, 6.567]","(3.2350000000000003, 7.003]",*
6.442186821536063,"(6.003, 6.567]","(6.132, 6.744]","(6.299, 7.003]","(3.2350000000000003, 6.567]","(3.2350000000000003, 7.003]",*
6.4427419237657775,"(6.003, 6.567]","(6.132, 6.744]","(6.299, 7.003]","(3.2350000000000003, 6.567]","(3.2350000000000003, 7.003]",*
6.445200711415451,"(6.003, 6.567]","(6.132, 6.744]","(6.299, 7.003]","(3.2350000000000003, 6.567]","(3.2350000000000003, 7.003]",*
6.4452336122050085,"(6.003, 6.567]","(6.132, 6.744]","(6.299, 7.003]","(3.2350000000000003, 6.567]","(3.2350000000000003, 7.003]",*
6.445456690525836,"(6.003, 6.567]","(6.132, 6.744]","(6.299, 7.003]","(3.2350000000000003, 6.567]","(3.2350000000000003, 7.003]",*
6.446436812785135,"(6.003, 6.567]","(6.132, 6.744]","(6.299, 7.003]","(3.2350000000000003, 6.567]","(3.2350000000000003, 7.003]",*
6.448118672540683,"(6.003, 6.567]","(6.132, 6.744]","(6.299, 7.003]","(3.2350000000000003, 6.567]","(3.2350000000000003, 7.003]",*
6.448918787844093,"(6.003, 6.567]","(6.132, 6.744]","(6.299, 7.003]","(3.2350000000000003, 6.567]","(3.2350000000000003, 7.003]",*
6.449025947170286,"(6.003, 6.567]","(6.132, 6.744]","(6.299, 7.003]","(3.2350000000000003, 6.567]","(3.2350000000000003, 7.003]",*
6.449313324822363,"(6.003, 6.567]","(6.132, 6.744]","(6.299, 7.003]","(3.2350000000000003, 6.567]","(3.2350000000000003, 7.003]",*
6.449323694266506,"(6.003, 6.567]","(6.132, 6.744]","(6.299, 7.003]","(3.2350000000000003, 6.567]","(3.2350000000000003, 7.003]",*
6.44932998741155,"(6.003, 6.567]","(6.132, 6.744]","(6.299, 7.003]","(3.2350000000000003, 6.567]","(3.2350000000000003, 7.003]",*
6.449420818320219,"(6.003, 6.567]","(6.132, 6.744]","(6.299, 7.003]","(3.2350000000000003, 6.567]","(3.2350000000000003, 7.003]",*
6.45062029582509,"(6.003, 6.567]","(6.132, 6.744]","(6.299, 7.003]","(3.2350000000000003, 6.567]","(3.2350000000000003, 7.003]",*
6.450724916870898,"(6.003, 6.567]","(6.132, 6.744]","(6.299, 7.003]","(3.2350000000000003, 6.567]","(3.2350000000000003, 7.003]",*
6.451146228272622,"(6.003, 6.567]","(6.132, 6.744]","(6.299, 7.003]","(3.2350000000000003, 6.567]","(3.2350000000000003, 7.003]",*
6.451213999225733,"(6.003, 6.567]","(6.132, 6.744]","(6.299, 7.003]","(3.2350000000000003, 6.567]","(3.2350000000000003, 7.003]",*
6.452137115227824,"(6.003, 6.567]","(6.132, 6.744]","(6.299, 7.003]","(3.2350000000000003, 6.567]","(3.2350000000000003, 7.003]",*
6.452741614399782,"(6.003, 6.567]","(6.132, 6.744]","(6.299, 7.003]","(3.2350000000000003, 6.567]","(3.2350000000000003, 7.003]",*
6.453815822544828,"(6.003, 6.567]","(6.132, 6.744]","(6.299, 7.003]","(3.2350000000000003, 6.567]","(3.2350000000000003, 7.003]",*
6.454836098695179,"(6.003, 6.567]","(6.132, 6.744]","(6.299, 7.003]","(3.2350000000000003, 6.567]","(3.2350000000000003, 7.003]",*
6.455326519946509,"(6.003, 6.567]","(6.132, 6.744]","(6.299, 7.003]","(3.2350000000000003, 6.567]","(3.2350000000000003, 7.003]",*
6.455829822769823,"(6.003, 6.567]","(6.132, 6.744]","(6.299, 7.003]","(3.2350000000000003, 6.567]","(3.2350000000000003, 7.003]",*
6.456360286319179,"(6.003, 6.567]","(6.132, 6.744]","(6.299, 7.003]","(3.2350000000000003, 6.567]","(3.2350000000000003, 7.003]",*
6.457118895639732,"(6.003, 6.567]","(6.132, 6.744]","(6.299, 7.003]","(3.2350000000000003, 6.567]","(3.2350000000000003, 7.003]",*
6.457792318484759,"(6.003, 6.567]","(6.132, 6.744]","(6.299, 7.003]","(3.2350000000000003, 6.567]","(3.2350000000000003, 7.003]",*
6.458296196344812,"(6.003, 6.567]","(6.132, 6.744]","(6.299, 7.003]","(3.2350000000000003, 6.567]","(3.2350000000000003, 7.003]",*
6.458755876008711,"(6.003, 6.567]","(6.132, 6.744]","(6.299, 7.003]","(3.2350000000000003, 6.567]","(3.2350000000000003, 7.003]",*
6.458904503832356,"(6.003, 6.567]","(6.132, 6.744]","(6.299, 7.003]","(3.2350000000000003, 6.567]","(3.2350000000000003, 7.003]",*
6.459058727549611,"(6.003, 6.567]","(6.132, 6.744]","(6.299, 7.003]","(3.2350000000000003, 6.567]","(3.2350000000000003, 7.003]",*
6.459429145520582,"(6.003, 6.567]","(6.132, 6.744]","(6.299, 7.003]","(3.2350000000000003, 6.567]","(3.2350000000000003, 7.003]",*
6.460638249122571,"(6.003, 6.567]","(6.132, 6.744]","(6.299, 7.003]","(3.2350000000000003, 6.567]","(3.2350000000000003, 7.003]",*
6.462523335762147,"(6.003, 6.567]","(6.132, 6.744]","(6.299, 7.003]","(3.2350000000000003, 6.567]","(3.2350000000000003, 7.003]",*
6.462665410136209,"(6.003, 6.567]","(6.132, 6.744]","(6.299, 7.003]","(3.2350000000000003, 6.567]","(3.2350000000000003, 7.003]",*
6.462700239037313,"(6.003, 6.567]","(6.132, 6.744]","(6.299, 7.003]","(3.2350000000000003, 6.567]","(3.2350000000000003, 7.003]",*
6.462900464634889,"(6.003, 6.567]","(6.132, 6.744]","(6.299, 7.003]","(3.2350000000000003, 6.567]","(3.2350000000000003, 7.003]",*
6.4634550677305045,"(6.003, 6.567]","(6.132, 6.744]","(6.299, 7.003]","(3.2350000000000003, 6.567]","(3.2350000000000003, 7.003]",*
6.463808180262486,"(6.003, 6.567]","(6.132, 6.744]","(6.299, 7.003]","(3.2350000000000003, 6.567]","(3.2350000000000003, 7.003]",*
6.464112096425718,"(6.003, 6.567]","(6.132, 6.744]","(6.299, 7.003]","(3.2350000000000003, 6.567]","(3.2350000000000003, 7.003]",*
6.464254235452278,"(6.003, 6.567]","(6.132, 6.744]","(6.299, 7.003]","(3.2350000000000003, 6.567]","(3.2350000000000003, 7.003]",*
6.464967335827234,"(6.003, 6.567]","(6.132, 6.744]","(6.299, 7.003]","(3.2350000000000003, 6.567]","(3.2350000000000003, 7.003]",*
6.465128863265206,"(6.003, 6.567]","(6.132, 6.744]","(6.299, 7.003]","(3.2350000000000003, 6.567]","(3.2350000000000003, 7.003]",*
6.465831691294531,"(6.003, 6.567]","(6.132, 6.744]","(6.299, 7.003]","(3.2350000000000003, 6.567]","(3.2350000000000003, 7.003]",*
6.466645254480296,"(6.003, 6.567]","(6.132, 6.744]","(6.299, 7.003]","(3.2350000000000003, 6.567]","(3.2350000000000003, 7.003]",*
6.466910234577331,"(6.003, 6.567]","(6.132, 6.744]","(6.299, 7.003]","(3.2350000000000003, 6.567]","(3.2350000000000003, 7.003]",*
6.467064994141916,"(6.003, 6.567]","(6.132, 6.744]","(6.299, 7.003]","(3.2350000000000003, 6.567]","(3.2350000000000003, 7.003]",*
6.468016910042888,"(6.003, 6.567]","(6.132, 6.744]","(6.299, 7.003]","(3.2350000000000003, 6.567]","(3.2350000000000003, 7.003]",*
6.468462996165364,"(6.003, 6.567]","(6.132, 6.744]","(6.299, 7.003]","(3.2350000000000003, 6.567]","(3.2350000000000003, 7.003]",*
6.46890110692342,"(6.003, 6.567]","(6.132, 6.744]","(6.299, 7.003]","(3.2350000000000003, 6.567]","(3.2350000000000003, 7.003]",*
6.469125114564612,"(6.003, 6.567]","(6.132, 6.744]","(6.299, 7.003]","(3.2350000000000003, 6.567]","(3.2350000000000003, 7.003]",*
6.4693789228675564,"(6.003, 6.567]","(6.132, 6.744]","(6.299, 7.003]","(3.2350000000000003, 6.567]","(3.2350000000000003, 7.003]",*
6.4694656996451165,"(6.003, 6.567]","(6.132, 6.744]","(6.299, 7.003]","(3.2350000000000003, 6.567]","(3.2350000000000003, 7.003]",*
6.469594269157485,"(6.003, 6.567]","(6.132, 6.744]","(6.299, 7.003]","(3.2350000000000003, 6.567]","(3.2350000000000003, 7.003]",*
6.47064969502588,"(6.003, 6.567]","(6.132, 6.744]","(6.299, 7.003]","(3.2350000000000003, 6.567]","(3.2350000000000003, 7.003]",*
6.471035179743152,"(6.003, 6.567]","(6.132, 6.744]","(6.299, 7.003]","(3.2350000000000003, 6.567]","(3.2350000000000003, 7.003]",*
6.47161336991908,"(6.003, 6.567]","(6.132, 6.744]","(6.299, 7.003]","(3.2350000000000003, 6.567]","(3.2350000000000003, 7.003]",*
6.4721381443288735,"(6.003, 6.567]","(6.132, 6.744]","(6.299, 7.003]","(3.2350000000000003, 6.567]","(3.2350000000000003, 7.003]",*
6.473487358074203,"(6.003, 6.567]","(6.132, 6.744]","(6.299, 7.003]","(3.2350000000000003, 6.567]","(3.2350000000000003, 7.003]",*
6.473828031805415,"(6.003, 6.567]","(6.132, 6.744]","(6.299, 7.003]","(3.2350000000000003, 6.567]","(3.2350000000000003, 7.003]",*
6.474248437010568,"(6.003, 6.567]","(6.132, 6.744]","(6.299, 7.003]","(3.2350000000000003, 6.567]","(3.2350000000000003, 7.003]",*
6.4747324983474766,"(6.003, 6.567]","(6.132, 6.744]","(6.299, 7.003]","(3.2350000000000003, 6.567]","(3.2350000000000003, 7.003]",*
6.474991494230577,"(6.003, 6.567]","(6.132, 6.744]","(6.299, 7.003]","(3.2350000000000003, 6.567]","(3.2350000000000003, 7.003]",*
6.475021874293231,"(6.003, 6.567]","(6.132, 6.744]","(6.299, 7.003]","(3.2350000000000003, 6.567]","(3.2350000000000003, 7.003]",*
6.475843395424623,"(6.003, 6.567]","(6.132, 6.744]","(6.299, 7.003]","(3.2350000000000003, 6.567]","(3.2350000000000003, 7.003]",*
6.476007341193744,"(6.003, 6.567]","(6.132, 6.744]","(6.299, 7.003]","(3.2350000000000003, 6.567]","(3.2350000000000003, 7.003]",*
6.476185929905823,"(6.003, 6.567]","(6.132, 6.744]","(6.299, 7.003]","(3.2350000000000003, 6.567]","(3.2350000000000003, 7.003]",*
6.476941994129888,"(6.003, 6.567]","(6.132, 6.744]","(6.299, 7.003]","(3.2350000000000003, 6.567]","(3.2350000000000003, 7.003]",*
6.477494892535115,"(6.003, 6.567]","(6.132, 6.744]","(6.299, 7.003]","(3.2350000000000003, 6.567]","(3.2350000000000003, 7.003]",*
6.47815219311912,"(6.003, 6.567]","(6.132, 6.744]","(6.299, 7.003]","(3.2350000000000003, 6.567]","(3.2350000000000003, 7.003]",*
6.478789637665748,"(6.003, 6.567]","(6.132, 6.744]","(6.299, 7.003]","(3.2350000000000003, 6.567]","(3.2350000000000003, 7.003]",*
6.479527311322171,"(6.003, 6.567]","(6.132, 6.744]","(6.299, 7.003]","(3.2350000000000003, 6.567]","(3.2350000000000003, 7.003]",*
6.479993675106022,"(6.003, 6.567]","(6.132, 6.744]","(6.299, 7.003]","(3.2350000000000003, 6.567]","(3.2350000000000003, 7.003]",*
6.481651399445809,"(6.003, 6.567]","(6.132, 6.744]","(6.299, 7.003]","(3.2350000000000003, 6.567]","(3.2350000000000003, 7.003]",*
6.483895504006983,"(6.003, 6.567]","(6.132, 6.744]","(6.299, 7.003]","(3.2350000000000003, 6.567]","(3.2350000000000003, 7.003]",*
6.484095706944594,"(6.003, 6.567]","(6.132, 6.744]","(6.299, 7.003]","(3.2350000000000003, 6.567]","(3.2350000000000003, 7.003]",*
6.484684915361105,"(6.003, 6.567]","(6.132, 6.744]","(6.299, 7.003]","(3.2350000000000003, 6.567]","(3.2350000000000003, 7.003]",*
6.485365977119337,"(6.003, 6.567]","(6.132, 6.744]","(6.299, 7.003]","(3.2350000000000003, 6.567]","(3.2350000000000003, 7.003]",*
6.4864058236427065,"(6.003, 6.567]","(6.132, 6.744]","(6.299, 7.003]","(3.2350000000000003, 6.567]","(3.2350000000000003, 7.003]",*
6.486461750760263,"(6.003, 6.567]","(6.132, 6.744]","(6.299, 7.003]","(3.2350000000000003, 6.567]","(3.2350000000000003, 7.003]",*
6.4868213152752014,"(6.003, 6.567]","(6.132, 6.744]","(6.299, 7.003]","(3.2350000000000003, 6.567]","(3.2350000000000003, 7.003]",*
6.487273842689119,"(6.003, 6.567]","(6.132, 6.744]","(6.299, 7.003]","(3.2350000000000003, 6.567]","(3.2350000000000003, 7.003]",*
6.48926783226606,"(6.003, 6.567]","(6.132, 6.744]","(6.299, 7.003]","(3.2350000000000003, 6.567]","(3.2350000000000003, 7.003]",*
6.490128894103794,"(6.003, 6.567]","(6.132, 6.744]","(6.299, 7.003]","(3.2350000000000003, 6.567]","(3.2350000000000003, 7.003]",*
6.490281845219813,"(6.003, 6.567]","(6.132, 6.744]","(6.299, 7.003]","(3.2350000000000003, 6.567]","(3.2350000000000003, 7.003]",*
6.491297608638345,"(6.003, 6.567]","(6.132, 6.744]","(6.299, 7.003]","(3.2350000000000003, 6.567]","(3.2350000000000003, 7.003]",*
6.492639033152976,"(6.003, 6.567]","(6.132, 6.744]","(6.299, 7.003]","(3.2350000000000003, 6.567]","(3.2350000000000003, 7.003]",*
6.492893172332449,"(6.003, 6.567]","(6.132, 6.744]","(6.299, 7.003]","(3.2350000000000003, 6.567]","(3.2350000000000003, 7.003]",*
6.493899315174439,"(6.003, 6.567]","(6.132, 6.744]","(6.299, 7.003]","(3.2350000000000003, 6.567]","(3.2350000000000003, 7.003]",*
6.494080939508175,"(6.003, 6.567]","(6.132, 6.744]","(6.299, 7.003]","(3.2350000000000003, 6.567]","(3.2350000000000003, 7.003]",*
6.494966550461526,"(6.003, 6.567]","(6.132, 6.744]","(6.299, 7.003]","(3.2350000000000003, 6.567]","(3.2350000000000003, 7.003]",*
6.495059664690339,"(6.003, 6.567]","(6.132, 6.744]","(6.299, 7.003]","(3.2350000000000003, 6.567]","(3.2350000000000003, 7.003]",*
6.4951989950956674,"(6.003, 6.567]","(6.132, 6.744]","(6.299, 7.003]","(3.2350000000000003, 6.567]","(3.2350000000000003, 7.003]",*
6.495379953494912,"(6.003, 6.567]","(6.132, 6.744]","(6.299, 7.003]","(3.2350000000000003, 6.567]","(3.2350000000000003, 7.003]",*
6.497298656666644,"(6.003, 6.567]","(6.132, 6.744]","(6.299, 7.003]","(3.2350000000000003, 6.567]","(3.2350000000000003, 7.003]",*
6.497472774664461,"(6.003, 6.567]","(6.132, 6.744]","(6.299, 7.003]","(3.2350000000000003, 6.567]","(3.2350000000000003, 7.003]",*
6.498815201494848,"(6.003, 6.567]","(6.132, 6.744]","(6.299, 7.003]","(3.2350000000000003, 6.567]","(3.2350000000000003, 7.003]",*
6.499033463043189,"(6.003, 6.567]","(6.132, 6.744]","(6.299, 7.003]","(3.2350000000000003, 6.567]","(3.2350000000000003, 7.003]",*
6.499062262689241,"(6.003, 6.567]","(6.132, 6.744]","(6.299, 7.003]","(3.2350000000000003, 6.567]","(3.2350000000000003, 7.003]",*
6.499533594709245,"(6.003, 6.567]","(6.132, 6.744]","(6.299, 7.003]","(3.2350000000000003, 6.567]","(3.2350000000000003, 7.003]",*
6.499696377130271,"(6.003, 6.567]","(6.132, 6.744]","(6.299, 7.003]","(3.2350000000000003, 6.567]","(3.2350000000000003, 7.003]",*
6.5002339294460825,"(6.003, 6.567]","(6.132, 6.744]","(6.299, 7.003]","(3.2350000000000003, 6.567]","(3.2350000000000003, 7.003]",*
6.500293441451732,"(6.003, 6.567]","(6.132, 6.744]","(6.299, 7.003]","(3.2350000000000003, 6.567]","(3.2350000000000003, 7.003]",*
6.501047493209399,"(6.003, 6.567]","(6.132, 6.744]","(6.299, 7.003]","(3.2350000000000003, 6.567]","(3.2350000000000003, 7.003]",*
6.501809752009943,"(6.003, 6.567]","(6.132, 6.744]","(6.299, 7.003]","(3.2350000000000003, 6.567]","(3.2350000000000003, 7.003]",*
6.502411114175151,"(6.003, 6.567]","(6.132, 6.744]","(6.299, 7.003]","(3.2350000000000003, 6.567]","(3.2350000000000003, 7.003]",*
6.502540831148206,"(6.003, 6.567]","(6.132, 6.744]","(6.299, 7.003]","(3.2350000000000003, 6.567]","(3.2350000000000003, 7.003]",*
6.503331287736487,"(6.003, 6.567]","(6.132, 6.744]","(6.299, 7.003]","(3.2350000000000003, 6.567]","(3.2350000000000003, 7.003]",*
6.503605808862434,"(6.003, 6.567]","(6.132, 6.744]","(6.299, 7.003]","(3.2350000000000003, 6.567]","(3.2350000000000003, 7.003]",*
6.503945884315761,"(6.003, 6.567]","(6.132, 6.744]","(6.299, 7.003]","(3.2350000000000003, 6.567]","(3.2350000000000003, 7.003]",*
6.504090907327948,"(6.003, 6.567]","(6.132, 6.744]","(6.299, 7.003]","(3.2350000000000003, 6.567]","(3.2350000000000003, 7.003]",*
6.504768562849262,"(6.003, 6.567]","(6.132, 6.744]","(6.299, 7.003]","(3.2350000000000003, 6.567]","(3.2350000000000003, 7.003]",*
6.505406567465657,"(6.003, 6.567]","(6.132, 6.744]","(6.299, 7.003]","(3.2350000000000003, 6.567]","(3.2350000000000003, 7.003]",*
6.506374302162949,"(6.003, 6.567]","(6.132, 6.744]","(6.299, 7.003]","(3.2350000000000003, 6.567]","(3.2350000000000003, 7.003]",*
6.506991389256916,"(6.003, 6.567]","(6.132, 6.744]","(6.299, 7.003]","(3.2350000000000003, 6.567]","(3.2350000000000003, 7.003]",*
6.507107741630369,"(6.003, 6.567]","(6.132, 6.744]","(6.299, 7.003]","(3.2350000000000003, 6.567]","(3.2350000000000003, 7.003]",*
6.508818009293237,"(6.003, 6.567]","(6.132, 6.744]","(6.299, 7.003]","(3.2350000000000003, 6.567]","(3.2350000000000003, 7.003]",*
6.509449186063911,"(6.003, 6.567]","(6.132, 6.744]","(6.299, 7.003]","(3.2350000000000003, 6.567]","(3.2350000000000003, 7.003]",*
6.509616213750986,"(6.003, 6.567]","(6.132, 6.744]","(6.299, 7.003]","(3.2350000000000003, 6.567]","(3.2350000000000003, 7.003]",*
6.509836776534067,"(6.003, 6.567]","(6.132, 6.744]","(6.299, 7.003]","(3.2350000000000003, 6.567]","(3.2350000000000003, 7.003]",*
6.511389510892272,"(6.003, 6.567]","(6.132, 6.744]","(6.299, 7.003]","(3.2350000000000003, 6.567]","(3.2350000000000003, 7.003]",*
6.511746963362182,"(6.003, 6.567]","(6.132, 6.744]","(6.299, 7.003]","(3.2350000000000003, 6.567]","(3.2350000000000003, 7.003]",*
6.511808718872203,"(6.003, 6.567]","(6.132, 6.744]","(6.299, 7.003]","(3.2350000000000003, 6.567]","(3.2350000000000003, 7.003]",*
6.514580264801038,"(6.003, 6.567]","(6.132, 6.744]","(6.299, 7.003]","(3.2350000000000003, 6.567]","(3.2350000000000003, 7.003]",*
6.514700261115308,"(6.003, 6.567]","(6.132, 6.744]","(6.299, 7.003]","(3.2350000000000003, 6.567]","(3.2350000000000003, 7.003]",*
6.515149876905348,"(6.003, 6.567]","(6.132, 6.744]","(6.299, 7.003]","(3.2350000000000003, 6.567]","(3.2350000000000003, 7.003]",*
6.515683338416178,"(6.003, 6.567]","(6.132, 6.744]","(6.299, 7.003]","(3.2350000000000003, 6.567]","(3.2350000000000003, 7.003]",*
6.517175038094777,"(6.003, 6.567]","(6.132, 6.744]","(6.299, 7.003]","(3.2350000000000003, 6.567]","(3.2350000000000003, 7.003]",*
6.517625122593032,"(6.003, 6.567]","(6.132, 6.744]","(6.299, 7.003]","(3.2350000000000003, 6.567]","(3.2350000000000003, 7.003]",*
6.518794323582412,"(6.003, 6.567]","(6.132, 6.744]","(6.299, 7.003]","(3.2350000000000003, 6.567]","(3.2350000000000003, 7.003]",*
6.519249286816658,"(6.003, 6.567]","(6.132, 6.744]","(6.299, 7.003]","(3.2350000000000003, 6.567]","(3.2350000000000003, 7.003]",*
6.520119623924612,"(6.003, 6.567]","(6.132, 6.744]","(6.299, 7.003]","(3.2350000000000003, 6.567]","(3.2350000000000003, 7.003]",*
6.522220479041806,"(6.003, 6.567]","(6.132, 6.744]","(6.299, 7.003]","(3.2350000000000003, 6.567]","(3.2350000000000003, 7.003]",*
6.524053597890479,"(6.003, 6.567]","(6.132, 6.744]","(6.299, 7.003]","(3.2350000000000003, 6.567]","(3.2350000000000003, 7.003]",*
6.524656913648,"(6.003, 6.567]","(6.132, 6.744]","(6.299, 7.003]","(3.2350000000000003, 6.567]","(3.2350000000000003, 7.003]",*
6.525679549010347,"(6.003, 6.567]","(6.132, 6.744]","(6.299, 7.003]","(3.2350000000000003, 6.567]","(3.2350000000000003, 7.003]",*
6.5261014904158605,"(6.003, 6.567]","(6.132, 6.744]","(6.299, 7.003]","(3.2350000000000003, 6.567]","(3.2350000000000003, 7.003]",*
6.526961813496812,"(6.003, 6.567]","(6.132, 6.744]","(6.299, 7.003]","(3.2350000000000003, 6.567]","(3.2350000000000003, 7.003]",*
6.528068683300832,"(6.003, 6.567]","(6.132, 6.744]","(6.299, 7.003]","(3.2350000000000003, 6.567]","(3.2350000000000003, 7.003]",*
6.528579813194185,"(6.003, 6.567]","(6.132, 6.744]","(6.299, 7.003]","(3.2350000000000003, 6.567]","(3.2350000000000003, 7.003]",*
6.529445635281067,"(6.003, 6.567]","(6.132, 6.744]","(6.299, 7.003]","(3.2350000000000003, 6.567]","(3.2350000000000003, 7.003]",*
6.529723045730096,"(6.003, 6.567]","(6.132, 6.744]","(6.299, 7.003]","(3.2350000000000003, 6.567]","(3.2350000000000003, 7.003]",*
6.53014678035772,"(6.003, 6.567]","(6.132, 6.744]","(6.299, 7.003]","(3.2350000000000003, 6.567]","(3.2350000000000003, 7.003]",*
6.530857667156667,"(6.003, 6.567]","(6.132, 6.744]","(6.299, 7.003]","(3.2350000000000003, 6.567]","(3.2350000000000003, 7.003]",*
6.531334847045868,"(6.003, 6.567]","(6.132, 6.744]","(6.299, 7.003]","(3.2350000000000003, 6.567]","(3.2350000000000003, 7.003]",*
6.532431958014304,"(6.003, 6.567]","(6.132, 6.744]","(6.299, 7.003]","(3.2350000000000003, 6.567]","(3.2350000000000003, 7.003]",*
6.53376476946341,"(6.003, 6.567]","(6.132, 6.744]","(6.299, 7.003]","(3.2350000000000003, 6.567]","(3.2350000000000003, 7.003]",*
6.5346092064314965,"(6.003, 6.567]","(6.132, 6.744]","(6.299, 7.003]","(3.2350000000000003, 6.567]","(3.2350000000000003, 7.003]",*
6.53495952378068,"(6.003, 6.567]","(6.132, 6.744]","(6.299, 7.003]","(3.2350000000000003, 6.567]","(3.2350000000000003, 7.003]",*
6.535796372634481,"(6.003, 6.567]","(6.132, 6.744]","(6.299, 7.003]","(3.2350000000000003, 6.567]","(3.2350000000000003, 7.003]",*
6.537351507734692,"(6.003, 6.567]","(6.132, 6.744]","(6.299, 7.003]","(3.2350000000000003, 6.567]","(3.2350000000000003, 7.003]",*
6.538110935097446,"(6.003, 6.567]","(6.132, 6.744]","(6.299, 7.003]","(3.2350000000000003, 6.567]","(3.2350000000000003, 7.003]",*
6.53880246660608,"(6.003, 6.567]","(6.132, 6.744]","(6.299, 7.003]","(3.2350000000000003, 6.567]","(3.2350000000000003, 7.003]",*
6.539010241313792,"(6.003, 6.567]","(6.132, 6.744]","(6.299, 7.003]","(3.2350000000000003, 6.567]","(3.2350000000000003, 7.003]",*
6.539577203425665,"(6.003, 6.567]","(6.132, 6.744]","(6.299, 7.003]","(3.2350000000000003, 6.567]","(3.2350000000000003, 7.003]",*
6.5396032688110495,"(6.003, 6.567]","(6.132, 6.744]","(6.299, 7.003]","(3.2350000000000003, 6.567]","(3.2350000000000003, 7.003]",*
6.539985895357233,"(6.003, 6.567]","(6.132, 6.744]","(6.299, 7.003]","(3.2350000000000003, 6.567]","(3.2350000000000003, 7.003]",*
6.540484450970308,"(6.003, 6.567]","(6.132, 6.744]","(6.299, 7.003]","(3.2350000000000003, 6.567]","(3.2350000000000003, 7.003]",*
6.541375695388242,"(6.003, 6.567]","(6.132, 6.744]","(6.299, 7.003]","(3.2350000000000003, 6.567]","(3.2350000000000003, 7.003]",*
6.541849058461793,"(6.003, 6.567]","(6.132, 6.744]","(6.299, 7.003]","(3.2350000000000003, 6.567]","(3.2350000000000003, 7.003]",*
6.542597958293087,"(6.003, 6.567]","(6.132, 6.744]","(6.299, 7.003]","(3.2350000000000003, 6.567]","(3.2350000000000003, 7.003]",*
6.5426818257989146,"(6.003, 6.567]","(6.132, 6.744]","(6.299, 7.003]","(3.2350000000000003, 6.567]","(3.2350000000000003, 7.003]",*
6.543319113016175,"(6.003, 6.567]","(6.132, 6.744]","(6.299, 7.003]","(3.2350000000000003, 6.567]","(3.2350000000000003, 7.003]",*
6.543412680549188,"(6.003, 6.567]","(6.132, 6.744]","(6.299, 7.003]","(3.2350000000000003, 6.567]","(3.2350000000000003, 7.003]",*
6.5435423601471525,"(6.003, 6.567]","(6.132, 6.744]","(6.299, 7.003]","(3.2350000000000003, 6.567]","(3.2350000000000003, 7.003]",*
6.544099248729102,"(6.003, 6.567]","(6.132, 6.744]","(6.299, 7.003]","(3.2350000000000003, 6.567]","(3.2350000000000003, 7.003]",*
6.544602745549951,"(6.003, 6.567]","(6.132, 6.744]","(6.299, 7.003]","(3.2350000000000003, 6.567]","(3.2350000000000003, 7.003]",*
6.544756878263744,"(6.003, 6.567]","(6.132, 6.744]","(6.299, 7.003]","(3.2350000000000003, 6.567]","(3.2350000000000003, 7.003]",*
6.544807809082777,"(6.003, 6.567]","(6.132, 6.744]","(6.299, 7.003]","(3.2350000000000003, 6.567]","(3.2350000000000003, 7.003]",*
6.544943902064798,"(6.003, 6.567]","(6.132, 6.744]","(6.299, 7.003]","(3.2350000000000003, 6.567]","(3.2350000000000003, 7.003]",*
6.545256912380304,"(6.003, 6.567]","(6.132, 6.744]","(6.299, 7.003]","(3.2350000000000003, 6.567]","(3.2350000000000003, 7.003]",*
6.546822456456036,"(6.003, 6.567]","(6.132, 6.744]","(6.299, 7.003]","(3.2350000000000003, 6.567]","(3.2350000000000003, 7.003]",*
6.547357281871192,"(6.003, 6.567]","(6.132, 6.744]","(6.299, 7.003]","(3.2350000000000003, 6.567]","(3.2350000000000003, 7.003]",*
6.54899778907154,"(6.003, 6.567]","(6.132, 6.744]","(6.299, 7.003]","(3.2350000000000003, 6.567]","(3.2350000000000003, 7.003]",*
6.549836017420472,"(6.003, 6.567]","(6.132, 6.744]","(6.299, 7.003]","(3.2350000000000003, 6.567]","(3.2350000000000003, 7.003]",*
6.550321993313802,"(6.003, 6.567]","(6.132, 6.744]","(6.299, 7.003]","(3.2350000000000003, 6.567]","(3.2350000000000003, 7.003]",*
6.553915870274945,"(6.003, 6.567]","(6.132, 6.744]","(6.299, 7.003]","(3.2350000000000003, 6.567]","(3.2350000000000003, 7.003]",*
6.556382368550046,"(6.003, 6.567]","(6.132, 6.744]","(6.299, 7.003]","(3.2350000000000003, 6.567]","(3.2350000000000003, 7.003]",*
6.5566203086479335,"(6.003, 6.567]","(6.132, 6.744]","(6.299, 7.003]","(3.2350000000000003, 6.567]","(3.2350000000000003, 7.003]",*
6.557256314688049,"(6.003, 6.567]","(6.132, 6.744]","(6.299, 7.003]","(3.2350000000000003, 6.567]","(3.2350000000000003, 7.003]",*
6.557792533237128,"(6.003, 6.567]","(6.132, 6.744]","(6.299, 7.003]","(3.2350000000000003, 6.567]","(3.2350000000000003, 7.003]",*
6.558826706400862,"(6.003, 6.567]","(6.132, 6.744]","(6.299, 7.003]","(3.2350000000000003, 6.567]","(3.2350000000000003, 7.003]",*
6.559514912661385,"(6.003, 6.567]","(6.132, 6.744]","(6.299, 7.003]","(3.2350000000000003, 6.567]","(3.2350000000000003, 7.003]",*
6.559628742317214,"(6.003, 6.567]","(6.132, 6.744]","(6.299, 7.003]","(3.2350000000000003, 6.567]","(3.2350000000000003, 7.003]",*
6.560410110574957,"(6.003, 6.567]","(6.132, 6.744]","(6.299, 7.003]","(3.2350000000000003, 6.567]","(3.2350000000000003, 7.003]",*
6.5612042769579455,"(6.003, 6.567]","(6.132, 6.744]","(6.299, 7.003]","(3.2350000000000003, 6.567]","(3.2350000000000003, 7.003]",*
6.561220473951403,"(6.003, 6.567]","(6.132, 6.744]","(6.299, 7.003]","(3.2350000000000003, 6.567]","(3.2350000000000003, 7.003]",*
6.561406388456992,"(6.003, 6.567]","(6.132, 6.744]","(6.299, 7.003]","(3.2350000000000003, 6.567]","(3.2350000000000003, 7.003]",*
6.561520216102696,"(6.003, 6.567]","(6.132, 6.744]","(6.299, 7.003]","(3.2350000000000003, 6.567]","(3.2350000000000003, 7.003]",*
6.5618049318260985,"(6.003, 6.567]","(6.132, 6.744]","(6.299, 7.003]","(3.2350000000000003, 6.567]","(3.2350000000000003, 7.003]",*
6.5619588106677424,"(6.003, 6.567]","(6.132, 6.744]","(6.299, 7.003]","(3.2350000000000003, 6.567]","(3.2350000000000003, 7.003]",*
6.563053294681572,"(6.003, 6.567]","(6.132, 6.744]","(6.299, 7.003]","(3.2350000000000003, 6.567]","(3.2350000000000003, 7.003]",*
6.5633023384234574,"(6.003, 6.567]","(6.132, 6.744]","(6.299, 7.003]","(3.2350000000000003, 6.567]","(3.2350000000000003, 7.003]",*
6.563428007872928,"(6.003, 6.567]","(6.132, 6.744]","(6.299, 7.003]","(3.2350000000000003, 6.567]","(3.2350000000000003, 7.003]",*
6.5640275813209366,"(6.003, 6.567]","(6.132, 6.744]","(6.299, 7.003]","(3.2350000000000003, 6.567]","(3.2350000000000003, 7.003]",*
6.56442299846271,"(6.003, 6.567]","(6.132, 6.744]","(6.299, 7.003]","(3.2350000000000003, 6.567]","(3.2350000000000003, 7.003]",*
6.564612633828085,"(6.003, 6.567]","(6.132, 6.744]","(6.299, 7.003]","(3.2350000000000003, 6.567]","(3.2350000000000003, 7.003]",*
6.564980961717449,"(6.003, 6.567]","(6.132, 6.744]","(6.299, 7.003]","(3.2350000000000003, 6.567]","(3.2350000000000003, 7.003]",*
6.565375468270732,"(6.003, 6.567]","(6.132, 6.744]","(6.299, 7.003]","(3.2350000000000003, 6.567]","(3.2350000000000003, 7.003]",*
6.566175292607293,"(6.003, 6.567]","(6.132, 6.744]","(6.299, 7.003]","(3.2350000000000003, 6.567]","(3.2350000000000003, 7.003]",*
6.566399295582112,"(6.003, 6.567]","(6.132, 6.744]","(6.299, 7.003]","(3.2350000000000003, 6.567]","(3.2350000000000003, 7.003]",*
6.568208037177486,"(6.567, 7.003]","(6.132, 6.744]","(6.299, 7.003]","(6.567, 7.425]","(3.2350000000000003, 7.003]",*
6.5683659282107865,"(6.567, 7.003]","(6.132, 6.744]","(6.299, 7.003]","(6.567, 7.425]","(3.2350000000000003, 7.003]",*
6.568940230532437,"(6.567, 7.003]","(6.132, 6.744]","(6.299, 7.003]","(6.567, 7.425]","(3.2350000000000003, 7.003]",*
6.5697320337563045,"(6.567, 7.003]","(6.132, 6.744]","(6.299, 7.003]","(6.567, 7.425]","(3.2350000000000003, 7.003]",*
6.570454840922631,"(6.567, 7.003]","(6.132, 6.744]","(6.299, 7.003]","(6.567, 7.425]","(3.2350000000000003, 7.003]",*
6.570481346688168,"(6.567, 7.003]","(6.132, 6.744]","(6.299, 7.003]","(6.567, 7.425]","(3.2350000000000003, 7.003]",*
6.57105655753587,"(6.567, 7.003]","(6.132, 6.744]","(6.299, 7.003]","(6.567, 7.425]","(3.2350000000000003, 7.003]",*
6.571301756499229,"(6.567, 7.003]","(6.132, 6.744]","(6.299, 7.003]","(6.567, 7.425]","(3.2350000000000003, 7.003]",*
6.571655417416222,"(6.567, 7.003]","(6.132, 6.744]","(6.299, 7.003]","(6.567, 7.425]","(3.2350000000000003, 7.003]",*
6.571698344385736,"(6.567, 7.003]","(6.132, 6.744]","(6.299, 7.003]","(6.567, 7.425]","(3.2350000000000003, 7.003]",*
6.5723676986902335,"(6.567, 7.003]","(6.132, 6.744]","(6.299, 7.003]","(6.567, 7.425]","(3.2350000000000003, 7.003]",*
6.572702262644927,"(6.567, 7.003]","(6.132, 6.744]","(6.299, 7.003]","(6.567, 7.425]","(3.2350000000000003, 7.003]",*
6.572988175331804,"(6.567, 7.003]","(6.132, 6.744]","(6.299, 7.003]","(6.567, 7.425]","(3.2350000000000003, 7.003]",*
6.573618400457013,"(6.567, 7.003]","(6.132, 6.744]","(6.299, 7.003]","(6.567, 7.425]","(3.2350000000000003, 7.003]",*
6.573968615475571,"(6.567, 7.003]","(6.132, 6.744]","(6.299, 7.003]","(6.567, 7.425]","(3.2350000000000003, 7.003]",*
6.574065780115001,"(6.567, 7.003]","(6.132, 6.744]","(6.299, 7.003]","(6.567, 7.425]","(3.2350000000000003, 7.003]",*
6.5744811354163,"(6.567, 7.003]","(6.132, 6.744]","(6.299, 7.003]","(6.567, 7.425]","(3.2350000000000003, 7.003]",*
6.575241013140516,"(6.567, 7.003]","(6.132, 6.744]","(6.299, 7.003]","(6.567, 7.425]","(3.2350000000000003, 7.003]",*
6.576762660738709,"(6.567, 7.003]","(6.132, 6.744]","(6.299, 7.003]","(6.567, 7.425]","(3.2350000000000003, 7.003]",*
6.57716039229095,"(6.567, 7.003]","(6.132, 6.744]","(6.299, 7.003]","(6.567, 7.425]","(3.2350000000000003, 7.003]",*
6.578204659760172,"(6.567, 7.003]","(6.132, 6.744]","(6.299, 7.003]","(6.567, 7.425]","(3.2350000000000003, 7.003]",*
6.578352073763631,"(6.567, 7.003]","(6.132, 6.744]","(6.299, 7.003]","(6.567, 7.425]","(3.2350000000000003, 7.003]",*
6.578461831284297,"(6.567, 7.003]","(6.132, 6.744]","(6.299, 7.003]","(6.567, 7.425]","(3.2350000000000003, 7.003]",*
6.579368086613844,"(6.567, 7.003]","(6.132, 6.744]","(6.299, 7.003]","(6.567, 7.425]","(3.2350000000000003, 7.003]",*
6.580437420892053,"(6.567, 7.003]","(6.132, 6.744]","(6.299, 7.003]","(6.567, 7.425]","(3.2350000000000003, 7.003]",*
6.581800006871263,"(6.567, 7.003]","(6.132, 6.744]","(6.299, 7.003]","(6.567, 7.425]","(3.2350000000000003, 7.003]",*
6.581868522510835,"(6.567, 7.003]","(6.132, 6.744]","(6.299, 7.003]","(6.567, 7.425]","(3.2350000000000003, 7.003]",*
6.582998318188754,"(6.567, 7.003]","(6.132, 6.744]","(6.299, 7.003]","(6.567, 7.425]","(3.2350000000000003, 7.003]",*
6.583251654411813,"(6.567, 7.003]","(6.132, 6.744]","(6.299, 7.003]","(6.567, 7.425]","(3.2350000000000003, 7.003]",*
6.583689352703053,"(6.567, 7.003]","(6.132, 6.744]","(6.299, 7.003]","(6.567, 7.425]","(3.2350000000000003, 7.003]",*
6.583805320390872,"(6.567, 7.003]","(6.132, 6.744]","(6.299, 7.003]","(6.567, 7.425]","(3.2350000000000003, 7.003]",*
6.583977639276371,"(6.567, 7.003]","(6.132, 6.744]","(6.299, 7.003]","(6.567, 7.425]","(3.2350000000000003, 7.003]",*
6.584016965521571,"(6.567, 7.003]","(6.132, 6.744]","(6.299, 7.003]","(6.567, 7.425]","(3.2350000000000003, 7.003]",*
6.584406172359634,"(6.567, 7.003]","(6.132, 6.744]","(6.299, 7.003]","(6.567, 7.425]","(3.2350000000000003, 7.003]",*
6.584651802552838,"(6.567, 7.003]","(6.132, 6.744]","(6.299, 7.003]","(6.567, 7.425]","(3.2350000000000003, 7.003]",*
6.585168099864808,"(6.567, 7.003]","(6.132, 6.744]","(6.299, 7.003]","(6.567, 7.425]","(3.2350000000000003, 7.003]",*
6.58628583382108,"(6.567, 7.003]","(6.132, 6.744]","(6.299, 7.003]","(6.567, 7.425]","(3.2350000000000003, 7.003]",*
6.586336777691384,"(6.567, 7.003]","(6.132, 6.744]","(6.299, 7.003]","(6.567, 7.425]","(3.2350000000000003, 7.003]",*
6.5865961882733215,"(6.567, 7.003]","(6.132, 6.744]","(6.299, 7.003]","(6.567, 7.425]","(3.2350000000000003, 7.003]",*
6.586904028286057,"(6.567, 7.003]","(6.132, 6.744]","(6.299, 7.003]","(6.567, 7.425]","(3.2350000000000003, 7.003]",*
6.587236567537715,"(6.567, 7.003]","(6.132, 6.744]","(6.299, 7.003]","(6.567, 7.425]","(3.2350000000000003, 7.003]",*
6.587956937193755,"(6.567, 7.003]","(6.132, 6.744]","(6.299, 7.003]","(6.567, 7.425]","(3.2350000000000003, 7.003]",*
6.5879758583759545,"(6.567, 7.003]","(6.132, 6.744]","(6.299, 7.003]","(6.567, 7.425]","(3.2350000000000003, 7.003]",*
6.589027969728822,"(6.567, 7.003]","(6.132, 6.744]","(6.299, 7.003]","(6.567, 7.425]","(3.2350000000000003, 7.003]",*
6.590035299822639,"(6.567, 7.003]","(6.132, 6.744]","(6.299, 7.003]","(6.567, 7.425]","(3.2350000000000003, 7.003]",*
6.590286607042429,"(6.567, 7.003]","(6.132, 6.744]","(6.299, 7.003]","(6.567, 7.425]","(3.2350000000000003, 7.003]",*
6.592001516517363,"(6.567, 7.003]","(6.132, 6.744]","(6.299, 7.003]","(6.567, 7.425]","(3.2350000000000003, 7.003]",*
6.592119905592482,"(6.567, 7.003]","(6.132, 6.744]","(6.299, 7.003]","(6.567, 7.425]","(3.2350000000000003, 7.003]",*
6.592765037447954,"(6.567, 7.003]","(6.132, 6.744]","(6.299, 7.003]","(6.567, 7.425]","(3.2350000000000003, 7.003]",*
6.593045603910363,"(6.567, 7.003]","(6.132, 6.744]","(6.299, 7.003]","(6.567, 7.425]","(3.2350000000000003, 7.003]",*
6.593137996981953,"(6.567, 7.003]","(6.132, 6.744]","(6.299, 7.003]","(6.567, 7.425]","(3.2350000000000003, 7.003]",*
6.594555342895853,"(6.567, 7.003]","(6.132, 6.744]","(6.299, 7.003]","(6.567, 7.425]","(3.2350000000000003, 7.003]",*
6.594592279140103,"(6.567, 7.003]","(6.132, 6.744]","(6.299, 7.003]","(6.567, 7.425]","(3.2350000000000003, 7.003]",*
6.595070393490355,"(6.567, 7.003]","(6.132, 6.744]","(6.299, 7.003]","(6.567, 7.425]","(3.2350000000000003, 7.003]",*
6.5956826794741445,"(6.567, 7.003]","(6.132, 6.744]","(6.299, 7.003]","(6.567, 7.425]","(3.2350000000000003, 7.003]",*
6.595789570311537,"(6.567, 7.003]","(6.132, 6.744]","(6.299, 7.003]","(6.567, 7.425]","(3.2350000000000003, 7.003]",*
6.596278185128997,"(6.567, 7.003]","(6.132, 6.744]","(6.299, 7.003]","(6.567, 7.425]","(3.2350000000000003, 7.003]",*
6.596280172516947,"(6.567, 7.003]","(6.132, 6.744]","(6.299, 7.003]","(6.567, 7.425]","(3.2350000000000003, 7.003]",*
6.5963542255140135,"(6.567, 7.003]","(6.132, 6.744]","(6.299, 7.003]","(6.567, 7.425]","(3.2350000000000003, 7.003]",*
6.596694769773221,"(6.567, 7.003]","(6.132, 6.744]","(6.299, 7.003]","(6.567, 7.425]","(3.2350000000000003, 7.003]",*
6.596973061190948,"(6.567, 7.003]","(6.132, 6.744]","(6.299, 7.003]","(6.567, 7.425]","(3.2350000000000003, 7.003]",*
6.597951014284033,"(6.567, 7.003]","(6.132, 6.744]","(6.299, 7.003]","(6.567, 7.425]","(3.2350000000000003, 7.003]",*
6.597994260437804,"(6.567, 7.003]","(6.132, 6.744]","(6.299, 7.003]","(6.567, 7.425]","(3.2350000000000003, 7.003]",*
6.5987932115123975,"(6.567, 7.003]","(6.132, 6.744]","(6.299, 7.003]","(6.567, 7.425]","(3.2350000000000003, 7.003]",*
6.599607811111122,"(6.567, 7.003]","(6.132, 6.744]","(6.299, 7.003]","(6.567, 7.425]","(3.2350000000000003, 7.003]",*
6.599789183606883,"(6.567, 7.003]","(6.132, 6.744]","(6.299, 7.003]","(6.567, 7.425]","(3.2350000000000003, 7.003]",*
6.600037145455321,"(6.567, 7.003]","(6.132, 6.744]","(6.299, 7.003]","(6.567, 7.425]","(3.2350000000000003, 7.003]",*
6.600358349948876,"(6.567, 7.003]","(6.132, 6.744]","(6.299, 7.003]","(6.567, 7.425]","(3.2350000000000003, 7.003]",*
6.600855739232923,"(6.567, 7.003]","(6.132, 6.744]","(6.299, 7.003]","(6.567, 7.425]","(3.2350000000000003, 7.003]",*
6.602190803515652,"(6.567, 7.003]","(6.132, 6.744]","(6.299, 7.003]","(6.567, 7.425]","(3.2350000000000003, 7.003]",*
6.6025603067892185,"(6.567, 7.003]","(6.132, 6.744]","(6.299, 7.003]","(6.567, 7.425]","(3.2350000000000003, 7.003]",*
6.602617894923588,"(6.567, 7.003]","(6.132, 6.744]","(6.299, 7.003]","(6.567, 7.425]","(3.2350000000000003, 7.003]",*
6.604115957731763,"(6.567, 7.003]","(6.132, 6.744]","(6.299, 7.003]","(6.567, 7.425]","(3.2350000000000003, 7.003]",*
6.604334981186942,"(6.567, 7.003]","(6.132, 6.744]","(6.299, 7.003]","(6.567, 7.425]","(3.2350000000000003, 7.003]",*
6.6048151262472174,"(6.567, 7.003]","(6.132, 6.744]","(6.299, 7.003]","(6.567, 7.425]","(3.2350000000000003, 7.003]",*
6.606163704752446,"(6.567, 7.003]","(6.132, 6.744]","(6.299, 7.003]","(6.567, 7.425]","(3.2350000000000003, 7.003]",*
6.60660231703992,"(6.567, 7.003]","(6.132, 6.744]","(6.299, 7.003]","(6.567, 7.425]","(3.2350000000000003, 7.003]",*
6.606743696723634,"(6.567, 7.003]","(6.132, 6.744]","(6.299, 7.003]","(6.567, 7.425]","(3.2350000000000003, 7.003]",*
6.606794650086996,"(6.567, 7.003]","(6.132, 6.744]","(6.299, 7.003]","(6.567, 7.425]","(3.2350000000000003, 7.003]",*
6.609395870598622,"(6.567, 7.003]","(6.132, 6.744]","(6.299, 7.003]","(6.567, 7.425]","(3.2350000000000003, 7.003]",*
6.609567160575218,"(6.567, 7.003]","(6.132, 6.744]","(6.299, 7.003]","(6.567, 7.425]","(3.2350000000000003, 7.003]",*
6.609634038642337,"(6.567, 7.003]","(6.132, 6.744]","(6.299, 7.003]","(6.567, 7.425]","(3.2350000000000003, 7.003]",*
6.610356603110622,"(6.567, 7.003]","(6.132, 6.744]","(6.299, 7.003]","(6.567, 7.425]","(3.2350000000000003, 7.003]",*
6.6110960049951695,"(6.567, 7.003]","(6.132, 6.744]","(6.299, 7.003]","(6.567, 7.425]","(3.2350000000000003, 7.003]",*
6.611314225797697,"(6.567, 7.003]","(6.132, 6.744]","(6.299, 7.003]","(6.567, 7.425]","(3.2350000000000003, 7.003]",*
6.611755918447139,"(6.567, 7.003]","(6.132, 6.744]","(6.299, 7.003]","(6.567, 7.425]","(3.2350000000000003, 7.003]",*
6.611861144731852,"(6.567, 7.003]","(6.132, 6.744]","(6.299, 7.003]","(6.567, 7.425]","(3.2350000000000003, 7.003]",*
6.612386211213439,"(6.567, 7.003]","(6.132, 6.744]","(6.299, 7.003]","(6.567, 7.425]","(3.2350000000000003, 7.003]",*
6.6128303392464725,"(6.567, 7.003]","(6.132, 6.744]","(6.299, 7.003]","(6.567, 7.425]","(3.2350000000000003, 7.003]",*
6.613059311054469,"(6.567, 7.003]","(6.132, 6.744]","(6.299, 7.003]","(6.567, 7.425]","(3.2350000000000003, 7.003]",*
6.613654360951406,"(6.567, 7.003]","(6.132, 6.744]","(6.299, 7.003]","(6.567, 7.425]","(3.2350000000000003, 7.003]",*
6.61398258721109,"(6.567, 7.003]","(6.132, 6.744]","(6.299, 7.003]","(6.567, 7.425]","(3.2350000000000003, 7.003]",*
6.614175276384915,"(6.567, 7.003]","(6.132, 6.744]","(6.299, 7.003]","(6.567, 7.425]","(3.2350000000000003, 7.003]",*
6.614439023554394,"(6.567, 7.003]","(6.132, 6.744]","(6.299, 7.003]","(6.567, 7.425]","(3.2350000000000003, 7.003]",*
6.614453127576791,"(6.567, 7.003]","(6.132, 6.744]","(6.299, 7.003]","(6.567, 7.425]","(3.2350000000000003, 7.003]",*
6.614586413048412,"(6.567, 7.003]","(6.132, 6.744]","(6.299, 7.003]","(6.567, 7.425]","(3.2350000000000003, 7.003]",*
6.616011705964183,"(6.567, 7.003]","(6.132, 6.744]","(6.299, 7.003]","(6.567, 7.425]","(3.2350000000000003, 7.003]",*
6.616481147176106,"(6.567, 7.003]","(6.132, 6.744]","(6.299, 7.003]","(6.567, 7.425]","(3.2350000000000003, 7.003]",*
6.617986873886168,"(6.567, 7.003]","(6.132, 6.744]","(6.299, 7.003]","(6.567, 7.425]","(3.2350000000000003, 7.003]",*
6.618398932851826,"(6.567, 7.003]","(6.132, 6.744]","(6.299, 7.003]","(6.567, 7.425]","(3.2350000000000003, 7.003]",*
6.619484577189263,"(6.567, 7.003]","(6.132, 6.744]","(6.299, 7.003]","(6.567, 7.425]","(3.2350000000000003, 7.003]",*
6.620477995185026,"(6.567, 7.003]","(6.132, 6.744]","(6.299, 7.003]","(6.567, 7.425]","(3.2350000000000003, 7.003]",*
6.620743509318974,"(6.567, 7.003]","(6.132, 6.744]","(6.299, 7.003]","(6.567, 7.425]","(3.2350000000000003, 7.003]",*
6.621034629429056,"(6.567, 7.003]","(6.132, 6.744]","(6.299, 7.003]","(6.567, 7.425]","(3.2350000000000003, 7.003]",*
6.621723068108502,"(6.567, 7.003]","(6.132, 6.744]","(6.299, 7.003]","(6.567, 7.425]","(3.2350000000000003, 7.003]",*
6.622449677050568,"(6.567, 7.003]","(6.132, 6.744]","(6.299, 7.003]","(6.567, 7.425]","(3.2350000000000003, 7.003]",*
6.623775713977678,"(6.567, 7.003]","(6.132, 6.744]","(6.299, 7.003]","(6.567, 7.425]","(3.2350000000000003, 7.003]",*
6.624274600319363,"(6.567, 7.003]","(6.132, 6.744]","(6.299, 7.003]","(6.567, 7.425]","(3.2350000000000003, 7.003]",*
6.624951289232869,"(6.567, 7.003]","(6.132, 6.744]","(6.299, 7.003]","(6.567, 7.425]","(3.2350000000000003, 7.003]",*
6.627170811774268,"(6.567, 7.003]","(6.132, 6.744]","(6.299, 7.003]","(6.567, 7.425]","(3.2350000000000003, 7.003]",*
6.627339961595436,"(6.567, 7.003]","(6.132, 6.744]","(6.299, 7.003]","(6.567, 7.425]","(3.2350000000000003, 7.003]",*
6.627467480655795,"(6.567, 7.003]","(6.132, 6.744]","(6.299, 7.003]","(6.567, 7.425]","(3.2350000000000003, 7.003]",*
6.628645005131579,"(6.567, 7.003]","(6.132, 6.744]","(6.299, 7.003]","(6.567, 7.425]","(3.2350000000000003, 7.003]",*
6.628832232817272,"(6.567, 7.003]","(6.132, 6.744]","(6.299, 7.003]","(6.567, 7.425]","(3.2350000000000003, 7.003]",*
6.629233450463285,"(6.567, 7.003]","(6.132, 6.744]","(6.299, 7.003]","(6.567, 7.425]","(3.2350000000000003, 7.003]",*
6.629940741772738,"(6.567, 7.003]","(6.132, 6.744]","(6.299, 7.003]","(6.567, 7.425]","(3.2350000000000003, 7.003]",*
6.630831721315335,"(6.567, 7.003]","(6.132, 6.744]","(6.299, 7.003]","(6.567, 7.425]","(3.2350000000000003, 7.003]",*
6.6309090861014255,"(6.567, 7.003]","(6.132, 6.744]","(6.299, 7.003]","(6.567, 7.425]","(3.2350000000000003, 7.003]",*
6.632118775513332,"(6.567, 7.003]","(6.132, 6.744]","(6.299, 7.003]","(6.567, 7.425]","(3.2350000000000003, 7.003]",*
6.633598721089975,"(6.567, 7.003]","(6.132, 6.744]","(6.299, 7.003]","(6.567, 7.425]","(3.2350000000000003, 7.003]",*
6.633718839172094,"(6.567, 7.003]","(6.132, 6.744]","(6.299, 7.003]","(6.567, 7.425]","(3.2350000000000003, 7.003]",*
6.633757594605541,"(6.567, 7.003]","(6.132, 6.744]","(6.299, 7.003]","(6.567, 7.425]","(3.2350000000000003, 7.003]",*
6.633944573755247,"(6.567, 7.003]","(6.132, 6.744]","(6.299, 7.003]","(6.567, 7.425]","(3.2350000000000003, 7.003]",*
6.634890166969014,"(6.567, 7.003]","(6.132, 6.744]","(6.299, 7.003]","(6.567, 7.425]","(3.2350000000000003, 7.003]",*
6.634954065509124,"(6.567, 7.003]","(6.132, 6.744]","(6.299, 7.003]","(6.567, 7.425]","(3.2350000000000003, 7.003]",*
6.63543390955736,"(6.567, 7.003]","(6.132, 6.744]","(6.299, 7.003]","(6.567, 7.425]","(3.2350000000000003, 7.003]",*
6.637068548508808,"(6.567, 7.003]","(6.132, 6.744]","(6.299, 7.003]","(6.567, 7.425]","(3.2350000000000003, 7.003]",*
6.637287947649084,"(6.567, 7.003]","(6.132, 6.744]","(6.299, 7.003]","(6.567, 7.425]","(3.2350000000000003, 7.003]",*
6.637464725167817,"(6.567, 7.003]","(6.132, 6.744]","(6.299, 7.003]","(6.567, 7.425]","(3.2350000000000003, 7.003]",*
6.637597521151043,"(6.567, 7.003]","(6.132, 6.744]","(6.299, 7.003]","(6.567, 7.425]","(3.2350000000000003, 7.003]",*
6.638223174280013,"(6.567, 7.003]","(6.132, 6.744]","(6.299, 7.003]","(6.567, 7.425]","(3.2350000000000003, 7.003]",*
6.640032003754,"(6.567, 7.003]","(6.132, 6.744]","(6.299, 7.003]","(6.567, 7.425]","(3.2350000000000003, 7.003]",*
6.641016365738827,"(6.567, 7.003]","(6.132, 6.744]","(6.299, 7.003]","(6.567, 7.425]","(3.2350000000000003, 7.003]",*
6.6411086640052535,"(6.567, 7.003]","(6.132, 6.744]","(6.299, 7.003]","(6.567, 7.425]","(3.2350000000000003, 7.003]",*
6.641306833913999,"(6.567, 7.003]","(6.132, 6.744]","(6.299, 7.003]","(6.567, 7.425]","(3.2350000000000003, 7.003]",*
6.641954184538063,"(6.567, 7.003]","(6.132, 6.744]","(6.299, 7.003]","(6.567, 7.425]","(3.2350000000000003, 7.003]",*
6.642123242190246,"(6.567, 7.003]","(6.132, 6.744]","(6.299, 7.003]","(6.567, 7.425]","(3.2350000000000003, 7.003]",*
6.64355199951177,"(6.567, 7.003]","(6.132, 6.744]","(6.299, 7.003]","(6.567, 7.425]","(3.2350000000000003, 7.003]",*
6.6439983565005365,"(6.567, 7.003]","(6.132, 6.744]","(6.299, 7.003]","(6.567, 7.425]","(3.2350000000000003, 7.003]",*
6.644853063797758,"(6.567, 7.003]","(6.132, 6.744]","(6.299, 7.003]","(6.567, 7.425]","(3.2350000000000003, 7.003]",*
6.644906899986472,"(6.567, 7.003]","(6.132, 6.744]","(6.299, 7.003]","(6.567, 7.425]","(3.2350000000000003, 7.003]",*
6.645191276326728,"(6.567, 7.003]","(6.132, 6.744]","(6.299, 7.003]","(6.567, 7.425]","(3.2350000000000003, 7.003]",*
6.645553737474673,"(6.567, 7.003]","(6.132, 6.744]","(6.299, 7.003]","(6.567, 7.425]","(3.2350000000000003, 7.003]",*
6.645741991377003,"(6.567, 7.003]","(6.132, 6.744]","(6.299, 7.003]","(6.567, 7.425]","(3.2350000000000003, 7.003]",*
6.647662430667879,"(6.567, 7.003]","(6.132, 6.744]","(6.299, 7.003]","(6.567, 7.425]","(3.2350000000000003, 7.003]",*
6.649447661086227,"(6.567, 7.003]","(6.132, 6.744]","(6.299, 7.003]","(6.567, 7.425]","(3.2350000000000003, 7.003]",*
6.64961024254292,"(6.567, 7.003]","(6.132, 6.744]","(6.299, 7.003]","(6.567, 7.425]","(3.2350000000000003, 7.003]",*
6.6496838733464365,"(6.567, 7.003]","(6.132, 6.744]","(6.299, 7.003]","(6.567, 7.425]","(3.2350000000000003, 7.003]",*
6.650298879516512,"(6.567, 7.003]","(6.132, 6.744]","(6.299, 7.003]","(6.567, 7.425]","(3.2350000000000003, 7.003]",*
6.650462094583932,"(6.567, 7.003]","(6.132, 6.744]","(6.299, 7.003]","(6.567, 7.425]","(3.2350000000000003, 7.003]",*
6.650801680544096,"(6.567, 7.003]","(6.132, 6.744]","(6.299, 7.003]","(6.567, 7.425]","(3.2350000000000003, 7.003]",*
6.6509045285987805,"(6.567, 7.003]","(6.132, 6.744]","(6.299, 7.003]","(6.567, 7.425]","(3.2350000000000003, 7.003]",*
6.650922645419028,"(6.567, 7.003]","(6.132, 6.744]","(6.299, 7.003]","(6.567, 7.425]","(3.2350000000000003, 7.003]",*
6.652221249888001,"(6.567, 7.003]","(6.132, 6.744]","(6.299, 7.003]","(6.567, 7.425]","(3.2350000000000003, 7.003]",*
6.652975580546206,"(6.567, 7.003]","(6.132, 6.744]","(6.299, 7.003]","(6.567, 7.425]","(3.2350000000000003, 7.003]",*
6.652983441690682,"(6.567, 7.003]","(6.132, 6.744]","(6.299, 7.003]","(6.567, 7.425]","(3.2350000000000003, 7.003]",*
6.653459081153032,"(6.567, 7.003]","(6.132, 6.744]","(6.299, 7.003]","(6.567, 7.425]","(3.2350000000000003, 7.003]",*
6.654807338434372,"(6.567, 7.003]","(6.132, 6.744]","(6.299, 7.003]","(6.567, 7.425]","(3.2350000000000003, 7.003]",*
6.654884952166821,"(6.567, 7.003]","(6.132, 6.744]","(6.299, 7.003]","(6.567, 7.425]","(3.2350000000000003, 7.003]",*
6.654995284689099,"(6.567, 7.003]","(6.132, 6.744]","(6.299, 7.003]","(6.567, 7.425]","(3.2350000000000003, 7.003]",*
6.6557628101454815,"(6.567, 7.003]","(6.132, 6.744]","(6.299, 7.003]","(6.567, 7.425]","(3.2350000000000003, 7.003]",*
6.6563876056281925,"(6.567, 7.003]","(6.132, 6.744]","(6.299, 7.003]","(6.567, 7.425]","(3.2350000000000003, 7.003]",*
6.657391847052313,"(6.567, 7.003]","(6.132, 6.744]","(6.299, 7.003]","(6.567, 7.425]","(3.2350000000000003, 7.003]",*
6.657811047407437,"(6.567, 7.003]","(6.132, 6.744]","(6.299, 7.003]","(6.567, 7.425]","(3.2350000000000003, 7.003]",*
6.657964504804751,"(6.567, 7.003]","(6.132, 6.744]","(6.299, 7.003]","(6.567, 7.425]","(3.2350000000000003, 7.003]",*
6.658163483362854,"(6.567, 7.003]","(6.132, 6.744]","(6.299, 7.003]","(6.567, 7.425]","(3.2350000000000003, 7.003]",*
6.658310365614533,"(6.567, 7.003]","(6.132, 6.744]","(6.299, 7.003]","(6.567, 7.425]","(3.2350000000000003, 7.003]",*
6.660050611288535,"(6.567, 7.003]","(6.132, 6.744]","(6.299, 7.003]","(6.567, 7.425]","(3.2350000000000003, 7.003]",*
6.66062627443622,"(6.567, 7.003]","(6.132, 6.744]","(6.299, 7.003]","(6.567, 7.425]","(3.2350000000000003, 7.003]",*
6.662371843841458,"(6.567, 7.003]","(6.132, 6.744]","(6.299, 7.003]","(6.567, 7.425]","(3.2350000000000003, 7.003]",*
6.6625667327280365,"(6.567, 7.003]","(6.132, 6.744]","(6.299, 7.003]","(6.567, 7.425]","(3.2350000000000003, 7.003]",*
6.663189148448045,"(6.567, 7.003]","(6.132, 6.744]","(6.299, 7.003]","(6.567, 7.425]","(3.2350000000000003, 7.003]",*
6.663904269358722,"(6.567, 7.003]","(6.132, 6.744]","(6.299, 7.003]","(6.567, 7.425]","(3.2350000000000003, 7.003]",*
6.665318115218209,"(6.567, 7.003]","(6.132, 6.744]","(6.299, 7.003]","(6.567, 7.425]","(3.2350000000000003, 7.003]",*
6.665863680240811,"(6.567, 7.003]","(6.132, 6.744]","(6.299, 7.003]","(6.567, 7.425]","(3.2350000000000003, 7.003]",*
6.666403435976808,"(6.567, 7.003]","(6.132, 6.744]","(6.299, 7.003]","(6.567, 7.425]","(3.2350000000000003, 7.003]",*
6.66712651436214,"(6.567, 7.003]","(6.132, 6.744]","(6.299, 7.003]","(6.567, 7.425]","(3.2350000000000003, 7.003]",*
6.6673655468721735,"(6.567, 7.003]","(6.132, 6.744]","(6.299, 7.003]","(6.567, 7.425]","(3.2350000000000003, 7.003]",*
6.667505249913938,"(6.567, 7.003]","(6.132, 6.744]","(6.299, 7.003]","(6.567, 7.425]","(3.2350000000000003, 7.003]",*
6.668790917339367,"(6.567, 7.003]","(6.132, 6.744]","(6.299, 7.003]","(6.567, 7.425]","(3.2350000000000003, 7.003]",*
6.668979774275282,"(6.567, 7.003]","(6.132, 6.744]","(6.299, 7.003]","(6.567, 7.425]","(3.2350000000000003, 7.003]",*
6.66929268645807,"(6.567, 7.003]","(6.132, 6.744]","(6.299, 7.003]","(6.567, 7.425]","(3.2350000000000003, 7.003]",*
6.6695317061935695,"(6.567, 7.003]","(6.132, 6.744]","(6.299, 7.003]","(6.567, 7.425]","(3.2350000000000003, 7.003]",*
6.669888411446438,"(6.567, 7.003]","(6.132, 6.744]","(6.299, 7.003]","(6.567, 7.425]","(3.2350000000000003, 7.003]",*
6.672181063209655,"(6.567, 7.003]","(6.132, 6.744]","(6.299, 7.003]","(6.567, 7.425]","(3.2350000000000003, 7.003]",*
6.672672495972417,"(6.567, 7.003]","(6.132, 6.744]","(6.299, 7.003]","(6.567, 7.425]","(3.2350000000000003, 7.003]",*
6.6731424629307,"(6.567, 7.003]","(6.132, 6.744]","(6.299, 7.003]","(6.567, 7.425]","(3.2350000000000003, 7.003]",*
6.673256383015117,"(6.567, 7.003]","(6.132, 6.744]","(6.299, 7.003]","(6.567, 7.425]","(3.2350000000000003, 7.003]",*
6.673699290545637,"(6.567, 7.003]","(6.132, 6.744]","(6.299, 7.003]","(6.567, 7.425]","(3.2350000000000003, 7.003]",*
6.674060503097558,"(6.567, 7.003]","(6.132, 6.744]","(6.299, 7.003]","(6.567, 7.425]","(3.2350000000000003, 7.003]",*
6.674787230711598,"(6.567, 7.003]","(6.132, 6.744]","(6.299, 7.003]","(6.567, 7.425]","(3.2350000000000003, 7.003]",*
6.675121347980612,"(6.567, 7.003]","(6.132, 6.744]","(6.299, 7.003]","(6.567, 7.425]","(3.2350000000000003, 7.003]",*
6.675861803947124,"(6.567, 7.003]","(6.132, 6.744]","(6.299, 7.003]","(6.567, 7.425]","(3.2350000000000003, 7.003]",*
6.675937267762167,"(6.567, 7.003]","(6.132, 6.744]","(6.299, 7.003]","(6.567, 7.425]","(3.2350000000000003, 7.003]",*
6.676265370468488,"(6.567, 7.003]","(6.132, 6.744]","(6.299, 7.003]","(6.567, 7.425]","(3.2350000000000003, 7.003]",*
6.677087284566492,"(6.567, 7.003]","(6.132, 6.744]","(6.299, 7.003]","(6.567, 7.425]","(3.2350000000000003, 7.003]",*
6.6773375735060805,"(6.567, 7.003]","(6.132, 6.744]","(6.299, 7.003]","(6.567, 7.425]","(3.2350000000000003, 7.003]",*
6.6778056866777415,"(6.567, 7.003]","(6.132, 6.744]","(6.299, 7.003]","(6.567, 7.425]","(3.2350000000000003, 7.003]",*
6.678357596688794,"(6.567, 7.003]","(6.132, 6.744]","(6.299, 7.003]","(6.567, 7.425]","(3.2350000000000003, 7.003]",*
6.678787573163374,"(6.567, 7.003]","(6.132, 6.744]","(6.299, 7.003]","(6.567, 7.425]","(3.2350000000000003, 7.003]",*
6.679597942570672,"(6.567, 7.003]","(6.132, 6.744]","(6.299, 7.003]","(6.567, 7.425]","(3.2350000000000003, 7.003]",*
6.680177582057032,"(6.567, 7.003]","(6.132, 6.744]","(6.299, 7.003]","(6.567, 7.425]","(3.2350000000000003, 7.003]",*
6.682487909329292,"(6.567, 7.003]","(6.132, 6.744]","(6.299, 7.003]","(6.567, 7.425]","(3.2350000000000003, 7.003]",*
6.682731041213862,"(6.567, 7.003]","(6.132, 6.744]","(6.299, 7.003]","(6.567, 7.425]","(3.2350000000000003, 7.003]",*
6.683281712070659,"(6.567, 7.003]","(6.132, 6.744]","(6.299, 7.003]","(6.567, 7.425]","(3.2350000000000003, 7.003]",*
6.68378841583479,"(6.567, 7.003]","(6.132, 6.744]","(6.299, 7.003]","(6.567, 7.425]","(3.2350000000000003, 7.003]",*
6.684680096027981,"(6.567, 7.003]","(6.132, 6.744]","(6.299, 7.003]","(6.567, 7.425]","(3.2350000000000003, 7.003]",*
6.6847791897096975,"(6.567, 7.003]","(6.132, 6.744]","(6.299, 7.003]","(6.567, 7.425]","(3.2350000000000003, 7.003]",*
6.685256705720952,"(6.567, 7.003]","(6.132, 6.744]","(6.299, 7.003]","(6.567, 7.425]","(3.2350000000000003, 7.003]",*
6.6864444726511705,"(6.567, 7.003]","(6.132, 6.744]","(6.299, 7.003]","(6.567, 7.425]","(3.2350000000000003, 7.003]",*
6.686686133004718,"(6.567, 7.003]","(6.132, 6.744]","(6.299, 7.003]","(6.567, 7.425]","(3.2350000000000003, 7.003]",*
6.68670947782624,"(6.567, 7.003]","(6.132, 6.744]","(6.299, 7.003]","(6.567, 7.425]","(3.2350000000000003, 7.003]",*
6.686834782848022,"(6.567, 7.003]","(6.132, 6.744]","(6.299, 7.003]","(6.567, 7.425]","(3.2350000000000003, 7.003]",*
6.687532107332668,"(6.567, 7.003]","(6.132, 6.744]","(6.299, 7.003]","(6.567, 7.425]","(3.2350000000000003, 7.003]",*
6.688230169654562,"(6.567, 7.003]","(6.132, 6.744]","(6.299, 7.003]","(6.567, 7.425]","(3.2350000000000003, 7.003]",*
6.688390329178051,"(6.567, 7.003]","(6.132, 6.744]","(6.299, 7.003]","(6.567, 7.425]","(3.2350000000000003, 7.003]",*
6.689730323555307,"(6.567, 7.003]","(6.132, 6.744]","(6.299, 7.003]","(6.567, 7.425]","(3.2350000000000003, 7.003]",*
6.689793898850267,"(6.567, 7.003]","(6.132, 6.744]","(6.299, 7.003]","(6.567, 7.425]","(3.2350000000000003, 7.003]",*
6.690171605687514,"(6.567, 7.003]","(6.132, 6.744]","(6.299, 7.003]","(6.567, 7.425]","(3.2350000000000003, 7.003]",*
6.690464211846678,"(6.567, 7.003]","(6.132, 6.744]","(6.299, 7.003]","(6.567, 7.425]","(3.2350000000000003, 7.003]",*
6.6907286204141565,"(6.567, 7.003]","(6.132, 6.744]","(6.299, 7.003]","(6.567, 7.425]","(3.2350000000000003, 7.003]",*
6.690874867550766,"(6.567, 7.003]","(6.132, 6.744]","(6.299, 7.003]","(6.567, 7.425]","(3.2350000000000003, 7.003]",*
6.690894898640917,"(6.567, 7.003]","(6.132, 6.744]","(6.299, 7.003]","(6.567, 7.425]","(3.2350000000000003, 7.003]",*
6.691996476242879,"(6.567, 7.003]","(6.132, 6.744]","(6.299, 7.003]","(6.567, 7.425]","(3.2350000000000003, 7.003]",*
6.69314941968516,"(6.567, 7.003]","(6.132, 6.744]","(6.299, 7.003]","(6.567, 7.425]","(3.2350000000000003, 7.003]",*
6.693434359372676,"(6.567, 7.003]","(6.132, 6.744]","(6.299, 7.003]","(6.567, 7.425]","(3.2350000000000003, 7.003]",*
6.693980073791421,"(6.567, 7.003]","(6.132, 6.744]","(6.299, 7.003]","(6.567, 7.425]","(3.2350000000000003, 7.003]",*
6.694419959778387,"(6.567, 7.003]","(6.132, 6.744]","(6.299, 7.003]","(6.567, 7.425]","(3.2350000000000003, 7.003]",*
6.694668418515635,"(6.567, 7.003]","(6.132, 6.744]","(6.299, 7.003]","(6.567, 7.425]","(3.2350000000000003, 7.003]",*
6.695281011217098,"(6.567, 7.003]","(6.132, 6.744]","(6.299, 7.003]","(6.567, 7.425]","(3.2350000000000003, 7.003]",*
6.696267302346031,"(6.567, 7.003]","(6.132, 6.744]","(6.299, 7.003]","(6.567, 7.425]","(3.2350000000000003, 7.003]",*
6.697002820967431,"(6.567, 7.003]","(6.132, 6.744]","(6.299, 7.003]","(6.567, 7.425]","(3.2350000000000003, 7.003]",*
6.697358009859321,"(6.567, 7.003]","(6.132, 6.744]","(6.299, 7.003]","(6.567, 7.425]","(3.2350000000000003, 7.003]",*
6.699021846652392,"(6.567, 7.003]","(6.132, 6.744]","(6.299, 7.003]","(6.567, 7.425]","(3.2350000000000003, 7.003]",*
6.69912266052316,"(6.567, 7.003]","(6.132, 6.744]","(6.299, 7.003]","(6.567, 7.425]","(3.2350000000000003, 7.003]",*
6.699206812546342,"(6.567, 7.003]","(6.132, 6.744]","(6.299, 7.003]","(6.567, 7.425]","(3.2350000000000003, 7.003]",*
6.699457258318473,"(6.567, 7.003]","(6.132, 6.744]","(6.299, 7.003]","(6.567, 7.425]","(3.2350000000000003, 7.003]",*
6.699729139599943,"(6.567, 7.003]","(6.132, 6.744]","(6.299, 7.003]","(6.567, 7.425]","(3.2350000000000003, 7.003]",*
6.6997523389221865,"(6.567, 7.003]","(6.132, 6.744]","(6.299, 7.003]","(6.567, 7.425]","(3.2350000000000003, 7.003]",*
6.69976851029951,"(6.567, 7.003]","(6.132, 6.744]","(6.299, 7.003]","(6.567, 7.425]","(3.2350000000000003, 7.003]",*
6.700035163890701,"(6.567, 7.003]","(6.132, 6.744]","(6.299, 7.003]","(6.567, 7.425]","(3.2350000000000003, 7.003]",*
6.700315713179893,"(6.567, 7.003]","(6.132, 6.744]","(6.299, 7.003]","(6.567, 7.425]","(3.2350000000000003, 7.003]",*
6.700456132639152,"(6.567, 7.003]","(6.132, 6.744]","(6.299, 7.003]","(6.567, 7.425]","(3.2350000000000003, 7.003]",*
6.70105938530292,"(6.567, 7.003]","(6.132, 6.744]","(6.299, 7.003]","(6.567, 7.425]","(3.2350000000000003, 7.003]",*
6.701059551896383,"(6.567, 7.003]","(6.132, 6.744]","(6.299, 7.003]","(6.567, 7.425]","(3.2350000000000003, 7.003]",*
6.701869130753765,"(6.567, 7.003]","(6.132, 6.744]","(6.299, 7.003]","(6.567, 7.425]","(3.2350000000000003, 7.003]",*
6.702128240095444,"(6.567, 7.003]","(6.132, 6.744]","(6.299, 7.003]","(6.567, 7.425]","(3.2350000000000003, 7.003]",*
6.702642874444977,"(6.567, 7.003]","(6.132, 6.744]","(6.299, 7.003]","(6.567, 7.425]","(3.2350000000000003, 7.003]",*
6.702655680753094,"(6.567, 7.003]","(6.132, 6.744]","(6.299, 7.003]","(6.567, 7.425]","(3.2350000000000003, 7.003]",*
6.703125019348723,"(6.567, 7.003]","(6.132, 6.744]","(6.299, 7.003]","(6.567, 7.425]","(3.2350000000000003, 7.003]",*
6.703754321060981,"(6.567, 7.003]","(6.132, 6.744]","(6.299, 7.003]","(6.567, 7.425]","(3.2350000000000003, 7.003]",*
6.703796071921438,"(6.567, 7.003]","(6.132, 6.744]","(6.299, 7.003]","(6.567, 7.425]","(3.2350000000000003, 7.003]",*
6.703917223272023,"(6.567, 7.003]","(6.132, 6.744]","(6.299, 7.003]","(6.567, 7.425]","(3.2350000000000003, 7.003]",*
6.704201604222819,"(6.567, 7.003]","(6.132, 6.744]","(6.299, 7.003]","(6.567, 7.425]","(3.2350000000000003, 7.003]",*
6.704845785045411,"(6.567, 7.003]","(6.132, 6.744]","(6.299, 7.003]","(6.567, 7.425]","(3.2350000000000003, 7.003]",*
6.704929106322013,"(6.567, 7.003]","(6.132, 6.744]","(6.299, 7.003]","(6.567, 7.425]","(3.2350000000000003, 7.003]",*
6.705513751924994,"(6.567, 7.003]","(6.132, 6.744]","(6.299, 7.003]","(6.567, 7.425]","(3.2350000000000003, 7.003]",*
6.7059446162237775,"(6.567, 7.003]","(6.132, 6.744]","(6.299, 7.003]","(6.567, 7.425]","(3.2350000000000003, 7.003]",*
6.70769183182496,"(6.567, 7.003]","(6.132, 6.744]","(6.299, 7.003]","(6.567, 7.425]","(3.2350000000000003, 7.003]",*
6.7079291801531085,"(6.567, 7.003]","(6.132, 6.744]","(6.299, 7.003]","(6.567, 7.425]","(3.2350000000000003, 7.003]",*
6.708181952474017,"(6.567, 7.003]","(6.132, 6.744]","(6.299, 7.003]","(6.567, 7.425]","(3.2350000000000003, 7.003]",*
6.708209554512074,"(6.567, 7.003]","(6.132, 6.744]","(6.299, 7.003]","(6.567, 7.425]","(3.2350000000000003, 7.003]",*
6.708809211828588,"(6.567, 7.003]","(6.132, 6.744]","(6.299, 7.003]","(6.567, 7.425]","(3.2350000000000003, 7.003]",*
6.7091527493829854,"(6.567, 7.003]","(6.132, 6.744]","(6.299, 7.003]","(6.567, 7.425]","(3.2350000000000003, 7.003]",*
6.710290607680122,"(6.567, 7.003]","(6.132, 6.744]","(6.299, 7.003]","(6.567, 7.425]","(3.2350000000000003, 7.003]",*
6.710463797195425,"(6.567, 7.003]","(6.132, 6.744]","(6.299, 7.003]","(6.567, 7.425]","(3.2350000000000003, 7.003]",*
6.711162806864492,"(6.567, 7.003]","(6.132, 6.744]","(6.299, 7.003]","(6.567, 7.425]","(3.2350000000000003, 7.003]",*
6.711383337467213,"(6.567, 7.003]","(6.132, 6.744]","(6.299, 7.003]","(6.567, 7.425]","(3.2350000000000003, 7.003]",*
6.7121297000223805,"(6.567, 7.003]","(6.132, 6.744]","(6.299, 7.003]","(6.567, 7.425]","(3.2350000000000003, 7.003]",*
6.713334010551028,"(6.567, 7.003]","(6.132, 6.744]","(6.299, 7.003]","(6.567, 7.425]","(3.2350000000000003, 7.003]",*
6.713386226114342,"(6.567, 7.003]","(6.132, 6.744]","(6.299, 7.003]","(6.567, 7.425]","(3.2350000000000003, 7.003]",*
6.713905444702088,"(6.567, 7.003]","(6.132, 6.744]","(6.299, 7.003]","(6.567, 7.425]","(3.2350000000000003, 7.003]",*
6.71448933352836,"(6.567, 7.003]","(6.132, 6.744]","(6.299, 7.003]","(6.567, 7.425]","(3.2350000000000003, 7.003]",*
6.7146588259041335,"(6.567, 7.003]","(6.132, 6.744]","(6.299, 7.003]","(6.567, 7.425]","(3.2350000000000003, 7.003]",*
6.7148502233219824,"(6.567, 7.003]","(6.132, 6.744]","(6.299, 7.003]","(6.567, 7.425]","(3.2350000000000003, 7.003]",*
6.715110725360336,"(6.567, 7.003]","(6.132, 6.744]","(6.299, 7.003]","(6.567, 7.425]","(3.2350000000000003, 7.003]",*
6.7157337784467765,"(6.567, 7.003]","(6.132, 6.744]","(6.299, 7.003]","(6.567, 7.425]","(3.2350000000000003, 7.003]",*
6.716500806298629,"(6.567, 7.003]","(6.132, 6.744]","(6.299, 7.003]","(6.567, 7.425]","(3.2350000000000003, 7.003]",*
6.716590110027322,"(6.567, 7.003]","(6.132, 6.744]","(6.299, 7.003]","(6.567, 7.425]","(3.2350000000000003, 7.003]",*
6.717020450923573,"(6.567, 7.003]","(6.132, 6.744]","(6.299, 7.003]","(6.567, 7.425]","(3.2350000000000003, 7.003]",*
6.71784430631321,"(6.567, 7.003]","(6.132, 6.744]","(6.299, 7.003]","(6.567, 7.425]","(3.2350000000000003, 7.003]",*
6.7187193079202885,"(6.567, 7.003]","(6.132, 6.744]","(6.299, 7.003]","(6.567, 7.425]","(3.2350000000000003, 7.003]",*
6.718960081222591,"(6.567, 7.003]","(6.132, 6.744]","(6.299, 7.003]","(6.567, 7.425]","(3.2350000000000003, 7.003]",*
6.7203398939373935,"(6.567, 7.003]","(6.132, 6.744]","(6.299, 7.003]","(6.567, 7.425]","(3.2350000000000003, 7.003]",*
6.720772557188479,"(6.567, 7.003]","(6.132, 6.744]","(6.299, 7.003]","(6.567, 7.425]","(3.2350000000000003, 7.003]",*
6.721713914137911,"(6.567, 7.003]","(6.132, 6.744]","(6.299, 7.003]","(6.567, 7.425]","(3.2350000000000003, 7.003]",*
6.722328314733777,"(6.567, 7.003]","(6.132, 6.744]","(6.299, 7.003]","(6.567, 7.425]","(3.2350000000000003, 7.003]",*
6.722626327667793,"(6.567, 7.003]","(6.132, 6.744]","(6.299, 7.003]","(6.567, 7.425]","(3.2350000000000003, 7.003]",*
6.722967191668363,"(6.567, 7.003]","(6.132, 6.744]","(6.299, 7.003]","(6.567, 7.425]","(3.2350000000000003, 7.003]",*
6.7234123474511485,"(6.567, 7.003]","(6.132, 6.744]","(6.299, 7.003]","(6.567, 7.425]","(3.2350000000000003, 7.003]",*
6.723680569222332,"(6.567, 7.003]","(6.132, 6.744]","(6.299, 7.003]","(6.567, 7.425]","(3.2350000000000003, 7.003]",*
6.723928725928714,"(6.567, 7.003]","(6.132, 6.744]","(6.299, 7.003]","(6.567, 7.425]","(3.2350000000000003, 7.003]",*
6.724091037730287,"(6.567, 7.003]","(6.132, 6.744]","(6.299, 7.003]","(6.567, 7.425]","(3.2350000000000003, 7.003]",*
6.724241153717589,"(6.567, 7.003]","(6.132, 6.744]","(6.299, 7.003]","(6.567, 7.425]","(3.2350000000000003, 7.003]",*
6.724439169509678,"(6.567, 7.003]","(6.132, 6.744]","(6.299, 7.003]","(6.567, 7.425]","(3.2350000000000003, 7.003]",*
6.724711557034495,"(6.567, 7.003]","(6.132, 6.744]","(6.299, 7.003]","(6.567, 7.425]","(3.2350000000000003, 7.003]",*
6.724826744855866,"(6.567, 7.003]","(6.132, 6.744]","(6.299, 7.003]","(6.567, 7.425]","(3.2350000000000003, 7.003]",*
6.725864178600076,"(6.567, 7.003]","(6.132, 6.744]","(6.299, 7.003]","(6.567, 7.425]","(3.2350000000000003, 7.003]",*
6.726795812079166,"(6.567, 7.003]","(6.132, 6.744]","(6.299, 7.003]","(6.567, 7.425]","(3.2350000000000003, 7.003]",*
6.727120954140358,"(6.567, 7.003]","(6.132, 6.744]","(6.299, 7.003]","(6.567, 7.425]","(3.2350000000000003, 7.003]",*
6.728146141087427,"(6.567, 7.003]","(6.132, 6.744]","(6.299, 7.003]","(6.567, 7.425]","(3.2350000000000003, 7.003]",*
6.728642774945412,"(6.567, 7.003]","(6.132, 6.744]","(6.299, 7.003]","(6.567, 7.425]","(3.2350000000000003, 7.003]",*
6.728670337814405,"(6.567, 7.003]","(6.132, 6.744]","(6.299, 7.003]","(6.567, 7.425]","(3.2350000000000003, 7.003]",*
6.728787100806684,"(6.567, 7.003]","(6.132, 6.744]","(6.299, 7.003]","(6.567, 7.425]","(3.2350000000000003, 7.003]",*
6.730808678136356,"(6.567, 7.003]","(6.132, 6.744]","(6.299, 7.003]","(6.567, 7.425]","(3.2350000000000003, 7.003]",*
6.730821019094919,"(6.567, 7.003]","(6.132, 6.744]","(6.299, 7.003]","(6.567, 7.425]","(3.2350000000000003, 7.003]",*
6.732551727246403,"(6.567, 7.003]","(6.132, 6.744]","(6.299, 7.003]","(6.567, 7.425]","(3.2350000000000003, 7.003]",*
6.7326398643975365,"(6.567, 7.003]","(6.132, 6.744]","(6.299, 7.003]","(6.567, 7.425]","(3.2350000000000003, 7.003]",*
6.7328118284697664,"(6.567, 7.003]","(6.132, 6.744]","(6.299, 7.003]","(6.567, 7.425]","(3.2350000000000003, 7.003]",*
6.7330848667092935,"(6.567, 7.003]","(6.132, 6.744]","(6.299, 7.003]","(6.567, 7.425]","(3.2350000000000003, 7.003]",*
6.73359851604315,"(6.567, 7.003]","(6.132, 6.744]","(6.299, 7.003]","(6.567, 7.425]","(3.2350000000000003, 7.003]",*
6.733906479854878,"(6.567, 7.003]","(6.132, 6.744]","(6.299, 7.003]","(6.567, 7.425]","(3.2350000000000003, 7.003]",*
6.734006879015343,"(6.567, 7.003]","(6.132, 6.744]","(6.299, 7.003]","(6.567, 7.425]","(3.2350000000000003, 7.003]",*
6.734045416240348,"(6.567, 7.003]","(6.132, 6.744]","(6.299, 7.003]","(6.567, 7.425]","(3.2350000000000003, 7.003]",*
6.734748724110599,"(6.567, 7.003]","(6.132, 6.744]","(6.299, 7.003]","(6.567, 7.425]","(3.2350000000000003, 7.003]",*
6.7359373827160125,"(6.567, 7.003]","(6.132, 6.744]","(6.299, 7.003]","(6.567, 7.425]","(3.2350000000000003, 7.003]",*
6.736075973492866,"(6.567, 7.003]","(6.132, 6.744]","(6.299, 7.003]","(6.567, 7.425]","(3.2350000000000003, 7.003]",*
6.7369741310107445,"(6.567, 7.003]","(6.132, 6.744]","(6.299, 7.003]","(6.567, 7.425]","(3.2350000000000003, 7.003]",*
6.7375266617083325,"(6.567, 7.003]","(6.132, 6.744]","(6.299, 7.003]","(6.567, 7.425]","(3.2350000000000003, 7.003]",*
6.737805233668106,"(6.567, 7.003]","(6.132, 6.744]","(6.299, 7.003]","(6.567, 7.425]","(3.2350000000000003, 7.003]",*
6.737995793601876,"(6.567, 7.003]","(6.132, 6.744]","(6.299, 7.003]","(6.567, 7.425]","(3.2350000000000003, 7.003]",*
6.73812855008945,"(6.567, 7.003]","(6.132, 6.744]","(6.299, 7.003]","(6.567, 7.425]","(3.2350000000000003, 7.003]",*
6.738385233079868,"(6.567, 7.003]","(6.132, 6.744]","(6.299, 7.003]","(6.567, 7.425]","(3.2350000000000003, 7.003]",*
6.738533682427653,"(6.567, 7.003]","(6.132, 6.744]","(6.299, 7.003]","(6.567, 7.425]","(3.2350000000000003, 7.003]",*
6.739136454847597,"(6.567, 7.003]","(6.132, 6.744]","(6.299, 7.003]","(6.567, 7.425]","(3.2350000000000003, 7.003]",*
6.7393794603525565,"(6.567, 7.003]","(6.132, 6.744]","(6.299, 7.003]","(6.567, 7.425]","(3.2350000000000003, 7.003]",*
6.739623392097014,"(6.567, 7.003]","(6.132, 6.744]","(6.299, 7.003]","(6.567, 7.425]","(3.2350000000000003, 7.003]",*
6.739908507399472,"(6.567, 7.003]","(6.132, 6.744]","(6.299, 7.003]","(6.567, 7.425]","(3.2350000000000003, 7.003]",*
6.740482425672648,"(6.567, 7.003]","(6.132, 6.744]","(6.299, 7.003]","(6.567, 7.425]","(3.2350000000000003, 7.003]",*
6.740965491602577,"(6.567, 7.003]","(6.132, 6.744]","(6.299, 7.003]","(6.567, 7.425]","(3.2350000000000003, 7.003]",*
6.741321909446085,"(6.567, 7.003]","(6.132, 6.744]","(6.299, 7.003]","(6.567, 7.425]","(3.2350000000000003, 7.003]",*
6.742738157447972,"(6.567, 7.003]","(6.132, 6.744]","(6.299, 7.003]","(6.567, 7.425]","(3.2350000000000003, 7.003]",*
6.74336159250216,"(6.567, 7.003]","(6.132, 6.744]","(6.299, 7.003]","(6.567, 7.425]","(3.2350000000000003, 7.003]",*
6.744228165865586,"(6.567, 7.003]","(6.744, 7.259]","(6.299, 7.003]","(6.567, 7.425]","(3.2350000000000003, 7.003]",*
6.744617687764353,"(6.567, 7.003]","(6.744, 7.259]","(6.299, 7.003]","(6.567, 7.425]","(3.2350000000000003, 7.003]",*
6.744873089823844,"(6.567, 7.003]","(6.744, 7.259]","(6.299, 7.003]","(6.567, 7.425]","(3.2350000000000003, 7.003]",*
6.745663837986233,"(6.567, 7.003]","(6.744, 7.259]","(6.299, 7.003]","(6.567, 7.425]","(3.2350000000000003, 7.003]",*
6.746500585140541,"(6.567, 7.003]","(6.744, 7.259]","(6.299, 7.003]","(6.567, 7.425]","(3.2350000000000003, 7.003]",*
6.747509818296053,"(6.567, 7.003]","(6.744, 7.259]","(6.299, 7.003]","(6.567, 7.425]","(3.2350000000000003, 7.003]",*
6.74762787805348,"(6.567, 7.003]","(6.744, 7.259]","(6.299, 7.003]","(6.567, 7.425]","(3.2350000000000003, 7.003]",*
6.747876000537608,"(6.567, 7.003]","(6.744, 7.259]","(6.299, 7.003]","(6.567, 7.425]","(3.2350000000000003, 7.003]",*
6.748590368033006,"(6.567, 7.003]","(6.744, 7.259]","(6.299, 7.003]","(6.567, 7.425]","(3.2350000000000003, 7.003]",*
6.7491455315345945,"(6.567, 7.003]","(6.744, 7.259]","(6.299, 7.003]","(6.567, 7.425]","(3.2350000000000003, 7.003]",*
6.749401541779305,"(6.567, 7.003]","(6.744, 7.259]","(6.299, 7.003]","(6.567, 7.425]","(3.2350000000000003, 7.003]",*
6.749488716326832,"(6.567, 7.003]","(6.744, 7.259]","(6.299, 7.003]","(6.567, 7.425]","(3.2350000000000003, 7.003]",*
6.750031342407541,"(6.567, 7.003]","(6.744, 7.259]","(6.299, 7.003]","(6.567, 7.425]","(3.2350000000000003, 7.003]",*
6.750151471715967,"(6.567, 7.003]","(6.744, 7.259]","(6.299, 7.003]","(6.567, 7.425]","(3.2350000000000003, 7.003]",*
6.7508719928359735,"(6.567, 7.003]","(6.744, 7.259]","(6.299, 7.003]","(6.567, 7.425]","(3.2350000000000003, 7.003]",*
6.751208636667679,"(6.567, 7.003]","(6.744, 7.259]","(6.299, 7.003]","(6.567, 7.425]","(3.2350000000000003, 7.003]",*
6.751435034865618,"(6.567, 7.003]","(6.744, 7.259]","(6.299, 7.003]","(6.567, 7.425]","(3.2350000000000003, 7.003]",*
6.751506742644661,"(6.567, 7.003]","(6.744, 7.259]","(6.299, 7.003]","(6.567, 7.425]","(3.2350000000000003, 7.003]",*
6.751950547259328,"(6.567, 7.003]","(6.744, 7.259]","(6.299, 7.003]","(6.567, 7.425]","(3.2350000000000003, 7.003]",*
6.752228927981942,"(6.567, 7.003]","(6.744, 7.259]","(6.299, 7.003]","(6.567, 7.425]","(3.2350000000000003, 7.003]",*
6.752491349999304,"(6.567, 7.003]","(6.744, 7.259]","(6.299, 7.003]","(6.567, 7.425]","(3.2350000000000003, 7.003]",*
6.753219361038824,"(6.567, 7.003]","(6.744, 7.259]","(6.299, 7.003]","(6.567, 7.425]","(3.2350000000000003, 7.003]",*
6.754620969126277,"(6.567, 7.003]","(6.744, 7.259]","(6.299, 7.003]","(6.567, 7.425]","(3.2350000000000003, 7.003]",*
6.756375841880509,"(6.567, 7.003]","(6.744, 7.259]","(6.299, 7.003]","(6.567, 7.425]","(3.2350000000000003, 7.003]",*
6.756453856250772,"(6.567, 7.003]","(6.744, 7.259]","(6.299, 7.003]","(6.567, 7.425]","(3.2350000000000003, 7.003]",*
6.756554547243622,"(6.567, 7.003]","(6.744, 7.259]","(6.299, 7.003]","(6.567, 7.425]","(3.2350000000000003, 7.003]",*
6.756785868850187,"(6.567, 7.003]","(6.744, 7.259]","(6.299, 7.003]","(6.567, 7.425]","(3.2350000000000003, 7.003]",*
6.760321799741354,"(6.567, 7.003]","(6.744, 7.259]","(6.299, 7.003]","(6.567, 7.425]","(3.2350000000000003, 7.003]",*
6.760958679158182,"(6.567, 7.003]","(6.744, 7.259]","(6.299, 7.003]","(6.567, 7.425]","(3.2350000000000003, 7.003]",*
6.7616314076168775,"(6.567, 7.003]","(6.744, 7.259]","(6.299, 7.003]","(6.567, 7.425]","(3.2350000000000003, 7.003]",*
6.761698048245084,"(6.567, 7.003]","(6.744, 7.259]","(6.299, 7.003]","(6.567, 7.425]","(3.2350000000000003, 7.003]",*
6.762292739450368,"(6.567, 7.003]","(6.744, 7.259]","(6.299, 7.003]","(6.567, 7.425]","(3.2350000000000003, 7.003]",*
6.76444287239506,"(6.567, 7.003]","(6.744, 7.259]","(6.299, 7.003]","(6.567, 7.425]","(3.2350000000000003, 7.003]",*
6.765189075362196,"(6.567, 7.003]","(6.744, 7.259]","(6.299, 7.003]","(6.567, 7.425]","(3.2350000000000003, 7.003]",*
6.765692399473527,"(6.567, 7.003]","(6.744, 7.259]","(6.299, 7.003]","(6.567, 7.425]","(3.2350000000000003, 7.003]",*
6.765832563092491,"(6.567, 7.003]","(6.744, 7.259]","(6.299, 7.003]","(6.567, 7.425]","(3.2350000000000003, 7.003]",*
6.765980272210642,"(6.567, 7.003]","(6.744, 7.259]","(6.299, 7.003]","(6.567, 7.425]","(3.2350000000000003, 7.003]",*
6.766129638574037,"(6.567, 7.003]","(6.744, 7.259]","(6.299, 7.003]","(6.567, 7.425]","(3.2350000000000003, 7.003]",*
6.7664446637172535,"(6.567, 7.003]","(6.744, 7.259]","(6.299, 7.003]","(6.567, 7.425]","(3.2350000000000003, 7.003]",*
6.766730346100673,"(6.567, 7.003]","(6.744, 7.259]","(6.299, 7.003]","(6.567, 7.425]","(3.2350000000000003, 7.003]",*
6.766797875602093,"(6.567, 7.003]","(6.744, 7.259]","(6.299, 7.003]","(6.567, 7.425]","(3.2350000000000003, 7.003]",*
6.767066347216005,"(6.567, 7.003]","(6.744, 7.259]","(6.299, 7.003]","(6.567, 7.425]","(3.2350000000000003, 7.003]",*
6.767379402945801,"(6.567, 7.003]","(6.744, 7.259]","(6.299, 7.003]","(6.567, 7.425]","(3.2350000000000003, 7.003]",*
6.767455055357902,"(6.567, 7.003]","(6.744, 7.259]","(6.299, 7.003]","(6.567, 7.425]","(3.2350000000000003, 7.003]",*
6.767607218206619,"(6.567, 7.003]","(6.744, 7.259]","(6.299, 7.003]","(6.567, 7.425]","(3.2350000000000003, 7.003]",*
6.768229398566822,"(6.567, 7.003]","(6.744, 7.259]","(6.299, 7.003]","(6.567, 7.425]","(3.2350000000000003, 7.003]",*
6.7693257846340025,"(6.567, 7.003]","(6.744, 7.259]","(6.299, 7.003]","(6.567, 7.425]","(3.2350000000000003, 7.003]",*
6.7695166856708,"(6.567, 7.003]","(6.744, 7.259]","(6.299, 7.003]","(6.567, 7.425]","(3.2350000000000003, 7.003]",*
6.769938966011512,"(6.567, 7.003]","(6.744, 7.259]","(6.299, 7.003]","(6.567, 7.425]","(3.2350000000000003, 7.003]",*
6.770586414126536,"(6.567, 7.003]","(6.744, 7.259]","(6.299, 7.003]","(6.567, 7.425]","(3.2350000000000003, 7.003]",*
6.771015065519388,"(6.567, 7.003]","(6.744, 7.259]","(6.299, 7.003]","(6.567, 7.425]","(3.2350000000000003, 7.003]",*
6.771063983887004,"(6.567, 7.003]","(6.744, 7.259]","(6.299, 7.003]","(6.567, 7.425]","(3.2350000000000003, 7.003]",*
6.771239177320116,"(6.567, 7.003]","(6.744, 7.259]","(6.299, 7.003]","(6.567, 7.425]","(3.2350000000000003, 7.003]",*
6.771951062173933,"(6.567, 7.003]","(6.744, 7.259]","(6.299, 7.003]","(6.567, 7.425]","(3.2350000000000003, 7.003]",*
6.772892690145312,"(6.567, 7.003]","(6.744, 7.259]","(6.299, 7.003]","(6.567, 7.425]","(3.2350000000000003, 7.003]",*
6.772989766683903,"(6.567, 7.003]","(6.744, 7.259]","(6.299, 7.003]","(6.567, 7.425]","(3.2350000000000003, 7.003]",*
6.773178179232684,"(6.567, 7.003]","(6.744, 7.259]","(6.299, 7.003]","(6.567, 7.425]","(3.2350000000000003, 7.003]",*
6.774004674983712,"(6.567, 7.003]","(6.744, 7.259]","(6.299, 7.003]","(6.567, 7.425]","(3.2350000000000003, 7.003]",*
6.774243351183741,"(6.567, 7.003]","(6.744, 7.259]","(6.299, 7.003]","(6.567, 7.425]","(3.2350000000000003, 7.003]",*
6.774986418531476,"(6.567, 7.003]","(6.744, 7.259]","(6.299, 7.003]","(6.567, 7.425]","(3.2350000000000003, 7.003]",*
6.776068461510173,"(6.567, 7.003]","(6.744, 7.259]","(6.299, 7.003]","(6.567, 7.425]","(3.2350000000000003, 7.003]",*
6.776125366694911,"(6.567, 7.003]","(6.744, 7.259]","(6.299, 7.003]","(6.567, 7.425]","(3.2350000000000003, 7.003]",*
6.776273717873484,"(6.567, 7.003]","(6.744, 7.259]","(6.299, 7.003]","(6.567, 7.425]","(3.2350000000000003, 7.003]",*
6.77698348530293,"(6.567, 7.003]","(6.744, 7.259]","(6.299, 7.003]","(6.567, 7.425]","(3.2350000000000003, 7.003]",*
6.777042814348094,"(6.567, 7.003]","(6.744, 7.259]","(6.299, 7.003]","(6.567, 7.425]","(3.2350000000000003, 7.003]",*
6.778065268682116,"(6.567, 7.003]","(6.744, 7.259]","(6.299, 7.003]","(6.567, 7.425]","(3.2350000000000003, 7.003]",*
6.778563743699072,"(6.567, 7.003]","(6.744, 7.259]","(6.299, 7.003]","(6.567, 7.425]","(3.2350000000000003, 7.003]",*
6.780071587769296,"(6.567, 7.003]","(6.744, 7.259]","(6.299, 7.003]","(6.567, 7.425]","(3.2350000000000003, 7.003]",*
6.780898890780213,"(6.567, 7.003]","(6.744, 7.259]","(6.299, 7.003]","(6.567, 7.425]","(3.2350000000000003, 7.003]",*
6.780917664554098,"(6.567, 7.003]","(6.744, 7.259]","(6.299, 7.003]","(6.567, 7.425]","(3.2350000000000003, 7.003]",*
6.781536869737978,"(6.567, 7.003]","(6.744, 7.259]","(6.299, 7.003]","(6.567, 7.425]","(3.2350000000000003, 7.003]",*
6.782116200800597,"(6.567, 7.003]","(6.744, 7.259]","(6.299, 7.003]","(6.567, 7.425]","(3.2350000000000003, 7.003]",*
6.782860703831546,"(6.567, 7.003]","(6.744, 7.259]","(6.299, 7.003]","(6.567, 7.425]","(3.2350000000000003, 7.003]",*
6.783121451906031,"(6.567, 7.003]","(6.744, 7.259]","(6.299, 7.003]","(6.567, 7.425]","(3.2350000000000003, 7.003]",*
6.783346705648634,"(6.567, 7.003]","(6.744, 7.259]","(6.299, 7.003]","(6.567, 7.425]","(3.2350000000000003, 7.003]",*
6.784131098589766,"(6.567, 7.003]","(6.744, 7.259]","(6.299, 7.003]","(6.567, 7.425]","(3.2350000000000003, 7.003]",*
6.784153511304108,"(6.567, 7.003]","(6.744, 7.259]","(6.299, 7.003]","(6.567, 7.425]","(3.2350000000000003, 7.003]",*
6.784168099198138,"(6.567, 7.003]","(6.744, 7.259]","(6.299, 7.003]","(6.567, 7.425]","(3.2350000000000003, 7.003]",*
6.786155610295756,"(6.567, 7.003]","(6.744, 7.259]","(6.299, 7.003]","(6.567, 7.425]","(3.2350000000000003, 7.003]",*
6.7864910618247976,"(6.567, 7.003]","(6.744, 7.259]","(6.299, 7.003]","(6.567, 7.425]","(3.2350000000000003, 7.003]",*
6.787658333300207,"(6.567, 7.003]","(6.744, 7.259]","(6.299, 7.003]","(6.567, 7.425]","(3.2350000000000003, 7.003]",*
6.790149675147148,"(6.567, 7.003]","(6.744, 7.259]","(6.299, 7.003]","(6.567, 7.425]","(3.2350000000000003, 7.003]",*
6.79165725852334,"(6.567, 7.003]","(6.744, 7.259]","(6.299, 7.003]","(6.567, 7.425]","(3.2350000000000003, 7.003]",*
6.792336104424982,"(6.567, 7.003]","(6.744, 7.259]","(6.299, 7.003]","(6.567, 7.425]","(3.2350000000000003, 7.003]",*
6.793215873714218,"(6.567, 7.003]","(6.744, 7.259]","(6.299, 7.003]","(6.567, 7.425]","(3.2350000000000003, 7.003]",*
6.794121828163653,"(6.567, 7.003]","(6.744, 7.259]","(6.299, 7.003]","(6.567, 7.425]","(3.2350000000000003, 7.003]",*
6.794409177423718,"(6.567, 7.003]","(6.744, 7.259]","(6.299, 7.003]","(6.567, 7.425]","(3.2350000000000003, 7.003]",*
6.794571859084567,"(6.567, 7.003]","(6.744, 7.259]","(6.299, 7.003]","(6.567, 7.425]","(3.2350000000000003, 7.003]",*
6.7955044309840025,"(6.567, 7.003]","(6.744, 7.259]","(6.299, 7.003]","(6.567, 7.425]","(3.2350000000000003, 7.003]",*
6.796276850248362,"(6.567, 7.003]","(6.744, 7.259]","(6.299, 7.003]","(6.567, 7.425]","(3.2350000000000003, 7.003]",*
6.7970199199674175,"(6.567, 7.003]","(6.744, 7.259]","(6.299, 7.003]","(6.567, 7.425]","(3.2350000000000003, 7.003]",*
6.79712562603754,"(6.567, 7.003]","(6.744, 7.259]","(6.299, 7.003]","(6.567, 7.425]","(3.2350000000000003, 7.003]",*
6.797159354877255,"(6.567, 7.003]","(6.744, 7.259]","(6.299, 7.003]","(6.567, 7.425]","(3.2350000000000003, 7.003]",*
6.797173109905766,"(6.567, 7.003]","(6.744, 7.259]","(6.299, 7.003]","(6.567, 7.425]","(3.2350000000000003, 7.003]",*
6.797252736548876,"(6.567, 7.003]","(6.744, 7.259]","(6.299, 7.003]","(6.567, 7.425]","(3.2350000000000003, 7.003]",*
6.797289868014495,"(6.567, 7.003]","(6.744, 7.259]","(6.299, 7.003]","(6.567, 7.425]","(3.2350000000000003, 7.003]",*
6.797869100688233,"(6.567, 7.003]","(6.744, 7.259]","(6.299, 7.003]","(6.567, 7.425]","(3.2350000000000003, 7.003]",*
6.798805805624156,"(6.567, 7.003]","(6.744, 7.259]","(6.299, 7.003]","(6.567, 7.425]","(3.2350000000000003, 7.003]",*
6.798878568014176,"(6.567, 7.003]","(6.744, 7.259]","(6.299, 7.003]","(6.567, 7.425]","(3.2350000000000003, 7.003]",*
6.799866021302117,"(6.567, 7.003]","(6.744, 7.259]","(6.299, 7.003]","(6.567, 7.425]","(3.2350000000000003, 7.003]",*
6.800001260776672,"(6.567, 7.003]","(6.744, 7.259]","(6.299, 7.003]","(6.567, 7.425]","(3.2350000000000003, 7.003]",*
6.8008108283074025,"(6.567, 7.003]","(6.744, 7.259]","(6.299, 7.003]","(6.567, 7.425]","(3.2350000000000003, 7.003]",*
6.800894663336465,"(6.567, 7.003]","(6.744, 7.259]","(6.299, 7.003]","(6.567, 7.425]","(3.2350000000000003, 7.003]",*
6.801278162438053,"(6.567, 7.003]","(6.744, 7.259]","(6.299, 7.003]","(6.567, 7.425]","(3.2350000000000003, 7.003]",*
6.801835856383492,"(6.567, 7.003]","(6.744, 7.259]","(6.299, 7.003]","(6.567, 7.425]","(3.2350000000000003, 7.003]",*
6.801887464590845,"(6.567, 7.003]","(6.744, 7.259]","(6.299, 7.003]","(6.567, 7.425]","(3.2350000000000003, 7.003]",*
6.802139150531727,"(6.567, 7.003]","(6.744, 7.259]","(6.299, 7.003]","(6.567, 7.425]","(3.2350000000000003, 7.003]",*
6.802429648520444,"(6.567, 7.003]","(6.744, 7.259]","(6.299, 7.003]","(6.567, 7.425]","(3.2350000000000003, 7.003]",*
6.802612412335334,"(6.567, 7.003]","(6.744, 7.259]","(6.299, 7.003]","(6.567, 7.425]","(3.2350000000000003, 7.003]",*
6.803100239627547,"(6.567, 7.003]","(6.744, 7.259]","(6.299, 7.003]","(6.567, 7.425]","(3.2350000000000003, 7.003]",*
6.803529578504777,"(6.567, 7.003]","(6.744, 7.259]","(6.299, 7.003]","(6.567, 7.425]","(3.2350000000000003, 7.003]",*
6.804130903535375,"(6.567, 7.003]","(6.744, 7.259]","(6.299, 7.003]","(6.567, 7.425]","(3.2350000000000003, 7.003]",*
6.804324120105758,"(6.567, 7.003]","(6.744, 7.259]","(6.299, 7.003]","(6.567, 7.425]","(3.2350000000000003, 7.003]",*
6.804736199229781,"(6.567, 7.003]","(6.744, 7.259]","(6.299, 7.003]","(6.567, 7.425]","(3.2350000000000003, 7.003]",*
6.805077942937469,"(6.567, 7.003]","(6.744, 7.259]","(6.299, 7.003]","(6.567, 7.425]","(3.2350000000000003, 7.003]",*
6.806409386944318,"(6.567, 7.003]","(6.744, 7.259]","(6.299, 7.003]","(6.567, 7.425]","(3.2350000000000003, 7.003]",*
6.8065360546886415,"(6.567, 7.003]","(6.744, 7.259]","(6.299, 7.003]","(6.567, 7.425]","(3.2350000000000003, 7.003]",*
6.806908219936316,"(6.567, 7.003]","(6.744, 7.259]","(6.299, 7.003]","(6.567, 7.425]","(3.2350000000000003, 7.003]",*
6.8069757012421706,"(6.567, 7.003]","(6.744, 7.259]","(6.299, 7.003]","(6.567, 7.425]","(3.2350000000000003, 7.003]",*
6.807077576610715,"(6.567, 7.003]","(6.744, 7.259]","(6.299, 7.003]","(6.567, 7.425]","(3.2350000000000003, 7.003]",*
6.807331847663506,"(6.567, 7.003]","(6.744, 7.259]","(6.299, 7.003]","(6.567, 7.425]","(3.2350000000000003, 7.003]",*
6.807937553680112,"(6.567, 7.003]","(6.744, 7.259]","(6.299, 7.003]","(6.567, 7.425]","(3.2350000000000003, 7.003]",*
6.808607097714527,"(6.567, 7.003]","(6.744, 7.259]","(6.299, 7.003]","(6.567, 7.425]","(3.2350000000000003, 7.003]",*
6.8087145741444175,"(6.567, 7.003]","(6.744, 7.259]","(6.299, 7.003]","(6.567, 7.425]","(3.2350000000000003, 7.003]",*
6.808878929257617,"(6.567, 7.003]","(6.744, 7.259]","(6.299, 7.003]","(6.567, 7.425]","(3.2350000000000003, 7.003]",*
6.809012996032309,"(6.567, 7.003]","(6.744, 7.259]","(6.299, 7.003]","(6.567, 7.425]","(3.2350000000000003, 7.003]",*
6.809069105967262,"(6.567, 7.003]","(6.744, 7.259]","(6.299, 7.003]","(6.567, 7.425]","(3.2350000000000003, 7.003]",*
6.809266609534432,"(6.567, 7.003]","(6.744, 7.259]","(6.299, 7.003]","(6.567, 7.425]","(3.2350000000000003, 7.003]",*
6.810466039334995,"(6.567, 7.003]","(6.744, 7.259]","(6.299, 7.003]","(6.567, 7.425]","(3.2350000000000003, 7.003]",*
6.811614747396248,"(6.567, 7.003]","(6.744, 7.259]","(6.299, 7.003]","(6.567, 7.425]","(3.2350000000000003, 7.003]",*
6.8127971555231,"(6.567, 7.003]","(6.744, 7.259]","(6.299, 7.003]","(6.567, 7.425]","(3.2350000000000003, 7.003]",*
6.813231576587411,"(6.567, 7.003]","(6.744, 7.259]","(6.299, 7.003]","(6.567, 7.425]","(3.2350000000000003, 7.003]",*
6.813649607750625,"(6.567, 7.003]","(6.744, 7.259]","(6.299, 7.003]","(6.567, 7.425]","(3.2350000000000003, 7.003]",*
6.813808755116977,"(6.567, 7.003]","(6.744, 7.259]","(6.299, 7.003]","(6.567, 7.425]","(3.2350000000000003, 7.003]",*
6.818515418905357,"(6.567, 7.003]","(6.744, 7.259]","(6.299, 7.003]","(6.567, 7.425]","(3.2350000000000003, 7.003]",*
6.818670753532728,"(6.567, 7.003]","(6.744, 7.259]","(6.299, 7.003]","(6.567, 7.425]","(3.2350000000000003, 7.003]",*
6.819864844287123,"(6.567, 7.003]","(6.744, 7.259]","(6.299, 7.003]","(6.567, 7.425]","(3.2350000000000003, 7.003]",*
6.820051097035973,"(6.567, 7.003]","(6.744, 7.259]","(6.299, 7.003]","(6.567, 7.425]","(3.2350000000000003, 7.003]",*
6.8201874003047,"(6.567, 7.003]","(6.744, 7.259]","(6.299, 7.003]","(6.567, 7.425]","(3.2350000000000003, 7.003]",*
6.821687363305294,"(6.567, 7.003]","(6.744, 7.259]","(6.299, 7.003]","(6.567, 7.425]","(3.2350000000000003, 7.003]",*
6.822058698839166,"(6.567, 7.003]","(6.744, 7.259]","(6.299, 7.003]","(6.567, 7.425]","(3.2350000000000003, 7.003]",*
6.8223466199635805,"(6.567, 7.003]","(6.744, 7.259]","(6.299, 7.003]","(6.567, 7.425]","(3.2350000000000003, 7.003]",*
6.822376992342062,"(6.567, 7.003]","(6.744, 7.259]","(6.299, 7.003]","(6.567, 7.425]","(3.2350000000000003, 7.003]",*
6.8225028716602925,"(6.567, 7.003]","(6.744, 7.259]","(6.299, 7.003]","(6.567, 7.425]","(3.2350000000000003, 7.003]",*
6.823673796021046,"(6.567, 7.003]","(6.744, 7.259]","(6.299, 7.003]","(6.567, 7.425]","(3.2350000000000003, 7.003]",*
6.824286099924631,"(6.567, 7.003]","(6.744, 7.259]","(6.299, 7.003]","(6.567, 7.425]","(3.2350000000000003, 7.003]",*
6.825129553372988,"(6.567, 7.003]","(6.744, 7.259]","(6.299, 7.003]","(6.567, 7.425]","(3.2350000000000003, 7.003]",*
6.825332885229084,"(6.567, 7.003]","(6.744, 7.259]","(6.299, 7.003]","(6.567, 7.425]","(3.2350000000000003, 7.003]",*
6.825453188437478,"(6.567, 7.003]","(6.744, 7.259]","(6.299, 7.003]","(6.567, 7.425]","(3.2350000000000003, 7.003]",*
6.826493607848889,"(6.567, 7.003]","(6.744, 7.259]","(6.299, 7.003]","(6.567, 7.425]","(3.2350000000000003, 7.003]",*
6.826686285155482,"(6.567, 7.003]","(6.744, 7.259]","(6.299, 7.003]","(6.567, 7.425]","(3.2350000000000003, 7.003]",*
6.826893598161062,"(6.567, 7.003]","(6.744, 7.259]","(6.299, 7.003]","(6.567, 7.425]","(3.2350000000000003, 7.003]",*
6.827278725742844,"(6.567, 7.003]","(6.744, 7.259]","(6.299, 7.003]","(6.567, 7.425]","(3.2350000000000003, 7.003]",*
6.8278913839486925,"(6.567, 7.003]","(6.744, 7.259]","(6.299, 7.003]","(6.567, 7.425]","(3.2350000000000003, 7.003]",*
6.828231897974836,"(6.567, 7.003]","(6.744, 7.259]","(6.299, 7.003]","(6.567, 7.425]","(3.2350000000000003, 7.003]",*
6.828247304734245,"(6.567, 7.003]","(6.744, 7.259]","(6.299, 7.003]","(6.567, 7.425]","(3.2350000000000003, 7.003]",*
6.828565661401715,"(6.567, 7.003]","(6.744, 7.259]","(6.299, 7.003]","(6.567, 7.425]","(3.2350000000000003, 7.003]",*
6.8292666481657625,"(6.567, 7.003]","(6.744, 7.259]","(6.299, 7.003]","(6.567, 7.425]","(3.2350000000000003, 7.003]",*
6.829667440544687,"(6.567, 7.003]","(6.744, 7.259]","(6.299, 7.003]","(6.567, 7.425]","(3.2350000000000003, 7.003]",*
6.830251967781735,"(6.567, 7.003]","(6.744, 7.259]","(6.299, 7.003]","(6.567, 7.425]","(3.2350000000000003, 7.003]",*
6.832059785802629,"(6.567, 7.003]","(6.744, 7.259]","(6.299, 7.003]","(6.567, 7.425]","(3.2350000000000003, 7.003]",*
6.832161237685603,"(6.567, 7.003]","(6.744, 7.259]","(6.299, 7.003]","(6.567, 7.425]","(3.2350000000000003, 7.003]",*
6.832220863181554,"(6.567, 7.003]","(6.744, 7.259]","(6.299, 7.003]","(6.567, 7.425]","(3.2350000000000003, 7.003]",*
6.832860157177636,"(6.567, 7.003]","(6.744, 7.259]","(6.299, 7.003]","(6.567, 7.425]","(3.2350000000000003, 7.003]",*
6.833955901770778,"(6.567, 7.003]","(6.744, 7.259]","(6.299, 7.003]","(6.567, 7.425]","(3.2350000000000003, 7.003]",*
6.834236180031168,"(6.567, 7.003]","(6.744, 7.259]","(6.299, 7.003]","(6.567, 7.425]","(3.2350000000000003, 7.003]",*
6.834240314770511,"(6.567, 7.003]","(6.744, 7.259]","(6.299, 7.003]","(6.567, 7.425]","(3.2350000000000003, 7.003]",*
6.834650035902464,"(6.567, 7.003]","(6.744, 7.259]","(6.299, 7.003]","(6.567, 7.425]","(3.2350000000000003, 7.003]",*
6.835480533799844,"(6.567, 7.003]","(6.744, 7.259]","(6.299, 7.003]","(6.567, 7.425]","(3.2350000000000003, 7.003]",*
6.836093450024607,"(6.567, 7.003]","(6.744, 7.259]","(6.299, 7.003]","(6.567, 7.425]","(3.2350000000000003, 7.003]",*
6.836747644791505,"(6.567, 7.003]","(6.744, 7.259]","(6.299, 7.003]","(6.567, 7.425]","(3.2350000000000003, 7.003]",*
6.8370511326338645,"(6.567, 7.003]","(6.744, 7.259]","(6.299, 7.003]","(6.567, 7.425]","(3.2350000000000003, 7.003]",*
6.840125382489145,"(6.567, 7.003]","(6.744, 7.259]","(6.299, 7.003]","(6.567, 7.425]","(3.2350000000000003, 7.003]",*
6.840219074495868,"(6.567, 7.003]","(6.744, 7.259]","(6.299, 7.003]","(6.567, 7.425]","(3.2350000000000003, 7.003]",*
6.8403887807673325,"(6.567, 7.003]","(6.744, 7.259]","(6.299, 7.003]","(6.567, 7.425]","(3.2350000000000003, 7.003]",*
6.840535920092795,"(6.567, 7.003]","(6.744, 7.259]","(6.299, 7.003]","(6.567, 7.425]","(3.2350000000000003, 7.003]",*
6.841803530648964,"(6.567, 7.003]","(6.744, 7.259]","(6.299, 7.003]","(6.567, 7.425]","(3.2350000000000003, 7.003]",*
6.842294505538338,"(6.567, 7.003]","(6.744, 7.259]","(6.299, 7.003]","(6.567, 7.425]","(3.2350000000000003, 7.003]",*
6.842337972532,"(6.567, 7.003]","(6.744, 7.259]","(6.299, 7.003]","(6.567, 7.425]","(3.2350000000000003, 7.003]",*
6.8425338379630745,"(6.567, 7.003]","(6.744, 7.259]","(6.299, 7.003]","(6.567, 7.425]","(3.2350000000000003, 7.003]",*
6.842773255963375,"(6.567, 7.003]","(6.744, 7.259]","(6.299, 7.003]","(6.567, 7.425]","(3.2350000000000003, 7.003]",*
6.843022938316349,"(6.567, 7.003]","(6.744, 7.259]","(6.299, 7.003]","(6.567, 7.425]","(3.2350000000000003, 7.003]",*
6.843990748156923,"(6.567, 7.003]","(6.744, 7.259]","(6.299, 7.003]","(6.567, 7.425]","(3.2350000000000003, 7.003]",*
6.844150152614081,"(6.567, 7.003]","(6.744, 7.259]","(6.299, 7.003]","(6.567, 7.425]","(3.2350000000000003, 7.003]",*
6.844399335882285,"(6.567, 7.003]","(6.744, 7.259]","(6.299, 7.003]","(6.567, 7.425]","(3.2350000000000003, 7.003]",*
6.844556793348782,"(6.567, 7.003]","(6.744, 7.259]","(6.299, 7.003]","(6.567, 7.425]","(3.2350000000000003, 7.003]",*
6.844712273897295,"(6.567, 7.003]","(6.744, 7.259]","(6.299, 7.003]","(6.567, 7.425]","(3.2350000000000003, 7.003]",*
6.845286754714228,"(6.567, 7.003]","(6.744, 7.259]","(6.299, 7.003]","(6.567, 7.425]","(3.2350000000000003, 7.003]",*
6.845532331651052,"(6.567, 7.003]","(6.744, 7.259]","(6.299, 7.003]","(6.567, 7.425]","(3.2350000000000003, 7.003]",*
6.847191229335118,"(6.567, 7.003]","(6.744, 7.259]","(6.299, 7.003]","(6.567, 7.425]","(3.2350000000000003, 7.003]",*
6.847298109942501,"(6.567, 7.003]","(6.744, 7.259]","(6.299, 7.003]","(6.567, 7.425]","(3.2350000000000003, 7.003]",*
6.847362326302656,"(6.567, 7.003]","(6.744, 7.259]","(6.299, 7.003]","(6.567, 7.425]","(3.2350000000000003, 7.003]",*
6.847702229246549,"(6.567, 7.003]","(6.744, 7.259]","(6.299, 7.003]","(6.567, 7.425]","(3.2350000000000003, 7.003]",*
6.8478542156745625,"(6.567, 7.003]","(6.744, 7.259]","(6.299, 7.003]","(6.567, 7.425]","(3.2350000000000003, 7.003]",*
6.848041355034628,"(6.567, 7.003]","(6.744, 7.259]","(6.299, 7.003]","(6.567, 7.425]","(3.2350000000000003, 7.003]",*
6.848577731870528,"(6.567, 7.003]","(6.744, 7.259]","(6.299, 7.003]","(6.567, 7.425]","(3.2350000000000003, 7.003]",*
6.848702994263762,"(6.567, 7.003]","(6.744, 7.259]","(6.299, 7.003]","(6.567, 7.425]","(3.2350000000000003, 7.003]",*
6.849294596421228,"(6.567, 7.003]","(6.744, 7.259]","(6.299, 7.003]","(6.567, 7.425]","(3.2350000000000003, 7.003]",*
6.849370669537881,"(6.567, 7.003]","(6.744, 7.259]","(6.299, 7.003]","(6.567, 7.425]","(3.2350000000000003, 7.003]",*
6.850361008137979,"(6.567, 7.003]","(6.744, 7.259]","(6.299, 7.003]","(6.567, 7.425]","(3.2350000000000003, 7.003]",*
6.850385845950116,"(6.567, 7.003]","(6.744, 7.259]","(6.299, 7.003]","(6.567, 7.425]","(3.2350000000000003, 7.003]",*
6.850891931551041,"(6.567, 7.003]","(6.744, 7.259]","(6.299, 7.003]","(6.567, 7.425]","(3.2350000000000003, 7.003]",*
6.851535827684738,"(6.567, 7.003]","(6.744, 7.259]","(6.299, 7.003]","(6.567, 7.425]","(3.2350000000000003, 7.003]",*
6.851841827874619,"(6.567, 7.003]","(6.744, 7.259]","(6.299, 7.003]","(6.567, 7.425]","(3.2350000000000003, 7.003]",*
6.852802030382861,"(6.567, 7.003]","(6.744, 7.259]","(6.299, 7.003]","(6.567, 7.425]","(3.2350000000000003, 7.003]",*
6.853548682236117,"(6.567, 7.003]","(6.744, 7.259]","(6.299, 7.003]","(6.567, 7.425]","(3.2350000000000003, 7.003]",*
6.853868332101718,"(6.567, 7.003]","(6.744, 7.259]","(6.299, 7.003]","(6.567, 7.425]","(3.2350000000000003, 7.003]",*
6.8541746205847405,"(6.567, 7.003]","(6.744, 7.259]","(6.299, 7.003]","(6.567, 7.425]","(3.2350000000000003, 7.003]",*
6.854781580496968,"(6.567, 7.003]","(6.744, 7.259]","(6.299, 7.003]","(6.567, 7.425]","(3.2350000000000003, 7.003]",*
6.855512562853988,"(6.567, 7.003]","(6.744, 7.259]","(6.299, 7.003]","(6.567, 7.425]","(3.2350000000000003, 7.003]",*
6.856949348679019,"(6.567, 7.003]","(6.744, 7.259]","(6.299, 7.003]","(6.567, 7.425]","(3.2350000000000003, 7.003]",*
6.857199036204202,"(6.567, 7.003]","(6.744, 7.259]","(6.299, 7.003]","(6.567, 7.425]","(3.2350000000000003, 7.003]",*
6.858251903553205,"(6.567, 7.003]","(6.744, 7.259]","(6.299, 7.003]","(6.567, 7.425]","(3.2350000000000003, 7.003]",*
6.858259095849923,"(6.567, 7.003]","(6.744, 7.259]","(6.299, 7.003]","(6.567, 7.425]","(3.2350000000000003, 7.003]",*
6.858556208111792,"(6.567, 7.003]","(6.744, 7.259]","(6.299, 7.003]","(6.567, 7.425]","(3.2350000000000003, 7.003]",*
6.8586245070126495,"(6.567, 7.003]","(6.744, 7.259]","(6.299, 7.003]","(6.567, 7.425]","(3.2350000000000003, 7.003]",*
6.859309642595982,"(6.567, 7.003]","(6.744, 7.259]","(6.299, 7.003]","(6.567, 7.425]","(3.2350000000000003, 7.003]",*
6.860148049619808,"(6.567, 7.003]","(6.744, 7.259]","(6.299, 7.003]","(6.567, 7.425]","(3.2350000000000003, 7.003]",*
6.860474641577997,"(6.567, 7.003]","(6.744, 7.259]","(6.299, 7.003]","(6.567, 7.425]","(3.2350000000000003, 7.003]",*
6.860573239165675,"(6.567, 7.003]","(6.744, 7.259]","(6.299, 7.003]","(6.567, 7.425]","(3.2350000000000003, 7.003]",*
6.8607451658335945,"(6.567, 7.003]","(6.744, 7.259]","(6.299, 7.003]","(6.567, 7.425]","(3.2350000000000003, 7.003]",*
6.860860393623055,"(6.567, 7.003]","(6.744, 7.259]","(6.299, 7.003]","(6.567, 7.425]","(3.2350000000000003, 7.003]",*
6.861010128658115,"(6.567, 7.003]","(6.744, 7.259]","(6.299, 7.003]","(6.567, 7.425]","(3.2350000000000003, 7.003]",*
6.86113156424428,"(6.567, 7.003]","(6.744, 7.259]","(6.299, 7.003]","(6.567, 7.425]","(3.2350000000000003, 7.003]",*
6.861206526045092,"(6.567, 7.003]","(6.744, 7.259]","(6.299, 7.003]","(6.567, 7.425]","(3.2350000000000003, 7.003]",*
6.861369597506273,"(6.567, 7.003]","(6.744, 7.259]","(6.299, 7.003]","(6.567, 7.425]","(3.2350000000000003, 7.003]",*
6.861739180453397,"(6.567, 7.003]","(6.744, 7.259]","(6.299, 7.003]","(6.567, 7.425]","(3.2350000000000003, 7.003]",*
6.862250095476187,"(6.567, 7.003]","(6.744, 7.259]","(6.299, 7.003]","(6.567, 7.425]","(3.2350000000000003, 7.003]",*
6.862835726685024,"(6.567, 7.003]","(6.744, 7.259]","(6.299, 7.003]","(6.567, 7.425]","(3.2350000000000003, 7.003]",*
6.862994371844202,"(6.567, 7.003]","(6.744, 7.259]","(6.299, 7.003]","(6.567, 7.425]","(3.2350000000000003, 7.003]",*
6.863115134249482,"(6.567, 7.003]","(6.744, 7.259]","(6.299, 7.003]","(6.567, 7.425]","(3.2350000000000003, 7.003]",*
6.863966569905305,"(6.567, 7.003]","(6.744, 7.259]","(6.299, 7.003]","(6.567, 7.425]","(3.2350000000000003, 7.003]",*
6.864529713524052,"(6.567, 7.003]","(6.744, 7.259]","(6.299, 7.003]","(6.567, 7.425]","(3.2350000000000003, 7.003]",*
6.865190714798863,"(6.567, 7.003]","(6.744, 7.259]","(6.299, 7.003]","(6.567, 7.425]","(3.2350000000000003, 7.003]",*
6.8665649180832125,"(6.567, 7.003]","(6.744, 7.259]","(6.299, 7.003]","(6.567, 7.425]","(3.2350000000000003, 7.003]",*
6.867242299037415,"(6.567, 7.003]","(6.744, 7.259]","(6.299, 7.003]","(6.567, 7.425]","(3.2350000000000003, 7.003]",*
6.867792807698822,"(6.567, 7.003]","(6.744, 7.259]","(6.299, 7.003]","(6.567, 7.425]","(3.2350000000000003, 7.003]",*
6.8682608491435495,"(6.567, 7.003]","(6.744, 7.259]","(6.299, 7.003]","(6.567, 7.425]","(3.2350000000000003, 7.003]",*
6.868290757394464,"(6.567, 7.003]","(6.744, 7.259]","(6.299, 7.003]","(6.567, 7.425]","(3.2350000000000003, 7.003]",*
6.868603895081705,"(6.567, 7.003]","(6.744, 7.259]","(6.299, 7.003]","(6.567, 7.425]","(3.2350000000000003, 7.003]",*
6.868717214067629,"(6.567, 7.003]","(6.744, 7.259]","(6.299, 7.003]","(6.567, 7.425]","(3.2350000000000003, 7.003]",*
6.869613491834341,"(6.567, 7.003]","(6.744, 7.259]","(6.299, 7.003]","(6.567, 7.425]","(3.2350000000000003, 7.003]",*
6.870963691043309,"(6.567, 7.003]","(6.744, 7.259]","(6.299, 7.003]","(6.567, 7.425]","(3.2350000000000003, 7.003]",*
6.871037560937878,"(6.567, 7.003]","(6.744, 7.259]","(6.299, 7.003]","(6.567, 7.425]","(3.2350000000000003, 7.003]",*
6.8719803813657725,"(6.567, 7.003]","(6.744, 7.259]","(6.299, 7.003]","(6.567, 7.425]","(3.2350000000000003, 7.003]",*
6.872379547249247,"(6.567, 7.003]","(6.744, 7.259]","(6.299, 7.003]","(6.567, 7.425]","(3.2350000000000003, 7.003]",*
6.87253996800482,"(6.567, 7.003]","(6.744, 7.259]","(6.299, 7.003]","(6.567, 7.425]","(3.2350000000000003, 7.003]",*
6.873508166759943,"(6.567, 7.003]","(6.744, 7.259]","(6.299, 7.003]","(6.567, 7.425]","(3.2350000000000003, 7.003]",*
6.873655817517957,"(6.567, 7.003]","(6.744, 7.259]","(6.299, 7.003]","(6.567, 7.425]","(3.2350000000000003, 7.003]",*
6.874009026033251,"(6.567, 7.003]","(6.744, 7.259]","(6.299, 7.003]","(6.567, 7.425]","(3.2350000000000003, 7.003]",*
6.875062831297875,"(6.567, 7.003]","(6.744, 7.259]","(6.299, 7.003]","(6.567, 7.425]","(3.2350000000000003, 7.003]",*
6.876103638452416,"(6.567, 7.003]","(6.744, 7.259]","(6.299, 7.003]","(6.567, 7.425]","(3.2350000000000003, 7.003]",*
6.876150328884672,"(6.567, 7.003]","(6.744, 7.259]","(6.299, 7.003]","(6.567, 7.425]","(3.2350000000000003, 7.003]",*
6.876552907616008,"(6.567, 7.003]","(6.744, 7.259]","(6.299, 7.003]","(6.567, 7.425]","(3.2350000000000003, 7.003]",*
6.876883493387015,"(6.567, 7.003]","(6.744, 7.259]","(6.299, 7.003]","(6.567, 7.425]","(3.2350000000000003, 7.003]",*
6.8772302186035885,"(6.567, 7.003]","(6.744, 7.259]","(6.299, 7.003]","(6.567, 7.425]","(3.2350000000000003, 7.003]",*
6.879226239644122,"(6.567, 7.003]","(6.744, 7.259]","(6.299, 7.003]","(6.567, 7.425]","(3.2350000000000003, 7.003]",*
6.879693934365419,"(6.567, 7.003]","(6.744, 7.259]","(6.299, 7.003]","(6.567, 7.425]","(3.2350000000000003, 7.003]",*
6.8799539625176624,"(6.567, 7.003]","(6.744, 7.259]","(6.299, 7.003]","(6.567, 7.425]","(3.2350000000000003, 7.003]",*
6.880101498303968,"(6.567, 7.003]","(6.744, 7.259]","(6.299, 7.003]","(6.567, 7.425]","(3.2350000000000003, 7.003]",*
6.8811736473711465,"(6.567, 7.003]","(6.744, 7.259]","(6.299, 7.003]","(6.567, 7.425]","(3.2350000000000003, 7.003]",*
6.881398143145441,"(6.567, 7.003]","(6.744, 7.259]","(6.299, 7.003]","(6.567, 7.425]","(3.2350000000000003, 7.003]",*
6.882272763515643,"(6.567, 7.003]","(6.744, 7.259]","(6.299, 7.003]","(6.567, 7.425]","(3.2350000000000003, 7.003]",*
6.882918440146657,"(6.567, 7.003]","(6.744, 7.259]","(6.299, 7.003]","(6.567, 7.425]","(3.2350000000000003, 7.003]",*
6.883670877344088,"(6.567, 7.003]","(6.744, 7.259]","(6.299, 7.003]","(6.567, 7.425]","(3.2350000000000003, 7.003]",*
6.884096870218759,"(6.567, 7.003]","(6.744, 7.259]","(6.299, 7.003]","(6.567, 7.425]","(3.2350000000000003, 7.003]",*
6.885403845476214,"(6.567, 7.003]","(6.744, 7.259]","(6.299, 7.003]","(6.567, 7.425]","(3.2350000000000003, 7.003]",*
6.885661621974123,"(6.567, 7.003]","(6.744, 7.259]","(6.299, 7.003]","(6.567, 7.425]","(3.2350000000000003, 7.003]",*
6.887956036752465,"(6.567, 7.003]","(6.744, 7.259]","(6.299, 7.003]","(6.567, 7.425]","(3.2350000000000003, 7.003]",*
6.888068683033053,"(6.567, 7.003]","(6.744, 7.259]","(6.299, 7.003]","(6.567, 7.425]","(3.2350000000000003, 7.003]",*
6.888194935160503,"(6.567, 7.003]","(6.744, 7.259]","(6.299, 7.003]","(6.567, 7.425]","(3.2350000000000003, 7.003]",*
6.888205629009329,"(6.567, 7.003]","(6.744, 7.259]","(6.299, 7.003]","(6.567, 7.425]","(3.2350000000000003, 7.003]",*
6.88874140840397,"(6.567, 7.003]","(6.744, 7.259]","(6.299, 7.003]","(6.567, 7.425]","(3.2350000000000003, 7.003]",*
6.889478356843396,"(6.567, 7.003]","(6.744, 7.259]","(6.299, 7.003]","(6.567, 7.425]","(3.2350000000000003, 7.003]",*
6.890146149477808,"(6.567, 7.003]","(6.744, 7.259]","(6.299, 7.003]","(6.567, 7.425]","(3.2350000000000003, 7.003]",*
6.891043673946986,"(6.567, 7.003]","(6.744, 7.259]","(6.299, 7.003]","(6.567, 7.425]","(3.2350000000000003, 7.003]",*
6.891789698771351,"(6.567, 7.003]","(6.744, 7.259]","(6.299, 7.003]","(6.567, 7.425]","(3.2350000000000003, 7.003]",*
6.8919694931317945,"(6.567, 7.003]","(6.744, 7.259]","(6.299, 7.003]","(6.567, 7.425]","(3.2350000000000003, 7.003]",*
6.891980328926238,"(6.567, 7.003]","(6.744, 7.259]","(6.299, 7.003]","(6.567, 7.425]","(3.2350000000000003, 7.003]",*
6.892072492503365,"(6.567, 7.003]","(6.744, 7.259]","(6.299, 7.003]","(6.567, 7.425]","(3.2350000000000003, 7.003]",*
6.893908707137508,"(6.567, 7.003]","(6.744, 7.259]","(6.299, 7.003]","(6.567, 7.425]","(3.2350000000000003, 7.003]",*
6.895255218693983,"(6.567, 7.003]","(6.744, 7.259]","(6.299, 7.003]","(6.567, 7.425]","(3.2350000000000003, 7.003]",*
6.896793461218524,"(6.567, 7.003]","(6.744, 7.259]","(6.299, 7.003]","(6.567, 7.425]","(3.2350000000000003, 7.003]",*
6.896913561357826,"(6.567, 7.003]","(6.744, 7.259]","(6.299, 7.003]","(6.567, 7.425]","(3.2350000000000003, 7.003]",*
6.898846568957157,"(6.567, 7.003]","(6.744, 7.259]","(6.299, 7.003]","(6.567, 7.425]","(3.2350000000000003, 7.003]",*
6.899871596022022,"(6.567, 7.003]","(6.744, 7.259]","(6.299, 7.003]","(6.567, 7.425]","(3.2350000000000003, 7.003]",*
6.900568875467856,"(6.567, 7.003]","(6.744, 7.259]","(6.299, 7.003]","(6.567, 7.425]","(3.2350000000000003, 7.003]",*
6.9024854535784135,"(6.567, 7.003]","(6.744, 7.259]","(6.299, 7.003]","(6.567, 7.425]","(3.2350000000000003, 7.003]",*
6.903349154541358,"(6.567, 7.003]","(6.744, 7.259]","(6.299, 7.003]","(6.567, 7.425]","(3.2350000000000003, 7.003]",*
6.9038480737512735,"(6.567, 7.003]","(6.744, 7.259]","(6.299, 7.003]","(6.567, 7.425]","(3.2350000000000003, 7.003]",*
6.904110044399044,"(6.567, 7.003]","(6.744, 7.259]","(6.299, 7.003]","(6.567, 7.425]","(3.2350000000000003, 7.003]",*
6.904156350909818,"(6.567, 7.003]","(6.744, 7.259]","(6.299, 7.003]","(6.567, 7.425]","(3.2350000000000003, 7.003]",*
6.905424845802887,"(6.567, 7.003]","(6.744, 7.259]","(6.299, 7.003]","(6.567, 7.425]","(3.2350000000000003, 7.003]",*
6.905502816693762,"(6.567, 7.003]","(6.744, 7.259]","(6.299, 7.003]","(6.567, 7.425]","(3.2350000000000003, 7.003]",*
6.905514142945975,"(6.567, 7.003]","(6.744, 7.259]","(6.299, 7.003]","(6.567, 7.425]","(3.2350000000000003, 7.003]",*
6.905806011909739,"(6.567, 7.003]","(6.744, 7.259]","(6.299, 7.003]","(6.567, 7.425]","(3.2350000000000003, 7.003]",*
6.906675287439704,"(6.567, 7.003]","(6.744, 7.259]","(6.299, 7.003]","(6.567, 7.425]","(3.2350000000000003, 7.003]",*
6.906695715428585,"(6.567, 7.003]","(6.744, 7.259]","(6.299, 7.003]","(6.567, 7.425]","(3.2350000000000003, 7.003]",*
6.90729663198371,"(6.567, 7.003]","(6.744, 7.259]","(6.299, 7.003]","(6.567, 7.425]","(3.2350000000000003, 7.003]",*
6.908628308836759,"(6.567, 7.003]","(6.744, 7.259]","(6.299, 7.003]","(6.567, 7.425]","(3.2350000000000003, 7.003]",*
6.9086287076499655,"(6.567, 7.003]","(6.744, 7.259]","(6.299, 7.003]","(6.567, 7.425]","(3.2350000000000003, 7.003]",*
6.908681660986503,"(6.567, 7.003]","(6.744, 7.259]","(6.299, 7.003]","(6.567, 7.425]","(3.2350000000000003, 7.003]",*
6.908829672448301,"(6.567, 7.003]","(6.744, 7.259]","(6.299, 7.003]","(6.567, 7.425]","(3.2350000000000003, 7.003]",*
6.908870639841688,"(6.567, 7.003]","(6.744, 7.259]","(6.299, 7.003]","(6.567, 7.425]","(3.2350000000000003, 7.003]",*
6.9090746363987385,"(6.567, 7.003]","(6.744, 7.259]","(6.299, 7.003]","(6.567, 7.425]","(3.2350000000000003, 7.003]",*
6.909326581760941,"(6.567, 7.003]","(6.744, 7.259]","(6.299, 7.003]","(6.567, 7.425]","(3.2350000000000003, 7.003]",*
6.9096769013295285,"(6.567, 7.003]","(6.744, 7.259]","(6.299, 7.003]","(6.567, 7.425]","(3.2350000000000003, 7.003]",*
6.909836772515371,"(6.567, 7.003]","(6.744, 7.259]","(6.299, 7.003]","(6.567, 7.425]","(3.2350000000000003, 7.003]",*
6.911302585699708,"(6.567, 7.003]","(6.744, 7.259]","(6.299, 7.003]","(6.567, 7.425]","(3.2350000000000003, 7.003]",*
6.911358154145822,"(6.567, 7.003]","(6.744, 7.259]","(6.299, 7.003]","(6.567, 7.425]","(3.2350000000000003, 7.003]",*
6.91174261004152,"(6.567, 7.003]","(6.744, 7.259]","(6.299, 7.003]","(6.567, 7.425]","(3.2350000000000003, 7.003]",*
6.912043937205851,"(6.567, 7.003]","(6.744, 7.259]","(6.299, 7.003]","(6.567, 7.425]","(3.2350000000000003, 7.003]",*
6.9123363879364526,"(6.567, 7.003]","(6.744, 7.259]","(6.299, 7.003]","(6.567, 7.425]","(3.2350000000000003, 7.003]",*
6.912506241564933,"(6.567, 7.003]","(6.744, 7.259]","(6.299, 7.003]","(6.567, 7.425]","(3.2350000000000003, 7.003]",*
6.91313434551812,"(6.567, 7.003]","(6.744, 7.259]","(6.299, 7.003]","(6.567, 7.425]","(3.2350000000000003, 7.003]",*
6.913776479006685,"(6.567, 7.003]","(6.744, 7.259]","(6.299, 7.003]","(6.567, 7.425]","(3.2350000000000003, 7.003]",*
6.913781564036398,"(6.567, 7.003]","(6.744, 7.259]","(6.299, 7.003]","(6.567, 7.425]","(3.2350000000000003, 7.003]",*
6.91398963016356,"(6.567, 7.003]","(6.744, 7.259]","(6.299, 7.003]","(6.567, 7.425]","(3.2350000000000003, 7.003]",*
6.9141957695988205,"(6.567, 7.003]","(6.744, 7.259]","(6.299, 7.003]","(6.567, 7.425]","(3.2350000000000003, 7.003]",*
6.914308886759013,"(6.567, 7.003]","(6.744, 7.259]","(6.299, 7.003]","(6.567, 7.425]","(3.2350000000000003, 7.003]",*
6.914477691997732,"(6.567, 7.003]","(6.744, 7.259]","(6.299, 7.003]","(6.567, 7.425]","(3.2350000000000003, 7.003]",*
6.915264204989757,"(6.567, 7.003]","(6.744, 7.259]","(6.299, 7.003]","(6.567, 7.425]","(3.2350000000000003, 7.003]",*
6.915672322439167,"(6.567, 7.003]","(6.744, 7.259]","(6.299, 7.003]","(6.567, 7.425]","(3.2350000000000003, 7.003]",*
6.916142757909952,"(6.567, 7.003]","(6.744, 7.259]","(6.299, 7.003]","(6.567, 7.425]","(3.2350000000000003, 7.003]",*
6.916338173639076,"(6.567, 7.003]","(6.744, 7.259]","(6.299, 7.003]","(6.567, 7.425]","(3.2350000000000003, 7.003]",*
6.916735341654258,"(6.567, 7.003]","(6.744, 7.259]","(6.299, 7.003]","(6.567, 7.425]","(3.2350000000000003, 7.003]",*
6.916808181467376,"(6.567, 7.003]","(6.744, 7.259]","(6.299, 7.003]","(6.567, 7.425]","(3.2350000000000003, 7.003]",*
6.918738308805501,"(6.567, 7.003]","(6.744, 7.259]","(6.299, 7.003]","(6.567, 7.425]","(3.2350000000000003, 7.003]",*
6.9189302703238775,"(6.567, 7.003]","(6.744, 7.259]","(6.299, 7.003]","(6.567, 7.425]","(3.2350000000000003, 7.003]",*
6.919204136372873,"(6.567, 7.003]","(6.744, 7.259]","(6.299, 7.003]","(6.567, 7.425]","(3.2350000000000003, 7.003]",*
6.920409265187439,"(6.567, 7.003]","(6.744, 7.259]","(6.299, 7.003]","(6.567, 7.425]","(3.2350000000000003, 7.003]",*
6.920656534922634,"(6.567, 7.003]","(6.744, 7.259]","(6.299, 7.003]","(6.567, 7.425]","(3.2350000000000003, 7.003]",*
6.921320355617596,"(6.567, 7.003]","(6.744, 7.259]","(6.299, 7.003]","(6.567, 7.425]","(3.2350000000000003, 7.003]",*
6.921532164642504,"(6.567, 7.003]","(6.744, 7.259]","(6.299, 7.003]","(6.567, 7.425]","(3.2350000000000003, 7.003]",*
6.922515196657201,"(6.567, 7.003]","(6.744, 7.259]","(6.299, 7.003]","(6.567, 7.425]","(3.2350000000000003, 7.003]",*
6.922618314459048,"(6.567, 7.003]","(6.744, 7.259]","(6.299, 7.003]","(6.567, 7.425]","(3.2350000000000003, 7.003]",*
6.922914742693437,"(6.567, 7.003]","(6.744, 7.259]","(6.299, 7.003]","(6.567, 7.425]","(3.2350000000000003, 7.003]",*
6.923618931703742,"(6.567, 7.003]","(6.744, 7.259]","(6.299, 7.003]","(6.567, 7.425]","(3.2350000000000003, 7.003]",*
6.923705420025788,"(6.567, 7.003]","(6.744, 7.259]","(6.299, 7.003]","(6.567, 7.425]","(3.2350000000000003, 7.003]",*
6.923891860101048,"(6.567, 7.003]","(6.744, 7.259]","(6.299, 7.003]","(6.567, 7.425]","(3.2350000000000003, 7.003]",*
6.92462904622141,"(6.567, 7.003]","(6.744, 7.259]","(6.299, 7.003]","(6.567, 7.425]","(3.2350000000000003, 7.003]",*
6.924672833855533,"(6.567, 7.003]","(6.744, 7.259]","(6.299, 7.003]","(6.567, 7.425]","(3.2350000000000003, 7.003]",*
6.924873897015868,"(6.567, 7.003]","(6.744, 7.259]","(6.299, 7.003]","(6.567, 7.425]","(3.2350000000000003, 7.003]",*
6.925359976190999,"(6.567, 7.003]","(6.744, 7.259]","(6.299, 7.003]","(6.567, 7.425]","(3.2350000000000003, 7.003]",*
6.925560993916933,"(6.567, 7.003]","(6.744, 7.259]","(6.299, 7.003]","(6.567, 7.425]","(3.2350000000000003, 7.003]",*
6.927192256968223,"(6.567, 7.003]","(6.744, 7.259]","(6.299, 7.003]","(6.567, 7.425]","(3.2350000000000003, 7.003]",*
6.927319958057464,"(6.567, 7.003]","(6.744, 7.259]","(6.299, 7.003]","(6.567, 7.425]","(3.2350000000000003, 7.003]",*
6.927331435057634,"(6.567, 7.003]","(6.744, 7.259]","(6.299, 7.003]","(6.567, 7.425]","(3.2350000000000003, 7.003]",*
6.927858675306696,"(6.567, 7.003]","(6.744, 7.259]","(6.299, 7.003]","(6.567, 7.425]","(3.2350000000000003, 7.003]",*
6.929552575106618,"(6.567, 7.003]","(6.744, 7.259]","(6.299, 7.003]","(6.567, 7.425]","(3.2350000000000003, 7.003]",*
6.929686494751393,"(6.567, 7.003]","(6.744, 7.259]","(6.299, 7.003]","(6.567, 7.425]","(3.2350000000000003, 7.003]",*
6.931599944747356,"(6.567, 7.003]","(6.744, 7.259]","(6.299, 7.003]","(6.567, 7.425]","(3.2350000000000003, 7.003]",*
6.931703176501465,"(6.567, 7.003]","(6.744, 7.259]","(6.299, 7.003]","(6.567, 7.425]","(3.2350000000000003, 7.003]",*
6.932106077559912,"(6.567, 7.003]","(6.744, 7.259]","(6.299, 7.003]","(6.567, 7.425]","(3.2350000000000003, 7.003]",*
6.932756350447912,"(6.567, 7.003]","(6.744, 7.259]","(6.299, 7.003]","(6.567, 7.425]","(3.2350000000000003, 7.003]",*
6.933770891282848,"(6.567, 7.003]","(6.744, 7.259]","(6.299, 7.003]","(6.567, 7.425]","(3.2350000000000003, 7.003]",*
6.933969226169848,"(6.567, 7.003]","(6.744, 7.259]","(6.299, 7.003]","(6.567, 7.425]","(3.2350000000000003, 7.003]",*
6.93550997578942,"(6.567, 7.003]","(6.744, 7.259]","(6.299, 7.003]","(6.567, 7.425]","(3.2350000000000003, 7.003]",*
6.9365480243203645,"(6.567, 7.003]","(6.744, 7.259]","(6.299, 7.003]","(6.567, 7.425]","(3.2350000000000003, 7.003]",*
6.936776278606987,"(6.567, 7.003]","(6.744, 7.259]","(6.299, 7.003]","(6.567, 7.425]","(3.2350000000000003, 7.003]",*
6.937127028132983,"(6.567, 7.003]","(6.744, 7.259]","(6.299, 7.003]","(6.567, 7.425]","(3.2350000000000003, 7.003]",*
6.937160086501367,"(6.567, 7.003]","(6.744, 7.259]","(6.299, 7.003]","(6.567, 7.425]","(3.2350000000000003, 7.003]",*
6.937166765957015,"(6.567, 7.003]","(6.744, 7.259]","(6.299, 7.003]","(6.567, 7.425]","(3.2350000000000003, 7.003]",*
6.938066306882899,"(6.567, 7.003]","(6.744, 7.259]","(6.299, 7.003]","(6.567, 7.425]","(3.2350000000000003, 7.003]",*
6.938119167529867,"(6.567, 7.003]","(6.744, 7.259]","(6.299, 7.003]","(6.567, 7.425]","(3.2350000000000003, 7.003]",*
6.9389081525290255,"(6.567, 7.003]","(6.744, 7.259]","(6.299, 7.003]","(6.567, 7.425]","(3.2350000000000003, 7.003]",*
6.939158711641504,"(6.567, 7.003]","(6.744, 7.259]","(6.299, 7.003]","(6.567, 7.425]","(3.2350000000000003, 7.003]",*
6.940595330270735,"(6.567, 7.003]","(6.744, 7.259]","(6.299, 7.003]","(6.567, 7.425]","(3.2350000000000003, 7.003]",*
6.940807628202706,"(6.567, 7.003]","(6.744, 7.259]","(6.299, 7.003]","(6.567, 7.425]","(3.2350000000000003, 7.003]",*
6.940896299394872,"(6.567, 7.003]","(6.744, 7.259]","(6.299, 7.003]","(6.567, 7.425]","(3.2350000000000003, 7.003]",*
6.94123782799866,"(6.567, 7.003]","(6.744, 7.259]","(6.299, 7.003]","(6.567, 7.425]","(3.2350000000000003, 7.003]",*
6.942143477150176,"(6.567, 7.003]","(6.744, 7.259]","(6.299, 7.003]","(6.567, 7.425]","(3.2350000000000003, 7.003]",*
6.942240487907443,"(6.567, 7.003]","(6.744, 7.259]","(6.299, 7.003]","(6.567, 7.425]","(3.2350000000000003, 7.003]",*
6.942446144234532,"(6.567, 7.003]","(6.744, 7.259]","(6.299, 7.003]","(6.567, 7.425]","(3.2350000000000003, 7.003]",*
6.9425310971467615,"(6.567, 7.003]","(6.744, 7.259]","(6.299, 7.003]","(6.567, 7.425]","(3.2350000000000003, 7.003]",*
6.9429898309605305,"(6.567, 7.003]","(6.744, 7.259]","(6.299, 7.003]","(6.567, 7.425]","(3.2350000000000003, 7.003]",*
6.943591233491478,"(6.567, 7.003]","(6.744, 7.259]","(6.299, 7.003]","(6.567, 7.425]","(3.2350000000000003, 7.003]",*
6.945083996968639,"(6.567, 7.003]","(6.744, 7.259]","(6.299, 7.003]","(6.567, 7.425]","(3.2350000000000003, 7.003]",*
6.945353087930613,"(6.567, 7.003]","(6.744, 7.259]","(6.299, 7.003]","(6.567, 7.425]","(3.2350000000000003, 7.003]",*
6.94646555994736,"(6.567, 7.003]","(6.744, 7.259]","(6.299, 7.003]","(6.567, 7.425]","(3.2350000000000003, 7.003]",*
6.946618148698149,"(6.567, 7.003]","(6.744, 7.259]","(6.299, 7.003]","(6.567, 7.425]","(3.2350000000000003, 7.003]",*
6.946762926081783,"(6.567, 7.003]","(6.744, 7.259]","(6.299, 7.003]","(6.567, 7.425]","(3.2350000000000003, 7.003]",*
6.947640453571394,"(6.567, 7.003]","(6.744, 7.259]","(6.299, 7.003]","(6.567, 7.425]","(3.2350000000000003, 7.003]",*
6.94796718403158,"(6.567, 7.003]","(6.744, 7.259]","(6.299, 7.003]","(6.567, 7.425]","(3.2350000000000003, 7.003]",*
6.948013288482724,"(6.567, 7.003]","(6.744, 7.259]","(6.299, 7.003]","(6.567, 7.425]","(3.2350000000000003, 7.003]",*
6.948152213822852,"(6.567, 7.003]","(6.744, 7.259]","(6.299, 7.003]","(6.567, 7.425]","(3.2350000000000003, 7.003]",*
6.949108920124765,"(6.567, 7.003]","(6.744, 7.259]","(6.299, 7.003]","(6.567, 7.425]","(3.2350000000000003, 7.003]",*
6.949333598222108,"(6.567, 7.003]","(6.744, 7.259]","(6.299, 7.003]","(6.567, 7.425]","(3.2350000000000003, 7.003]",*
6.95073081475901,"(6.567, 7.003]","(6.744, 7.259]","(6.299, 7.003]","(6.567, 7.425]","(3.2350000000000003, 7.003]",*
6.951254520818972,"(6.567, 7.003]","(6.744, 7.259]","(6.299, 7.003]","(6.567, 7.425]","(3.2350000000000003, 7.003]",*
6.951617256864557,"(6.567, 7.003]","(6.744, 7.259]","(6.299, 7.003]","(6.567, 7.425]","(3.2350000000000003, 7.003]",*
6.952026673761361,"(6.567, 7.003]","(6.744, 7.259]","(6.299, 7.003]","(6.567, 7.425]","(3.2350000000000003, 7.003]",*
6.952195766338214,"(6.567, 7.003]","(6.744, 7.259]","(6.299, 7.003]","(6.567, 7.425]","(3.2350000000000003, 7.003]",*
6.952632517478572,"(6.567, 7.003]","(6.744, 7.259]","(6.299, 7.003]","(6.567, 7.425]","(3.2350000000000003, 7.003]",*
6.952699365650923,"(6.567, 7.003]","(6.744, 7.259]","(6.299, 7.003]","(6.567, 7.425]","(3.2350000000000003, 7.003]",*
6.9535251080168985,"(6.567, 7.003]","(6.744, 7.259]","(6.299, 7.003]","(6.567, 7.425]","(3.2350000000000003, 7.003]",*
6.95377053618745,"(6.567, 7.003]","(6.744, 7.259]","(6.299, 7.003]","(6.567, 7.425]","(3.2350000000000003, 7.003]",*
6.955095611315159,"(6.567, 7.003]","(6.744, 7.259]","(6.299, 7.003]","(6.567, 7.425]","(3.2350000000000003, 7.003]",*
6.955787865195319,"(6.567, 7.003]","(6.744, 7.259]","(6.299, 7.003]","(6.567, 7.425]","(3.2350000000000003, 7.003]",*
6.95593393234128,"(6.567, 7.003]","(6.744, 7.259]","(6.299, 7.003]","(6.567, 7.425]","(3.2350000000000003, 7.003]",*
6.956719193148367,"(6.567, 7.003]","(6.744, 7.259]","(6.299, 7.003]","(6.567, 7.425]","(3.2350000000000003, 7.003]",*
6.95693782124657,"(6.567, 7.003]","(6.744, 7.259]","(6.299, 7.003]","(6.567, 7.425]","(3.2350000000000003, 7.003]",*
6.958953150127223,"(6.567, 7.003]","(6.744, 7.259]","(6.299, 7.003]","(6.567, 7.425]","(3.2350000000000003, 7.003]",*
6.959055603791697,"(6.567, 7.003]","(6.744, 7.259]","(6.299, 7.003]","(6.567, 7.425]","(3.2350000000000003, 7.003]",*
6.960605519460692,"(6.567, 7.003]","(6.744, 7.259]","(6.299, 7.003]","(6.567, 7.425]","(3.2350000000000003, 7.003]",*
6.962139585714704,"(6.567, 7.003]","(6.744, 7.259]","(6.299, 7.003]","(6.567, 7.425]","(3.2350000000000003, 7.003]",*
6.962538329339341,"(6.567, 7.003]","(6.744, 7.259]","(6.299, 7.003]","(6.567, 7.425]","(3.2350000000000003, 7.003]",*
6.963085076613166,"(6.567, 7.003]","(6.744, 7.259]","(6.299, 7.003]","(6.567, 7.425]","(3.2350000000000003, 7.003]",*
6.9638754756983205,"(6.567, 7.003]","(6.744, 7.259]","(6.299, 7.003]","(6.567, 7.425]","(3.2350000000000003, 7.003]",*
6.964616001913247,"(6.567, 7.003]","(6.744, 7.259]","(6.299, 7.003]","(6.567, 7.425]","(3.2350000000000003, 7.003]",*
6.965111002158839,"(6.567, 7.003]","(6.744, 7.259]","(6.299, 7.003]","(6.567, 7.425]","(3.2350000000000003, 7.003]",*
6.965764485559603,"(6.567, 7.003]","(6.744, 7.259]","(6.299, 7.003]","(6.567, 7.425]","(3.2350000000000003, 7.003]",*
6.966071815600474,"(6.567, 7.003]","(6.744, 7.259]","(6.299, 7.003]","(6.567, 7.425]","(3.2350000000000003, 7.003]",*
6.967134874676647,"(6.567, 7.003]","(6.744, 7.259]","(6.299, 7.003]","(6.567, 7.425]","(3.2350000000000003, 7.003]",*
6.968282496975187,"(6.567, 7.003]","(6.744, 7.259]","(6.299, 7.003]","(6.567, 7.425]","(3.2350000000000003, 7.003]",*
6.969330818788066,"(6.567, 7.003]","(6.744, 7.259]","(6.299, 7.003]","(6.567, 7.425]","(3.2350000000000003, 7.003]",*
6.969909982800707,"(6.567, 7.003]","(6.744, 7.259]","(6.299, 7.003]","(6.567, 7.425]","(3.2350000000000003, 7.003]",*
6.9701271790462815,"(6.567, 7.003]","(6.744, 7.259]","(6.299, 7.003]","(6.567, 7.425]","(3.2350000000000003, 7.003]",*
6.971292637981097,"(6.567, 7.003]","(6.744, 7.259]","(6.299, 7.003]","(6.567, 7.425]","(3.2350000000000003, 7.003]",*
6.971331701061323,"(6.567, 7.003]","(6.744, 7.259]","(6.299, 7.003]","(6.567, 7.425]","(3.2350000000000003, 7.003]",*
6.971686393834673,"(6.567, 7.003]","(6.744, 7.259]","(6.299, 7.003]","(6.567, 7.425]","(3.2350000000000003, 7.003]",*
6.972646085737695,"(6.567, 7.003]","(6.744, 7.259]","(6.299, 7.003]","(6.567, 7.425]","(3.2350000000000003, 7.003]",*
6.972863895313539,"(6.567, 7.003]","(6.744, 7.259]","(6.299, 7.003]","(6.567, 7.425]","(3.2350000000000003, 7.003]",*
6.973151031287695,"(6.567, 7.003]","(6.744, 7.259]","(6.299, 7.003]","(6.567, 7.425]","(3.2350000000000003, 7.003]",*
6.973450286358421,"(6.567, 7.003]","(6.744, 7.259]","(6.299, 7.003]","(6.567, 7.425]","(3.2350000000000003, 7.003]",*
6.973464021816136,"(6.567, 7.003]","(6.744, 7.259]","(6.299, 7.003]","(6.567, 7.425]","(3.2350000000000003, 7.003]",*
6.973520293993009,"(6.567, 7.003]","(6.744, 7.259]","(6.299, 7.003]","(6.567, 7.425]","(3.2350000000000003, 7.003]",*
6.973586841157463,"(6.567, 7.003]","(6.744, 7.259]","(6.299, 7.003]","(6.567, 7.425]","(3.2350000000000003, 7.003]",*
6.974087971457863,"(6.567, 7.003]","(6.744, 7.259]","(6.299, 7.003]","(6.567, 7.425]","(3.2350000000000003, 7.003]",*
6.974340367091548,"(6.567, 7.003]","(6.744, 7.259]","(6.299, 7.003]","(6.567, 7.425]","(3.2350000000000003, 7.003]",*
6.974424476247384,"(6.567, 7.003]","(6.744, 7.259]","(6.299, 7.003]","(6.567, 7.425]","(3.2350000000000003, 7.003]",*
6.974804487187535,"(6.567, 7.003]","(6.744, 7.259]","(6.299, 7.003]","(6.567, 7.425]","(3.2350000000000003, 7.003]",*
6.97491649266299,"(6.567, 7.003]","(6.744, 7.259]","(6.299, 7.003]","(6.567, 7.425]","(3.2350000000000003, 7.003]",*
6.975128032999982,"(6.567, 7.003]","(6.744, 7.259]","(6.299, 7.003]","(6.567, 7.425]","(3.2350000000000003, 7.003]",*
6.975733309638358,"(6.567, 7.003]","(6.744, 7.259]","(6.299, 7.003]","(6.567, 7.425]","(3.2350000000000003, 7.003]",*
6.97632647050555,"(6.567, 7.003]","(6.744, 7.259]","(6.299, 7.003]","(6.567, 7.425]","(3.2350000000000003, 7.003]",*
6.976381319424375,"(6.567, 7.003]","(6.744, 7.259]","(6.299, 7.003]","(6.567, 7.425]","(3.2350000000000003, 7.003]",*
6.977103331552937,"(6.567, 7.003]","(6.744, 7.259]","(6.299, 7.003]","(6.567, 7.425]","(3.2350000000000003, 7.003]",*
6.977569051618565,"(6.567, 7.003]","(6.744, 7.259]","(6.299, 7.003]","(6.567, 7.425]","(3.2350000000000003, 7.003]",*
6.977794393197383,"(6.567, 7.003]","(6.744, 7.259]","(6.299, 7.003]","(6.567, 7.425]","(3.2350000000000003, 7.003]",*
6.978127663874532,"(6.567, 7.003]","(6.744, 7.259]","(6.299, 7.003]","(6.567, 7.425]","(3.2350000000000003, 7.003]",*
6.9788654781363295,"(6.567, 7.003]","(6.744, 7.259]","(6.299, 7.003]","(6.567, 7.425]","(3.2350000000000003, 7.003]",*
6.979307782806281,"(6.567, 7.003]","(6.744, 7.259]","(6.299, 7.003]","(6.567, 7.425]","(3.2350000000000003, 7.003]",*
6.979466290960652,"(6.567, 7.003]","(6.744, 7.259]","(6.299, 7.003]","(6.567, 7.425]","(3.2350000000000003, 7.003]",*
6.979584062776167,"(6.567, 7.003]","(6.744, 7.259]","(6.299, 7.003]","(6.567, 7.425]","(3.2350000000000003, 7.003]",*
6.979752379208059,"(6.567, 7.003]","(6.744, 7.259]","(6.299, 7.003]","(6.567, 7.425]","(3.2350000000000003, 7.003]",*
6.979764638407414,"(6.567, 7.003]","(6.744, 7.259]","(6.299, 7.003]","(6.567, 7.425]","(3.2350000000000003, 7.003]",*
6.98027412807717,"(6.567, 7.003]","(6.744, 7.259]","(6.299, 7.003]","(6.567, 7.425]","(3.2350000000000003, 7.003]",*
6.980574623670182,"(6.567, 7.003]","(6.744, 7.259]","(6.299, 7.003]","(6.567, 7.425]","(3.2350000000000003, 7.003]",*
6.98071306059361,"(6.567, 7.003]","(6.744, 7.259]","(6.299, 7.003]","(6.567, 7.425]","(3.2350000000000003, 7.003]",*
6.981246600259586,"(6.567, 7.003]","(6.744, 7.259]","(6.299, 7.003]","(6.567, 7.425]","(3.2350000000000003, 7.003]",*
6.981247859614665,"(6.567, 7.003]","(6.744, 7.259]","(6.299, 7.003]","(6.567, 7.425]","(3.2350000000000003, 7.003]",*
6.981984298910335,"(6.567, 7.003]","(6.744, 7.259]","(6.299, 7.003]","(6.567, 7.425]","(3.2350000000000003, 7.003]",*
6.982130878816018,"(6.567, 7.003]","(6.744, 7.259]","(6.299, 7.003]","(6.567, 7.425]","(3.2350000000000003, 7.003]",*
6.982497610327788,"(6.567, 7.003]","(6.744, 7.259]","(6.299, 7.003]","(6.567, 7.425]","(3.2350000000000003, 7.003]",*
6.9827782347220335,"(6.567, 7.003]","(6.744, 7.259]","(6.299, 7.003]","(6.567, 7.425]","(3.2350000000000003, 7.003]",*
6.98417078020893,"(6.567, 7.003]","(6.744, 7.259]","(6.299, 7.003]","(6.567, 7.425]","(3.2350000000000003, 7.003]",*
6.984770177114936,"(6.567, 7.003]","(6.744, 7.259]","(6.299, 7.003]","(6.567, 7.425]","(3.2350000000000003, 7.003]",*
6.9863392015690495,"(6.567, 7.003]","(6.744, 7.259]","(6.299, 7.003]","(6.567, 7.425]","(3.2350000000000003, 7.003]",*
6.986395020095966,"(6.567, 7.003]","(6.744, 7.259]","(6.299, 7.003]","(6.567, 7.425]","(3.2350000000000003, 7.003]",*
6.986446484258008,"(6.567, 7.003]","(6.744, 7.259]","(6.299, 7.003]","(6.567, 7.425]","(3.2350000000000003, 7.003]",*
6.986629964703183,"(6.567, 7.003]","(6.744, 7.259]","(6.299, 7.003]","(6.567, 7.425]","(3.2350000000000003, 7.003]",*
6.987216613873775,"(6.567, 7.003]","(6.744, 7.259]","(6.299, 7.003]","(6.567, 7.425]","(3.2350000000000003, 7.003]",*
6.987367713866961,"(6.567, 7.003]","(6.744, 7.259]","(6.299, 7.003]","(6.567, 7.425]","(3.2350000000000003, 7.003]",*
6.987750670289528,"(6.567, 7.003]","(6.744, 7.259]","(6.299, 7.003]","(6.567, 7.425]","(3.2350000000000003, 7.003]",*
6.98875353866204,"(6.567, 7.003]","(6.744, 7.259]","(6.299, 7.003]","(6.567, 7.425]","(3.2350000000000003, 7.003]",*
6.9888177423802285,"(6.567, 7.003]","(6.744, 7.259]","(6.299, 7.003]","(6.567, 7.425]","(3.2350000000000003, 7.003]",*
6.988851756849438,"(6.567, 7.003]","(6.744, 7.259]","(6.299, 7.003]","(6.567, 7.425]","(3.2350000000000003, 7.003]",*
6.989189233625412,"(6.567, 7.003]","(6.744, 7.259]","(6.299, 7.003]","(6.567, 7.425]","(3.2350000000000003, 7.003]",*
6.9900461102865705,"(6.567, 7.003]","(6.744, 7.259]","(6.299, 7.003]","(6.567, 7.425]","(3.2350000000000003, 7.003]",*
6.990591388588319,"(6.567, 7.003]","(6.744, 7.259]","(6.299, 7.003]","(6.567, 7.425]","(3.2350000000000003, 7.003]",*
6.990744746311183,"(6.567, 7.003]","(6.744, 7.259]","(6.299, 7.003]","(6.567, 7.425]","(3.2350000000000003, 7.003]",*
6.991454347801369,"(6.567, 7.003]","(6.744, 7.259]","(6.299, 7.003]","(6.567, 7.425]","(3.2350000000000003, 7.003]",*
6.992438008457405,"(6.567, 7.003]","(6.744, 7.259]","(6.299, 7.003]","(6.567, 7.425]","(3.2350000000000003, 7.003]",*
6.992698756791841,"(6.567, 7.003]","(6.744, 7.259]","(6.299, 7.003]","(6.567, 7.425]","(3.2350000000000003, 7.003]",*
6.992732532187919,"(6.567, 7.003]","(6.744, 7.259]","(6.299, 7.003]","(6.567, 7.425]","(3.2350000000000003, 7.003]",*
6.993422377988178,"(6.567, 7.003]","(6.744, 7.259]","(6.299, 7.003]","(6.567, 7.425]","(3.2350000000000003, 7.003]",*
6.993504075778582,"(6.567, 7.003]","(6.744, 7.259]","(6.299, 7.003]","(6.567, 7.425]","(3.2350000000000003, 7.003]",*
6.99401590424023,"(6.567, 7.003]","(6.744, 7.259]","(6.299, 7.003]","(6.567, 7.425]","(3.2350000000000003, 7.003]",*
6.995179317892068,"(6.567, 7.003]","(6.744, 7.259]","(6.299, 7.003]","(6.567, 7.425]","(3.2350000000000003, 7.003]",*
6.995307464955513,"(6.567, 7.003]","(6.744, 7.259]","(6.299, 7.003]","(6.567, 7.425]","(3.2350000000000003, 7.003]",*
6.995603465984613,"(6.567, 7.003]","(6.744, 7.259]","(6.299, 7.003]","(6.567, 7.425]","(3.2350000000000003, 7.003]",*
6.996114100329441,"(6.567, 7.003]","(6.744, 7.259]","(6.299, 7.003]","(6.567, 7.425]","(3.2350000000000003, 7.003]",*
6.996336096107737,"(6.567, 7.003]","(6.744, 7.259]","(6.299, 7.003]","(6.567, 7.425]","(3.2350000000000003, 7.003]",*
6.996383045073816,"(6.567, 7.003]","(6.744, 7.259]","(6.299, 7.003]","(6.567, 7.425]","(3.2350000000000003, 7.003]",*
6.9972846586243325,"(6.567, 7.003]","(6.744, 7.259]","(6.299, 7.003]","(6.567, 7.425]","(3.2350000000000003, 7.003]",*
6.997699537838021,"(6.567, 7.003]","(6.744, 7.259]","(6.299, 7.003]","(6.567, 7.425]","(3.2350000000000003, 7.003]",*
6.9989246405763685,"(6.567, 7.003]","(6.744, 7.259]","(6.299, 7.003]","(6.567, 7.425]","(3.2350000000000003, 7.003]",*
6.999044967279513,"(6.567, 7.003]","(6.744, 7.259]","(6.299, 7.003]","(6.567, 7.425]","(3.2350000000000003, 7.003]",*
6.999391857911903,"(6.567, 7.003]","(6.744, 7.259]","(6.299, 7.003]","(6.567, 7.425]","(3.2350000000000003, 7.003]",*
6.999579342248532,"(6.567, 7.003]","(6.744, 7.259]","(6.299, 7.003]","(6.567, 7.425]","(3.2350000000000003, 7.003]",*
7.000667095718268,"(6.567, 7.003]","(6.744, 7.259]","(6.299, 7.003]","(6.567, 7.425]","(3.2350000000000003, 7.003]",*
7.001099726799152,"(6.567, 7.003]","(6.744, 7.259]","(6.299, 7.003]","(6.567, 7.425]","(3.2350000000000003, 7.003]",*
7.001636667164867,"(6.567, 7.003]","(6.744, 7.259]","(6.299, 7.003]","(6.567, 7.425]","(3.2350000000000003, 7.003]",*
7.001947254244608,"(6.567, 7.003]","(6.744, 7.259]","(6.299, 7.003]","(6.567, 7.425]","(3.2350000000000003, 7.003]",*
7.002023943967577,"(6.567, 7.003]","(6.744, 7.259]","(6.299, 7.003]","(6.567, 7.425]","(3.2350000000000003, 7.003]",*
7.002164062409196,"(6.567, 7.003]","(6.744, 7.259]","(6.299, 7.003]","(6.567, 7.425]","(3.2350000000000003, 7.003]",*
7.0023266199799705,"(6.567, 7.003]","(6.744, 7.259]","(6.299, 7.003]","(6.567, 7.425]","(3.2350000000000003, 7.003]",*
7.002685868780187,"(6.567, 7.003]","(6.744, 7.259]","(6.299, 7.003]","(6.567, 7.425]","(3.2350000000000003, 7.003]",*
7.002864274301249,"(6.567, 7.003]","(6.744, 7.259]","(6.299, 7.003]","(6.567, 7.425]","(3.2350000000000003, 7.003]",*
7.002939700102618,"(7.003, 7.425]","(6.744, 7.259]","(7.003, 7.666]","(6.567, 7.425]","(7.003, 10.76]",*
7.003187620232634,"(7.003, 7.425]","(6.744, 7.259]","(7.003, 7.666]","(6.567, 7.425]","(7.003, 10.76]",*
7.003715444800074,"(7.003, 7.425]","(6.744, 7.259]","(7.003, 7.666]","(6.567, 7.425]","(7.003, 10.76]",*
7.003990869620901,"(7.003, 7.425]","(6.744, 7.259]","(7.003, 7.666]","(6.567, 7.425]","(7.003, 10.76]",*
7.004693668052233,"(7.003, 7.425]","(6.744, 7.259]","(7.003, 7.666]","(6.567, 7.425]","(7.003, 10.76]",*
7.004803041224999,"(7.003, 7.425]","(6.744, 7.259]","(7.003, 7.666]","(6.567, 7.425]","(7.003, 10.76]",*
7.0062849527328765,"(7.003, 7.425]","(6.744, 7.259]","(7.003, 7.666]","(6.567, 7.425]","(7.003, 10.76]",*
7.006551310794502,"(7.003, 7.425]","(6.744, 7.259]","(7.003, 7.666]","(6.567, 7.425]","(7.003, 10.76]",*
7.006987009368182,"(7.003, 7.425]","(6.744, 7.259]","(7.003, 7.666]","(6.567, 7.425]","(7.003, 10.76]",*
7.007676165647252,"(7.003, 7.425]","(6.744, 7.259]","(7.003, 7.666]","(6.567, 7.425]","(7.003, 10.76]",*
7.008427330186108,"(7.003, 7.425]","(6.744, 7.259]","(7.003, 7.666]","(6.567, 7.425]","(7.003, 10.76]",*
7.009128593641082,"(7.003, 7.425]","(6.744, 7.259]","(7.003, 7.666]","(6.567, 7.425]","(7.003, 10.76]",*
7.009188142792237,"(7.003, 7.425]","(6.744, 7.259]","(7.003, 7.666]","(6.567, 7.425]","(7.003, 10.76]",*
7.009803231448402,"(7.003, 7.425]","(6.744, 7.259]","(7.003, 7.666]","(6.567, 7.425]","(7.003, 10.76]",*
7.009953998211392,"(7.003, 7.425]","(6.744, 7.259]","(7.003, 7.666]","(6.567, 7.425]","(7.003, 10.76]",*
7.01005188921746,"(7.003, 7.425]","(6.744, 7.259]","(7.003, 7.666]","(6.567, 7.425]","(7.003, 10.76]",*
7.0102531827671095,"(7.003, 7.425]","(6.744, 7.259]","(7.003, 7.666]","(6.567, 7.425]","(7.003, 10.76]",*
7.0114928400830685,"(7.003, 7.425]","(6.744, 7.259]","(7.003, 7.666]","(6.567, 7.425]","(7.003, 10.76]",*
7.012554223800984,"(7.003, 7.425]","(6.744, 7.259]","(7.003, 7.666]","(6.567, 7.425]","(7.003, 10.76]",*
7.013863953271231,"(7.003, 7.425]","(6.744, 7.259]","(7.003, 7.666]","(6.567, 7.425]","(7.003, 10.76]",*
7.014097560696638,"(7.003, 7.425]","(6.744, 7.259]","(7.003, 7.666]","(6.567, 7.425]","(7.003, 10.76]",*
7.0143146411558375,"(7.003, 7.425]","(6.744, 7.259]","(7.003, 7.666]","(6.567, 7.425]","(7.003, 10.76]",*
7.014834535328316,"(7.003, 7.425]","(6.744, 7.259]","(7.003, 7.666]","(6.567, 7.425]","(7.003, 10.76]",*
7.0152529741275975,"(7.003, 7.425]","(6.744, 7.259]","(7.003, 7.666]","(6.567, 7.425]","(7.003, 10.76]",*
7.015317326319561,"(7.003, 7.425]","(6.744, 7.259]","(7.003, 7.666]","(6.567, 7.425]","(7.003, 10.76]",*
7.01533955003256,"(7.003, 7.425]","(6.744, 7.259]","(7.003, 7.666]","(6.567, 7.425]","(7.003, 10.76]",*
7.015360009254885,"(7.003, 7.425]","(6.744, 7.259]","(7.003, 7.666]","(6.567, 7.425]","(7.003, 10.76]",*
7.015781826087438,"(7.003, 7.425]","(6.744, 7.259]","(7.003, 7.666]","(6.567, 7.425]","(7.003, 10.76]",*
7.017304323987932,"(7.003, 7.425]","(6.744, 7.259]","(7.003, 7.666]","(6.567, 7.425]","(7.003, 10.76]",*
7.0175527207786725,"(7.003, 7.425]","(6.744, 7.259]","(7.003, 7.666]","(6.567, 7.425]","(7.003, 10.76]",*
7.017644669338551,"(7.003, 7.425]","(6.744, 7.259]","(7.003, 7.666]","(6.567, 7.425]","(7.003, 10.76]",*
7.017751112890995,"(7.003, 7.425]","(6.744, 7.259]","(7.003, 7.666]","(6.567, 7.425]","(7.003, 10.76]",*
7.018083428551858,"(7.003, 7.425]","(6.744, 7.259]","(7.003, 7.666]","(6.567, 7.425]","(7.003, 10.76]",*
7.019923507703028,"(7.003, 7.425]","(6.744, 7.259]","(7.003, 7.666]","(6.567, 7.425]","(7.003, 10.76]",*
7.020757422825683,"(7.003, 7.425]","(6.744, 7.259]","(7.003, 7.666]","(6.567, 7.425]","(7.003, 10.76]",*
7.021252354277723,"(7.003, 7.425]","(6.744, 7.259]","(7.003, 7.666]","(6.567, 7.425]","(7.003, 10.76]",*
7.021787448466911,"(7.003, 7.425]","(6.744, 7.259]","(7.003, 7.666]","(6.567, 7.425]","(7.003, 10.76]",*
7.02252907535595,"(7.003, 7.425]","(6.744, 7.259]","(7.003, 7.666]","(6.567, 7.425]","(7.003, 10.76]",*
7.022722481989902,"(7.003, 7.425]","(6.744, 7.259]","(7.003, 7.666]","(6.567, 7.425]","(7.003, 10.76]",*
7.022862754648264,"(7.003, 7.425]","(6.744, 7.259]","(7.003, 7.666]","(6.567, 7.425]","(7.003, 10.76]",*
7.02340255705078,"(7.003, 7.425]","(6.744, 7.259]","(7.003, 7.666]","(6.567, 7.425]","(7.003, 10.76]",*
7.024057969915752,"(7.003, 7.425]","(6.744, 7.259]","(7.003, 7.666]","(6.567, 7.425]","(7.003, 10.76]",*
7.0253050375768815,"(7.003, 7.425]","(6.744, 7.259]","(7.003, 7.666]","(6.567, 7.425]","(7.003, 10.76]",*
7.0254808221099045,"(7.003, 7.425]","(6.744, 7.259]","(7.003, 7.666]","(6.567, 7.425]","(7.003, 10.76]",*
7.025530481642872,"(7.003, 7.425]","(6.744, 7.259]","(7.003, 7.666]","(6.567, 7.425]","(7.003, 10.76]",*
7.025588107238152,"(7.003, 7.425]","(6.744, 7.259]","(7.003, 7.666]","(6.567, 7.425]","(7.003, 10.76]",*
7.025781900047371,"(7.003, 7.425]","(6.744, 7.259]","(7.003, 7.666]","(6.567, 7.425]","(7.003, 10.76]",*
7.025941328096184,"(7.003, 7.425]","(6.744, 7.259]","(7.003, 7.666]","(6.567, 7.425]","(7.003, 10.76]",*
7.026753231053443,"(7.003, 7.425]","(6.744, 7.259]","(7.003, 7.666]","(6.567, 7.425]","(7.003, 10.76]",*
7.027355369061293,"(7.003, 7.425]","(6.744, 7.259]","(7.003, 7.666]","(6.567, 7.425]","(7.003, 10.76]",*
7.0276268389584216,"(7.003, 7.425]","(6.744, 7.259]","(7.003, 7.666]","(6.567, 7.425]","(7.003, 10.76]",*
7.028096444611446,"(7.003, 7.425]","(6.744, 7.259]","(7.003, 7.666]","(6.567, 7.425]","(7.003, 10.76]",*
7.028679218100344,"(7.003, 7.425]","(6.744, 7.259]","(7.003, 7.666]","(6.567, 7.425]","(7.003, 10.76]",*
7.028824445562259,"(7.003, 7.425]","(6.744, 7.259]","(7.003, 7.666]","(6.567, 7.425]","(7.003, 10.76]",*
7.0310406402565935,"(7.003, 7.425]","(6.744, 7.259]","(7.003, 7.666]","(6.567, 7.425]","(7.003, 10.76]",*
7.031462634293196,"(7.003, 7.425]","(6.744, 7.259]","(7.003, 7.666]","(6.567, 7.425]","(7.003, 10.76]",*
7.031684468546232,"(7.003, 7.425]","(6.744, 7.259]","(7.003, 7.666]","(6.567, 7.425]","(7.003, 10.76]",*
7.031799422900674,"(7.003, 7.425]","(6.744, 7.259]","(7.003, 7.666]","(6.567, 7.425]","(7.003, 10.76]",*
7.033852223683611,"(7.003, 7.425]","(6.744, 7.259]","(7.003, 7.666]","(6.567, 7.425]","(7.003, 10.76]",*
7.034591892831683,"(7.003, 7.425]","(6.744, 7.259]","(7.003, 7.666]","(6.567, 7.425]","(7.003, 10.76]",*
7.03476598759557,"(7.003, 7.425]","(6.744, 7.259]","(7.003, 7.666]","(6.567, 7.425]","(7.003, 10.76]",*
7.034869544865448,"(7.003, 7.425]","(6.744, 7.259]","(7.003, 7.666]","(6.567, 7.425]","(7.003, 10.76]",*
7.0350012916396905,"(7.003, 7.425]","(6.744, 7.259]","(7.003, 7.666]","(6.567, 7.425]","(7.003, 10.76]",*
7.035171035555559,"(7.003, 7.425]","(6.744, 7.259]","(7.003, 7.666]","(6.567, 7.425]","(7.003, 10.76]",*
7.035223613688981,"(7.003, 7.425]","(6.744, 7.259]","(7.003, 7.666]","(6.567, 7.425]","(7.003, 10.76]",*
7.03545074603493,"(7.003, 7.425]","(6.744, 7.259]","(7.003, 7.666]","(6.567, 7.425]","(7.003, 10.76]",*
7.035695848432209,"(7.003, 7.425]","(6.744, 7.259]","(7.003, 7.666]","(6.567, 7.425]","(7.003, 10.76]",*
7.036667011921425,"(7.003, 7.425]","(6.744, 7.259]","(7.003, 7.666]","(6.567, 7.425]","(7.003, 10.76]",*
7.037477117350623,"(7.003, 7.425]","(6.744, 7.259]","(7.003, 7.666]","(6.567, 7.425]","(7.003, 10.76]",*
7.038452372643868,"(7.003, 7.425]","(6.744, 7.259]","(7.003, 7.666]","(6.567, 7.425]","(7.003, 10.76]",*
7.0392266997225725,"(7.003, 7.425]","(6.744, 7.259]","(7.003, 7.666]","(6.567, 7.425]","(7.003, 10.76]",*
7.039477182858394,"(7.003, 7.425]","(6.744, 7.259]","(7.003, 7.666]","(6.567, 7.425]","(7.003, 10.76]",*
7.039707564158706,"(7.003, 7.425]","(6.744, 7.259]","(7.003, 7.666]","(6.567, 7.425]","(7.003, 10.76]",*
7.041855436493366,"(7.003, 7.425]","(6.744, 7.259]","(7.003, 7.666]","(6.567, 7.425]","(7.003, 10.76]",*
7.043611453029056,"(7.003, 7.425]","(6.744, 7.259]","(7.003, 7.666]","(6.567, 7.425]","(7.003, 10.76]",*
7.043864001343144,"(7.003, 7.425]","(6.744, 7.259]","(7.003, 7.666]","(6.567, 7.425]","(7.003, 10.76]",*
7.044419780751933,"(7.003, 7.425]","(6.744, 7.259]","(7.003, 7.666]","(6.567, 7.425]","(7.003, 10.76]",*
7.044911117703628,"(7.003, 7.425]","(6.744, 7.259]","(7.003, 7.666]","(6.567, 7.425]","(7.003, 10.76]",*
7.04524851047004,"(7.003, 7.425]","(6.744, 7.259]","(7.003, 7.666]","(6.567, 7.425]","(7.003, 10.76]",*
7.046225211232701,"(7.003, 7.425]","(6.744, 7.259]","(7.003, 7.666]","(6.567, 7.425]","(7.003, 10.76]",*
7.046825652018759,"(7.003, 7.425]","(6.744, 7.259]","(7.003, 7.666]","(6.567, 7.425]","(7.003, 10.76]",*
7.047338263455135,"(7.003, 7.425]","(6.744, 7.259]","(7.003, 7.666]","(6.567, 7.425]","(7.003, 10.76]",*
7.047435339189508,"(7.003, 7.425]","(6.744, 7.259]","(7.003, 7.666]","(6.567, 7.425]","(7.003, 10.76]",*
7.048169832187441,"(7.003, 7.425]","(6.744, 7.259]","(7.003, 7.666]","(6.567, 7.425]","(7.003, 10.76]",*
7.0499978009786055,"(7.003, 7.425]","(6.744, 7.259]","(7.003, 7.666]","(6.567, 7.425]","(7.003, 10.76]",*
7.05024196888111,"(7.003, 7.425]","(6.744, 7.259]","(7.003, 7.666]","(6.567, 7.425]","(7.003, 10.76]",*
7.050999423549683,"(7.003, 7.425]","(6.744, 7.259]","(7.003, 7.666]","(6.567, 7.425]","(7.003, 10.76]",*
7.051107730279536,"(7.003, 7.425]","(6.744, 7.259]","(7.003, 7.666]","(6.567, 7.425]","(7.003, 10.76]",*
7.051638797971361,"(7.003, 7.425]","(6.744, 7.259]","(7.003, 7.666]","(6.567, 7.425]","(7.003, 10.76]",*
7.052194979452711,"(7.003, 7.425]","(6.744, 7.259]","(7.003, 7.666]","(6.567, 7.425]","(7.003, 10.76]",*
7.053114136006313,"(7.003, 7.425]","(6.744, 7.259]","(7.003, 7.666]","(6.567, 7.425]","(7.003, 10.76]",*
7.053248075621503,"(7.003, 7.425]","(6.744, 7.259]","(7.003, 7.666]","(6.567, 7.425]","(7.003, 10.76]",*
7.053927147217856,"(7.003, 7.425]","(6.744, 7.259]","(7.003, 7.666]","(6.567, 7.425]","(7.003, 10.76]",*
7.054529483120222,"(7.003, 7.425]","(6.744, 7.259]","(7.003, 7.666]","(6.567, 7.425]","(7.003, 10.76]",*
7.056322216284362,"(7.003, 7.425]","(6.744, 7.259]","(7.003, 7.666]","(6.567, 7.425]","(7.003, 10.76]",*
7.0570619208843866,"(7.003, 7.425]","(6.744, 7.259]","(7.003, 7.666]","(6.567, 7.425]","(7.003, 10.76]",*
7.0571822610381485,"(7.003, 7.425]","(6.744, 7.259]","(7.003, 7.666]","(6.567, 7.425]","(7.003, 10.76]",*
7.05775799240006,"(7.003, 7.425]","(6.744, 7.259]","(7.003, 7.666]","(6.567, 7.425]","(7.003, 10.76]",*
7.057809809825171,"(7.003, 7.425]","(6.744, 7.259]","(7.003, 7.666]","(6.567, 7.425]","(7.003, 10.76]",*
7.058340474814804,"(7.003, 7.425]","(6.744, 7.259]","(7.003, 7.666]","(6.567, 7.425]","(7.003, 10.76]",*
7.058764827692587,"(7.003, 7.425]","(6.744, 7.259]","(7.003, 7.666]","(6.567, 7.425]","(7.003, 10.76]",*
7.0590699835533925,"(7.003, 7.425]","(6.744, 7.259]","(7.003, 7.666]","(6.567, 7.425]","(7.003, 10.76]",*
7.059952049148339,"(7.003, 7.425]","(6.744, 7.259]","(7.003, 7.666]","(6.567, 7.425]","(7.003, 10.76]",*
7.06003804578331,"(7.003, 7.425]","(6.744, 7.259]","(7.003, 7.666]","(6.567, 7.425]","(7.003, 10.76]",*
7.060080867551143,"(7.003, 7.425]","(6.744, 7.259]","(7.003, 7.666]","(6.567, 7.425]","(7.003, 10.76]",*
7.060329950587803,"(7.003, 7.425]","(6.744, 7.259]","(7.003, 7.666]","(6.567, 7.425]","(7.003, 10.76]",*
7.060467650457089,"(7.003, 7.425]","(6.744, 7.259]","(7.003, 7.666]","(6.567, 7.425]","(7.003, 10.76]",*
7.060692324483957,"(7.003, 7.425]","(6.744, 7.259]","(7.003, 7.666]","(6.567, 7.425]","(7.003, 10.76]",*
7.060947189283723,"(7.003, 7.425]","(6.744, 7.259]","(7.003, 7.666]","(6.567, 7.425]","(7.003, 10.76]",*
7.061030830322856,"(7.003, 7.425]","(6.744, 7.259]","(7.003, 7.666]","(6.567, 7.425]","(7.003, 10.76]",*
7.062268840476325,"(7.003, 7.425]","(6.744, 7.259]","(7.003, 7.666]","(6.567, 7.425]","(7.003, 10.76]",*
7.063085613532733,"(7.003, 7.425]","(6.744, 7.259]","(7.003, 7.666]","(6.567, 7.425]","(7.003, 10.76]",*
7.063683438622076,"(7.003, 7.425]","(6.744, 7.259]","(7.003, 7.666]","(6.567, 7.425]","(7.003, 10.76]",*
7.063988357697049,"(7.003, 7.425]","(6.744, 7.259]","(7.003, 7.666]","(6.567, 7.425]","(7.003, 10.76]",*
7.064811136062072,"(7.003, 7.425]","(6.744, 7.259]","(7.003, 7.666]","(6.567, 7.425]","(7.003, 10.76]",*
7.064878233328344,"(7.003, 7.425]","(6.744, 7.259]","(7.003, 7.666]","(6.567, 7.425]","(7.003, 10.76]",*
7.065028291858237,"(7.003, 7.425]","(6.744, 7.259]","(7.003, 7.666]","(6.567, 7.425]","(7.003, 10.76]",*
7.065434330888747,"(7.003, 7.425]","(6.744, 7.259]","(7.003, 7.666]","(6.567, 7.425]","(7.003, 10.76]",*
7.0657095737970295,"(7.003, 7.425]","(6.744, 7.259]","(7.003, 7.666]","(6.567, 7.425]","(7.003, 10.76]",*
7.065881856016147,"(7.003, 7.425]","(6.744, 7.259]","(7.003, 7.666]","(6.567, 7.425]","(7.003, 10.76]",*
7.066190381399277,"(7.003, 7.425]","(6.744, 7.259]","(7.003, 7.666]","(6.567, 7.425]","(7.003, 10.76]",*
7.066208738373227,"(7.003, 7.425]","(6.744, 7.259]","(7.003, 7.666]","(6.567, 7.425]","(7.003, 10.76]",*
7.06625423647963,"(7.003, 7.425]","(6.744, 7.259]","(7.003, 7.666]","(6.567, 7.425]","(7.003, 10.76]",*
7.0670649131324295,"(7.003, 7.425]","(6.744, 7.259]","(7.003, 7.666]","(6.567, 7.425]","(7.003, 10.76]",*
7.067327827555841,"(7.003, 7.425]","(6.744, 7.259]","(7.003, 7.666]","(6.567, 7.425]","(7.003, 10.76]",*
7.067574669256214,"(7.003, 7.425]","(6.744, 7.259]","(7.003, 7.666]","(6.567, 7.425]","(7.003, 10.76]",*
7.06758972702782,"(7.003, 7.425]","(6.744, 7.259]","(7.003, 7.666]","(6.567, 7.425]","(7.003, 10.76]",*
7.067777356203628,"(7.003, 7.425]","(6.744, 7.259]","(7.003, 7.666]","(6.567, 7.425]","(7.003, 10.76]",*
7.067904618553484,"(7.003, 7.425]","(6.744, 7.259]","(7.003, 7.666]","(6.567, 7.425]","(7.003, 10.76]",*
7.068895569470308,"(7.003, 7.425]","(6.744, 7.259]","(7.003, 7.666]","(6.567, 7.425]","(7.003, 10.76]",*
7.069148719965158,"(7.003, 7.425]","(6.744, 7.259]","(7.003, 7.666]","(6.567, 7.425]","(7.003, 10.76]",*
7.069743705884496,"(7.003, 7.425]","(6.744, 7.259]","(7.003, 7.666]","(6.567, 7.425]","(7.003, 10.76]",*
7.070409540665196,"(7.003, 7.425]","(6.744, 7.259]","(7.003, 7.666]","(6.567, 7.425]","(7.003, 10.76]",*
7.072024549468239,"(7.003, 7.425]","(6.744, 7.259]","(7.003, 7.666]","(6.567, 7.425]","(7.003, 10.76]",*
7.073592887966133,"(7.003, 7.425]","(6.744, 7.259]","(7.003, 7.666]","(6.567, 7.425]","(7.003, 10.76]",*
7.073690936471975,"(7.003, 7.425]","(6.744, 7.259]","(7.003, 7.666]","(6.567, 7.425]","(7.003, 10.76]",*
7.074092795229367,"(7.003, 7.425]","(6.744, 7.259]","(7.003, 7.666]","(6.567, 7.425]","(7.003, 10.76]",*
7.074322472751592,"(7.003, 7.425]","(6.744, 7.259]","(7.003, 7.666]","(6.567, 7.425]","(7.003, 10.76]",*
7.07443433729228,"(7.003, 7.425]","(6.744, 7.259]","(7.003, 7.666]","(6.567, 7.425]","(7.003, 10.76]",*
7.074909961041232,"(7.003, 7.425]","(6.744, 7.259]","(7.003, 7.666]","(6.567, 7.425]","(7.003, 10.76]",*
7.076296950849986,"(7.003, 7.425]","(6.744, 7.259]","(7.003, 7.666]","(6.567, 7.425]","(7.003, 10.76]",*
7.076943827925973,"(7.003, 7.425]","(6.744, 7.259]","(7.003, 7.666]","(6.567, 7.425]","(7.003, 10.76]",*
7.077553855006306,"(7.003, 7.425]","(6.744, 7.259]","(7.003, 7.666]","(6.567, 7.425]","(7.003, 10.76]",*
7.078583744940183,"(7.003, 7.425]","(6.744, 7.259]","(7.003, 7.666]","(6.567, 7.425]","(7.003, 10.76]",*
7.0798096761542455,"(7.003, 7.425]","(6.744, 7.259]","(7.003, 7.666]","(6.567, 7.425]","(7.003, 10.76]",*
7.0801537391746425,"(7.003, 7.425]","(6.744, 7.259]","(7.003, 7.666]","(6.567, 7.425]","(7.003, 10.76]",*
7.080329021268843,"(7.003, 7.425]","(6.744, 7.259]","(7.003, 7.666]","(6.567, 7.425]","(7.003, 10.76]",*
7.081332747809094,"(7.003, 7.425]","(6.744, 7.259]","(7.003, 7.666]","(6.567, 7.425]","(7.003, 10.76]",*
7.081538687958895,"(7.003, 7.425]","(6.744, 7.259]","(7.003, 7.666]","(6.567, 7.425]","(7.003, 10.76]",*
7.081653163943845,"(7.003, 7.425]","(6.744, 7.259]","(7.003, 7.666]","(6.567, 7.425]","(7.003, 10.76]",*
7.081933738361691,"(7.003, 7.425]","(6.744, 7.259]","(7.003, 7.666]","(6.567, 7.425]","(7.003, 10.76]",*
7.081973362741924,"(7.003, 7.425]","(6.744, 7.259]","(7.003, 7.666]","(6.567, 7.425]","(7.003, 10.76]",*
7.08295190887412,"(7.003, 7.425]","(6.744, 7.259]","(7.003, 7.666]","(6.567, 7.425]","(7.003, 10.76]",*
7.083002537051174,"(7.003, 7.425]","(6.744, 7.259]","(7.003, 7.666]","(6.567, 7.425]","(7.003, 10.76]",*
7.083305101054767,"(7.003, 7.425]","(6.744, 7.259]","(7.003, 7.666]","(6.567, 7.425]","(7.003, 10.76]",*
7.083326348200463,"(7.003, 7.425]","(6.744, 7.259]","(7.003, 7.666]","(6.567, 7.425]","(7.003, 10.76]",*
7.08348313427829,"(7.003, 7.425]","(6.744, 7.259]","(7.003, 7.666]","(6.567, 7.425]","(7.003, 10.76]",*
7.083527015761268,"(7.003, 7.425]","(6.744, 7.259]","(7.003, 7.666]","(6.567, 7.425]","(7.003, 10.76]",*
7.083621575990842,"(7.003, 7.425]","(6.744, 7.259]","(7.003, 7.666]","(6.567, 7.425]","(7.003, 10.76]",*
7.083957587567516,"(7.003, 7.425]","(6.744, 7.259]","(7.003, 7.666]","(6.567, 7.425]","(7.003, 10.76]",*
7.085072362269311,"(7.003, 7.425]","(6.744, 7.259]","(7.003, 7.666]","(6.567, 7.425]","(7.003, 10.76]",*
7.085086291180768,"(7.003, 7.425]","(6.744, 7.259]","(7.003, 7.666]","(6.567, 7.425]","(7.003, 10.76]",*
7.085476790132474,"(7.003, 7.425]","(6.744, 7.259]","(7.003, 7.666]","(6.567, 7.425]","(7.003, 10.76]",*
7.088385882572747,"(7.003, 7.425]","(6.744, 7.259]","(7.003, 7.666]","(6.567, 7.425]","(7.003, 10.76]",*
7.088515212840687,"(7.003, 7.425]","(6.744, 7.259]","(7.003, 7.666]","(6.567, 7.425]","(7.003, 10.76]",*
7.088619390677309,"(7.003, 7.425]","(6.744, 7.259]","(7.003, 7.666]","(6.567, 7.425]","(7.003, 10.76]",*
7.088992690921169,"(7.003, 7.425]","(6.744, 7.259]","(7.003, 7.666]","(6.567, 7.425]","(7.003, 10.76]",*
7.0898317723293145,"(7.003, 7.425]","(6.744, 7.259]","(7.003, 7.666]","(6.567, 7.425]","(7.003, 10.76]",*
7.0899301935511145,"(7.003, 7.425]","(6.744, 7.259]","(7.003, 7.666]","(6.567, 7.425]","(7.003, 10.76]",*
7.0899577731065815,"(7.003, 7.425]","(6.744, 7.259]","(7.003, 7.666]","(6.567, 7.425]","(7.003, 10.76]",*
7.090050637208992,"(7.003, 7.425]","(6.744, 7.259]","(7.003, 7.666]","(6.567, 7.425]","(7.003, 10.76]",*
7.090203519627228,"(7.003, 7.425]","(6.744, 7.259]","(7.003, 7.666]","(6.567, 7.425]","(7.003, 10.76]",*
7.090924493584608,"(7.003, 7.425]","(6.744, 7.259]","(7.003, 7.666]","(6.567, 7.425]","(7.003, 10.76]",*
7.091023790764967,"(7.003, 7.425]","(6.744, 7.259]","(7.003, 7.666]","(6.567, 7.425]","(7.003, 10.76]",*
7.091345491753968,"(7.003, 7.425]","(6.744, 7.259]","(7.003, 7.666]","(6.567, 7.425]","(7.003, 10.76]",*
7.091689113836624,"(7.003, 7.425]","(6.744, 7.259]","(7.003, 7.666]","(6.567, 7.425]","(7.003, 10.76]",*
7.09180810424997,"(7.003, 7.425]","(6.744, 7.259]","(7.003, 7.666]","(6.567, 7.425]","(7.003, 10.76]",*
7.092517458319367,"(7.003, 7.425]","(6.744, 7.259]","(7.003, 7.666]","(6.567, 7.425]","(7.003, 10.76]",*
7.092714040703924,"(7.003, 7.425]","(6.744, 7.259]","(7.003, 7.666]","(6.567, 7.425]","(7.003, 10.76]",*
7.092719519139704,"(7.003, 7.425]","(6.744, 7.259]","(7.003, 7.666]","(6.567, 7.425]","(7.003, 10.76]",*
7.0935616446062815,"(7.003, 7.425]","(6.744, 7.259]","(7.003, 7.666]","(6.567, 7.425]","(7.003, 10.76]",*
7.094253422095679,"(7.003, 7.425]","(6.744, 7.259]","(7.003, 7.666]","(6.567, 7.425]","(7.003, 10.76]",*
7.094981816361423,"(7.003, 7.425]","(6.744, 7.259]","(7.003, 7.666]","(6.567, 7.425]","(7.003, 10.76]",*
7.095461431437461,"(7.003, 7.425]","(6.744, 7.259]","(7.003, 7.666]","(6.567, 7.425]","(7.003, 10.76]",*
7.0960197557369336,"(7.003, 7.425]","(6.744, 7.259]","(7.003, 7.666]","(6.567, 7.425]","(7.003, 10.76]",*
7.096839815645483,"(7.003, 7.425]","(6.744, 7.259]","(7.003, 7.666]","(6.567, 7.425]","(7.003, 10.76]",*
7.097598214351356,"(7.003, 7.425]","(6.744, 7.259]","(7.003, 7.666]","(6.567, 7.425]","(7.003, 10.76]",*
7.098708924143651,"(7.003, 7.425]","(6.744, 7.259]","(7.003, 7.666]","(6.567, 7.425]","(7.003, 10.76]",*
7.09911626460126,"(7.003, 7.425]","(6.744, 7.259]","(7.003, 7.666]","(6.567, 7.425]","(7.003, 10.76]",*
7.099898550154308,"(7.003, 7.425]","(6.744, 7.259]","(7.003, 7.666]","(6.567, 7.425]","(7.003, 10.76]",*
7.1004435684078215,"(7.003, 7.425]","(6.744, 7.259]","(7.003, 7.666]","(6.567, 7.425]","(7.003, 10.76]",*
7.100753431803772,"(7.003, 7.425]","(6.744, 7.259]","(7.003, 7.666]","(6.567, 7.425]","(7.003, 10.76]",*
7.101149399682933,"(7.003, 7.425]","(6.744, 7.259]","(7.003, 7.666]","(6.567, 7.425]","(7.003, 10.76]",*
7.10210911300952,"(7.003, 7.425]","(6.744, 7.259]","(7.003, 7.666]","(6.567, 7.425]","(7.003, 10.76]",*
7.102589265361559,"(7.003, 7.425]","(6.744, 7.259]","(7.003, 7.666]","(6.567, 7.425]","(7.003, 10.76]",*
7.10273057799173,"(7.003, 7.425]","(6.744, 7.259]","(7.003, 7.666]","(6.567, 7.425]","(7.003, 10.76]",*
7.103157514907898,"(7.003, 7.425]","(6.744, 7.259]","(7.003, 7.666]","(6.567, 7.425]","(7.003, 10.76]",*
7.10371645929684,"(7.003, 7.425]","(6.744, 7.259]","(7.003, 7.666]","(6.567, 7.425]","(7.003, 10.76]",*
7.1038401472742185,"(7.003, 7.425]","(6.744, 7.259]","(7.003, 7.666]","(6.567, 7.425]","(7.003, 10.76]",*
7.103846227967564,"(7.003, 7.425]","(6.744, 7.259]","(7.003, 7.666]","(6.567, 7.425]","(7.003, 10.76]",*
7.103995531251477,"(7.003, 7.425]","(6.744, 7.259]","(7.003, 7.666]","(6.567, 7.425]","(7.003, 10.76]",*
7.1040425555313815,"(7.003, 7.425]","(6.744, 7.259]","(7.003, 7.666]","(6.567, 7.425]","(7.003, 10.76]",*
7.104610564519239,"(7.003, 7.425]","(6.744, 7.259]","(7.003, 7.666]","(6.567, 7.425]","(7.003, 10.76]",*
7.1055464361438085,"(7.003, 7.425]","(6.744, 7.259]","(7.003, 7.666]","(6.567, 7.425]","(7.003, 10.76]",*
7.105746768264399,"(7.003, 7.425]","(6.744, 7.259]","(7.003, 7.666]","(6.567, 7.425]","(7.003, 10.76]",*
7.105833642844872,"(7.003, 7.425]","(6.744, 7.259]","(7.003, 7.666]","(6.567, 7.425]","(7.003, 10.76]",*
7.106488518585781,"(7.003, 7.425]","(6.744, 7.259]","(7.003, 7.666]","(6.567, 7.425]","(7.003, 10.76]",*
7.107708221756831,"(7.003, 7.425]","(6.744, 7.259]","(7.003, 7.666]","(6.567, 7.425]","(7.003, 10.76]",*
7.109311609639275,"(7.003, 7.425]","(6.744, 7.259]","(7.003, 7.666]","(6.567, 7.425]","(7.003, 10.76]",*
7.109924044834307,"(7.003, 7.425]","(6.744, 7.259]","(7.003, 7.666]","(6.567, 7.425]","(7.003, 10.76]",*
7.110081473308737,"(7.003, 7.425]","(6.744, 7.259]","(7.003, 7.666]","(6.567, 7.425]","(7.003, 10.76]",*
7.110696223320081,"(7.003, 7.425]","(6.744, 7.259]","(7.003, 7.666]","(6.567, 7.425]","(7.003, 10.76]",*
7.11145100024237,"(7.003, 7.425]","(6.744, 7.259]","(7.003, 7.666]","(6.567, 7.425]","(7.003, 10.76]",*
7.111496766703824,"(7.003, 7.425]","(6.744, 7.259]","(7.003, 7.666]","(6.567, 7.425]","(7.003, 10.76]",*
7.1115264036116566,"(7.003, 7.425]","(6.744, 7.259]","(7.003, 7.666]","(6.567, 7.425]","(7.003, 10.76]",*
7.111842354344006,"(7.003, 7.425]","(6.744, 7.259]","(7.003, 7.666]","(6.567, 7.425]","(7.003, 10.76]",*
7.112024107136909,"(7.003, 7.425]","(6.744, 7.259]","(7.003, 7.666]","(6.567, 7.425]","(7.003, 10.76]",*
7.112154126672055,"(7.003, 7.425]","(6.744, 7.259]","(7.003, 7.666]","(6.567, 7.425]","(7.003, 10.76]",*
7.113685099545788,"(7.003, 7.425]","(6.744, 7.259]","(7.003, 7.666]","(6.567, 7.425]","(7.003, 10.76]",*
7.113702144211534,"(7.003, 7.425]","(6.744, 7.259]","(7.003, 7.666]","(6.567, 7.425]","(7.003, 10.76]",*
7.113968421136379,"(7.003, 7.425]","(6.744, 7.259]","(7.003, 7.666]","(6.567, 7.425]","(7.003, 10.76]",*
7.114040067024407,"(7.003, 7.425]","(6.744, 7.259]","(7.003, 7.666]","(6.567, 7.425]","(7.003, 10.76]",*
7.114083652111082,"(7.003, 7.425]","(6.744, 7.259]","(7.003, 7.666]","(6.567, 7.425]","(7.003, 10.76]",*
7.114411313786789,"(7.003, 7.425]","(6.744, 7.259]","(7.003, 7.666]","(6.567, 7.425]","(7.003, 10.76]",*
7.115080038971231,"(7.003, 7.425]","(6.744, 7.259]","(7.003, 7.666]","(6.567, 7.425]","(7.003, 10.76]",*
7.115186212054942,"(7.003, 7.425]","(6.744, 7.259]","(7.003, 7.666]","(6.567, 7.425]","(7.003, 10.76]",*
7.116655028305549,"(7.003, 7.425]","(6.744, 7.259]","(7.003, 7.666]","(6.567, 7.425]","(7.003, 10.76]",*
7.117112138563462,"(7.003, 7.425]","(6.744, 7.259]","(7.003, 7.666]","(6.567, 7.425]","(7.003, 10.76]",*
7.117961736809296,"(7.003, 7.425]","(6.744, 7.259]","(7.003, 7.666]","(6.567, 7.425]","(7.003, 10.76]",*
7.118791272273474,"(7.003, 7.425]","(6.744, 7.259]","(7.003, 7.666]","(6.567, 7.425]","(7.003, 10.76]",*
7.118867016157017,"(7.003, 7.425]","(6.744, 7.259]","(7.003, 7.666]","(6.567, 7.425]","(7.003, 10.76]",*
7.119862075670997,"(7.003, 7.425]","(6.744, 7.259]","(7.003, 7.666]","(6.567, 7.425]","(7.003, 10.76]",*
7.120266465897863,"(7.003, 7.425]","(6.744, 7.259]","(7.003, 7.666]","(6.567, 7.425]","(7.003, 10.76]",*
7.120473637475441,"(7.003, 7.425]","(6.744, 7.259]","(7.003, 7.666]","(6.567, 7.425]","(7.003, 10.76]",*
7.120717323162388,"(7.003, 7.425]","(6.744, 7.259]","(7.003, 7.666]","(6.567, 7.425]","(7.003, 10.76]",*
7.120827999774747,"(7.003, 7.425]","(6.744, 7.259]","(7.003, 7.666]","(6.567, 7.425]","(7.003, 10.76]",*
7.121417615725693,"(7.003, 7.425]","(6.744, 7.259]","(7.003, 7.666]","(6.567, 7.425]","(7.003, 10.76]",*
7.1218720069981165,"(7.003, 7.425]","(6.744, 7.259]","(7.003, 7.666]","(6.567, 7.425]","(7.003, 10.76]",*
7.121938798714527,"(7.003, 7.425]","(6.744, 7.259]","(7.003, 7.666]","(6.567, 7.425]","(7.003, 10.76]",*
7.121999355343817,"(7.003, 7.425]","(6.744, 7.259]","(7.003, 7.666]","(6.567, 7.425]","(7.003, 10.76]",*
7.123306886815675,"(7.003, 7.425]","(6.744, 7.259]","(7.003, 7.666]","(6.567, 7.425]","(7.003, 10.76]",*
7.123989662765707,"(7.003, 7.425]","(6.744, 7.259]","(7.003, 7.666]","(6.567, 7.425]","(7.003, 10.76]",*
7.1241668133592535,"(7.003, 7.425]","(6.744, 7.259]","(7.003, 7.666]","(6.567, 7.425]","(7.003, 10.76]",*
7.124398855105502,"(7.003, 7.425]","(6.744, 7.259]","(7.003, 7.666]","(6.567, 7.425]","(7.003, 10.76]",*
7.124513456268437,"(7.003, 7.425]","(6.744, 7.259]","(7.003, 7.666]","(6.567, 7.425]","(7.003, 10.76]",*
7.124519309656738,"(7.003, 7.425]","(6.744, 7.259]","(7.003, 7.666]","(6.567, 7.425]","(7.003, 10.76]",*
7.124916622686111,"(7.003, 7.425]","(6.744, 7.259]","(7.003, 7.666]","(6.567, 7.425]","(7.003, 10.76]",*
7.126592432479872,"(7.003, 7.425]","(6.744, 7.259]","(7.003, 7.666]","(6.567, 7.425]","(7.003, 10.76]",*
7.127218728157152,"(7.003, 7.425]","(6.744, 7.259]","(7.003, 7.666]","(6.567, 7.425]","(7.003, 10.76]",*
7.1273934377820005,"(7.003, 7.425]","(6.744, 7.259]","(7.003, 7.666]","(6.567, 7.425]","(7.003, 10.76]",*
7.127673978836905,"(7.003, 7.425]","(6.744, 7.259]","(7.003, 7.666]","(6.567, 7.425]","(7.003, 10.76]",*
7.128356949439187,"(7.003, 7.425]","(6.744, 7.259]","(7.003, 7.666]","(6.567, 7.425]","(7.003, 10.76]",*
7.1287096056560655,"(7.003, 7.425]","(6.744, 7.259]","(7.003, 7.666]","(6.567, 7.425]","(7.003, 10.76]",*
7.128904873034422,"(7.003, 7.425]","(6.744, 7.259]","(7.003, 7.666]","(6.567, 7.425]","(7.003, 10.76]",*
7.129029836401372,"(7.003, 7.425]","(6.744, 7.259]","(7.003, 7.666]","(6.567, 7.425]","(7.003, 10.76]",*
7.129217810568591,"(7.003, 7.425]","(6.744, 7.259]","(7.003, 7.666]","(6.567, 7.425]","(7.003, 10.76]",*
7.12923529732884,"(7.003, 7.425]","(6.744, 7.259]","(7.003, 7.666]","(6.567, 7.425]","(7.003, 10.76]",*
7.129300905884363,"(7.003, 7.425]","(6.744, 7.259]","(7.003, 7.666]","(6.567, 7.425]","(7.003, 10.76]",*
7.130143864349472,"(7.003, 7.425]","(6.744, 7.259]","(7.003, 7.666]","(6.567, 7.425]","(7.003, 10.76]",*
7.130497891320839,"(7.003, 7.425]","(6.744, 7.259]","(7.003, 7.666]","(6.567, 7.425]","(7.003, 10.76]",*
7.130872685341562,"(7.003, 7.425]","(6.744, 7.259]","(7.003, 7.666]","(6.567, 7.425]","(7.003, 10.76]",*
7.131110205236469,"(7.003, 7.425]","(6.744, 7.259]","(7.003, 7.666]","(6.567, 7.425]","(7.003, 10.76]",*
7.131255780303063,"(7.003, 7.425]","(6.744, 7.259]","(7.003, 7.666]","(6.567, 7.425]","(7.003, 10.76]",*
7.131393662010762,"(7.003, 7.425]","(6.744, 7.259]","(7.003, 7.666]","(6.567, 7.425]","(7.003, 10.76]",*
7.1320667747570194,"(7.003, 7.425]","(6.744, 7.259]","(7.003, 7.666]","(6.567, 7.425]","(7.003, 10.76]",*
7.132170433925463,"(7.003, 7.425]","(6.744, 7.259]","(7.003, 7.666]","(6.567, 7.425]","(7.003, 10.76]",*
7.132540449723297,"(7.003, 7.425]","(6.744, 7.259]","(7.003, 7.666]","(6.567, 7.425]","(7.003, 10.76]",*
7.133150735785598,"(7.003, 7.425]","(6.744, 7.259]","(7.003, 7.666]","(6.567, 7.425]","(7.003, 10.76]",*
7.13506334705251,"(7.003, 7.425]","(6.744, 7.259]","(7.003, 7.666]","(6.567, 7.425]","(7.003, 10.76]",*
7.135083850093436,"(7.003, 7.425]","(6.744, 7.259]","(7.003, 7.666]","(6.567, 7.425]","(7.003, 10.76]",*
7.136285579076757,"(7.003, 7.425]","(6.744, 7.259]","(7.003, 7.666]","(6.567, 7.425]","(7.003, 10.76]",*
7.138233913946404,"(7.003, 7.425]","(6.744, 7.259]","(7.003, 7.666]","(6.567, 7.425]","(7.003, 10.76]",*
7.138957712141247,"(7.003, 7.425]","(6.744, 7.259]","(7.003, 7.666]","(6.567, 7.425]","(7.003, 10.76]",*
7.140330542135965,"(7.003, 7.425]","(6.744, 7.259]","(7.003, 7.666]","(6.567, 7.425]","(7.003, 10.76]",*
7.141282277126672,"(7.003, 7.425]","(6.744, 7.259]","(7.003, 7.666]","(6.567, 7.425]","(7.003, 10.76]",*
7.141806348368382,"(7.003, 7.425]","(6.744, 7.259]","(7.003, 7.666]","(6.567, 7.425]","(7.003, 10.76]",*
7.141920899550954,"(7.003, 7.425]","(6.744, 7.259]","(7.003, 7.666]","(6.567, 7.425]","(7.003, 10.76]",*
7.14208920683364,"(7.003, 7.425]","(6.744, 7.259]","(7.003, 7.666]","(6.567, 7.425]","(7.003, 10.76]",*
7.1428355180047305,"(7.003, 7.425]","(6.744, 7.259]","(7.003, 7.666]","(6.567, 7.425]","(7.003, 10.76]",*
7.143542252591269,"(7.003, 7.425]","(6.744, 7.259]","(7.003, 7.666]","(6.567, 7.425]","(7.003, 10.76]",*
7.143696232313098,"(7.003, 7.425]","(6.744, 7.259]","(7.003, 7.666]","(6.567, 7.425]","(7.003, 10.76]",*
7.143813449145679,"(7.003, 7.425]","(6.744, 7.259]","(7.003, 7.666]","(6.567, 7.425]","(7.003, 10.76]",*
7.145445356134357,"(7.003, 7.425]","(6.744, 7.259]","(7.003, 7.666]","(6.567, 7.425]","(7.003, 10.76]",*
7.145822675618995,"(7.003, 7.425]","(6.744, 7.259]","(7.003, 7.666]","(6.567, 7.425]","(7.003, 10.76]",*
7.145904971506628,"(7.003, 7.425]","(6.744, 7.259]","(7.003, 7.666]","(6.567, 7.425]","(7.003, 10.76]",*
7.146376790192263,"(7.003, 7.425]","(6.744, 7.259]","(7.003, 7.666]","(6.567, 7.425]","(7.003, 10.76]",*
7.14649988890327,"(7.003, 7.425]","(6.744, 7.259]","(7.003, 7.666]","(6.567, 7.425]","(7.003, 10.76]",*
7.146514915403182,"(7.003, 7.425]","(6.744, 7.259]","(7.003, 7.666]","(6.567, 7.425]","(7.003, 10.76]",*
7.147346333159287,"(7.003, 7.425]","(6.744, 7.259]","(7.003, 7.666]","(6.567, 7.425]","(7.003, 10.76]",*
7.147718742073834,"(7.003, 7.425]","(6.744, 7.259]","(7.003, 7.666]","(6.567, 7.425]","(7.003, 10.76]",*
7.148236135695107,"(7.003, 7.425]","(6.744, 7.259]","(7.003, 7.666]","(6.567, 7.425]","(7.003, 10.76]",*
7.148313897069357,"(7.003, 7.425]","(6.744, 7.259]","(7.003, 7.666]","(6.567, 7.425]","(7.003, 10.76]",*
7.149611673083322,"(7.003, 7.425]","(6.744, 7.259]","(7.003, 7.666]","(6.567, 7.425]","(7.003, 10.76]",*
7.149645615430408,"(7.003, 7.425]","(6.744, 7.259]","(7.003, 7.666]","(6.567, 7.425]","(7.003, 10.76]",*
7.150536572335959,"(7.003, 7.425]","(6.744, 7.259]","(7.003, 7.666]","(6.567, 7.425]","(7.003, 10.76]",*
7.15105968006005,"(7.003, 7.425]","(6.744, 7.259]","(7.003, 7.666]","(6.567, 7.425]","(7.003, 10.76]",*
7.151434764306243,"(7.003, 7.425]","(6.744, 7.259]","(7.003, 7.666]","(6.567, 7.425]","(7.003, 10.76]",*
7.15147706614405,"(7.003, 7.425]","(6.744, 7.259]","(7.003, 7.666]","(6.567, 7.425]","(7.003, 10.76]",*
7.151596571238374,"(7.003, 7.425]","(6.744, 7.259]","(7.003, 7.666]","(6.567, 7.425]","(7.003, 10.76]",*
7.15219861879022,"(7.003, 7.425]","(6.744, 7.259]","(7.003, 7.666]","(6.567, 7.425]","(7.003, 10.76]",*
7.152361080584615,"(7.003, 7.425]","(6.744, 7.259]","(7.003, 7.666]","(6.567, 7.425]","(7.003, 10.76]",*
7.152986855196918,"(7.003, 7.425]","(6.744, 7.259]","(7.003, 7.666]","(6.567, 7.425]","(7.003, 10.76]",*
7.153039163945371,"(7.003, 7.425]","(6.744, 7.259]","(7.003, 7.666]","(6.567, 7.425]","(7.003, 10.76]",*
7.153136585837685,"(7.003, 7.425]","(6.744, 7.259]","(7.003, 7.666]","(6.567, 7.425]","(7.003, 10.76]",*
7.154736813667363,"(7.003, 7.425]","(6.744, 7.259]","(7.003, 7.666]","(6.567, 7.425]","(7.003, 10.76]",*
7.154986126320519,"(7.003, 7.425]","(6.744, 7.259]","(7.003, 7.666]","(6.567, 7.425]","(7.003, 10.76]",*
7.155368339744814,"(7.003, 7.425]","(6.744, 7.259]","(7.003, 7.666]","(6.567, 7.425]","(7.003, 10.76]",*
7.155824839223268,"(7.003, 7.425]","(6.744, 7.259]","(7.003, 7.666]","(6.567, 7.425]","(7.003, 10.76]",*
7.156414686921626,"(7.003, 7.425]","(6.744, 7.259]","(7.003, 7.666]","(6.567, 7.425]","(7.003, 10.76]",*
7.1564634089415335,"(7.003, 7.425]","(6.744, 7.259]","(7.003, 7.666]","(6.567, 7.425]","(7.003, 10.76]",*
7.157023912397233,"(7.003, 7.425]","(6.744, 7.259]","(7.003, 7.666]","(6.567, 7.425]","(7.003, 10.76]",*
7.157119845486328,"(7.003, 7.425]","(6.744, 7.259]","(7.003, 7.666]","(6.567, 7.425]","(7.003, 10.76]",*
7.157214948058301,"(7.003, 7.425]","(6.744, 7.259]","(7.003, 7.666]","(6.567, 7.425]","(7.003, 10.76]",*
7.15796357836116,"(7.003, 7.425]","(6.744, 7.259]","(7.003, 7.666]","(6.567, 7.425]","(7.003, 10.76]",*
7.1584494673488726,"(7.003, 7.425]","(6.744, 7.259]","(7.003, 7.666]","(6.567, 7.425]","(7.003, 10.76]",*
7.159312421558193,"(7.003, 7.425]","(6.744, 7.259]","(7.003, 7.666]","(6.567, 7.425]","(7.003, 10.76]",*
7.1606436523405685,"(7.003, 7.425]","(6.744, 7.259]","(7.003, 7.666]","(6.567, 7.425]","(7.003, 10.76]",*
7.160787975976255,"(7.003, 7.425]","(6.744, 7.259]","(7.003, 7.666]","(6.567, 7.425]","(7.003, 10.76]",*
7.161329308012253,"(7.003, 7.425]","(6.744, 7.259]","(7.003, 7.666]","(6.567, 7.425]","(7.003, 10.76]",*
7.162284528414508,"(7.003, 7.425]","(6.744, 7.259]","(7.003, 7.666]","(6.567, 7.425]","(7.003, 10.76]",*
7.162307155268191,"(7.003, 7.425]","(6.744, 7.259]","(7.003, 7.666]","(6.567, 7.425]","(7.003, 10.76]",*
7.162322376317367,"(7.003, 7.425]","(6.744, 7.259]","(7.003, 7.666]","(6.567, 7.425]","(7.003, 10.76]",*
7.162372645756125,"(7.003, 7.425]","(6.744, 7.259]","(7.003, 7.666]","(6.567, 7.425]","(7.003, 10.76]",*
7.1625356970304646,"(7.003, 7.425]","(6.744, 7.259]","(7.003, 7.666]","(6.567, 7.425]","(7.003, 10.76]",*
7.163240960875441,"(7.003, 7.425]","(6.744, 7.259]","(7.003, 7.666]","(6.567, 7.425]","(7.003, 10.76]",*
7.163517523214236,"(7.003, 7.425]","(6.744, 7.259]","(7.003, 7.666]","(6.567, 7.425]","(7.003, 10.76]",*
7.164072583574876,"(7.003, 7.425]","(6.744, 7.259]","(7.003, 7.666]","(6.567, 7.425]","(7.003, 10.76]",*
7.165037718526768,"(7.003, 7.425]","(6.744, 7.259]","(7.003, 7.666]","(6.567, 7.425]","(7.003, 10.76]",*
7.1661490362581866,"(7.003, 7.425]","(6.744, 7.259]","(7.003, 7.666]","(6.567, 7.425]","(7.003, 10.76]",*
7.166501645912911,"(7.003, 7.425]","(6.744, 7.259]","(7.003, 7.666]","(6.567, 7.425]","(7.003, 10.76]",*
7.167066816637951,"(7.003, 7.425]","(6.744, 7.259]","(7.003, 7.666]","(6.567, 7.425]","(7.003, 10.76]",*
7.167177512736357,"(7.003, 7.425]","(6.744, 7.259]","(7.003, 7.666]","(6.567, 7.425]","(7.003, 10.76]",*
7.168189941474735,"(7.003, 7.425]","(6.744, 7.259]","(7.003, 7.666]","(6.567, 7.425]","(7.003, 10.76]",*
7.168662410843209,"(7.003, 7.425]","(6.744, 7.259]","(7.003, 7.666]","(6.567, 7.425]","(7.003, 10.76]",*
7.169949702256218,"(7.003, 7.425]","(6.744, 7.259]","(7.003, 7.666]","(6.567, 7.425]","(7.003, 10.76]",*
7.1701688895413,"(7.003, 7.425]","(6.744, 7.259]","(7.003, 7.666]","(6.567, 7.425]","(7.003, 10.76]",*
7.170376065820975,"(7.003, 7.425]","(6.744, 7.259]","(7.003, 7.666]","(6.567, 7.425]","(7.003, 10.76]",*
7.170894351314892,"(7.003, 7.425]","(6.744, 7.259]","(7.003, 7.666]","(6.567, 7.425]","(7.003, 10.76]",*
7.171853553856213,"(7.003, 7.425]","(6.744, 7.259]","(7.003, 7.666]","(6.567, 7.425]","(7.003, 10.76]",*
7.171983085978337,"(7.003, 7.425]","(6.744, 7.259]","(7.003, 7.666]","(6.567, 7.425]","(7.003, 10.76]",*
7.172294916902058,"(7.003, 7.425]","(6.744, 7.259]","(7.003, 7.666]","(6.567, 7.425]","(7.003, 10.76]",*
7.1729528516852925,"(7.003, 7.425]","(6.744, 7.259]","(7.003, 7.666]","(6.567, 7.425]","(7.003, 10.76]",*
7.173425885179992,"(7.003, 7.425]","(6.744, 7.259]","(7.003, 7.666]","(6.567, 7.425]","(7.003, 10.76]",*
7.173698881863384,"(7.003, 7.425]","(6.744, 7.259]","(7.003, 7.666]","(6.567, 7.425]","(7.003, 10.76]",*
7.174165695372696,"(7.003, 7.425]","(6.744, 7.259]","(7.003, 7.666]","(6.567, 7.425]","(7.003, 10.76]",*
7.175189117493143,"(7.003, 7.425]","(6.744, 7.259]","(7.003, 7.666]","(6.567, 7.425]","(7.003, 10.76]",*
7.175401501213707,"(7.003, 7.425]","(6.744, 7.259]","(7.003, 7.666]","(6.567, 7.425]","(7.003, 10.76]",*
7.175591995905838,"(7.003, 7.425]","(6.744, 7.259]","(7.003, 7.666]","(6.567, 7.425]","(7.003, 10.76]",*
7.175769540720513,"(7.003, 7.425]","(6.744, 7.259]","(7.003, 7.666]","(6.567, 7.425]","(7.003, 10.76]",*
7.176352932118558,"(7.003, 7.425]","(6.744, 7.259]","(7.003, 7.666]","(6.567, 7.425]","(7.003, 10.76]",*
7.176793303869228,"(7.003, 7.425]","(6.744, 7.259]","(7.003, 7.666]","(6.567, 7.425]","(7.003, 10.76]",*
7.176917279445046,"(7.003, 7.425]","(6.744, 7.259]","(7.003, 7.666]","(6.567, 7.425]","(7.003, 10.76]",*
7.177924111078688,"(7.003, 7.425]","(6.744, 7.259]","(7.003, 7.666]","(6.567, 7.425]","(7.003, 10.76]",*
7.1793538831681,"(7.003, 7.425]","(6.744, 7.259]","(7.003, 7.666]","(6.567, 7.425]","(7.003, 10.76]",*
7.180671093826599,"(7.003, 7.425]","(6.744, 7.259]","(7.003, 7.666]","(6.567, 7.425]","(7.003, 10.76]",*
7.181116045751027,"(7.003, 7.425]","(6.744, 7.259]","(7.003, 7.666]","(6.567, 7.425]","(7.003, 10.76]",*
7.181912392781081,"(7.003, 7.425]","(6.744, 7.259]","(7.003, 7.666]","(6.567, 7.425]","(7.003, 10.76]",*
7.182291988476341,"(7.003, 7.425]","(6.744, 7.259]","(7.003, 7.666]","(6.567, 7.425]","(7.003, 10.76]",*
7.18246245114412,"(7.003, 7.425]","(6.744, 7.259]","(7.003, 7.666]","(6.567, 7.425]","(7.003, 10.76]",*
7.182527480002909,"(7.003, 7.425]","(6.744, 7.259]","(7.003, 7.666]","(6.567, 7.425]","(7.003, 10.76]",*
7.18272143989145,"(7.003, 7.425]","(6.744, 7.259]","(7.003, 7.666]","(6.567, 7.425]","(7.003, 10.76]",*
7.183800422856268,"(7.003, 7.425]","(6.744, 7.259]","(7.003, 7.666]","(6.567, 7.425]","(7.003, 10.76]",*
7.183912047986264,"(7.003, 7.425]","(6.744, 7.259]","(7.003, 7.666]","(6.567, 7.425]","(7.003, 10.76]",*
7.184765323299687,"(7.003, 7.425]","(6.744, 7.259]","(7.003, 7.666]","(6.567, 7.425]","(7.003, 10.76]",*
7.186177831033403,"(7.003, 7.425]","(6.744, 7.259]","(7.003, 7.666]","(6.567, 7.425]","(7.003, 10.76]",*
7.187432974886651,"(7.003, 7.425]","(6.744, 7.259]","(7.003, 7.666]","(6.567, 7.425]","(7.003, 10.76]",*
7.187602266266871,"(7.003, 7.425]","(6.744, 7.259]","(7.003, 7.666]","(6.567, 7.425]","(7.003, 10.76]",*
7.187773835329727,"(7.003, 7.425]","(6.744, 7.259]","(7.003, 7.666]","(6.567, 7.425]","(7.003, 10.76]",*
7.1878551727887015,"(7.003, 7.425]","(6.744, 7.259]","(7.003, 7.666]","(6.567, 7.425]","(7.003, 10.76]",*
7.188679024662052,"(7.003, 7.425]","(6.744, 7.259]","(7.003, 7.666]","(6.567, 7.425]","(7.003, 10.76]",*
7.189007855536324,"(7.003, 7.425]","(6.744, 7.259]","(7.003, 7.666]","(6.567, 7.425]","(7.003, 10.76]",*
7.189348110454711,"(7.003, 7.425]","(6.744, 7.259]","(7.003, 7.666]","(6.567, 7.425]","(7.003, 10.76]",*
7.1895256282962645,"(7.003, 7.425]","(6.744, 7.259]","(7.003, 7.666]","(6.567, 7.425]","(7.003, 10.76]",*
7.19091540998129,"(7.003, 7.425]","(6.744, 7.259]","(7.003, 7.666]","(6.567, 7.425]","(7.003, 10.76]",*
7.1914443536867045,"(7.003, 7.425]","(6.744, 7.259]","(7.003, 7.666]","(6.567, 7.425]","(7.003, 10.76]",*
7.191572626893767,"(7.003, 7.425]","(6.744, 7.259]","(7.003, 7.666]","(6.567, 7.425]","(7.003, 10.76]",*
7.192237739055157,"(7.003, 7.425]","(6.744, 7.259]","(7.003, 7.666]","(6.567, 7.425]","(7.003, 10.76]",*
7.193351833193611,"(7.003, 7.425]","(6.744, 7.259]","(7.003, 7.666]","(6.567, 7.425]","(7.003, 10.76]",*
7.193403797930263,"(7.003, 7.425]","(6.744, 7.259]","(7.003, 7.666]","(6.567, 7.425]","(7.003, 10.76]",*
7.194020913127903,"(7.003, 7.425]","(6.744, 7.259]","(7.003, 7.666]","(6.567, 7.425]","(7.003, 10.76]",*
7.194271725556028,"(7.003, 7.425]","(6.744, 7.259]","(7.003, 7.666]","(6.567, 7.425]","(7.003, 10.76]",*
7.195246195770929,"(7.003, 7.425]","(6.744, 7.259]","(7.003, 7.666]","(6.567, 7.425]","(7.003, 10.76]",*
7.195635470616512,"(7.003, 7.425]","(6.744, 7.259]","(7.003, 7.666]","(6.567, 7.425]","(7.003, 10.76]",*
7.195894481193356,"(7.003, 7.425]","(6.744, 7.259]","(7.003, 7.666]","(6.567, 7.425]","(7.003, 10.76]",*
7.1970690845569365,"(7.003, 7.425]","(6.744, 7.259]","(7.003, 7.666]","(6.567, 7.425]","(7.003, 10.76]",*
7.197195138485532,"(7.003, 7.425]","(6.744, 7.259]","(7.003, 7.666]","(6.567, 7.425]","(7.003, 10.76]",*
7.197255038215552,"(7.003, 7.425]","(6.744, 7.259]","(7.003, 7.666]","(6.567, 7.425]","(7.003, 10.76]",*
7.197293080312992,"(7.003, 7.425]","(6.744, 7.259]","(7.003, 7.666]","(6.567, 7.425]","(7.003, 10.76]",*
7.197980571027617,"(7.003, 7.425]","(6.744, 7.259]","(7.003, 7.666]","(6.567, 7.425]","(7.003, 10.76]",*
7.198715694729864,"(7.003, 7.425]","(6.744, 7.259]","(7.003, 7.666]","(6.567, 7.425]","(7.003, 10.76]",*
7.199156190281397,"(7.003, 7.425]","(6.744, 7.259]","(7.003, 7.666]","(6.567, 7.425]","(7.003, 10.76]",*
7.199332031436925,"(7.003, 7.425]","(6.744, 7.259]","(7.003, 7.666]","(6.567, 7.425]","(7.003, 10.76]",*
7.2005818083075726,"(7.003, 7.425]","(6.744, 7.259]","(7.003, 7.666]","(6.567, 7.425]","(7.003, 10.76]",*
7.201635798893817,"(7.003, 7.425]","(6.744, 7.259]","(7.003, 7.666]","(6.567, 7.425]","(7.003, 10.76]",*
7.201823309485254,"(7.003, 7.425]","(6.744, 7.259]","(7.003, 7.666]","(6.567, 7.425]","(7.003, 10.76]",*
7.2031527984785,"(7.003, 7.425]","(6.744, 7.259]","(7.003, 7.666]","(6.567, 7.425]","(7.003, 10.76]",*
7.203430373747689,"(7.003, 7.425]","(6.744, 7.259]","(7.003, 7.666]","(6.567, 7.425]","(7.003, 10.76]",*
7.203915754927435,"(7.003, 7.425]","(6.744, 7.259]","(7.003, 7.666]","(6.567, 7.425]","(7.003, 10.76]",*
7.204368895136857,"(7.003, 7.425]","(6.744, 7.259]","(7.003, 7.666]","(6.567, 7.425]","(7.003, 10.76]",*
7.2044586149013154,"(7.003, 7.425]","(6.744, 7.259]","(7.003, 7.666]","(6.567, 7.425]","(7.003, 10.76]",*
7.204504544846892,"(7.003, 7.425]","(6.744, 7.259]","(7.003, 7.666]","(6.567, 7.425]","(7.003, 10.76]",*
7.204639709248285,"(7.003, 7.425]","(6.744, 7.259]","(7.003, 7.666]","(6.567, 7.425]","(7.003, 10.76]",*
7.204937602156019,"(7.003, 7.425]","(6.744, 7.259]","(7.003, 7.666]","(6.567, 7.425]","(7.003, 10.76]",*
7.205733257686268,"(7.003, 7.425]","(6.744, 7.259]","(7.003, 7.666]","(6.567, 7.425]","(7.003, 10.76]",*
7.205994887876637,"(7.003, 7.425]","(6.744, 7.259]","(7.003, 7.666]","(6.567, 7.425]","(7.003, 10.76]",*
7.206177863378746,"(7.003, 7.425]","(6.744, 7.259]","(7.003, 7.666]","(6.567, 7.425]","(7.003, 10.76]",*
7.206516951587807,"(7.003, 7.425]","(6.744, 7.259]","(7.003, 7.666]","(6.567, 7.425]","(7.003, 10.76]",*
7.206542561088061,"(7.003, 7.425]","(6.744, 7.259]","(7.003, 7.666]","(6.567, 7.425]","(7.003, 10.76]",*
7.207150836054912,"(7.003, 7.425]","(6.744, 7.259]","(7.003, 7.666]","(6.567, 7.425]","(7.003, 10.76]",*
7.207172822223662,"(7.003, 7.425]","(6.744, 7.259]","(7.003, 7.666]","(6.567, 7.425]","(7.003, 10.76]",*
7.207985937416156,"(7.003, 7.425]","(6.744, 7.259]","(7.003, 7.666]","(6.567, 7.425]","(7.003, 10.76]",*
7.208567965365101,"(7.003, 7.425]","(6.744, 7.259]","(7.003, 7.666]","(6.567, 7.425]","(7.003, 10.76]",*
7.2101233611688516,"(7.003, 7.425]","(6.744, 7.259]","(7.003, 7.666]","(6.567, 7.425]","(7.003, 10.76]",*
7.211582710864235,"(7.003, 7.425]","(6.744, 7.259]","(7.003, 7.666]","(6.567, 7.425]","(7.003, 10.76]",*
7.211962930677832,"(7.003, 7.425]","(6.744, 7.259]","(7.003, 7.666]","(6.567, 7.425]","(7.003, 10.76]",*
7.212254273190418,"(7.003, 7.425]","(6.744, 7.259]","(7.003, 7.666]","(6.567, 7.425]","(7.003, 10.76]",*
7.212339702286174,"(7.003, 7.425]","(6.744, 7.259]","(7.003, 7.666]","(6.567, 7.425]","(7.003, 10.76]",*
7.212451501021848,"(7.003, 7.425]","(6.744, 7.259]","(7.003, 7.666]","(6.567, 7.425]","(7.003, 10.76]",*
7.213659075278037,"(7.003, 7.425]","(6.744, 7.259]","(7.003, 7.666]","(6.567, 7.425]","(7.003, 10.76]",*
7.21415222190865,"(7.003, 7.425]","(6.744, 7.259]","(7.003, 7.666]","(6.567, 7.425]","(7.003, 10.76]",*
7.214824118846389,"(7.003, 7.425]","(6.744, 7.259]","(7.003, 7.666]","(6.567, 7.425]","(7.003, 10.76]",*
7.214831154333267,"(7.003, 7.425]","(6.744, 7.259]","(7.003, 7.666]","(6.567, 7.425]","(7.003, 10.76]",*
7.215354748908736,"(7.003, 7.425]","(6.744, 7.259]","(7.003, 7.666]","(6.567, 7.425]","(7.003, 10.76]",*
7.215912136802919,"(7.003, 7.425]","(6.744, 7.259]","(7.003, 7.666]","(6.567, 7.425]","(7.003, 10.76]",*
7.217068019164754,"(7.003, 7.425]","(6.744, 7.259]","(7.003, 7.666]","(6.567, 7.425]","(7.003, 10.76]",*
7.217268471783124,"(7.003, 7.425]","(6.744, 7.259]","(7.003, 7.666]","(6.567, 7.425]","(7.003, 10.76]",*
7.217835863513581,"(7.003, 7.425]","(6.744, 7.259]","(7.003, 7.666]","(6.567, 7.425]","(7.003, 10.76]",*
7.218400330226232,"(7.003, 7.425]","(6.744, 7.259]","(7.003, 7.666]","(6.567, 7.425]","(7.003, 10.76]",*
7.219763303654298,"(7.003, 7.425]","(6.744, 7.259]","(7.003, 7.666]","(6.567, 7.425]","(7.003, 10.76]",*
7.219983523442032,"(7.003, 7.425]","(6.744, 7.259]","(7.003, 7.666]","(6.567, 7.425]","(7.003, 10.76]",*
7.220010414392169,"(7.003, 7.425]","(6.744, 7.259]","(7.003, 7.666]","(6.567, 7.425]","(7.003, 10.76]",*
7.22050504922384,"(7.003, 7.425]","(6.744, 7.259]","(7.003, 7.666]","(6.567, 7.425]","(7.003, 10.76]",*
7.221147395430948,"(7.003, 7.425]","(6.744, 7.259]","(7.003, 7.666]","(6.567, 7.425]","(7.003, 10.76]",*
7.22147452501585,"(7.003, 7.425]","(6.744, 7.259]","(7.003, 7.666]","(6.567, 7.425]","(7.003, 10.76]",*
7.222152718460933,"(7.003, 7.425]","(6.744, 7.259]","(7.003, 7.666]","(6.567, 7.425]","(7.003, 10.76]",*
7.222302023818643,"(7.003, 7.425]","(6.744, 7.259]","(7.003, 7.666]","(6.567, 7.425]","(7.003, 10.76]",*
7.222545956418957,"(7.003, 7.425]","(6.744, 7.259]","(7.003, 7.666]","(6.567, 7.425]","(7.003, 10.76]",*
7.222668473934704,"(7.003, 7.425]","(6.744, 7.259]","(7.003, 7.666]","(6.567, 7.425]","(7.003, 10.76]",*
7.2227296559765986,"(7.003, 7.425]","(6.744, 7.259]","(7.003, 7.666]","(6.567, 7.425]","(7.003, 10.76]",*
7.223042534861582,"(7.003, 7.425]","(6.744, 7.259]","(7.003, 7.666]","(6.567, 7.425]","(7.003, 10.76]",*
7.223921450620994,"(7.003, 7.425]","(6.744, 7.259]","(7.003, 7.666]","(6.567, 7.425]","(7.003, 10.76]",*
7.224551565626558,"(7.003, 7.425]","(6.744, 7.259]","(7.003, 7.666]","(6.567, 7.425]","(7.003, 10.76]",*
7.225119657270692,"(7.003, 7.425]","(6.744, 7.259]","(7.003, 7.666]","(6.567, 7.425]","(7.003, 10.76]",*
7.225521822643057,"(7.003, 7.425]","(6.744, 7.259]","(7.003, 7.666]","(6.567, 7.425]","(7.003, 10.76]",*
7.226648713004378,"(7.003, 7.425]","(6.744, 7.259]","(7.003, 7.666]","(6.567, 7.425]","(7.003, 10.76]",*
7.226916323597716,"(7.003, 7.425]","(6.744, 7.259]","(7.003, 7.666]","(6.567, 7.425]","(7.003, 10.76]",*
7.2276000214189295,"(7.003, 7.425]","(6.744, 7.259]","(7.003, 7.666]","(6.567, 7.425]","(7.003, 10.76]",*
7.227793179166786,"(7.003, 7.425]","(6.744, 7.259]","(7.003, 7.666]","(6.567, 7.425]","(7.003, 10.76]",*
7.228430706857443,"(7.003, 7.425]","(6.744, 7.259]","(7.003, 7.666]","(6.567, 7.425]","(7.003, 10.76]",*
7.228602277116189,"(7.003, 7.425]","(6.744, 7.259]","(7.003, 7.666]","(6.567, 7.425]","(7.003, 10.76]",*
7.228937922288544,"(7.003, 7.425]","(6.744, 7.259]","(7.003, 7.666]","(6.567, 7.425]","(7.003, 10.76]",*
7.2291121097040145,"(7.003, 7.425]","(6.744, 7.259]","(7.003, 7.666]","(6.567, 7.425]","(7.003, 10.76]",*
7.230377999165634,"(7.003, 7.425]","(6.744, 7.259]","(7.003, 7.666]","(6.567, 7.425]","(7.003, 10.76]",*
7.230652645189961,"(7.003, 7.425]","(6.744, 7.259]","(7.003, 7.666]","(6.567, 7.425]","(7.003, 10.76]",*
7.230753550106773,"(7.003, 7.425]","(6.744, 7.259]","(7.003, 7.666]","(6.567, 7.425]","(7.003, 10.76]",*
7.23121810628916,"(7.003, 7.425]","(6.744, 7.259]","(7.003, 7.666]","(6.567, 7.425]","(7.003, 10.76]",*
7.231771036427499,"(7.003, 7.425]","(6.744, 7.259]","(7.003, 7.666]","(6.567, 7.425]","(7.003, 10.76]",*
7.232609527481563,"(7.003, 7.425]","(6.744, 7.259]","(7.003, 7.666]","(6.567, 7.425]","(7.003, 10.76]",*
7.234261403725075,"(7.003, 7.425]","(6.744, 7.259]","(7.003, 7.666]","(6.567, 7.425]","(7.003, 10.76]",*
7.234479886699996,"(7.003, 7.425]","(6.744, 7.259]","(7.003, 7.666]","(6.567, 7.425]","(7.003, 10.76]",*
7.235191288051678,"(7.003, 7.425]","(6.744, 7.259]","(7.003, 7.666]","(6.567, 7.425]","(7.003, 10.76]",*
7.236402011153972,"(7.003, 7.425]","(6.744, 7.259]","(7.003, 7.666]","(6.567, 7.425]","(7.003, 10.76]",*
7.236661163327131,"(7.003, 7.425]","(6.744, 7.259]","(7.003, 7.666]","(6.567, 7.425]","(7.003, 10.76]",*
7.237042812998999,"(7.003, 7.425]","(6.744, 7.259]","(7.003, 7.666]","(6.567, 7.425]","(7.003, 10.76]",*
7.238912329416452,"(7.003, 7.425]","(6.744, 7.259]","(7.003, 7.666]","(6.567, 7.425]","(7.003, 10.76]",*
7.23894513186306,"(7.003, 7.425]","(6.744, 7.259]","(7.003, 7.666]","(6.567, 7.425]","(7.003, 10.76]",*
7.239105417610762,"(7.003, 7.425]","(6.744, 7.259]","(7.003, 7.666]","(6.567, 7.425]","(7.003, 10.76]",*
7.239251807549195,"(7.003, 7.425]","(6.744, 7.259]","(7.003, 7.666]","(6.567, 7.425]","(7.003, 10.76]",*
7.241035565418122,"(7.003, 7.425]","(6.744, 7.259]","(7.003, 7.666]","(6.567, 7.425]","(7.003, 10.76]",*
7.2413126193112385,"(7.003, 7.425]","(6.744, 7.259]","(7.003, 7.666]","(6.567, 7.425]","(7.003, 10.76]",*
7.241492040124083,"(7.003, 7.425]","(6.744, 7.259]","(7.003, 7.666]","(6.567, 7.425]","(7.003, 10.76]",*
7.2428660455161555,"(7.003, 7.425]","(6.744, 7.259]","(7.003, 7.666]","(6.567, 7.425]","(7.003, 10.76]",*
7.245610106108936,"(7.003, 7.425]","(6.744, 7.259]","(7.003, 7.666]","(6.567, 7.425]","(7.003, 10.76]",*
7.246699864127391,"(7.003, 7.425]","(6.744, 7.259]","(7.003, 7.666]","(6.567, 7.425]","(7.003, 10.76]",*
7.247375951093867,"(7.003, 7.425]","(6.744, 7.259]","(7.003, 7.666]","(6.567, 7.425]","(7.003, 10.76]",*
7.24768751540794,"(7.003, 7.425]","(6.744, 7.259]","(7.003, 7.666]","(6.567, 7.425]","(7.003, 10.76]",*
7.2482877536706205,"(7.003, 7.425]","(6.744, 7.259]","(7.003, 7.666]","(6.567, 7.425]","(7.003, 10.76]",*
7.248681841413587,"(7.003, 7.425]","(6.744, 7.259]","(7.003, 7.666]","(6.567, 7.425]","(7.003, 10.76]",*
7.249122096487785,"(7.003, 7.425]","(6.744, 7.259]","(7.003, 7.666]","(6.567, 7.425]","(7.003, 10.76]",*
7.249424866713362,"(7.003, 7.425]","(6.744, 7.259]","(7.003, 7.666]","(6.567, 7.425]","(7.003, 10.76]",*
7.24961374114848,"(7.003, 7.425]","(6.744, 7.259]","(7.003, 7.666]","(6.567, 7.425]","(7.003, 10.76]",*
7.249657848276027,"(7.003, 7.425]","(6.744, 7.259]","(7.003, 7.666]","(6.567, 7.425]","(7.003, 10.76]",*
7.249905240497008,"(7.003, 7.425]","(6.744, 7.259]","(7.003, 7.666]","(6.567, 7.425]","(7.003, 10.76]",*
7.250029317273495,"(7.003, 7.425]","(6.744, 7.259]","(7.003, 7.666]","(6.567, 7.425]","(7.003, 10.76]",*
7.250184907399781,"(7.003, 7.425]","(6.744, 7.259]","(7.003, 7.666]","(6.567, 7.425]","(7.003, 10.76]",*
7.250240550065746,"(7.003, 7.425]","(6.744, 7.259]","(7.003, 7.666]","(6.567, 7.425]","(7.003, 10.76]",*
7.252665322385219,"(7.003, 7.425]","(6.744, 7.259]","(7.003, 7.666]","(6.567, 7.425]","(7.003, 10.76]",*
7.252915777834183,"(7.003, 7.425]","(6.744, 7.259]","(7.003, 7.666]","(6.567, 7.425]","(7.003, 10.76]",*
7.253349093240592,"(7.003, 7.425]","(6.744, 7.259]","(7.003, 7.666]","(6.567, 7.425]","(7.003, 10.76]",*
7.253737123937527,"(7.003, 7.425]","(6.744, 7.259]","(7.003, 7.666]","(6.567, 7.425]","(7.003, 10.76]",*
7.253765741575396,"(7.003, 7.425]","(6.744, 7.259]","(7.003, 7.666]","(6.567, 7.425]","(7.003, 10.76]",*
7.253842718514707,"(7.003, 7.425]","(6.744, 7.259]","(7.003, 7.666]","(6.567, 7.425]","(7.003, 10.76]",*
7.254178535609922,"(7.003, 7.425]","(6.744, 7.259]","(7.003, 7.666]","(6.567, 7.425]","(7.003, 10.76]",*
7.25421743282951,"(7.003, 7.425]","(6.744, 7.259]","(7.003, 7.666]","(6.567, 7.425]","(7.003, 10.76]",*
7.25514073313275,"(7.003, 7.425]","(6.744, 7.259]","(7.003, 7.666]","(6.567, 7.425]","(7.003, 10.76]",*
7.256684297016448,"(7.003, 7.425]","(6.744, 7.259]","(7.003, 7.666]","(6.567, 7.425]","(7.003, 10.76]",*
7.256935779010514,"(7.003, 7.425]","(6.744, 7.259]","(7.003, 7.666]","(6.567, 7.425]","(7.003, 10.76]",*
7.257371803467259,"(7.003, 7.425]","(6.744, 7.259]","(7.003, 7.666]","(6.567, 7.425]","(7.003, 10.76]",*
7.257604190192438,"(7.003, 7.425]","(6.744, 7.259]","(7.003, 7.666]","(6.567, 7.425]","(7.003, 10.76]",*
7.258291119877575,"(7.003, 7.425]","(6.744, 7.259]","(7.003, 7.666]","(6.567, 7.425]","(7.003, 10.76]",*
7.259001315706383,"(7.003, 7.425]","(7.259, 7.842]","(7.003, 7.666]","(6.567, 7.425]","(7.003, 10.76]",*
7.259081954898423,"(7.003, 7.425]","(7.259, 7.842]","(7.003, 7.666]","(6.567, 7.425]","(7.003, 10.76]",*
7.259286709164788,"(7.003, 7.425]","(7.259, 7.842]","(7.003, 7.666]","(6.567, 7.425]","(7.003, 10.76]",*
7.259567833408496,"(7.003, 7.425]","(7.259, 7.842]","(7.003, 7.666]","(6.567, 7.425]","(7.003, 10.76]",*
7.259975616174763,"(7.003, 7.425]","(7.259, 7.842]","(7.003, 7.666]","(6.567, 7.425]","(7.003, 10.76]",*
7.260436972471862,"(7.003, 7.425]","(7.259, 7.842]","(7.003, 7.666]","(6.567, 7.425]","(7.003, 10.76]",*
7.2615103799744,"(7.003, 7.425]","(7.259, 7.842]","(7.003, 7.666]","(6.567, 7.425]","(7.003, 10.76]",*
7.26295010203801,"(7.003, 7.425]","(7.259, 7.842]","(7.003, 7.666]","(6.567, 7.425]","(7.003, 10.76]",*
7.265063058361621,"(7.003, 7.425]","(7.259, 7.842]","(7.003, 7.666]","(6.567, 7.425]","(7.003, 10.76]",*
7.265462684498114,"(7.003, 7.425]","(7.259, 7.842]","(7.003, 7.666]","(6.567, 7.425]","(7.003, 10.76]",*
7.266027596643242,"(7.003, 7.425]","(7.259, 7.842]","(7.003, 7.666]","(6.567, 7.425]","(7.003, 10.76]",*
7.266297175560207,"(7.003, 7.425]","(7.259, 7.842]","(7.003, 7.666]","(6.567, 7.425]","(7.003, 10.76]",*
7.266475345369918,"(7.003, 7.425]","(7.259, 7.842]","(7.003, 7.666]","(6.567, 7.425]","(7.003, 10.76]",*
7.267249766185943,"(7.003, 7.425]","(7.259, 7.842]","(7.003, 7.666]","(6.567, 7.425]","(7.003, 10.76]",*
7.267597143491652,"(7.003, 7.425]","(7.259, 7.842]","(7.003, 7.666]","(6.567, 7.425]","(7.003, 10.76]",*
7.267847632334957,"(7.003, 7.425]","(7.259, 7.842]","(7.003, 7.666]","(6.567, 7.425]","(7.003, 10.76]",*
7.2689535203414914,"(7.003, 7.425]","(7.259, 7.842]","(7.003, 7.666]","(6.567, 7.425]","(7.003, 10.76]",*
7.2701382679198945,"(7.003, 7.425]","(7.259, 7.842]","(7.003, 7.666]","(6.567, 7.425]","(7.003, 10.76]",*
7.271163221765712,"(7.003, 7.425]","(7.259, 7.842]","(7.003, 7.666]","(6.567, 7.425]","(7.003, 10.76]",*
7.272131535337423,"(7.003, 7.425]","(7.259, 7.842]","(7.003, 7.666]","(6.567, 7.425]","(7.003, 10.76]",*
7.272294413979676,"(7.003, 7.425]","(7.259, 7.842]","(7.003, 7.666]","(6.567, 7.425]","(7.003, 10.76]",*
7.272801178618669,"(7.003, 7.425]","(7.259, 7.842]","(7.003, 7.666]","(6.567, 7.425]","(7.003, 10.76]",*
7.2728334581986624,"(7.003, 7.425]","(7.259, 7.842]","(7.003, 7.666]","(6.567, 7.425]","(7.003, 10.76]",*
7.274836553392966,"(7.003, 7.425]","(7.259, 7.842]","(7.003, 7.666]","(6.567, 7.425]","(7.003, 10.76]",*
7.275192796341924,"(7.003, 7.425]","(7.259, 7.842]","(7.003, 7.666]","(6.567, 7.425]","(7.003, 10.76]",*
7.276102285673177,"(7.003, 7.425]","(7.259, 7.842]","(7.003, 7.666]","(6.567, 7.425]","(7.003, 10.76]",*
7.276308629143928,"(7.003, 7.425]","(7.259, 7.842]","(7.003, 7.666]","(6.567, 7.425]","(7.003, 10.76]",*
7.276382135096111,"(7.003, 7.425]","(7.259, 7.842]","(7.003, 7.666]","(6.567, 7.425]","(7.003, 10.76]",*
7.278782581856344,"(7.003, 7.425]","(7.259, 7.842]","(7.003, 7.666]","(6.567, 7.425]","(7.003, 10.76]",*
7.279934744252478,"(7.003, 7.425]","(7.259, 7.842]","(7.003, 7.666]","(6.567, 7.425]","(7.003, 10.76]",*
7.280258782722219,"(7.003, 7.425]","(7.259, 7.842]","(7.003, 7.666]","(6.567, 7.425]","(7.003, 10.76]",*
7.280337335213299,"(7.003, 7.425]","(7.259, 7.842]","(7.003, 7.666]","(6.567, 7.425]","(7.003, 10.76]",*
7.28118344207785,"(7.003, 7.425]","(7.259, 7.842]","(7.003, 7.666]","(6.567, 7.425]","(7.003, 10.76]",*
7.281330177563887,"(7.003, 7.425]","(7.259, 7.842]","(7.003, 7.666]","(6.567, 7.425]","(7.003, 10.76]",*
7.2820440287330035,"(7.003, 7.425]","(7.259, 7.842]","(7.003, 7.666]","(6.567, 7.425]","(7.003, 10.76]",*
7.28210684671993,"(7.003, 7.425]","(7.259, 7.842]","(7.003, 7.666]","(6.567, 7.425]","(7.003, 10.76]",*
7.282240151127922,"(7.003, 7.425]","(7.259, 7.842]","(7.003, 7.666]","(6.567, 7.425]","(7.003, 10.76]",*
7.282469927117852,"(7.003, 7.425]","(7.259, 7.842]","(7.003, 7.666]","(6.567, 7.425]","(7.003, 10.76]",*
7.282521301589923,"(7.003, 7.425]","(7.259, 7.842]","(7.003, 7.666]","(6.567, 7.425]","(7.003, 10.76]",*
7.282537331919778,"(7.003, 7.425]","(7.259, 7.842]","(7.003, 7.666]","(6.567, 7.425]","(7.003, 10.76]",*
7.28267984052002,"(7.003, 7.425]","(7.259, 7.842]","(7.003, 7.666]","(6.567, 7.425]","(7.003, 10.76]",*
7.283060937185698,"(7.003, 7.425]","(7.259, 7.842]","(7.003, 7.666]","(6.567, 7.425]","(7.003, 10.76]",*
7.284399324699223,"(7.003, 7.425]","(7.259, 7.842]","(7.003, 7.666]","(6.567, 7.425]","(7.003, 10.76]",*
7.285191879478033,"(7.003, 7.425]","(7.259, 7.842]","(7.003, 7.666]","(6.567, 7.425]","(7.003, 10.76]",*
7.285225481926964,"(7.003, 7.425]","(7.259, 7.842]","(7.003, 7.666]","(6.567, 7.425]","(7.003, 10.76]",*
7.285434147207383,"(7.003, 7.425]","(7.259, 7.842]","(7.003, 7.666]","(6.567, 7.425]","(7.003, 10.76]",*
7.286039798462478,"(7.003, 7.425]","(7.259, 7.842]","(7.003, 7.666]","(6.567, 7.425]","(7.003, 10.76]",*
7.287303779027798,"(7.003, 7.425]","(7.259, 7.842]","(7.003, 7.666]","(6.567, 7.425]","(7.003, 10.76]",*
7.287616223588655,"(7.003, 7.425]","(7.259, 7.842]","(7.003, 7.666]","(6.567, 7.425]","(7.003, 10.76]",*
7.288337749190477,"(7.003, 7.425]","(7.259, 7.842]","(7.003, 7.666]","(6.567, 7.425]","(7.003, 10.76]",*
7.288819155970835,"(7.003, 7.425]","(7.259, 7.842]","(7.003, 7.666]","(6.567, 7.425]","(7.003, 10.76]",*
7.289207307960122,"(7.003, 7.425]","(7.259, 7.842]","(7.003, 7.666]","(6.567, 7.425]","(7.003, 10.76]",*
7.289358524641456,"(7.003, 7.425]","(7.259, 7.842]","(7.003, 7.666]","(6.567, 7.425]","(7.003, 10.76]",*
7.290158075522393,"(7.003, 7.425]","(7.259, 7.842]","(7.003, 7.666]","(6.567, 7.425]","(7.003, 10.76]",*
7.290495553164357,"(7.003, 7.425]","(7.259, 7.842]","(7.003, 7.666]","(6.567, 7.425]","(7.003, 10.76]",*
7.290631549449563,"(7.003, 7.425]","(7.259, 7.842]","(7.003, 7.666]","(6.567, 7.425]","(7.003, 10.76]",*
7.291728070750261,"(7.003, 7.425]","(7.259, 7.842]","(7.003, 7.666]","(6.567, 7.425]","(7.003, 10.76]",*
7.292782479596839,"(7.003, 7.425]","(7.259, 7.842]","(7.003, 7.666]","(6.567, 7.425]","(7.003, 10.76]",*
7.293476753807881,"(7.003, 7.425]","(7.259, 7.842]","(7.003, 7.666]","(6.567, 7.425]","(7.003, 10.76]",*
7.29409642401292,"(7.003, 7.425]","(7.259, 7.842]","(7.003, 7.666]","(6.567, 7.425]","(7.003, 10.76]",*
7.295145800743628,"(7.003, 7.425]","(7.259, 7.842]","(7.003, 7.666]","(6.567, 7.425]","(7.003, 10.76]",*
7.295573321677202,"(7.003, 7.425]","(7.259, 7.842]","(7.003, 7.666]","(6.567, 7.425]","(7.003, 10.76]",*
7.295937423183386,"(7.003, 7.425]","(7.259, 7.842]","(7.003, 7.666]","(6.567, 7.425]","(7.003, 10.76]",*
7.296984059049038,"(7.003, 7.425]","(7.259, 7.842]","(7.003, 7.666]","(6.567, 7.425]","(7.003, 10.76]",*
7.297613242970803,"(7.003, 7.425]","(7.259, 7.842]","(7.003, 7.666]","(6.567, 7.425]","(7.003, 10.76]",*
7.298146653372737,"(7.003, 7.425]","(7.259, 7.842]","(7.003, 7.666]","(6.567, 7.425]","(7.003, 10.76]",*
7.298367387970952,"(7.003, 7.425]","(7.259, 7.842]","(7.003, 7.666]","(6.567, 7.425]","(7.003, 10.76]",*
7.299320697988253,"(7.003, 7.425]","(7.259, 7.842]","(7.003, 7.666]","(6.567, 7.425]","(7.003, 10.76]",*
7.299796421721747,"(7.003, 7.425]","(7.259, 7.842]","(7.003, 7.666]","(6.567, 7.425]","(7.003, 10.76]",*
7.301554794349278,"(7.003, 7.425]","(7.259, 7.842]","(7.003, 7.666]","(6.567, 7.425]","(7.003, 10.76]",*
7.301723912250078,"(7.003, 7.425]","(7.259, 7.842]","(7.003, 7.666]","(6.567, 7.425]","(7.003, 10.76]",*
7.301820954856303,"(7.003, 7.425]","(7.259, 7.842]","(7.003, 7.666]","(6.567, 7.425]","(7.003, 10.76]",*
7.302751132163054,"(7.003, 7.425]","(7.259, 7.842]","(7.003, 7.666]","(6.567, 7.425]","(7.003, 10.76]",*
7.303116175027231,"(7.003, 7.425]","(7.259, 7.842]","(7.003, 7.666]","(6.567, 7.425]","(7.003, 10.76]",*
7.303474997433383,"(7.003, 7.425]","(7.259, 7.842]","(7.003, 7.666]","(6.567, 7.425]","(7.003, 10.76]",*
7.30373218506719,"(7.003, 7.425]","(7.259, 7.842]","(7.003, 7.666]","(6.567, 7.425]","(7.003, 10.76]",*
7.304050833386017,"(7.003, 7.425]","(7.259, 7.842]","(7.003, 7.666]","(6.567, 7.425]","(7.003, 10.76]",*
7.3042542828848305,"(7.003, 7.425]","(7.259, 7.842]","(7.003, 7.666]","(6.567, 7.425]","(7.003, 10.76]",*
7.304337593233957,"(7.003, 7.425]","(7.259, 7.842]","(7.003, 7.666]","(6.567, 7.425]","(7.003, 10.76]",*
7.3056470490212675,"(7.003, 7.425]","(7.259, 7.842]","(7.003, 7.666]","(6.567, 7.425]","(7.003, 10.76]",*
7.305667972185751,"(7.003, 7.425]","(7.259, 7.842]","(7.003, 7.666]","(6.567, 7.425]","(7.003, 10.76]",*
7.306146377489365,"(7.003, 7.425]","(7.259, 7.842]","(7.003, 7.666]","(6.567, 7.425]","(7.003, 10.76]",*
7.306289419553317,"(7.003, 7.425]","(7.259, 7.842]","(7.003, 7.666]","(6.567, 7.425]","(7.003, 10.76]",*
7.307411975676351,"(7.003, 7.425]","(7.259, 7.842]","(7.003, 7.666]","(6.567, 7.425]","(7.003, 10.76]",*
7.308434244877509,"(7.003, 7.425]","(7.259, 7.842]","(7.003, 7.666]","(6.567, 7.425]","(7.003, 10.76]",*
7.308664006081315,"(7.003, 7.425]","(7.259, 7.842]","(7.003, 7.666]","(6.567, 7.425]","(7.003, 10.76]",*
7.308749228845534,"(7.003, 7.425]","(7.259, 7.842]","(7.003, 7.666]","(6.567, 7.425]","(7.003, 10.76]",*
7.309515328485888,"(7.003, 7.425]","(7.259, 7.842]","(7.003, 7.666]","(6.567, 7.425]","(7.003, 10.76]",*
7.309721787695168,"(7.003, 7.425]","(7.259, 7.842]","(7.003, 7.666]","(6.567, 7.425]","(7.003, 10.76]",*
7.309919375178432,"(7.003, 7.425]","(7.259, 7.842]","(7.003, 7.666]","(6.567, 7.425]","(7.003, 10.76]",*
7.310313039475057,"(7.003, 7.425]","(7.259, 7.842]","(7.003, 7.666]","(6.567, 7.425]","(7.003, 10.76]",*
7.310473469255688,"(7.003, 7.425]","(7.259, 7.842]","(7.003, 7.666]","(6.567, 7.425]","(7.003, 10.76]",*
7.310818250420969,"(7.003, 7.425]","(7.259, 7.842]","(7.003, 7.666]","(6.567, 7.425]","(7.003, 10.76]",*
7.31095034376842,"(7.003, 7.425]","(7.259, 7.842]","(7.003, 7.666]","(6.567, 7.425]","(7.003, 10.76]",*
7.311134731798242,"(7.003, 7.425]","(7.259, 7.842]","(7.003, 7.666]","(6.567, 7.425]","(7.003, 10.76]",*
7.311744189517403,"(7.003, 7.425]","(7.259, 7.842]","(7.003, 7.666]","(6.567, 7.425]","(7.003, 10.76]",*
7.311785484005708,"(7.003, 7.425]","(7.259, 7.842]","(7.003, 7.666]","(6.567, 7.425]","(7.003, 10.76]",*
7.3119065187032,"(7.003, 7.425]","(7.259, 7.842]","(7.003, 7.666]","(6.567, 7.425]","(7.003, 10.76]",*
7.3119123213479345,"(7.003, 7.425]","(7.259, 7.842]","(7.003, 7.666]","(6.567, 7.425]","(7.003, 10.76]",*
7.312124659738183,"(7.003, 7.425]","(7.259, 7.842]","(7.003, 7.666]","(6.567, 7.425]","(7.003, 10.76]",*
7.312879971463007,"(7.003, 7.425]","(7.259, 7.842]","(7.003, 7.666]","(6.567, 7.425]","(7.003, 10.76]",*
7.314271486961656,"(7.003, 7.425]","(7.259, 7.842]","(7.003, 7.666]","(6.567, 7.425]","(7.003, 10.76]",*
7.314402944669799,"(7.003, 7.425]","(7.259, 7.842]","(7.003, 7.666]","(6.567, 7.425]","(7.003, 10.76]",*
7.314848472389812,"(7.003, 7.425]","(7.259, 7.842]","(7.003, 7.666]","(6.567, 7.425]","(7.003, 10.76]",*
7.314935944980668,"(7.003, 7.425]","(7.259, 7.842]","(7.003, 7.666]","(6.567, 7.425]","(7.003, 10.76]",*
7.315695461099716,"(7.003, 7.425]","(7.259, 7.842]","(7.003, 7.666]","(6.567, 7.425]","(7.003, 10.76]",*
7.315886025247789,"(7.003, 7.425]","(7.259, 7.842]","(7.003, 7.666]","(6.567, 7.425]","(7.003, 10.76]",*
7.316436478746638,"(7.003, 7.425]","(7.259, 7.842]","(7.003, 7.666]","(6.567, 7.425]","(7.003, 10.76]",*
7.316483226533011,"(7.003, 7.425]","(7.259, 7.842]","(7.003, 7.666]","(6.567, 7.425]","(7.003, 10.76]",*
7.31655100341926,"(7.003, 7.425]","(7.259, 7.842]","(7.003, 7.666]","(6.567, 7.425]","(7.003, 10.76]",*
7.316551473843888,"(7.003, 7.425]","(7.259, 7.842]","(7.003, 7.666]","(6.567, 7.425]","(7.003, 10.76]",*
7.318214495114224,"(7.003, 7.425]","(7.259, 7.842]","(7.003, 7.666]","(6.567, 7.425]","(7.003, 10.76]",*
7.318888694587589,"(7.003, 7.425]","(7.259, 7.842]","(7.003, 7.666]","(6.567, 7.425]","(7.003, 10.76]",*
7.319885530125552,"(7.003, 7.425]","(7.259, 7.842]","(7.003, 7.666]","(6.567, 7.425]","(7.003, 10.76]",*
7.32056283382634,"(7.003, 7.425]","(7.259, 7.842]","(7.003, 7.666]","(6.567, 7.425]","(7.003, 10.76]",*
7.321193642669232,"(7.003, 7.425]","(7.259, 7.842]","(7.003, 7.666]","(6.567, 7.425]","(7.003, 10.76]",*
7.321513123720356,"(7.003, 7.425]","(7.259, 7.842]","(7.003, 7.666]","(6.567, 7.425]","(7.003, 10.76]",*
7.321569047165145,"(7.003, 7.425]","(7.259, 7.842]","(7.003, 7.666]","(6.567, 7.425]","(7.003, 10.76]",*
7.321609659804224,"(7.003, 7.425]","(7.259, 7.842]","(7.003, 7.666]","(6.567, 7.425]","(7.003, 10.76]",*
7.321780294222971,"(7.003, 7.425]","(7.259, 7.842]","(7.003, 7.666]","(6.567, 7.425]","(7.003, 10.76]",*
7.322067609750652,"(7.003, 7.425]","(7.259, 7.842]","(7.003, 7.666]","(6.567, 7.425]","(7.003, 10.76]",*
7.322530061860816,"(7.003, 7.425]","(7.259, 7.842]","(7.003, 7.666]","(6.567, 7.425]","(7.003, 10.76]",*
7.322709774158183,"(7.003, 7.425]","(7.259, 7.842]","(7.003, 7.666]","(6.567, 7.425]","(7.003, 10.76]",*
7.323224846484872,"(7.003, 7.425]","(7.259, 7.842]","(7.003, 7.666]","(6.567, 7.425]","(7.003, 10.76]",*
7.32537953908138,"(7.003, 7.425]","(7.259, 7.842]","(7.003, 7.666]","(6.567, 7.425]","(7.003, 10.76]",*
7.325973781241172,"(7.003, 7.425]","(7.259, 7.842]","(7.003, 7.666]","(6.567, 7.425]","(7.003, 10.76]",*
7.326665554450678,"(7.003, 7.425]","(7.259, 7.842]","(7.003, 7.666]","(6.567, 7.425]","(7.003, 10.76]",*
7.326975753936468,"(7.003, 7.425]","(7.259, 7.842]","(7.003, 7.666]","(6.567, 7.425]","(7.003, 10.76]",*
7.327325342996355,"(7.003, 7.425]","(7.259, 7.842]","(7.003, 7.666]","(6.567, 7.425]","(7.003, 10.76]",*
7.327348646902157,"(7.003, 7.425]","(7.259, 7.842]","(7.003, 7.666]","(6.567, 7.425]","(7.003, 10.76]",*
7.327363169604823,"(7.003, 7.425]","(7.259, 7.842]","(7.003, 7.666]","(6.567, 7.425]","(7.003, 10.76]",*
7.327671148356501,"(7.003, 7.425]","(7.259, 7.842]","(7.003, 7.666]","(6.567, 7.425]","(7.003, 10.76]",*
7.3282739328446995,"(7.003, 7.425]","(7.259, 7.842]","(7.003, 7.666]","(6.567, 7.425]","(7.003, 10.76]",*
7.328415490532762,"(7.003, 7.425]","(7.259, 7.842]","(7.003, 7.666]","(6.567, 7.425]","(7.003, 10.76]",*
7.3284350457245795,"(7.003, 7.425]","(7.259, 7.842]","(7.003, 7.666]","(6.567, 7.425]","(7.003, 10.76]",*
7.32870912167974,"(7.003, 7.425]","(7.259, 7.842]","(7.003, 7.666]","(6.567, 7.425]","(7.003, 10.76]",*
7.330292760097652,"(7.003, 7.425]","(7.259, 7.842]","(7.003, 7.666]","(6.567, 7.425]","(7.003, 10.76]",*
7.331330100018214,"(7.003, 7.425]","(7.259, 7.842]","(7.003, 7.666]","(6.567, 7.425]","(7.003, 10.76]",*
7.331566870089031,"(7.003, 7.425]","(7.259, 7.842]","(7.003, 7.666]","(6.567, 7.425]","(7.003, 10.76]",*
7.332134662107196,"(7.003, 7.425]","(7.259, 7.842]","(7.003, 7.666]","(6.567, 7.425]","(7.003, 10.76]",*
7.332769652569191,"(7.003, 7.425]","(7.259, 7.842]","(7.003, 7.666]","(6.567, 7.425]","(7.003, 10.76]",*
7.333554072097737,"(7.003, 7.425]","(7.259, 7.842]","(7.003, 7.666]","(6.567, 7.425]","(7.003, 10.76]",*
7.333571579687018,"(7.003, 7.425]","(7.259, 7.842]","(7.003, 7.666]","(6.567, 7.425]","(7.003, 10.76]",*
7.333735475071472,"(7.003, 7.425]","(7.259, 7.842]","(7.003, 7.666]","(6.567, 7.425]","(7.003, 10.76]",*
7.333742043739152,"(7.003, 7.425]","(7.259, 7.842]","(7.003, 7.666]","(6.567, 7.425]","(7.003, 10.76]",*
7.33455846620528,"(7.003, 7.425]","(7.259, 7.842]","(7.003, 7.666]","(6.567, 7.425]","(7.003, 10.76]",*
7.334991821398235,"(7.003, 7.425]","(7.259, 7.842]","(7.003, 7.666]","(6.567, 7.425]","(7.003, 10.76]",*
7.335984715058728,"(7.003, 7.425]","(7.259, 7.842]","(7.003, 7.666]","(6.567, 7.425]","(7.003, 10.76]",*
7.336151988281406,"(7.003, 7.425]","(7.259, 7.842]","(7.003, 7.666]","(6.567, 7.425]","(7.003, 10.76]",*
7.336340463603316,"(7.003, 7.425]","(7.259, 7.842]","(7.003, 7.666]","(6.567, 7.425]","(7.003, 10.76]",*
7.336633320542276,"(7.003, 7.425]","(7.259, 7.842]","(7.003, 7.666]","(6.567, 7.425]","(7.003, 10.76]",*
7.336962829683287,"(7.003, 7.425]","(7.259, 7.842]","(7.003, 7.666]","(6.567, 7.425]","(7.003, 10.76]",*
7.337229453600518,"(7.003, 7.425]","(7.259, 7.842]","(7.003, 7.666]","(6.567, 7.425]","(7.003, 10.76]",*
7.337393909162745,"(7.003, 7.425]","(7.259, 7.842]","(7.003, 7.666]","(6.567, 7.425]","(7.003, 10.76]",*
7.337589916967904,"(7.003, 7.425]","(7.259, 7.842]","(7.003, 7.666]","(6.567, 7.425]","(7.003, 10.76]",*
7.337689237101692,"(7.003, 7.425]","(7.259, 7.842]","(7.003, 7.666]","(6.567, 7.425]","(7.003, 10.76]",*
7.33925123979874,"(7.003, 7.425]","(7.259, 7.842]","(7.003, 7.666]","(6.567, 7.425]","(7.003, 10.76]",*
7.340614471272929,"(7.003, 7.425]","(7.259, 7.842]","(7.003, 7.666]","(6.567, 7.425]","(7.003, 10.76]",*
7.340992378598013,"(7.003, 7.425]","(7.259, 7.842]","(7.003, 7.666]","(6.567, 7.425]","(7.003, 10.76]",*
7.3415891905866575,"(7.003, 7.425]","(7.259, 7.842]","(7.003, 7.666]","(6.567, 7.425]","(7.003, 10.76]",*
7.342819909579407,"(7.003, 7.425]","(7.259, 7.842]","(7.003, 7.666]","(6.567, 7.425]","(7.003, 10.76]",*
7.343027766764978,"(7.003, 7.425]","(7.259, 7.842]","(7.003, 7.666]","(6.567, 7.425]","(7.003, 10.76]",*
7.343420850618124,"(7.003, 7.425]","(7.259, 7.842]","(7.003, 7.666]","(6.567, 7.425]","(7.003, 10.76]",*
7.343427611446135,"(7.003, 7.425]","(7.259, 7.842]","(7.003, 7.666]","(6.567, 7.425]","(7.003, 10.76]",*
7.343435591828481,"(7.003, 7.425]","(7.259, 7.842]","(7.003, 7.666]","(6.567, 7.425]","(7.003, 10.76]",*
7.343475870975852,"(7.003, 7.425]","(7.259, 7.842]","(7.003, 7.666]","(6.567, 7.425]","(7.003, 10.76]",*
7.343520602370543,"(7.003, 7.425]","(7.259, 7.842]","(7.003, 7.666]","(6.567, 7.425]","(7.003, 10.76]",*
7.343874273683755,"(7.003, 7.425]","(7.259, 7.842]","(7.003, 7.666]","(6.567, 7.425]","(7.003, 10.76]",*
7.345307870554342,"(7.003, 7.425]","(7.259, 7.842]","(7.003, 7.666]","(6.567, 7.425]","(7.003, 10.76]",*
7.345656590563081,"(7.003, 7.425]","(7.259, 7.842]","(7.003, 7.666]","(6.567, 7.425]","(7.003, 10.76]",*
7.345925208364573,"(7.003, 7.425]","(7.259, 7.842]","(7.003, 7.666]","(6.567, 7.425]","(7.003, 10.76]",*
7.34602835581618,"(7.003, 7.425]","(7.259, 7.842]","(7.003, 7.666]","(6.567, 7.425]","(7.003, 10.76]",*
7.34626466314076,"(7.003, 7.425]","(7.259, 7.842]","(7.003, 7.666]","(6.567, 7.425]","(7.003, 10.76]",*
7.346448515787014,"(7.003, 7.425]","(7.259, 7.842]","(7.003, 7.666]","(6.567, 7.425]","(7.003, 10.76]",*
7.346570951696478,"(7.003, 7.425]","(7.259, 7.842]","(7.003, 7.666]","(6.567, 7.425]","(7.003, 10.76]",*
7.346703659661727,"(7.003, 7.425]","(7.259, 7.842]","(7.003, 7.666]","(6.567, 7.425]","(7.003, 10.76]",*
7.346789774452675,"(7.003, 7.425]","(7.259, 7.842]","(7.003, 7.666]","(6.567, 7.425]","(7.003, 10.76]",*
7.346886988435916,"(7.003, 7.425]","(7.259, 7.842]","(7.003, 7.666]","(6.567, 7.425]","(7.003, 10.76]",*
7.347288004172344,"(7.003, 7.425]","(7.259, 7.842]","(7.003, 7.666]","(6.567, 7.425]","(7.003, 10.76]",*
7.347449707483537,"(7.003, 7.425]","(7.259, 7.842]","(7.003, 7.666]","(6.567, 7.425]","(7.003, 10.76]",*
7.347941422586316,"(7.003, 7.425]","(7.259, 7.842]","(7.003, 7.666]","(6.567, 7.425]","(7.003, 10.76]",*
7.348255326880064,"(7.003, 7.425]","(7.259, 7.842]","(7.003, 7.666]","(6.567, 7.425]","(7.003, 10.76]",*
7.348649923118692,"(7.003, 7.425]","(7.259, 7.842]","(7.003, 7.666]","(6.567, 7.425]","(7.003, 10.76]",*
7.349121497204258,"(7.003, 7.425]","(7.259, 7.842]","(7.003, 7.666]","(6.567, 7.425]","(7.003, 10.76]",*
7.349362924471011,"(7.003, 7.425]","(7.259, 7.842]","(7.003, 7.666]","(6.567, 7.425]","(7.003, 10.76]",*
7.350019504033883,"(7.003, 7.425]","(7.259, 7.842]","(7.003, 7.666]","(6.567, 7.425]","(7.003, 10.76]",*
7.35013083869489,"(7.003, 7.425]","(7.259, 7.842]","(7.003, 7.666]","(6.567, 7.425]","(7.003, 10.76]",*
7.350285077388259,"(7.003, 7.425]","(7.259, 7.842]","(7.003, 7.666]","(6.567, 7.425]","(7.003, 10.76]",*
7.350361720235046,"(7.003, 7.425]","(7.259, 7.842]","(7.003, 7.666]","(6.567, 7.425]","(7.003, 10.76]",*
7.351397521078645,"(7.003, 7.425]","(7.259, 7.842]","(7.003, 7.666]","(6.567, 7.425]","(7.003, 10.76]",*
7.351612386736484,"(7.003, 7.425]","(7.259, 7.842]","(7.003, 7.666]","(6.567, 7.425]","(7.003, 10.76]",*
7.353357525328152,"(7.003, 7.425]","(7.259, 7.842]","(7.003, 7.666]","(6.567, 7.425]","(7.003, 10.76]",*
7.3541768263309075,"(7.003, 7.425]","(7.259, 7.842]","(7.003, 7.666]","(6.567, 7.425]","(7.003, 10.76]",*
7.35488318536354,"(7.003, 7.425]","(7.259, 7.842]","(7.003, 7.666]","(6.567, 7.425]","(7.003, 10.76]",*
7.356114504894062,"(7.003, 7.425]","(7.259, 7.842]","(7.003, 7.666]","(6.567, 7.425]","(7.003, 10.76]",*
7.356240217909728,"(7.003, 7.425]","(7.259, 7.842]","(7.003, 7.666]","(6.567, 7.425]","(7.003, 10.76]",*
7.357500686462379,"(7.003, 7.425]","(7.259, 7.842]","(7.003, 7.666]","(6.567, 7.425]","(7.003, 10.76]",*
7.358229666784606,"(7.003, 7.425]","(7.259, 7.842]","(7.003, 7.666]","(6.567, 7.425]","(7.003, 10.76]",*
7.3591947365241746,"(7.003, 7.425]","(7.259, 7.842]","(7.003, 7.666]","(6.567, 7.425]","(7.003, 10.76]",*
7.360455284616753,"(7.003, 7.425]","(7.259, 7.842]","(7.003, 7.666]","(6.567, 7.425]","(7.003, 10.76]",*
7.360601848284773,"(7.003, 7.425]","(7.259, 7.842]","(7.003, 7.666]","(6.567, 7.425]","(7.003, 10.76]",*
7.361112811945505,"(7.003, 7.425]","(7.259, 7.842]","(7.003, 7.666]","(6.567, 7.425]","(7.003, 10.76]",*
7.362406593673813,"(7.003, 7.425]","(7.259, 7.842]","(7.003, 7.666]","(6.567, 7.425]","(7.003, 10.76]",*
7.362439390471847,"(7.003, 7.425]","(7.259, 7.842]","(7.003, 7.666]","(6.567, 7.425]","(7.003, 10.76]",*
7.363327309944815,"(7.003, 7.425]","(7.259, 7.842]","(7.003, 7.666]","(6.567, 7.425]","(7.003, 10.76]",*
7.364007368396496,"(7.003, 7.425]","(7.259, 7.842]","(7.003, 7.666]","(6.567, 7.425]","(7.003, 10.76]",*
7.365228618060773,"(7.003, 7.425]","(7.259, 7.842]","(7.003, 7.666]","(6.567, 7.425]","(7.003, 10.76]",*
7.365242715162334,"(7.003, 7.425]","(7.259, 7.842]","(7.003, 7.666]","(6.567, 7.425]","(7.003, 10.76]",*
7.365420138653164,"(7.003, 7.425]","(7.259, 7.842]","(7.003, 7.666]","(6.567, 7.425]","(7.003, 10.76]",*
7.3655044046239055,"(7.003, 7.425]","(7.259, 7.842]","(7.003, 7.666]","(6.567, 7.425]","(7.003, 10.76]",*
7.366424943486309,"(7.003, 7.425]","(7.259, 7.842]","(7.003, 7.666]","(6.567, 7.425]","(7.003, 10.76]",*
7.368073057190176,"(7.003, 7.425]","(7.259, 7.842]","(7.003, 7.666]","(6.567, 7.425]","(7.003, 10.76]",*
7.368314072046791,"(7.003, 7.425]","(7.259, 7.842]","(7.003, 7.666]","(6.567, 7.425]","(7.003, 10.76]",*
7.369607415888832,"(7.003, 7.425]","(7.259, 7.842]","(7.003, 7.666]","(6.567, 7.425]","(7.003, 10.76]",*
7.369869649874401,"(7.003, 7.425]","(7.259, 7.842]","(7.003, 7.666]","(6.567, 7.425]","(7.003, 10.76]",*
7.370286264172931,"(7.003, 7.425]","(7.259, 7.842]","(7.003, 7.666]","(6.567, 7.425]","(7.003, 10.76]",*
7.370410988881261,"(7.003, 7.425]","(7.259, 7.842]","(7.003, 7.666]","(6.567, 7.425]","(7.003, 10.76]",*
7.370992683488404,"(7.003, 7.425]","(7.259, 7.842]","(7.003, 7.666]","(6.567, 7.425]","(7.003, 10.76]",*
7.371143087698164,"(7.003, 7.425]","(7.259, 7.842]","(7.003, 7.666]","(6.567, 7.425]","(7.003, 10.76]",*
7.372744222700605,"(7.003, 7.425]","(7.259, 7.842]","(7.003, 7.666]","(6.567, 7.425]","(7.003, 10.76]",*
7.372764826759749,"(7.003, 7.425]","(7.259, 7.842]","(7.003, 7.666]","(6.567, 7.425]","(7.003, 10.76]",*
7.372905099654814,"(7.003, 7.425]","(7.259, 7.842]","(7.003, 7.666]","(6.567, 7.425]","(7.003, 10.76]",*
7.372989951679538,"(7.003, 7.425]","(7.259, 7.842]","(7.003, 7.666]","(6.567, 7.425]","(7.003, 10.76]",*
7.373720468265952,"(7.003, 7.425]","(7.259, 7.842]","(7.003, 7.666]","(6.567, 7.425]","(7.003, 10.76]",*
7.3737871564022734,"(7.003, 7.425]","(7.259, 7.842]","(7.003, 7.666]","(6.567, 7.425]","(7.003, 10.76]",*
7.373850919174269,"(7.003, 7.425]","(7.259, 7.842]","(7.003, 7.666]","(6.567, 7.425]","(7.003, 10.76]",*
7.374606574435807,"(7.003, 7.425]","(7.259, 7.842]","(7.003, 7.666]","(6.567, 7.425]","(7.003, 10.76]",*
7.37486601720793,"(7.003, 7.425]","(7.259, 7.842]","(7.003, 7.666]","(6.567, 7.425]","(7.003, 10.76]",*
7.375559650518889,"(7.003, 7.425]","(7.259, 7.842]","(7.003, 7.666]","(6.567, 7.425]","(7.003, 10.76]",*
7.375616032687503,"(7.003, 7.425]","(7.259, 7.842]","(7.003, 7.666]","(6.567, 7.425]","(7.003, 10.76]",*
7.376389506750977,"(7.003, 7.425]","(7.259, 7.842]","(7.003, 7.666]","(6.567, 7.425]","(7.003, 10.76]",*
7.377008766712192,"(7.003, 7.425]","(7.259, 7.842]","(7.003, 7.666]","(6.567, 7.425]","(7.003, 10.76]",*
7.3775116495697795,"(7.003, 7.425]","(7.259, 7.842]","(7.003, 7.666]","(6.567, 7.425]","(7.003, 10.76]",*
7.377552371693522,"(7.003, 7.425]","(7.259, 7.842]","(7.003, 7.666]","(6.567, 7.425]","(7.003, 10.76]",*
7.377710969074316,"(7.003, 7.425]","(7.259, 7.842]","(7.003, 7.666]","(6.567, 7.425]","(7.003, 10.76]",*
7.377845326920081,"(7.003, 7.425]","(7.259, 7.842]","(7.003, 7.666]","(6.567, 7.425]","(7.003, 10.76]",*
7.378111938165013,"(7.003, 7.425]","(7.259, 7.842]","(7.003, 7.666]","(6.567, 7.425]","(7.003, 10.76]",*
7.378950007174077,"(7.003, 7.425]","(7.259, 7.842]","(7.003, 7.666]","(6.567, 7.425]","(7.003, 10.76]",*
7.380271214086946,"(7.003, 7.425]","(7.259, 7.842]","(7.003, 7.666]","(6.567, 7.425]","(7.003, 10.76]",*
7.380798426202059,"(7.003, 7.425]","(7.259, 7.842]","(7.003, 7.666]","(6.567, 7.425]","(7.003, 10.76]",*
7.380853392005025,"(7.003, 7.425]","(7.259, 7.842]","(7.003, 7.666]","(6.567, 7.425]","(7.003, 10.76]",*
7.381076691308117,"(7.003, 7.425]","(7.259, 7.842]","(7.003, 7.666]","(6.567, 7.425]","(7.003, 10.76]",*
7.38122484225448,"(7.003, 7.425]","(7.259, 7.842]","(7.003, 7.666]","(6.567, 7.425]","(7.003, 10.76]",*
7.382901949578122,"(7.003, 7.425]","(7.259, 7.842]","(7.003, 7.666]","(6.567, 7.425]","(7.003, 10.76]",*
7.382972887519858,"(7.003, 7.425]","(7.259, 7.842]","(7.003, 7.666]","(6.567, 7.425]","(7.003, 10.76]",*
7.383502841491492,"(7.003, 7.425]","(7.259, 7.842]","(7.003, 7.666]","(6.567, 7.425]","(7.003, 10.76]",*
7.383606405617789,"(7.003, 7.425]","(7.259, 7.842]","(7.003, 7.666]","(6.567, 7.425]","(7.003, 10.76]",*
7.383674760135991,"(7.003, 7.425]","(7.259, 7.842]","(7.003, 7.666]","(6.567, 7.425]","(7.003, 10.76]",*
7.383725367011408,"(7.003, 7.425]","(7.259, 7.842]","(7.003, 7.666]","(6.567, 7.425]","(7.003, 10.76]",*
7.383852502713535,"(7.003, 7.425]","(7.259, 7.842]","(7.003, 7.666]","(6.567, 7.425]","(7.003, 10.76]",*
7.384105886424721,"(7.003, 7.425]","(7.259, 7.842]","(7.003, 7.666]","(6.567, 7.425]","(7.003, 10.76]",*
7.384763646325807,"(7.003, 7.425]","(7.259, 7.842]","(7.003, 7.666]","(6.567, 7.425]","(7.003, 10.76]",*
7.384769882468697,"(7.003, 7.425]","(7.259, 7.842]","(7.003, 7.666]","(6.567, 7.425]","(7.003, 10.76]",*
7.385125178238625,"(7.003, 7.425]","(7.259, 7.842]","(7.003, 7.666]","(6.567, 7.425]","(7.003, 10.76]",*
7.38555504093928,"(7.003, 7.425]","(7.259, 7.842]","(7.003, 7.666]","(6.567, 7.425]","(7.003, 10.76]",*
7.3871258334334735,"(7.003, 7.425]","(7.259, 7.842]","(7.003, 7.666]","(6.567, 7.425]","(7.003, 10.76]",*
7.387603516957648,"(7.003, 7.425]","(7.259, 7.842]","(7.003, 7.666]","(6.567, 7.425]","(7.003, 10.76]",*
7.387690791426112,"(7.003, 7.425]","(7.259, 7.842]","(7.003, 7.666]","(6.567, 7.425]","(7.003, 10.76]",*
7.387976067501798,"(7.003, 7.425]","(7.259, 7.842]","(7.003, 7.666]","(6.567, 7.425]","(7.003, 10.76]",*
7.390197490742373,"(7.003, 7.425]","(7.259, 7.842]","(7.003, 7.666]","(6.567, 7.425]","(7.003, 10.76]",*
7.390581980923566,"(7.003, 7.425]","(7.259, 7.842]","(7.003, 7.666]","(6.567, 7.425]","(7.003, 10.76]",*
7.391411757627032,"(7.003, 7.425]","(7.259, 7.842]","(7.003, 7.666]","(6.567, 7.425]","(7.003, 10.76]",*
7.391549202270855,"(7.003, 7.425]","(7.259, 7.842]","(7.003, 7.666]","(6.567, 7.425]","(7.003, 10.76]",*
7.39157655434857,"(7.003, 7.425]","(7.259, 7.842]","(7.003, 7.666]","(6.567, 7.425]","(7.003, 10.76]",*
7.3916397199885475,"(7.003, 7.425]","(7.259, 7.842]","(7.003, 7.666]","(6.567, 7.425]","(7.003, 10.76]",*
7.3921640655892435,"(7.003, 7.425]","(7.259, 7.842]","(7.003, 7.666]","(6.567, 7.425]","(7.003, 10.76]",*
7.392177280949958,"(7.003, 7.425]","(7.259, 7.842]","(7.003, 7.666]","(6.567, 7.425]","(7.003, 10.76]",*
7.392283644385384,"(7.003, 7.425]","(7.259, 7.842]","(7.003, 7.666]","(6.567, 7.425]","(7.003, 10.76]",*
7.39267506203232,"(7.003, 7.425]","(7.259, 7.842]","(7.003, 7.666]","(6.567, 7.425]","(7.003, 10.76]",*
7.393212137584628,"(7.003, 7.425]","(7.259, 7.842]","(7.003, 7.666]","(6.567, 7.425]","(7.003, 10.76]",*
7.394920535536383,"(7.003, 7.425]","(7.259, 7.842]","(7.003, 7.666]","(6.567, 7.425]","(7.003, 10.76]",*
7.396697597778282,"(7.003, 7.425]","(7.259, 7.842]","(7.003, 7.666]","(6.567, 7.425]","(7.003, 10.76]",*
7.397488131785687,"(7.003, 7.425]","(7.259, 7.842]","(7.003, 7.666]","(6.567, 7.425]","(7.003, 10.76]",*
7.397590146815302,"(7.003, 7.425]","(7.259, 7.842]","(7.003, 7.666]","(6.567, 7.425]","(7.003, 10.76]",*
7.397905268187895,"(7.003, 7.425]","(7.259, 7.842]","(7.003, 7.666]","(6.567, 7.425]","(7.003, 10.76]",*
7.39791547194109,"(7.003, 7.425]","(7.259, 7.842]","(7.003, 7.666]","(6.567, 7.425]","(7.003, 10.76]",*
7.398003429168358,"(7.003, 7.425]","(7.259, 7.842]","(7.003, 7.666]","(6.567, 7.425]","(7.003, 10.76]",*
7.398153930781892,"(7.003, 7.425]","(7.259, 7.842]","(7.003, 7.666]","(6.567, 7.425]","(7.003, 10.76]",*
7.399011013891653,"(7.003, 7.425]","(7.259, 7.842]","(7.003, 7.666]","(6.567, 7.425]","(7.003, 10.76]",*
7.3990664887847455,"(7.003, 7.425]","(7.259, 7.842]","(7.003, 7.666]","(6.567, 7.425]","(7.003, 10.76]",*
7.3991034971049725,"(7.003, 7.425]","(7.259, 7.842]","(7.003, 7.666]","(6.567, 7.425]","(7.003, 10.76]",*
7.399877694877173,"(7.003, 7.425]","(7.259, 7.842]","(7.003, 7.666]","(6.567, 7.425]","(7.003, 10.76]",*
7.400037920098209,"(7.003, 7.425]","(7.259, 7.842]","(7.003, 7.666]","(6.567, 7.425]","(7.003, 10.76]",*
7.400270374677542,"(7.003, 7.425]","(7.259, 7.842]","(7.003, 7.666]","(6.567, 7.425]","(7.003, 10.76]",*
7.400684673037581,"(7.003, 7.425]","(7.259, 7.842]","(7.003, 7.666]","(6.567, 7.425]","(7.003, 10.76]",*
7.400706763677162,"(7.003, 7.425]","(7.259, 7.842]","(7.003, 7.666]","(6.567, 7.425]","(7.003, 10.76]",*
7.4014345329238225,"(7.003, 7.425]","(7.259, 7.842]","(7.003, 7.666]","(6.567, 7.425]","(7.003, 10.76]",*
7.401814643488839,"(7.003, 7.425]","(7.259, 7.842]","(7.003, 7.666]","(6.567, 7.425]","(7.003, 10.76]",*
7.403375101044856,"(7.003, 7.425]","(7.259, 7.842]","(7.003, 7.666]","(6.567, 7.425]","(7.003, 10.76]",*
7.403600629552398,"(7.003, 7.425]","(7.259, 7.842]","(7.003, 7.666]","(6.567, 7.425]","(7.003, 10.76]",*
7.404114200044857,"(7.003, 7.425]","(7.259, 7.842]","(7.003, 7.666]","(6.567, 7.425]","(7.003, 10.76]",*
7.404870424073883,"(7.003, 7.425]","(7.259, 7.842]","(7.003, 7.666]","(6.567, 7.425]","(7.003, 10.76]",*
7.405263291482014,"(7.003, 7.425]","(7.259, 7.842]","(7.003, 7.666]","(6.567, 7.425]","(7.003, 10.76]",*
7.4058879517249725,"(7.003, 7.425]","(7.259, 7.842]","(7.003, 7.666]","(6.567, 7.425]","(7.003, 10.76]",*
7.405948947334767,"(7.003, 7.425]","(7.259, 7.842]","(7.003, 7.666]","(6.567, 7.425]","(7.003, 10.76]",*
7.4065295429691025,"(7.003, 7.425]","(7.259, 7.842]","(7.003, 7.666]","(6.567, 7.425]","(7.003, 10.76]",*
7.407572441967398,"(7.003, 7.425]","(7.259, 7.842]","(7.003, 7.666]","(6.567, 7.425]","(7.003, 10.76]",*
7.408145957267081,"(7.003, 7.425]","(7.259, 7.842]","(7.003, 7.666]","(6.567, 7.425]","(7.003, 10.76]",*
7.409088159799877,"(7.003, 7.425]","(7.259, 7.842]","(7.003, 7.666]","(6.567, 7.425]","(7.003, 10.76]",*
7.409634025996872,"(7.003, 7.425]","(7.259, 7.842]","(7.003, 7.666]","(6.567, 7.425]","(7.003, 10.76]",*
7.410521157376666,"(7.003, 7.425]","(7.259, 7.842]","(7.003, 7.666]","(6.567, 7.425]","(7.003, 10.76]",*
7.410784512956858,"(7.003, 7.425]","(7.259, 7.842]","(7.003, 7.666]","(6.567, 7.425]","(7.003, 10.76]",*
7.411044617431997,"(7.003, 7.425]","(7.259, 7.842]","(7.003, 7.666]","(6.567, 7.425]","(7.003, 10.76]",*
7.4112134250288975,"(7.003, 7.425]","(7.259, 7.842]","(7.003, 7.666]","(6.567, 7.425]","(7.003, 10.76]",*
7.413471563360035,"(7.003, 7.425]","(7.259, 7.842]","(7.003, 7.666]","(6.567, 7.425]","(7.003, 10.76]",*
7.414641934729477,"(7.003, 7.425]","(7.259, 7.842]","(7.003, 7.666]","(6.567, 7.425]","(7.003, 10.76]",*
7.415055719286427,"(7.003, 7.425]","(7.259, 7.842]","(7.003, 7.666]","(6.567, 7.425]","(7.003, 10.76]",*
7.4153202340180275,"(7.003, 7.425]","(7.259, 7.842]","(7.003, 7.666]","(6.567, 7.425]","(7.003, 10.76]",*
7.415389387927926,"(7.003, 7.425]","(7.259, 7.842]","(7.003, 7.666]","(6.567, 7.425]","(7.003, 10.76]",*
7.415416067860112,"(7.003, 7.425]","(7.259, 7.842]","(7.003, 7.666]","(6.567, 7.425]","(7.003, 10.76]",*
7.415805961764804,"(7.003, 7.425]","(7.259, 7.842]","(7.003, 7.666]","(6.567, 7.425]","(7.003, 10.76]",*
7.41630715181828,"(7.003, 7.425]","(7.259, 7.842]","(7.003, 7.666]","(6.567, 7.425]","(7.003, 10.76]",*
7.416854031210755,"(7.003, 7.425]","(7.259, 7.842]","(7.003, 7.666]","(6.567, 7.425]","(7.003, 10.76]",*
7.418269493262717,"(7.003, 7.425]","(7.259, 7.842]","(7.003, 7.666]","(6.567, 7.425]","(7.003, 10.76]",*
7.418750602810834,"(7.003, 7.425]","(7.259, 7.842]","(7.003, 7.666]","(6.567, 7.425]","(7.003, 10.76]",*
7.419498794669844,"(7.003, 7.425]","(7.259, 7.842]","(7.003, 7.666]","(6.567, 7.425]","(7.003, 10.76]",*
7.419542404093398,"(7.003, 7.425]","(7.259, 7.842]","(7.003, 7.666]","(6.567, 7.425]","(7.003, 10.76]",*
7.420099548237411,"(7.003, 7.425]","(7.259, 7.842]","(7.003, 7.666]","(6.567, 7.425]","(7.003, 10.76]",*
7.420491028062846,"(7.003, 7.425]","(7.259, 7.842]","(7.003, 7.666]","(6.567, 7.425]","(7.003, 10.76]",*
7.420949610629165,"(7.003, 7.425]","(7.259, 7.842]","(7.003, 7.666]","(6.567, 7.425]","(7.003, 10.76]",*
7.421920926815972,"(7.003, 7.425]","(7.259, 7.842]","(7.003, 7.666]","(6.567, 7.425]","(7.003, 10.76]",*
7.422156286901591,"(7.003, 7.425]","(7.259, 7.842]","(7.003, 7.666]","(6.567, 7.425]","(7.003, 10.76]",*
7.422304751657776,"(7.003, 7.425]","(7.259, 7.842]","(7.003, 7.666]","(6.567, 7.425]","(7.003, 10.76]",*
7.4224716502405235,"(7.003, 7.425]","(7.259, 7.842]","(7.003, 7.666]","(6.567, 7.425]","(7.003, 10.76]",*
7.423526770172239,"(7.003, 7.425]","(7.259, 7.842]","(7.003, 7.666]","(6.567, 7.425]","(7.003, 10.76]",*
7.423947630561424,"(7.003, 7.425]","(7.259, 7.842]","(7.003, 7.666]","(6.567, 7.425]","(7.003, 10.76]",*
7.424003894389682,"(7.003, 7.425]","(7.259, 7.842]","(7.003, 7.666]","(6.567, 7.425]","(7.003, 10.76]",*
7.42409315605954,"(7.003, 7.425]","(7.259, 7.842]","(7.003, 7.666]","(6.567, 7.425]","(7.003, 10.76]",*
7.424296722069673,"(7.003, 7.425]","(7.259, 7.842]","(7.003, 7.666]","(6.567, 7.425]","(7.003, 10.76]",*
7.424439136891544,"(7.003, 7.425]","(7.259, 7.842]","(7.003, 7.666]","(6.567, 7.425]","(7.003, 10.76]",*
7.424669294985798,"(7.003, 7.425]","(7.259, 7.842]","(7.003, 7.666]","(6.567, 7.425]","(7.003, 10.76]",*
7.424722959322449,"(7.003, 7.425]","(7.259, 7.842]","(7.003, 7.666]","(6.567, 7.425]","(7.003, 10.76]",*
7.425284461463632,"(7.003, 7.425]","(7.259, 7.842]","(7.003, 7.666]","(6.567, 7.425]","(7.003, 10.76]",*
7.425285366403888,"(7.425, 7.976]","(7.259, 7.842]","(7.003, 7.666]","(7.425, 10.76]","(7.003, 10.76]",*
7.4255974600340915,"(7.425, 7.976]","(7.259, 7.842]","(7.003, 7.666]","(7.425, 10.76]","(7.003, 10.76]",*
7.425777520175814,"(7.425, 7.976]","(7.259, 7.842]","(7.003, 7.666]","(7.425, 10.76]","(7.003, 10.76]",*
7.425795787843709,"(7.425, 7.976]","(7.259, 7.842]","(7.003, 7.666]","(7.425, 10.76]","(7.003, 10.76]",*
7.425903425332881,"(7.425, 7.976]","(7.259, 7.842]","(7.003, 7.666]","(7.425, 10.76]","(7.003, 10.76]",*
7.426907844918289,"(7.425, 7.976]","(7.259, 7.842]","(7.003, 7.666]","(7.425, 10.76]","(7.003, 10.76]",*
7.427689115369719,"(7.425, 7.976]","(7.259, 7.842]","(7.003, 7.666]","(7.425, 10.76]","(7.003, 10.76]",*
7.427763730788812,"(7.425, 7.976]","(7.259, 7.842]","(7.003, 7.666]","(7.425, 10.76]","(7.003, 10.76]",*
7.427780102632128,"(7.425, 7.976]","(7.259, 7.842]","(7.003, 7.666]","(7.425, 10.76]","(7.003, 10.76]",*
7.4278446402578355,"(7.425, 7.976]","(7.259, 7.842]","(7.003, 7.666]","(7.425, 10.76]","(7.003, 10.76]",*
7.427873072665798,"(7.425, 7.976]","(7.259, 7.842]","(7.003, 7.666]","(7.425, 10.76]","(7.003, 10.76]",*
7.427891612136066,"(7.425, 7.976]","(7.259, 7.842]","(7.003, 7.666]","(7.425, 10.76]","(7.003, 10.76]",*
7.428417129834973,"(7.425, 7.976]","(7.259, 7.842]","(7.003, 7.666]","(7.425, 10.76]","(7.003, 10.76]",*
7.428634709692532,"(7.425, 7.976]","(7.259, 7.842]","(7.003, 7.666]","(7.425, 10.76]","(7.003, 10.76]",*
7.429202325466707,"(7.425, 7.976]","(7.259, 7.842]","(7.003, 7.666]","(7.425, 10.76]","(7.003, 10.76]",*
7.4292650933674045,"(7.425, 7.976]","(7.259, 7.842]","(7.003, 7.666]","(7.425, 10.76]","(7.003, 10.76]",*
7.429639244113227,"(7.425, 7.976]","(7.259, 7.842]","(7.003, 7.666]","(7.425, 10.76]","(7.003, 10.76]",*
7.430563414674324,"(7.425, 7.976]","(7.259, 7.842]","(7.003, 7.666]","(7.425, 10.76]","(7.003, 10.76]",*
7.432114270339276,"(7.425, 7.976]","(7.259, 7.842]","(7.003, 7.666]","(7.425, 10.76]","(7.003, 10.76]",*
7.432141762812883,"(7.425, 7.976]","(7.259, 7.842]","(7.003, 7.666]","(7.425, 10.76]","(7.003, 10.76]",*
7.432339652673126,"(7.425, 7.976]","(7.259, 7.842]","(7.003, 7.666]","(7.425, 10.76]","(7.003, 10.76]",*
7.432613145903761,"(7.425, 7.976]","(7.259, 7.842]","(7.003, 7.666]","(7.425, 10.76]","(7.003, 10.76]",*
7.432617799583447,"(7.425, 7.976]","(7.259, 7.842]","(7.003, 7.666]","(7.425, 10.76]","(7.003, 10.76]",*
7.4332117067417105,"(7.425, 7.976]","(7.259, 7.842]","(7.003, 7.666]","(7.425, 10.76]","(7.003, 10.76]",*
7.4342685755411075,"(7.425, 7.976]","(7.259, 7.842]","(7.003, 7.666]","(7.425, 10.76]","(7.003, 10.76]",*
7.434332176213571,"(7.425, 7.976]","(7.259, 7.842]","(7.003, 7.666]","(7.425, 10.76]","(7.003, 10.76]",*
7.435501714729675,"(7.425, 7.976]","(7.259, 7.842]","(7.003, 7.666]","(7.425, 10.76]","(7.003, 10.76]",*
7.437009144975367,"(7.425, 7.976]","(7.259, 7.842]","(7.003, 7.666]","(7.425, 10.76]","(7.003, 10.76]",*
7.43833552941017,"(7.425, 7.976]","(7.259, 7.842]","(7.003, 7.666]","(7.425, 10.76]","(7.003, 10.76]",*
7.438544259886018,"(7.425, 7.976]","(7.259, 7.842]","(7.003, 7.666]","(7.425, 10.76]","(7.003, 10.76]",*
7.438630683226813,"(7.425, 7.976]","(7.259, 7.842]","(7.003, 7.666]","(7.425, 10.76]","(7.003, 10.76]",*
7.438633339680427,"(7.425, 7.976]","(7.259, 7.842]","(7.003, 7.666]","(7.425, 10.76]","(7.003, 10.76]",*
7.439755515735432,"(7.425, 7.976]","(7.259, 7.842]","(7.003, 7.666]","(7.425, 10.76]","(7.003, 10.76]",*
7.439954240585878,"(7.425, 7.976]","(7.259, 7.842]","(7.003, 7.666]","(7.425, 10.76]","(7.003, 10.76]",*
7.4403320715618175,"(7.425, 7.976]","(7.259, 7.842]","(7.003, 7.666]","(7.425, 10.76]","(7.003, 10.76]",*
7.440505217892156,"(7.425, 7.976]","(7.259, 7.842]","(7.003, 7.666]","(7.425, 10.76]","(7.003, 10.76]",*
7.440832317713387,"(7.425, 7.976]","(7.259, 7.842]","(7.003, 7.666]","(7.425, 10.76]","(7.003, 10.76]",*
7.443394888343914,"(7.425, 7.976]","(7.259, 7.842]","(7.003, 7.666]","(7.425, 10.76]","(7.003, 10.76]",*
7.445576793210571,"(7.425, 7.976]","(7.259, 7.842]","(7.003, 7.666]","(7.425, 10.76]","(7.003, 10.76]",*
7.4457242328658655,"(7.425, 7.976]","(7.259, 7.842]","(7.003, 7.666]","(7.425, 10.76]","(7.003, 10.76]",*
7.4459038656481935,"(7.425, 7.976]","(7.259, 7.842]","(7.003, 7.666]","(7.425, 10.76]","(7.003, 10.76]",*
7.446262521635081,"(7.425, 7.976]","(7.259, 7.842]","(7.003, 7.666]","(7.425, 10.76]","(7.003, 10.76]",*
7.446546031739218,"(7.425, 7.976]","(7.259, 7.842]","(7.003, 7.666]","(7.425, 10.76]","(7.003, 10.76]",*
7.447127443379236,"(7.425, 7.976]","(7.259, 7.842]","(7.003, 7.666]","(7.425, 10.76]","(7.003, 10.76]",*
7.447318295797884,"(7.425, 7.976]","(7.259, 7.842]","(7.003, 7.666]","(7.425, 10.76]","(7.003, 10.76]",*
7.448846539957456,"(7.425, 7.976]","(7.259, 7.842]","(7.003, 7.666]","(7.425, 10.76]","(7.003, 10.76]",*
7.450340624310463,"(7.425, 7.976]","(7.259, 7.842]","(7.003, 7.666]","(7.425, 10.76]","(7.003, 10.76]",*
7.450708573768381,"(7.425, 7.976]","(7.259, 7.842]","(7.003, 7.666]","(7.425, 10.76]","(7.003, 10.76]",*
7.451735852935027,"(7.425, 7.976]","(7.259, 7.842]","(7.003, 7.666]","(7.425, 10.76]","(7.003, 10.76]",*
7.451826651170374,"(7.425, 7.976]","(7.259, 7.842]","(7.003, 7.666]","(7.425, 10.76]","(7.003, 10.76]",*
7.453195861824443,"(7.425, 7.976]","(7.259, 7.842]","(7.003, 7.666]","(7.425, 10.76]","(7.003, 10.76]",*
7.454464560366,"(7.425, 7.976]","(7.259, 7.842]","(7.003, 7.666]","(7.425, 10.76]","(7.003, 10.76]",*
7.455660643246211,"(7.425, 7.976]","(7.259, 7.842]","(7.003, 7.666]","(7.425, 10.76]","(7.003, 10.76]",*
7.456185044726951,"(7.425, 7.976]","(7.259, 7.842]","(7.003, 7.666]","(7.425, 10.76]","(7.003, 10.76]",*
7.456779004185507,"(7.425, 7.976]","(7.259, 7.842]","(7.003, 7.666]","(7.425, 10.76]","(7.003, 10.76]",*
7.457628729517203,"(7.425, 7.976]","(7.259, 7.842]","(7.003, 7.666]","(7.425, 10.76]","(7.003, 10.76]",*
7.4581546216478385,"(7.425, 7.976]","(7.259, 7.842]","(7.003, 7.666]","(7.425, 10.76]","(7.003, 10.76]",*
7.458554034023779,"(7.425, 7.976]","(7.259, 7.842]","(7.003, 7.666]","(7.425, 10.76]","(7.003, 10.76]",*
7.459029642460242,"(7.425, 7.976]","(7.259, 7.842]","(7.003, 7.666]","(7.425, 10.76]","(7.003, 10.76]",*
7.459313334838702,"(7.425, 7.976]","(7.259, 7.842]","(7.003, 7.666]","(7.425, 10.76]","(7.003, 10.76]",*
7.459323350468407,"(7.425, 7.976]","(7.259, 7.842]","(7.003, 7.666]","(7.425, 10.76]","(7.003, 10.76]",*
7.459908515982727,"(7.425, 7.976]","(7.259, 7.842]","(7.003, 7.666]","(7.425, 10.76]","(7.003, 10.76]",*
7.459938619570672,"(7.425, 7.976]","(7.259, 7.842]","(7.003, 7.666]","(7.425, 10.76]","(7.003, 10.76]",*
7.460134654526981,"(7.425, 7.976]","(7.259, 7.842]","(7.003, 7.666]","(7.425, 10.76]","(7.003, 10.76]",*
7.46039606848794,"(7.425, 7.976]","(7.259, 7.842]","(7.003, 7.666]","(7.425, 10.76]","(7.003, 10.76]",*
7.462080082834245,"(7.425, 7.976]","(7.259, 7.842]","(7.003, 7.666]","(7.425, 10.76]","(7.003, 10.76]",*
7.462577458569582,"(7.425, 7.976]","(7.259, 7.842]","(7.003, 7.666]","(7.425, 10.76]","(7.003, 10.76]",*
7.462821323418558,"(7.425, 7.976]","(7.259, 7.842]","(7.003, 7.666]","(7.425, 10.76]","(7.003, 10.76]",*
7.463829891340321,"(7.425, 7.976]","(7.259, 7.842]","(7.003, 7.666]","(7.425, 10.76]","(7.003, 10.76]",*
7.464633731890443,"(7.425, 7.976]","(7.259, 7.842]","(7.003, 7.666]","(7.425, 10.76]","(7.003, 10.76]",*
7.464885508296983,"(7.425, 7.976]","(7.259, 7.842]","(7.003, 7.666]","(7.425, 10.76]","(7.003, 10.76]",*
7.465136433191365,"(7.425, 7.976]","(7.259, 7.842]","(7.003, 7.666]","(7.425, 10.76]","(7.003, 10.76]",*
7.465847142923387,"(7.425, 7.976]","(7.259, 7.842]","(7.003, 7.666]","(7.425, 10.76]","(7.003, 10.76]",*
7.466360145428902,"(7.425, 7.976]","(7.259, 7.842]","(7.003, 7.666]","(7.425, 10.76]","(7.003, 10.76]",*
7.467627404008019,"(7.425, 7.976]","(7.259, 7.842]","(7.003, 7.666]","(7.425, 10.76]","(7.003, 10.76]",*
7.468447700906582,"(7.425, 7.976]","(7.259, 7.842]","(7.003, 7.666]","(7.425, 10.76]","(7.003, 10.76]",*
7.470557508244504,"(7.425, 7.976]","(7.259, 7.842]","(7.003, 7.666]","(7.425, 10.76]","(7.003, 10.76]",*
7.470672354246697,"(7.425, 7.976]","(7.259, 7.842]","(7.003, 7.666]","(7.425, 10.76]","(7.003, 10.76]",*
7.471420621475718,"(7.425, 7.976]","(7.259, 7.842]","(7.003, 7.666]","(7.425, 10.76]","(7.003, 10.76]",*
7.471432115189878,"(7.425, 7.976]","(7.259, 7.842]","(7.003, 7.666]","(7.425, 10.76]","(7.003, 10.76]",*
7.472662979880473,"(7.425, 7.976]","(7.259, 7.842]","(7.003, 7.666]","(7.425, 10.76]","(7.003, 10.76]",*
7.472849853306633,"(7.425, 7.976]","(7.259, 7.842]","(7.003, 7.666]","(7.425, 10.76]","(7.003, 10.76]",*
7.472966963481972,"(7.425, 7.976]","(7.259, 7.842]","(7.003, 7.666]","(7.425, 10.76]","(7.003, 10.76]",*
7.473793129462661,"(7.425, 7.976]","(7.259, 7.842]","(7.003, 7.666]","(7.425, 10.76]","(7.003, 10.76]",*
7.473866429633918,"(7.425, 7.976]","(7.259, 7.842]","(7.003, 7.666]","(7.425, 10.76]","(7.003, 10.76]",*
7.474265067829362,"(7.425, 7.976]","(7.259, 7.842]","(7.003, 7.666]","(7.425, 10.76]","(7.003, 10.76]",*
7.474352636382006,"(7.425, 7.976]","(7.259, 7.842]","(7.003, 7.666]","(7.425, 10.76]","(7.003, 10.76]",*
7.475337121358341,"(7.425, 7.976]","(7.259, 7.842]","(7.003, 7.666]","(7.425, 10.76]","(7.003, 10.76]",*
7.475893326590137,"(7.425, 7.976]","(7.259, 7.842]","(7.003, 7.666]","(7.425, 10.76]","(7.003, 10.76]",*
7.476142093147192,"(7.425, 7.976]","(7.259, 7.842]","(7.003, 7.666]","(7.425, 10.76]","(7.003, 10.76]",*
7.476301523547852,"(7.425, 7.976]","(7.259, 7.842]","(7.003, 7.666]","(7.425, 10.76]","(7.003, 10.76]",*
7.478086207914817,"(7.425, 7.976]","(7.259, 7.842]","(7.003, 7.666]","(7.425, 10.76]","(7.003, 10.76]",*
7.479370722425916,"(7.425, 7.976]","(7.259, 7.842]","(7.003, 7.666]","(7.425, 10.76]","(7.003, 10.76]",*
7.480408801422413,"(7.425, 7.976]","(7.259, 7.842]","(7.003, 7.666]","(7.425, 10.76]","(7.003, 10.76]",*
7.4805120260015965,"(7.425, 7.976]","(7.259, 7.842]","(7.003, 7.666]","(7.425, 10.76]","(7.003, 10.76]",*
7.481091173400205,"(7.425, 7.976]","(7.259, 7.842]","(7.003, 7.666]","(7.425, 10.76]","(7.003, 10.76]",*
7.481321112226407,"(7.425, 7.976]","(7.259, 7.842]","(7.003, 7.666]","(7.425, 10.76]","(7.003, 10.76]",*
7.481930315739852,"(7.425, 7.976]","(7.259, 7.842]","(7.003, 7.666]","(7.425, 10.76]","(7.003, 10.76]",*
7.482571479130465,"(7.425, 7.976]","(7.259, 7.842]","(7.003, 7.666]","(7.425, 10.76]","(7.003, 10.76]",*
7.482816892615579,"(7.425, 7.976]","(7.259, 7.842]","(7.003, 7.666]","(7.425, 10.76]","(7.003, 10.76]",*
7.4833471406022545,"(7.425, 7.976]","(7.259, 7.842]","(7.003, 7.666]","(7.425, 10.76]","(7.003, 10.76]",*
7.483381611427017,"(7.425, 7.976]","(7.259, 7.842]","(7.003, 7.666]","(7.425, 10.76]","(7.003, 10.76]",*
7.4835650287316815,"(7.425, 7.976]","(7.259, 7.842]","(7.003, 7.666]","(7.425, 10.76]","(7.003, 10.76]",*
7.484343700097304,"(7.425, 7.976]","(7.259, 7.842]","(7.003, 7.666]","(7.425, 10.76]","(7.003, 10.76]",*
7.484351931341279,"(7.425, 7.976]","(7.259, 7.842]","(7.003, 7.666]","(7.425, 10.76]","(7.003, 10.76]",*
7.484608382778583,"(7.425, 7.976]","(7.259, 7.842]","(7.003, 7.666]","(7.425, 10.76]","(7.003, 10.76]",*
7.485572514676456,"(7.425, 7.976]","(7.259, 7.842]","(7.003, 7.666]","(7.425, 10.76]","(7.003, 10.76]",*
7.485627781817263,"(7.425, 7.976]","(7.259, 7.842]","(7.003, 7.666]","(7.425, 10.76]","(7.003, 10.76]",*
7.486757259256227,"(7.425, 7.976]","(7.259, 7.842]","(7.003, 7.666]","(7.425, 10.76]","(7.003, 10.76]",*
7.4869037940445375,"(7.425, 7.976]","(7.259, 7.842]","(7.003, 7.666]","(7.425, 10.76]","(7.003, 10.76]",*
7.487245851386848,"(7.425, 7.976]","(7.259, 7.842]","(7.003, 7.666]","(7.425, 10.76]","(7.003, 10.76]",*
7.487300003447563,"(7.425, 7.976]","(7.259, 7.842]","(7.003, 7.666]","(7.425, 10.76]","(7.003, 10.76]",*
7.487692924488722,"(7.425, 7.976]","(7.259, 7.842]","(7.003, 7.666]","(7.425, 10.76]","(7.003, 10.76]",*
7.488046582163268,"(7.425, 7.976]","(7.259, 7.842]","(7.003, 7.666]","(7.425, 10.76]","(7.003, 10.76]",*
7.492699746858664,"(7.425, 7.976]","(7.259, 7.842]","(7.003, 7.666]","(7.425, 10.76]","(7.003, 10.76]",*
7.493603631747093,"(7.425, 7.976]","(7.259, 7.842]","(7.003, 7.666]","(7.425, 10.76]","(7.003, 10.76]",*
7.49459124400699,"(7.425, 7.976]","(7.259, 7.842]","(7.003, 7.666]","(7.425, 10.76]","(7.003, 10.76]",*
7.494639257339555,"(7.425, 7.976]","(7.259, 7.842]","(7.003, 7.666]","(7.425, 10.76]","(7.003, 10.76]",*
7.4947583677454,"(7.425, 7.976]","(7.259, 7.842]","(7.003, 7.666]","(7.425, 10.76]","(7.003, 10.76]",*
7.49608865917562,"(7.425, 7.976]","(7.259, 7.842]","(7.003, 7.666]","(7.425, 10.76]","(7.003, 10.76]",*
7.496476798320899,"(7.425, 7.976]","(7.259, 7.842]","(7.003, 7.666]","(7.425, 10.76]","(7.003, 10.76]",*
7.4965622874968,"(7.425, 7.976]","(7.259, 7.842]","(7.003, 7.666]","(7.425, 10.76]","(7.003, 10.76]",*
7.497299568699978,"(7.425, 7.976]","(7.259, 7.842]","(7.003, 7.666]","(7.425, 10.76]","(7.003, 10.76]",*
7.498418862858758,"(7.425, 7.976]","(7.259, 7.842]","(7.003, 7.666]","(7.425, 10.76]","(7.003, 10.76]",*
7.499446786657844,"(7.425, 7.976]","(7.259, 7.842]","(7.003, 7.666]","(7.425, 10.76]","(7.003, 10.76]",*
7.500464287941768,"(7.425, 7.976]","(7.259, 7.842]","(7.003, 7.666]","(7.425, 10.76]","(7.003, 10.76]",*
7.501275077717552,"(7.425, 7.976]","(7.259, 7.842]","(7.003, 7.666]","(7.425, 10.76]","(7.003, 10.76]",*
7.502115314158014,"(7.425, 7.976]","(7.259, 7.842]","(7.003, 7.666]","(7.425, 10.76]","(7.003, 10.76]",*
7.502955794770934,"(7.425, 7.976]","(7.259, 7.842]","(7.003, 7.666]","(7.425, 10.76]","(7.003, 10.76]",*
7.503210113234896,"(7.425, 7.976]","(7.259, 7.842]","(7.003, 7.666]","(7.425, 10.76]","(7.003, 10.76]",*
7.5037685290315315,"(7.425, 7.976]","(7.259, 7.842]","(7.003, 7.666]","(7.425, 10.76]","(7.003, 10.76]",*
7.503816552039988,"(7.425, 7.976]","(7.259, 7.842]","(7.003, 7.666]","(7.425, 10.76]","(7.003, 10.76]",*
7.504691839282183,"(7.425, 7.976]","(7.259, 7.842]","(7.003, 7.666]","(7.425, 10.76]","(7.003, 10.76]",*
7.5049019286879,"(7.425, 7.976]","(7.259, 7.842]","(7.003, 7.666]","(7.425, 10.76]","(7.003, 10.76]",*
7.505222178033667,"(7.425, 7.976]","(7.259, 7.842]","(7.003, 7.666]","(7.425, 10.76]","(7.003, 10.76]",*
7.505243751615144,"(7.425, 7.976]","(7.259, 7.842]","(7.003, 7.666]","(7.425, 10.76]","(7.003, 10.76]",*
7.506590888146594,"(7.425, 7.976]","(7.259, 7.842]","(7.003, 7.666]","(7.425, 10.76]","(7.003, 10.76]",*
7.506733033786821,"(7.425, 7.976]","(7.259, 7.842]","(7.003, 7.666]","(7.425, 10.76]","(7.003, 10.76]",*
7.506903350987615,"(7.425, 7.976]","(7.259, 7.842]","(7.003, 7.666]","(7.425, 10.76]","(7.003, 10.76]",*
7.5082715847820705,"(7.425, 7.976]","(7.259, 7.842]","(7.003, 7.666]","(7.425, 10.76]","(7.003, 10.76]",*
7.508754673492002,"(7.425, 7.976]","(7.259, 7.842]","(7.003, 7.666]","(7.425, 10.76]","(7.003, 10.76]",*
7.508775906660197,"(7.425, 7.976]","(7.259, 7.842]","(7.003, 7.666]","(7.425, 10.76]","(7.003, 10.76]",*
7.508958053883872,"(7.425, 7.976]","(7.259, 7.842]","(7.003, 7.666]","(7.425, 10.76]","(7.003, 10.76]",*
7.509012339515255,"(7.425, 7.976]","(7.259, 7.842]","(7.003, 7.666]","(7.425, 10.76]","(7.003, 10.76]",*
7.509335526846696,"(7.425, 7.976]","(7.259, 7.842]","(7.003, 7.666]","(7.425, 10.76]","(7.003, 10.76]",*
7.509484720353518,"(7.425, 7.976]","(7.259, 7.842]","(7.003, 7.666]","(7.425, 10.76]","(7.003, 10.76]",*
7.509679349936098,"(7.425, 7.976]","(7.259, 7.842]","(7.003, 7.666]","(7.425, 10.76]","(7.003, 10.76]",*
7.510371290999902,"(7.425, 7.976]","(7.259, 7.842]","(7.003, 7.666]","(7.425, 10.76]","(7.003, 10.76]",*
7.510711573729049,"(7.425, 7.976]","(7.259, 7.842]","(7.003, 7.666]","(7.425, 10.76]","(7.003, 10.76]",*
7.510832972747595,"(7.425, 7.976]","(7.259, 7.842]","(7.003, 7.666]","(7.425, 10.76]","(7.003, 10.76]",*
7.511383043640343,"(7.425, 7.976]","(7.259, 7.842]","(7.003, 7.666]","(7.425, 10.76]","(7.003, 10.76]",*
7.5130128431077186,"(7.425, 7.976]","(7.259, 7.842]","(7.003, 7.666]","(7.425, 10.76]","(7.003, 10.76]",*
7.513249158028265,"(7.425, 7.976]","(7.259, 7.842]","(7.003, 7.666]","(7.425, 10.76]","(7.003, 10.76]",*
7.514062031634271,"(7.425, 7.976]","(7.259, 7.842]","(7.003, 7.666]","(7.425, 10.76]","(7.003, 10.76]",*
7.514610863888812,"(7.425, 7.976]","(7.259, 7.842]","(7.003, 7.666]","(7.425, 10.76]","(7.003, 10.76]",*
7.515135601191784,"(7.425, 7.976]","(7.259, 7.842]","(7.003, 7.666]","(7.425, 10.76]","(7.003, 10.76]",*
7.516683144914813,"(7.425, 7.976]","(7.259, 7.842]","(7.003, 7.666]","(7.425, 10.76]","(7.003, 10.76]",*
7.517091388606698,"(7.425, 7.976]","(7.259, 7.842]","(7.003, 7.666]","(7.425, 10.76]","(7.003, 10.76]",*
7.517113537974497,"(7.425, 7.976]","(7.259, 7.842]","(7.003, 7.666]","(7.425, 10.76]","(7.003, 10.76]",*
7.5171889556775024,"(7.425, 7.976]","(7.259, 7.842]","(7.003, 7.666]","(7.425, 10.76]","(7.003, 10.76]",*
7.517310846940022,"(7.425, 7.976]","(7.259, 7.842]","(7.003, 7.666]","(7.425, 10.76]","(7.003, 10.76]",*
7.518133848695929,"(7.425, 7.976]","(7.259, 7.842]","(7.003, 7.666]","(7.425, 10.76]","(7.003, 10.76]",*
7.518204325105611,"(7.425, 7.976]","(7.259, 7.842]","(7.003, 7.666]","(7.425, 10.76]","(7.003, 10.76]",*
7.518318249012619,"(7.425, 7.976]","(7.259, 7.842]","(7.003, 7.666]","(7.425, 10.76]","(7.003, 10.76]",*
7.518523592554031,"(7.425, 7.976]","(7.259, 7.842]","(7.003, 7.666]","(7.425, 10.76]","(7.003, 10.76]",*
7.518636117037063,"(7.425, 7.976]","(7.259, 7.842]","(7.003, 7.666]","(7.425, 10.76]","(7.003, 10.76]",*
7.518827433316054,"(7.425, 7.976]","(7.259, 7.842]","(7.003, 7.666]","(7.425, 10.76]","(7.003, 10.76]",*
7.519222865868867,"(7.425, 7.976]","(7.259, 7.842]","(7.003, 7.666]","(7.425, 10.76]","(7.003, 10.76]",*
7.520463798500567,"(7.425, 7.976]","(7.259, 7.842]","(7.003, 7.666]","(7.425, 10.76]","(7.003, 10.76]",*
7.520857505988246,"(7.425, 7.976]","(7.259, 7.842]","(7.003, 7.666]","(7.425, 10.76]","(7.003, 10.76]",*
7.521358532367296,"(7.425, 7.976]","(7.259, 7.842]","(7.003, 7.666]","(7.425, 10.76]","(7.003, 10.76]",*
7.521449210760668,"(7.425, 7.976]","(7.259, 7.842]","(7.003, 7.666]","(7.425, 10.76]","(7.003, 10.76]",*
7.522803798900722,"(7.425, 7.976]","(7.259, 7.842]","(7.003, 7.666]","(7.425, 10.76]","(7.003, 10.76]",*
7.5229486877987375,"(7.425, 7.976]","(7.259, 7.842]","(7.003, 7.666]","(7.425, 10.76]","(7.003, 10.76]",*
7.523354623042902,"(7.425, 7.976]","(7.259, 7.842]","(7.003, 7.666]","(7.425, 10.76]","(7.003, 10.76]",*
7.524165511215802,"(7.425, 7.976]","(7.259, 7.842]","(7.003, 7.666]","(7.425, 10.76]","(7.003, 10.76]",*
7.524542188461938,"(7.425, 7.976]","(7.259, 7.842]","(7.003, 7.666]","(7.425, 10.76]","(7.003, 10.76]",*
7.524874653833193,"(7.425, 7.976]","(7.259, 7.842]","(7.003, 7.666]","(7.425, 10.76]","(7.003, 10.76]",*
7.526834227408941,"(7.425, 7.976]","(7.259, 7.842]","(7.003, 7.666]","(7.425, 10.76]","(7.003, 10.76]",*
7.5269519007181245,"(7.425, 7.976]","(7.259, 7.842]","(7.003, 7.666]","(7.425, 10.76]","(7.003, 10.76]",*
7.528098009799514,"(7.425, 7.976]","(7.259, 7.842]","(7.003, 7.666]","(7.425, 10.76]","(7.003, 10.76]",*
7.528286854710741,"(7.425, 7.976]","(7.259, 7.842]","(7.003, 7.666]","(7.425, 10.76]","(7.003, 10.76]",*
7.5283884391173395,"(7.425, 7.976]","(7.259, 7.842]","(7.003, 7.666]","(7.425, 10.76]","(7.003, 10.76]",*
7.528962416624808,"(7.425, 7.976]","(7.259, 7.842]","(7.003, 7.666]","(7.425, 10.76]","(7.003, 10.76]",*
7.529148738424307,"(7.425, 7.976]","(7.259, 7.842]","(7.003, 7.666]","(7.425, 10.76]","(7.003, 10.76]",*
7.52984574463804,"(7.425, 7.976]","(7.259, 7.842]","(7.003, 7.666]","(7.425, 10.76]","(7.003, 10.76]",*
7.530411171221679,"(7.425, 7.976]","(7.259, 7.842]","(7.003, 7.666]","(7.425, 10.76]","(7.003, 10.76]",*
7.53114301190621,"(7.425, 7.976]","(7.259, 7.842]","(7.003, 7.666]","(7.425, 10.76]","(7.003, 10.76]",*
7.531227670803419,"(7.425, 7.976]","(7.259, 7.842]","(7.003, 7.666]","(7.425, 10.76]","(7.003, 10.76]",*
7.531572717330018,"(7.425, 7.976]","(7.259, 7.842]","(7.003, 7.666]","(7.425, 10.76]","(7.003, 10.76]",*
7.533218756333182,"(7.425, 7.976]","(7.259, 7.842]","(7.003, 7.666]","(7.425, 10.76]","(7.003, 10.76]",*
7.533733419478577,"(7.425, 7.976]","(7.259, 7.842]","(7.003, 7.666]","(7.425, 10.76]","(7.003, 10.76]",*
7.5341362074480225,"(7.425, 7.976]","(7.259, 7.842]","(7.003, 7.666]","(7.425, 10.76]","(7.003, 10.76]",*
7.534321266043676,"(7.425, 7.976]","(7.259, 7.842]","(7.003, 7.666]","(7.425, 10.76]","(7.003, 10.76]",*
7.53453650458948,"(7.425, 7.976]","(7.259, 7.842]","(7.003, 7.666]","(7.425, 10.76]","(7.003, 10.76]",*
7.536187342180336,"(7.425, 7.976]","(7.259, 7.842]","(7.003, 7.666]","(7.425, 10.76]","(7.003, 10.76]",*
7.536445203735926,"(7.425, 7.976]","(7.259, 7.842]","(7.003, 7.666]","(7.425, 10.76]","(7.003, 10.76]",*
7.536690958782813,"(7.425, 7.976]","(7.259, 7.842]","(7.003, 7.666]","(7.425, 10.76]","(7.003, 10.76]",*
7.5369121042257134,"(7.425, 7.976]","(7.259, 7.842]","(7.003, 7.666]","(7.425, 10.76]","(7.003, 10.76]",*
7.536935463584848,"(7.425, 7.976]","(7.259, 7.842]","(7.003, 7.666]","(7.425, 10.76]","(7.003, 10.76]",*
7.537182365353192,"(7.425, 7.976]","(7.259, 7.842]","(7.003, 7.666]","(7.425, 10.76]","(7.003, 10.76]",*
7.537522482834909,"(7.425, 7.976]","(7.259, 7.842]","(7.003, 7.666]","(7.425, 10.76]","(7.003, 10.76]",*
7.538284110174445,"(7.425, 7.976]","(7.259, 7.842]","(7.003, 7.666]","(7.425, 10.76]","(7.003, 10.76]",*
7.540403854170218,"(7.425, 7.976]","(7.259, 7.842]","(7.003, 7.666]","(7.425, 10.76]","(7.003, 10.76]",*
7.540586481492201,"(7.425, 7.976]","(7.259, 7.842]","(7.003, 7.666]","(7.425, 10.76]","(7.003, 10.76]",*
7.541687950134269,"(7.425, 7.976]","(7.259, 7.842]","(7.003, 7.666]","(7.425, 10.76]","(7.003, 10.76]",*
7.541807495807446,"(7.425, 7.976]","(7.259, 7.842]","(7.003, 7.666]","(7.425, 10.76]","(7.003, 10.76]",*
7.542075812611222,"(7.425, 7.976]","(7.259, 7.842]","(7.003, 7.666]","(7.425, 10.76]","(7.003, 10.76]",*
7.542378229759843,"(7.425, 7.976]","(7.259, 7.842]","(7.003, 7.666]","(7.425, 10.76]","(7.003, 10.76]",*
7.542399502132695,"(7.425, 7.976]","(7.259, 7.842]","(7.003, 7.666]","(7.425, 10.76]","(7.003, 10.76]",*
7.542909952393893,"(7.425, 7.976]","(7.259, 7.842]","(7.003, 7.666]","(7.425, 10.76]","(7.003, 10.76]",*
7.54327640412288,"(7.425, 7.976]","(7.259, 7.842]","(7.003, 7.666]","(7.425, 10.76]","(7.003, 10.76]",*
7.544191391751128,"(7.425, 7.976]","(7.259, 7.842]","(7.003, 7.666]","(7.425, 10.76]","(7.003, 10.76]",*
7.545438447264442,"(7.425, 7.976]","(7.259, 7.842]","(7.003, 7.666]","(7.425, 10.76]","(7.003, 10.76]",*
7.545662803134601,"(7.425, 7.976]","(7.259, 7.842]","(7.003, 7.666]","(7.425, 10.76]","(7.003, 10.76]",*
7.54589692130304,"(7.425, 7.976]","(7.259, 7.842]","(7.003, 7.666]","(7.425, 10.76]","(7.003, 10.76]",*
7.546065990516674,"(7.425, 7.976]","(7.259, 7.842]","(7.003, 7.666]","(7.425, 10.76]","(7.003, 10.76]",*
7.546496942011024,"(7.425, 7.976]","(7.259, 7.842]","(7.003, 7.666]","(7.425, 10.76]","(7.003, 10.76]",*
7.546758004031132,"(7.425, 7.976]","(7.259, 7.842]","(7.003, 7.666]","(7.425, 10.76]","(7.003, 10.76]",*
7.550648510863535,"(7.425, 7.976]","(7.259, 7.842]","(7.003, 7.666]","(7.425, 10.76]","(7.003, 10.76]",*
7.550873192161815,"(7.425, 7.976]","(7.259, 7.842]","(7.003, 7.666]","(7.425, 10.76]","(7.003, 10.76]",*
7.551058857302679,"(7.425, 7.976]","(7.259, 7.842]","(7.003, 7.666]","(7.425, 10.76]","(7.003, 10.76]",*
7.551429300428981,"(7.425, 7.976]","(7.259, 7.842]","(7.003, 7.666]","(7.425, 10.76]","(7.003, 10.76]",*
7.552269769034799,"(7.425, 7.976]","(7.259, 7.842]","(7.003, 7.666]","(7.425, 10.76]","(7.003, 10.76]",*
7.552481938649456,"(7.425, 7.976]","(7.259, 7.842]","(7.003, 7.666]","(7.425, 10.76]","(7.003, 10.76]",*
7.553615010240956,"(7.425, 7.976]","(7.259, 7.842]","(7.003, 7.666]","(7.425, 10.76]","(7.003, 10.76]",*
7.554076285204776,"(7.425, 7.976]","(7.259, 7.842]","(7.003, 7.666]","(7.425, 10.76]","(7.003, 10.76]",*
7.55440649315278,"(7.425, 7.976]","(7.259, 7.842]","(7.003, 7.666]","(7.425, 10.76]","(7.003, 10.76]",*
7.555095570804442,"(7.425, 7.976]","(7.259, 7.842]","(7.003, 7.666]","(7.425, 10.76]","(7.003, 10.76]",*
7.555253093567193,"(7.425, 7.976]","(7.259, 7.842]","(7.003, 7.666]","(7.425, 10.76]","(7.003, 10.76]",*
7.555518724892384,"(7.425, 7.976]","(7.259, 7.842]","(7.003, 7.666]","(7.425, 10.76]","(7.003, 10.76]",*
7.555660720822218,"(7.425, 7.976]","(7.259, 7.842]","(7.003, 7.666]","(7.425, 10.76]","(7.003, 10.76]",*
7.555919436599126,"(7.425, 7.976]","(7.259, 7.842]","(7.003, 7.666]","(7.425, 10.76]","(7.003, 10.76]",*
7.556496735666037,"(7.425, 7.976]","(7.259, 7.842]","(7.003, 7.666]","(7.425, 10.76]","(7.003, 10.76]",*
7.557128955291646,"(7.425, 7.976]","(7.259, 7.842]","(7.003, 7.666]","(7.425, 10.76]","(7.003, 10.76]",*
7.557575849624045,"(7.425, 7.976]","(7.259, 7.842]","(7.003, 7.666]","(7.425, 10.76]","(7.003, 10.76]",*
7.558137483392522,"(7.425, 7.976]","(7.259, 7.842]","(7.003, 7.666]","(7.425, 10.76]","(7.003, 10.76]",*
7.559136434323119,"(7.425, 7.976]","(7.259, 7.842]","(7.003, 7.666]","(7.425, 10.76]","(7.003, 10.76]",*
7.559578680672391,"(7.425, 7.976]","(7.259, 7.842]","(7.003, 7.666]","(7.425, 10.76]","(7.003, 10.76]",*
7.559894076163721,"(7.425, 7.976]","(7.259, 7.842]","(7.003, 7.666]","(7.425, 10.76]","(7.003, 10.76]",*
7.560199122662459,"(7.425, 7.976]","(7.259, 7.842]","(7.003, 7.666]","(7.425, 10.76]","(7.003, 10.76]",*
7.56073251452066,"(7.425, 7.976]","(7.259, 7.842]","(7.003, 7.666]","(7.425, 10.76]","(7.003, 10.76]",*
7.561920453176178,"(7.425, 7.976]","(7.259, 7.842]","(7.003, 7.666]","(7.425, 10.76]","(7.003, 10.76]",*
7.562436938264632,"(7.425, 7.976]","(7.259, 7.842]","(7.003, 7.666]","(7.425, 10.76]","(7.003, 10.76]",*
7.565060629398896,"(7.425, 7.976]","(7.259, 7.842]","(7.003, 7.666]","(7.425, 10.76]","(7.003, 10.76]",*
7.565241080956473,"(7.425, 7.976]","(7.259, 7.842]","(7.003, 7.666]","(7.425, 10.76]","(7.003, 10.76]",*
7.565420673866861,"(7.425, 7.976]","(7.259, 7.842]","(7.003, 7.666]","(7.425, 10.76]","(7.003, 10.76]",*
7.565735158026827,"(7.425, 7.976]","(7.259, 7.842]","(7.003, 7.666]","(7.425, 10.76]","(7.003, 10.76]",*
7.565890630805622,"(7.425, 7.976]","(7.259, 7.842]","(7.003, 7.666]","(7.425, 10.76]","(7.003, 10.76]",*
7.56686535639196,"(7.425, 7.976]","(7.259, 7.842]","(7.003, 7.666]","(7.425, 10.76]","(7.003, 10.76]",*
7.567953459961678,"(7.425, 7.976]","(7.259, 7.842]","(7.003, 7.666]","(7.425, 10.76]","(7.003, 10.76]",*
7.568819656479881,"(7.425, 7.976]","(7.259, 7.842]","(7.003, 7.666]","(7.425, 10.76]","(7.003, 10.76]",*
7.56922069841404,"(7.425, 7.976]","(7.259, 7.842]","(7.003, 7.666]","(7.425, 10.76]","(7.003, 10.76]",*
7.569374864498196,"(7.425, 7.976]","(7.259, 7.842]","(7.003, 7.666]","(7.425, 10.76]","(7.003, 10.76]",*
7.570447110624041,"(7.425, 7.976]","(7.259, 7.842]","(7.003, 7.666]","(7.425, 10.76]","(7.003, 10.76]",*
7.570622162566165,"(7.425, 7.976]","(7.259, 7.842]","(7.003, 7.666]","(7.425, 10.76]","(7.003, 10.76]",*
7.570722638207012,"(7.425, 7.976]","(7.259, 7.842]","(7.003, 7.666]","(7.425, 10.76]","(7.003, 10.76]",*
7.5712216422121426,"(7.425, 7.976]","(7.259, 7.842]","(7.003, 7.666]","(7.425, 10.76]","(7.003, 10.76]",*
7.571808331249003,"(7.425, 7.976]","(7.259, 7.842]","(7.003, 7.666]","(7.425, 10.76]","(7.003, 10.76]",*
7.572639285078635,"(7.425, 7.976]","(7.259, 7.842]","(7.003, 7.666]","(7.425, 10.76]","(7.003, 10.76]",*
7.572747246684978,"(7.425, 7.976]","(7.259, 7.842]","(7.003, 7.666]","(7.425, 10.76]","(7.003, 10.76]",*
7.572943156729014,"(7.425, 7.976]","(7.259, 7.842]","(7.003, 7.666]","(7.425, 10.76]","(7.003, 10.76]",*
7.573134683927589,"(7.425, 7.976]","(7.259, 7.842]","(7.003, 7.666]","(7.425, 10.76]","(7.003, 10.76]",*
7.573887966123304,"(7.425, 7.976]","(7.259, 7.842]","(7.003, 7.666]","(7.425, 10.76]","(7.003, 10.76]",*
7.5741026062052415,"(7.425, 7.976]","(7.259, 7.842]","(7.003, 7.666]","(7.425, 10.76]","(7.003, 10.76]",*
7.574473719721416,"(7.425, 7.976]","(7.259, 7.842]","(7.003, 7.666]","(7.425, 10.76]","(7.003, 10.76]",*
7.575107074361736,"(7.425, 7.976]","(7.259, 7.842]","(7.003, 7.666]","(7.425, 10.76]","(7.003, 10.76]",*
7.575850908936941,"(7.425, 7.976]","(7.259, 7.842]","(7.003, 7.666]","(7.425, 10.76]","(7.003, 10.76]",*
7.575905115920423,"(7.425, 7.976]","(7.259, 7.842]","(7.003, 7.666]","(7.425, 10.76]","(7.003, 10.76]",*
7.575973594695378,"(7.425, 7.976]","(7.259, 7.842]","(7.003, 7.666]","(7.425, 10.76]","(7.003, 10.76]",*
7.576034014515259,"(7.425, 7.976]","(7.259, 7.842]","(7.003, 7.666]","(7.425, 10.76]","(7.003, 10.76]",*
7.576879558814279,"(7.425, 7.976]","(7.259, 7.842]","(7.003, 7.666]","(7.425, 10.76]","(7.003, 10.76]",*
7.577655975106532,"(7.425, 7.976]","(7.259, 7.842]","(7.003, 7.666]","(7.425, 10.76]","(7.003, 10.76]",*
7.5794791616337776,"(7.425, 7.976]","(7.259, 7.842]","(7.003, 7.666]","(7.425, 10.76]","(7.003, 10.76]",*
7.579642062589582,"(7.425, 7.976]","(7.259, 7.842]","(7.003, 7.666]","(7.425, 10.76]","(7.003, 10.76]",*
7.579983231566054,"(7.425, 7.976]","(7.259, 7.842]","(7.003, 7.666]","(7.425, 10.76]","(7.003, 10.76]",*
7.580906575201397,"(7.425, 7.976]","(7.259, 7.842]","(7.003, 7.666]","(7.425, 10.76]","(7.003, 10.76]",*
7.582601532072403,"(7.425, 7.976]","(7.259, 7.842]","(7.003, 7.666]","(7.425, 10.76]","(7.003, 10.76]",*
7.583465812329647,"(7.425, 7.976]","(7.259, 7.842]","(7.003, 7.666]","(7.425, 10.76]","(7.003, 10.76]",*
7.583527004255256,"(7.425, 7.976]","(7.259, 7.842]","(7.003, 7.666]","(7.425, 10.76]","(7.003, 10.76]",*
7.584188395797637,"(7.425, 7.976]","(7.259, 7.842]","(7.003, 7.666]","(7.425, 10.76]","(7.003, 10.76]",*
7.58496010903109,"(7.425, 7.976]","(7.259, 7.842]","(7.003, 7.666]","(7.425, 10.76]","(7.003, 10.76]",*
7.585177714015606,"(7.425, 7.976]","(7.259, 7.842]","(7.003, 7.666]","(7.425, 10.76]","(7.003, 10.76]",*
7.586326003886493,"(7.425, 7.976]","(7.259, 7.842]","(7.003, 7.666]","(7.425, 10.76]","(7.003, 10.76]",*
7.586942826467498,"(7.425, 7.976]","(7.259, 7.842]","(7.003, 7.666]","(7.425, 10.76]","(7.003, 10.76]",*
7.588075210451361,"(7.425, 7.976]","(7.259, 7.842]","(7.003, 7.666]","(7.425, 10.76]","(7.003, 10.76]",*
7.589187928339917,"(7.425, 7.976]","(7.259, 7.842]","(7.003, 7.666]","(7.425, 10.76]","(7.003, 10.76]",*
7.590101512298819,"(7.425, 7.976]","(7.259, 7.842]","(7.003, 7.666]","(7.425, 10.76]","(7.003, 10.76]",*
7.59132805238124,"(7.425, 7.976]","(7.259, 7.842]","(7.003, 7.666]","(7.425, 10.76]","(7.003, 10.76]",*
7.591351755056165,"(7.425, 7.976]","(7.259, 7.842]","(7.003, 7.666]","(7.425, 10.76]","(7.003, 10.76]",*
7.592488418374063,"(7.425, 7.976]","(7.259, 7.842]","(7.003, 7.666]","(7.425, 10.76]","(7.003, 10.76]",*
7.592727309022885,"(7.425, 7.976]","(7.259, 7.842]","(7.003, 7.666]","(7.425, 10.76]","(7.003, 10.76]",*
7.594158657998098,"(7.425, 7.976]","(7.259, 7.842]","(7.003, 7.666]","(7.425, 10.76]","(7.003, 10.76]",*
7.594262455361108,"(7.425, 7.976]","(7.259, 7.842]","(7.003, 7.666]","(7.425, 10.76]","(7.003, 10.76]",*
7.594528756657147,"(7.425, 7.976]","(7.259, 7.842]","(7.003, 7.666]","(7.425, 10.76]","(7.003, 10.76]",*
7.595263925202841,"(7.425, 7.976]","(7.259, 7.842]","(7.003, 7.666]","(7.425, 10.76]","(7.003, 10.76]",*
7.59548654566475,"(7.425, 7.976]","(7.259, 7.842]","(7.003, 7.666]","(7.425, 10.76]","(7.003, 10.76]",*
7.596385198258407,"(7.425, 7.976]","(7.259, 7.842]","(7.003, 7.666]","(7.425, 10.76]","(7.003, 10.76]",*
7.598276229668738,"(7.425, 7.976]","(7.259, 7.842]","(7.003, 7.666]","(7.425, 10.76]","(7.003, 10.76]",*
7.598933045252062,"(7.425, 7.976]","(7.259, 7.842]","(7.003, 7.666]","(7.425, 10.76]","(7.003, 10.76]",*
7.59899851319281,"(7.425, 7.976]","(7.259, 7.842]","(7.003, 7.666]","(7.425, 10.76]","(7.003, 10.76]",*
7.600015976987018,"(7.425, 7.976]","(7.259, 7.842]","(7.003, 7.666]","(7.425, 10.76]","(7.003, 10.76]",*
7.600035411104614,"(7.425, 7.976]","(7.259, 7.842]","(7.003, 7.666]","(7.425, 10.76]","(7.003, 10.76]",*
7.6000798607254465,"(7.425, 7.976]","(7.259, 7.842]","(7.003, 7.666]","(7.425, 10.76]","(7.003, 10.76]",*
7.601511718092802,"(7.425, 7.976]","(7.259, 7.842]","(7.003, 7.666]","(7.425, 10.76]","(7.003, 10.76]",*
7.601621870584266,"(7.425, 7.976]","(7.259, 7.842]","(7.003, 7.666]","(7.425, 10.76]","(7.003, 10.76]",*
7.601754383694308,"(7.425, 7.976]","(7.259, 7.842]","(7.003, 7.666]","(7.425, 10.76]","(7.003, 10.76]",*
7.602107228128709,"(7.425, 7.976]","(7.259, 7.842]","(7.003, 7.666]","(7.425, 10.76]","(7.003, 10.76]",*
7.604092129037976,"(7.425, 7.976]","(7.259, 7.842]","(7.003, 7.666]","(7.425, 10.76]","(7.003, 10.76]",*
7.605601990551414,"(7.425, 7.976]","(7.259, 7.842]","(7.003, 7.666]","(7.425, 10.76]","(7.003, 10.76]",*
7.606141984359502,"(7.425, 7.976]","(7.259, 7.842]","(7.003, 7.666]","(7.425, 10.76]","(7.003, 10.76]",*
7.606218178308634,"(7.425, 7.976]","(7.259, 7.842]","(7.003, 7.666]","(7.425, 10.76]","(7.003, 10.76]",*
7.606831549667412,"(7.425, 7.976]","(7.259, 7.842]","(7.003, 7.666]","(7.425, 10.76]","(7.003, 10.76]",*
7.606840904336579,"(7.425, 7.976]","(7.259, 7.842]","(7.003, 7.666]","(7.425, 10.76]","(7.003, 10.76]",*
7.607406816527082,"(7.425, 7.976]","(7.259, 7.842]","(7.003, 7.666]","(7.425, 10.76]","(7.003, 10.76]",*
7.608873041284722,"(7.425, 7.976]","(7.259, 7.842]","(7.003, 7.666]","(7.425, 10.76]","(7.003, 10.76]",*
7.608919659873919,"(7.425, 7.976]","(7.259, 7.842]","(7.003, 7.666]","(7.425, 10.76]","(7.003, 10.76]",*
7.6090214364344595,"(7.425, 7.976]","(7.259, 7.842]","(7.003, 7.666]","(7.425, 10.76]","(7.003, 10.76]",*
7.60949936079191,"(7.425, 7.976]","(7.259, 7.842]","(7.003, 7.666]","(7.425, 10.76]","(7.003, 10.76]",*
7.609961508818626,"(7.425, 7.976]","(7.259, 7.842]","(7.003, 7.666]","(7.425, 10.76]","(7.003, 10.76]",*
7.610386208439972,"(7.425, 7.976]","(7.259, 7.842]","(7.003, 7.666]","(7.425, 10.76]","(7.003, 10.76]",*
7.610720856104885,"(7.425, 7.976]","(7.259, 7.842]","(7.003, 7.666]","(7.425, 10.76]","(7.003, 10.76]",*
7.612168510253952,"(7.425, 7.976]","(7.259, 7.842]","(7.003, 7.666]","(7.425, 10.76]","(7.003, 10.76]",*
7.613237024552518,"(7.425, 7.976]","(7.259, 7.842]","(7.003, 7.666]","(7.425, 10.76]","(7.003, 10.76]",*
7.614217985068866,"(7.425, 7.976]","(7.259, 7.842]","(7.003, 7.666]","(7.425, 10.76]","(7.003, 10.76]",*
7.614547384300202,"(7.425, 7.976]","(7.259, 7.842]","(7.003, 7.666]","(7.425, 10.76]","(7.003, 10.76]",*
7.615188105390921,"(7.425, 7.976]","(7.259, 7.842]","(7.003, 7.666]","(7.425, 10.76]","(7.003, 10.76]",*
7.616966840088608,"(7.425, 7.976]","(7.259, 7.842]","(7.003, 7.666]","(7.425, 10.76]","(7.003, 10.76]",*
7.617082958012178,"(7.425, 7.976]","(7.259, 7.842]","(7.003, 7.666]","(7.425, 10.76]","(7.003, 10.76]",*
7.617118099962791,"(7.425, 7.976]","(7.259, 7.842]","(7.003, 7.666]","(7.425, 10.76]","(7.003, 10.76]",*
7.617236818947374,"(7.425, 7.976]","(7.259, 7.842]","(7.003, 7.666]","(7.425, 10.76]","(7.003, 10.76]",*
7.6172606421296125,"(7.425, 7.976]","(7.259, 7.842]","(7.003, 7.666]","(7.425, 10.76]","(7.003, 10.76]",*
7.619011456431187,"(7.425, 7.976]","(7.259, 7.842]","(7.003, 7.666]","(7.425, 10.76]","(7.003, 10.76]",*
7.619312876154902,"(7.425, 7.976]","(7.259, 7.842]","(7.003, 7.666]","(7.425, 10.76]","(7.003, 10.76]",*
7.619593756902457,"(7.425, 7.976]","(7.259, 7.842]","(7.003, 7.666]","(7.425, 10.76]","(7.003, 10.76]",*
7.620690943446194,"(7.425, 7.976]","(7.259, 7.842]","(7.003, 7.666]","(7.425, 10.76]","(7.003, 10.76]",*
7.6219751000128975,"(7.425, 7.976]","(7.259, 7.842]","(7.003, 7.666]","(7.425, 10.76]","(7.003, 10.76]",*
7.623703473002018,"(7.425, 7.976]","(7.259, 7.842]","(7.003, 7.666]","(7.425, 10.76]","(7.003, 10.76]",*
7.6240947237631165,"(7.425, 7.976]","(7.259, 7.842]","(7.003, 7.666]","(7.425, 10.76]","(7.003, 10.76]",*
7.624138944457996,"(7.425, 7.976]","(7.259, 7.842]","(7.003, 7.666]","(7.425, 10.76]","(7.003, 10.76]",*
7.624513514484612,"(7.425, 7.976]","(7.259, 7.842]","(7.003, 7.666]","(7.425, 10.76]","(7.003, 10.76]",*
7.624824352366253,"(7.425, 7.976]","(7.259, 7.842]","(7.003, 7.666]","(7.425, 10.76]","(7.003, 10.76]",*
7.626221606144218,"(7.425, 7.976]","(7.259, 7.842]","(7.003, 7.666]","(7.425, 10.76]","(7.003, 10.76]",*
7.6264440552092925,"(7.425, 7.976]","(7.259, 7.842]","(7.003, 7.666]","(7.425, 10.76]","(7.003, 10.76]",*
7.626799141671378,"(7.425, 7.976]","(7.259, 7.842]","(7.003, 7.666]","(7.425, 10.76]","(7.003, 10.76]",*
7.627609402112943,"(7.425, 7.976]","(7.259, 7.842]","(7.003, 7.666]","(7.425, 10.76]","(7.003, 10.76]",*
7.628022299050371,"(7.425, 7.976]","(7.259, 7.842]","(7.003, 7.666]","(7.425, 10.76]","(7.003, 10.76]",*
7.628030848151956,"(7.425, 7.976]","(7.259, 7.842]","(7.003, 7.666]","(7.425, 10.76]","(7.003, 10.76]",*
7.628907367958416,"(7.425, 7.976]","(7.259, 7.842]","(7.003, 7.666]","(7.425, 10.76]","(7.003, 10.76]",*
7.629224694086647,"(7.425, 7.976]","(7.259, 7.842]","(7.003, 7.666]","(7.425, 10.76]","(7.003, 10.76]",*
7.630095677925116,"(7.425, 7.976]","(7.259, 7.842]","(7.003, 7.666]","(7.425, 10.76]","(7.003, 10.76]",*
7.630184981042245,"(7.425, 7.976]","(7.259, 7.842]","(7.003, 7.666]","(7.425, 10.76]","(7.003, 10.76]",*
7.630982260928283,"(7.425, 7.976]","(7.259, 7.842]","(7.003, 7.666]","(7.425, 10.76]","(7.003, 10.76]",*
7.63144739569546,"(7.425, 7.976]","(7.259, 7.842]","(7.003, 7.666]","(7.425, 10.76]","(7.003, 10.76]",*
7.6322834734144624,"(7.425, 7.976]","(7.259, 7.842]","(7.003, 7.666]","(7.425, 10.76]","(7.003, 10.76]",*
7.6323983939156275,"(7.425, 7.976]","(7.259, 7.842]","(7.003, 7.666]","(7.425, 10.76]","(7.003, 10.76]",*
7.632469694475563,"(7.425, 7.976]","(7.259, 7.842]","(7.003, 7.666]","(7.425, 10.76]","(7.003, 10.76]",*
7.633608652731832,"(7.425, 7.976]","(7.259, 7.842]","(7.003, 7.666]","(7.425, 10.76]","(7.003, 10.76]",*
7.634318731446652,"(7.425, 7.976]","(7.259, 7.842]","(7.003, 7.666]","(7.425, 10.76]","(7.003, 10.76]",*
7.634761678250546,"(7.425, 7.976]","(7.259, 7.842]","(7.003, 7.666]","(7.425, 10.76]","(7.003, 10.76]",*
7.635630304805238,"(7.425, 7.976]","(7.259, 7.842]","(7.003, 7.666]","(7.425, 10.76]","(7.003, 10.76]",*
7.636500321015474,"(7.425, 7.976]","(7.259, 7.842]","(7.003, 7.666]","(7.425, 10.76]","(7.003, 10.76]",*
7.636653827124367,"(7.425, 7.976]","(7.259, 7.842]","(7.003, 7.666]","(7.425, 10.76]","(7.003, 10.76]",*
7.636755304242509,"(7.425, 7.976]","(7.259, 7.842]","(7.003, 7.666]","(7.425, 10.76]","(7.003, 10.76]",*
7.639188433958872,"(7.425, 7.976]","(7.259, 7.842]","(7.003, 7.666]","(7.425, 10.76]","(7.003, 10.76]",*
7.640040242343184,"(7.425, 7.976]","(7.259, 7.842]","(7.003, 7.666]","(7.425, 10.76]","(7.003, 10.76]",*
7.640127210093235,"(7.425, 7.976]","(7.259, 7.842]","(7.003, 7.666]","(7.425, 10.76]","(7.003, 10.76]",*
7.640185777484254,"(7.425, 7.976]","(7.259, 7.842]","(7.003, 7.666]","(7.425, 10.76]","(7.003, 10.76]",*
7.640863276666066,"(7.425, 7.976]","(7.259, 7.842]","(7.003, 7.666]","(7.425, 10.76]","(7.003, 10.76]",*
7.641107312416666,"(7.425, 7.976]","(7.259, 7.842]","(7.003, 7.666]","(7.425, 10.76]","(7.003, 10.76]",*
7.6417619151096465,"(7.425, 7.976]","(7.259, 7.842]","(7.003, 7.666]","(7.425, 10.76]","(7.003, 10.76]",*
7.64284366358726,"(7.425, 7.976]","(7.259, 7.842]","(7.003, 7.666]","(7.425, 10.76]","(7.003, 10.76]",*
7.6428949474911425,"(7.425, 7.976]","(7.259, 7.842]","(7.003, 7.666]","(7.425, 10.76]","(7.003, 10.76]",*
7.642973331111418,"(7.425, 7.976]","(7.259, 7.842]","(7.003, 7.666]","(7.425, 10.76]","(7.003, 10.76]",*
7.645776799266559,"(7.425, 7.976]","(7.259, 7.842]","(7.003, 7.666]","(7.425, 10.76]","(7.003, 10.76]",*
7.64702006851352,"(7.425, 7.976]","(7.259, 7.842]","(7.003, 7.666]","(7.425, 10.76]","(7.003, 10.76]",*
7.647121762176293,"(7.425, 7.976]","(7.259, 7.842]","(7.003, 7.666]","(7.425, 10.76]","(7.003, 10.76]",*
7.647145424949519,"(7.425, 7.976]","(7.259, 7.842]","(7.003, 7.666]","(7.425, 10.76]","(7.003, 10.76]",*
7.647362306520987,"(7.425, 7.976]","(7.259, 7.842]","(7.003, 7.666]","(7.425, 10.76]","(7.003, 10.76]",*
7.647438609327312,"(7.425, 7.976]","(7.259, 7.842]","(7.003, 7.666]","(7.425, 10.76]","(7.003, 10.76]",*
7.648334920387032,"(7.425, 7.976]","(7.259, 7.842]","(7.003, 7.666]","(7.425, 10.76]","(7.003, 10.76]",*
7.6483861137540226,"(7.425, 7.976]","(7.259, 7.842]","(7.003, 7.666]","(7.425, 10.76]","(7.003, 10.76]",*
7.648730581086105,"(7.425, 7.976]","(7.259, 7.842]","(7.003, 7.666]","(7.425, 10.76]","(7.003, 10.76]",*
7.648963666118253,"(7.425, 7.976]","(7.259, 7.842]","(7.003, 7.666]","(7.425, 10.76]","(7.003, 10.76]",*
7.649167232926267,"(7.425, 7.976]","(7.259, 7.842]","(7.003, 7.666]","(7.425, 10.76]","(7.003, 10.76]",*
7.649390258695782,"(7.425, 7.976]","(7.259, 7.842]","(7.003, 7.666]","(7.425, 10.76]","(7.003, 10.76]",*
7.650205974009912,"(7.425, 7.976]","(7.259, 7.842]","(7.003, 7.666]","(7.425, 10.76]","(7.003, 10.76]",*
7.650712388699827,"(7.425, 7.976]","(7.259, 7.842]","(7.003, 7.666]","(7.425, 10.76]","(7.003, 10.76]",*
7.651811446558771,"(7.425, 7.976]","(7.259, 7.842]","(7.003, 7.666]","(7.425, 10.76]","(7.003, 10.76]",*
7.651813064946888,"(7.425, 7.976]","(7.259, 7.842]","(7.003, 7.666]","(7.425, 10.76]","(7.003, 10.76]",*
7.652105771739088,"(7.425, 7.976]","(7.259, 7.842]","(7.003, 7.666]","(7.425, 10.76]","(7.003, 10.76]",*
7.654162707005494,"(7.425, 7.976]","(7.259, 7.842]","(7.003, 7.666]","(7.425, 10.76]","(7.003, 10.76]",*
7.654178576802628,"(7.425, 7.976]","(7.259, 7.842]","(7.003, 7.666]","(7.425, 10.76]","(7.003, 10.76]",*
7.654447412307705,"(7.425, 7.976]","(7.259, 7.842]","(7.003, 7.666]","(7.425, 10.76]","(7.003, 10.76]",*
7.655160571534617,"(7.425, 7.976]","(7.259, 7.842]","(7.003, 7.666]","(7.425, 10.76]","(7.003, 10.76]",*
7.6553750073658975,"(7.425, 7.976]","(7.259, 7.842]","(7.003, 7.666]","(7.425, 10.76]","(7.003, 10.76]",*
7.655452911272443,"(7.425, 7.976]","(7.259, 7.842]","(7.003, 7.666]","(7.425, 10.76]","(7.003, 10.76]",*
7.655534462289642,"(7.425, 7.976]","(7.259, 7.842]","(7.003, 7.666]","(7.425, 10.76]","(7.003, 10.76]",*
7.656511671464959,"(7.425, 7.976]","(7.259, 7.842]","(7.003, 7.666]","(7.425, 10.76]","(7.003, 10.76]",*
7.656969157084154,"(7.425, 7.976]","(7.259, 7.842]","(7.003, 7.666]","(7.425, 10.76]","(7.003, 10.76]",*
7.6569900790712495,"(7.425, 7.976]","(7.259, 7.842]","(7.003, 7.666]","(7.425, 10.76]","(7.003, 10.76]",*
7.6576274122715535,"(7.425, 7.976]","(7.259, 7.842]","(7.003, 7.666]","(7.425, 10.76]","(7.003, 10.76]",*
7.658264876103514,"(7.425, 7.976]","(7.259, 7.842]","(7.003, 7.666]","(7.425, 10.76]","(7.003, 10.76]",*
7.658408706211622,"(7.425, 7.976]","(7.259, 7.842]","(7.003, 7.666]","(7.425, 10.76]","(7.003, 10.76]",*
7.658576338909918,"(7.425, 7.976]","(7.259, 7.842]","(7.003, 7.666]","(7.425, 10.76]","(7.003, 10.76]",*
7.658973254289105,"(7.425, 7.976]","(7.259, 7.842]","(7.003, 7.666]","(7.425, 10.76]","(7.003, 10.76]",*
7.6612802628844605,"(7.425, 7.976]","(7.259, 7.842]","(7.003, 7.666]","(7.425, 10.76]","(7.003, 10.76]",*
7.661429433299782,"(7.425, 7.976]","(7.259, 7.842]","(7.003, 7.666]","(7.425, 10.76]","(7.003, 10.76]",*
7.661603454177303,"(7.425, 7.976]","(7.259, 7.842]","(7.003, 7.666]","(7.425, 10.76]","(7.003, 10.76]",*
7.661922672251912,"(7.425, 7.976]","(7.259, 7.842]","(7.003, 7.666]","(7.425, 10.76]","(7.003, 10.76]",*
7.66202801452371,"(7.425, 7.976]","(7.259, 7.842]","(7.003, 7.666]","(7.425, 10.76]","(7.003, 10.76]",*
7.662476479349415,"(7.425, 7.976]","(7.259, 7.842]","(7.003, 7.666]","(7.425, 10.76]","(7.003, 10.76]",*
7.662941511931011,"(7.425, 7.976]","(7.259, 7.842]","(7.003, 7.666]","(7.425, 10.76]","(7.003, 10.76]",*
7.664160226407668,"(7.425, 7.976]","(7.259, 7.842]","(7.003, 7.666]","(7.425, 10.76]","(7.003, 10.76]",*
7.665173458119504,"(7.425, 7.976]","(7.259, 7.842]","(7.003, 7.666]","(7.425, 10.76]","(7.003, 10.76]",*
7.665601844359664,"(7.425, 7.976]","(7.259, 7.842]","(7.003, 7.666]","(7.425, 10.76]","(7.003, 10.76]",*
7.665643100697559,"(7.425, 7.976]","(7.259, 7.842]","(7.003, 7.666]","(7.425, 10.76]","(7.003, 10.76]",*
7.6665564882992445,"(7.425, 7.976]","(7.259, 7.842]","(7.666, 10.76]","(7.425, 10.76]","(7.003, 10.76]",*
7.666779636732862,"(7.425, 7.976]","(7.259, 7.842]","(7.666, 10.76]","(7.425, 10.76]","(7.003, 10.76]",*
7.66731597539315,"(7.425, 7.976]","(7.259, 7.842]","(7.666, 10.76]","(7.425, 10.76]","(7.003, 10.76]",*
7.668465840741894,"(7.425, 7.976]","(7.259, 7.842]","(7.666, 10.76]","(7.425, 10.76]","(7.003, 10.76]",*
7.668535369142774,"(7.425, 7.976]","(7.259, 7.842]","(7.666, 10.76]","(7.425, 10.76]","(7.003, 10.76]",*
7.670622677573923,"(7.425, 7.976]","(7.259, 7.842]","(7.666, 10.76]","(7.425, 10.76]","(7.003, 10.76]",*
7.670800218809685,"(7.425, 7.976]","(7.259, 7.842]","(7.666, 10.76]","(7.425, 10.76]","(7.003, 10.76]",*
7.67096648255349,"(7.425, 7.976]","(7.259, 7.842]","(7.666, 10.76]","(7.425, 10.76]","(7.003, 10.76]",*
7.670982834153155,"(7.425, 7.976]","(7.259, 7.842]","(7.666, 10.76]","(7.425, 10.76]","(7.003, 10.76]",*
7.671624311735762,"(7.425, 7.976]","(7.259, 7.842]","(7.666, 10.76]","(7.425, 10.76]","(7.003, 10.76]",*
7.672171952619438,"(7.425, 7.976]","(7.259, 7.842]","(7.666, 10.76]","(7.425, 10.76]","(7.003, 10.76]",*
7.672624693764126,"(7.425, 7.976]","(7.259, 7.842]","(7.666, 10.76]","(7.425, 10.76]","(7.003, 10.76]",*
7.67293720916561,"(7.425, 7.976]","(7.259, 7.842]","(7.666, 10.76]","(7.425, 10.76]","(7.003, 10.76]",*
7.677480335542308,"(7.425, 7.976]","(7.259, 7.842]","(7.666, 10.76]","(7.425, 10.76]","(7.003, 10.76]",*
7.679174991625211,"(7.425, 7.976]","(7.259, 7.842]","(7.666, 10.76]","(7.425, 10.76]","(7.003, 10.76]",*
7.67923057205337,"(7.425, 7.976]","(7.259, 7.842]","(7.666, 10.76]","(7.425, 10.76]","(7.003, 10.76]",*
7.6793061241963985,"(7.425, 7.976]","(7.259, 7.842]","(7.666, 10.76]","(7.425, 10.76]","(7.003, 10.76]",*
7.681141173345536,"(7.425, 7.976]","(7.259, 7.842]","(7.666, 10.76]","(7.425, 10.76]","(7.003, 10.76]",*
7.681342023351491,"(7.425, 7.976]","(7.259, 7.842]","(7.666, 10.76]","(7.425, 10.76]","(7.003, 10.76]",*
7.681443787310723,"(7.425, 7.976]","(7.259, 7.842]","(7.666, 10.76]","(7.425, 10.76]","(7.003, 10.76]",*
7.681933900165363,"(7.425, 7.976]","(7.259, 7.842]","(7.666, 10.76]","(7.425, 10.76]","(7.003, 10.76]",*
7.683450306051911,"(7.425, 7.976]","(7.259, 7.842]","(7.666, 10.76]","(7.425, 10.76]","(7.003, 10.76]",*
7.683664419385486,"(7.425, 7.976]","(7.259, 7.842]","(7.666, 10.76]","(7.425, 10.76]","(7.003, 10.76]",*
7.683749075763787,"(7.425, 7.976]","(7.259, 7.842]","(7.666, 10.76]","(7.425, 10.76]","(7.003, 10.76]",*
7.683993273008141,"(7.425, 7.976]","(7.259, 7.842]","(7.666, 10.76]","(7.425, 10.76]","(7.003, 10.76]",*
7.6842060482412196,"(7.425, 7.976]","(7.259, 7.842]","(7.666, 10.76]","(7.425, 10.76]","(7.003, 10.76]",*
7.684911701334044,"(7.425, 7.976]","(7.259, 7.842]","(7.666, 10.76]","(7.425, 10.76]","(7.003, 10.76]",*
7.685137390051183,"(7.425, 7.976]","(7.259, 7.842]","(7.666, 10.76]","(7.425, 10.76]","(7.003, 10.76]",*
7.685292055139817,"(7.425, 7.976]","(7.259, 7.842]","(7.666, 10.76]","(7.425, 10.76]","(7.003, 10.76]",*
7.686869052297782,"(7.425, 7.976]","(7.259, 7.842]","(7.666, 10.76]","(7.425, 10.76]","(7.003, 10.76]",*
7.6883186943214525,"(7.425, 7.976]","(7.259, 7.842]","(7.666, 10.76]","(7.425, 10.76]","(7.003, 10.76]",*
7.689611153688003,"(7.425, 7.976]","(7.259, 7.842]","(7.666, 10.76]","(7.425, 10.76]","(7.003, 10.76]",*
7.690169183030464,"(7.425, 7.976]","(7.259, 7.842]","(7.666, 10.76]","(7.425, 10.76]","(7.003, 10.76]",*
7.6904804957416975,"(7.425, 7.976]","(7.259, 7.842]","(7.666, 10.76]","(7.425, 10.76]","(7.003, 10.76]",*
7.691026671201395,"(7.425, 7.976]","(7.259, 7.842]","(7.666, 10.76]","(7.425, 10.76]","(7.003, 10.76]",*
7.691535724596852,"(7.425, 7.976]","(7.259, 7.842]","(7.666, 10.76]","(7.425, 10.76]","(7.003, 10.76]",*
7.691914338668772,"(7.425, 7.976]","(7.259, 7.842]","(7.666, 10.76]","(7.425, 10.76]","(7.003, 10.76]",*
7.691926960068628,"(7.425, 7.976]","(7.259, 7.842]","(7.666, 10.76]","(7.425, 10.76]","(7.003, 10.76]",*
7.692426833293735,"(7.425, 7.976]","(7.259, 7.842]","(7.666, 10.76]","(7.425, 10.76]","(7.003, 10.76]",*
7.693402096360222,"(7.425, 7.976]","(7.259, 7.842]","(7.666, 10.76]","(7.425, 10.76]","(7.003, 10.76]",*
7.694546767484312,"(7.425, 7.976]","(7.259, 7.842]","(7.666, 10.76]","(7.425, 10.76]","(7.003, 10.76]",*
7.694744788921253,"(7.425, 7.976]","(7.259, 7.842]","(7.666, 10.76]","(7.425, 10.76]","(7.003, 10.76]",*
7.695856410947031,"(7.425, 7.976]","(7.259, 7.842]","(7.666, 10.76]","(7.425, 10.76]","(7.003, 10.76]",*
7.695977025935871,"(7.425, 7.976]","(7.259, 7.842]","(7.666, 10.76]","(7.425, 10.76]","(7.003, 10.76]",*
7.69654587933703,"(7.425, 7.976]","(7.259, 7.842]","(7.666, 10.76]","(7.425, 10.76]","(7.003, 10.76]",*
7.697665855552222,"(7.425, 7.976]","(7.259, 7.842]","(7.666, 10.76]","(7.425, 10.76]","(7.003, 10.76]",*
7.698007535660317,"(7.425, 7.976]","(7.259, 7.842]","(7.666, 10.76]","(7.425, 10.76]","(7.003, 10.76]",*
7.6980703371351344,"(7.425, 7.976]","(7.259, 7.842]","(7.666, 10.76]","(7.425, 10.76]","(7.003, 10.76]",*
7.698764603373151,"(7.425, 7.976]","(7.259, 7.842]","(7.666, 10.76]","(7.425, 10.76]","(7.003, 10.76]",*
7.70018956189636,"(7.425, 7.976]","(7.259, 7.842]","(7.666, 10.76]","(7.425, 10.76]","(7.003, 10.76]",*
7.700597345915144,"(7.425, 7.976]","(7.259, 7.842]","(7.666, 10.76]","(7.425, 10.76]","(7.003, 10.76]",*
7.70117964950377,"(7.425, 7.976]","(7.259, 7.842]","(7.666, 10.76]","(7.425, 10.76]","(7.003, 10.76]",*
7.701407168570433,"(7.425, 7.976]","(7.259, 7.842]","(7.666, 10.76]","(7.425, 10.76]","(7.003, 10.76]",*
7.701775147661508,"(7.425, 7.976]","(7.259, 7.842]","(7.666, 10.76]","(7.425, 10.76]","(7.003, 10.76]",*
7.70368792937896,"(7.425, 7.976]","(7.259, 7.842]","(7.666, 10.76]","(7.425, 10.76]","(7.003, 10.76]",*
7.703920454045697,"(7.425, 7.976]","(7.259, 7.842]","(7.666, 10.76]","(7.425, 10.76]","(7.003, 10.76]",*
7.705864802626194,"(7.425, 7.976]","(7.259, 7.842]","(7.666, 10.76]","(7.425, 10.76]","(7.003, 10.76]",*
7.70653861280721,"(7.425, 7.976]","(7.259, 7.842]","(7.666, 10.76]","(7.425, 10.76]","(7.003, 10.76]",*
7.706580734654397,"(7.425, 7.976]","(7.259, 7.842]","(7.666, 10.76]","(7.425, 10.76]","(7.003, 10.76]",*
7.706760787049442,"(7.425, 7.976]","(7.259, 7.842]","(7.666, 10.76]","(7.425, 10.76]","(7.003, 10.76]",*
7.707193245590295,"(7.425, 7.976]","(7.259, 7.842]","(7.666, 10.76]","(7.425, 10.76]","(7.003, 10.76]",*
7.708946586996348,"(7.425, 7.976]","(7.259, 7.842]","(7.666, 10.76]","(7.425, 10.76]","(7.003, 10.76]",*
7.709022645769727,"(7.425, 7.976]","(7.259, 7.842]","(7.666, 10.76]","(7.425, 10.76]","(7.003, 10.76]",*
7.709617653304206,"(7.425, 7.976]","(7.259, 7.842]","(7.666, 10.76]","(7.425, 10.76]","(7.003, 10.76]",*
7.712774152645954,"(7.425, 7.976]","(7.259, 7.842]","(7.666, 10.76]","(7.425, 10.76]","(7.003, 10.76]",*
7.713449133790256,"(7.425, 7.976]","(7.259, 7.842]","(7.666, 10.76]","(7.425, 10.76]","(7.003, 10.76]",*
7.714890983666749,"(7.425, 7.976]","(7.259, 7.842]","(7.666, 10.76]","(7.425, 10.76]","(7.003, 10.76]",*
7.716100332762258,"(7.425, 7.976]","(7.259, 7.842]","(7.666, 10.76]","(7.425, 10.76]","(7.003, 10.76]",*
7.716666271456011,"(7.425, 7.976]","(7.259, 7.842]","(7.666, 10.76]","(7.425, 10.76]","(7.003, 10.76]",*
7.716688070928385,"(7.425, 7.976]","(7.259, 7.842]","(7.666, 10.76]","(7.425, 10.76]","(7.003, 10.76]",*
7.717421882867828,"(7.425, 7.976]","(7.259, 7.842]","(7.666, 10.76]","(7.425, 10.76]","(7.003, 10.76]",*
7.718658024906465,"(7.425, 7.976]","(7.259, 7.842]","(7.666, 10.76]","(7.425, 10.76]","(7.003, 10.76]",*
7.719301233890072,"(7.425, 7.976]","(7.259, 7.842]","(7.666, 10.76]","(7.425, 10.76]","(7.003, 10.76]",*
7.719652763616865,"(7.425, 7.976]","(7.259, 7.842]","(7.666, 10.76]","(7.425, 10.76]","(7.003, 10.76]",*
7.721848677739402,"(7.425, 7.976]","(7.259, 7.842]","(7.666, 10.76]","(7.425, 10.76]","(7.003, 10.76]",*
7.721937077718258,"(7.425, 7.976]","(7.259, 7.842]","(7.666, 10.76]","(7.425, 10.76]","(7.003, 10.76]",*
7.723659864394269,"(7.425, 7.976]","(7.259, 7.842]","(7.666, 10.76]","(7.425, 10.76]","(7.003, 10.76]",*
7.72384467226882,"(7.425, 7.976]","(7.259, 7.842]","(7.666, 10.76]","(7.425, 10.76]","(7.003, 10.76]",*
7.723976057995408,"(7.425, 7.976]","(7.259, 7.842]","(7.666, 10.76]","(7.425, 10.76]","(7.003, 10.76]",*
7.724147820584947,"(7.425, 7.976]","(7.259, 7.842]","(7.666, 10.76]","(7.425, 10.76]","(7.003, 10.76]",*
7.72472337339288,"(7.425, 7.976]","(7.259, 7.842]","(7.666, 10.76]","(7.425, 10.76]","(7.003, 10.76]",*
7.7260519917155,"(7.425, 7.976]","(7.259, 7.842]","(7.666, 10.76]","(7.425, 10.76]","(7.003, 10.76]",*
7.726406757657348,"(7.425, 7.976]","(7.259, 7.842]","(7.666, 10.76]","(7.425, 10.76]","(7.003, 10.76]",*
7.72812700656971,"(7.425, 7.976]","(7.259, 7.842]","(7.666, 10.76]","(7.425, 10.76]","(7.003, 10.76]",*
7.728757647408083,"(7.425, 7.976]","(7.259, 7.842]","(7.666, 10.76]","(7.425, 10.76]","(7.003, 10.76]",*
7.73138635694975,"(7.425, 7.976]","(7.259, 7.842]","(7.666, 10.76]","(7.425, 10.76]","(7.003, 10.76]",*
7.731463232879214,"(7.425, 7.976]","(7.259, 7.842]","(7.666, 10.76]","(7.425, 10.76]","(7.003, 10.76]",*
7.7315387429419795,"(7.425, 7.976]","(7.259, 7.842]","(7.666, 10.76]","(7.425, 10.76]","(7.003, 10.76]",*
7.732958945090535,"(7.425, 7.976]","(7.259, 7.842]","(7.666, 10.76]","(7.425, 10.76]","(7.003, 10.76]",*
7.733375130013933,"(7.425, 7.976]","(7.259, 7.842]","(7.666, 10.76]","(7.425, 10.76]","(7.003, 10.76]",*
7.734418599203322,"(7.425, 7.976]","(7.259, 7.842]","(7.666, 10.76]","(7.425, 10.76]","(7.003, 10.76]",*
7.734862028462691,"(7.425, 7.976]","(7.259, 7.842]","(7.666, 10.76]","(7.425, 10.76]","(7.003, 10.76]",*
7.735040644469866,"(7.425, 7.976]","(7.259, 7.842]","(7.666, 10.76]","(7.425, 10.76]","(7.003, 10.76]",*
7.735931940846429,"(7.425, 7.976]","(7.259, 7.842]","(7.666, 10.76]","(7.425, 10.76]","(7.003, 10.76]",*
7.7362944929124495,"(7.425, 7.976]","(7.259, 7.842]","(7.666, 10.76]","(7.425, 10.76]","(7.003, 10.76]",*
7.736373161256528,"(7.425, 7.976]","(7.259, 7.842]","(7.666, 10.76]","(7.425, 10.76]","(7.003, 10.76]",*
7.736523110766139,"(7.425, 7.976]","(7.259, 7.842]","(7.666, 10.76]","(7.425, 10.76]","(7.003, 10.76]",*
7.73660601876359,"(7.425, 7.976]","(7.259, 7.842]","(7.666, 10.76]","(7.425, 10.76]","(7.003, 10.76]",*
7.736952386634821,"(7.425, 7.976]","(7.259, 7.842]","(7.666, 10.76]","(7.425, 10.76]","(7.003, 10.76]",*
7.737095684108223,"(7.425, 7.976]","(7.259, 7.842]","(7.666, 10.76]","(7.425, 10.76]","(7.003, 10.76]",*
7.73807335849333,"(7.425, 7.976]","(7.259, 7.842]","(7.666, 10.76]","(7.425, 10.76]","(7.003, 10.76]",*
7.738295553417699,"(7.425, 7.976]","(7.259, 7.842]","(7.666, 10.76]","(7.425, 10.76]","(7.003, 10.76]",*
7.73860841951176,"(7.425, 7.976]","(7.259, 7.842]","(7.666, 10.76]","(7.425, 10.76]","(7.003, 10.76]",*
7.739400145553532,"(7.425, 7.976]","(7.259, 7.842]","(7.666, 10.76]","(7.425, 10.76]","(7.003, 10.76]",*
7.741792787928039,"(7.425, 7.976]","(7.259, 7.842]","(7.666, 10.76]","(7.425, 10.76]","(7.003, 10.76]",*
7.743944662663852,"(7.425, 7.976]","(7.259, 7.842]","(7.666, 10.76]","(7.425, 10.76]","(7.003, 10.76]",*
7.744187005842061,"(7.425, 7.976]","(7.259, 7.842]","(7.666, 10.76]","(7.425, 10.76]","(7.003, 10.76]",*
7.7443456103695105,"(7.425, 7.976]","(7.259, 7.842]","(7.666, 10.76]","(7.425, 10.76]","(7.003, 10.76]",*
7.744385348369808,"(7.425, 7.976]","(7.259, 7.842]","(7.666, 10.76]","(7.425, 10.76]","(7.003, 10.76]",*
7.746836472866901,"(7.425, 7.976]","(7.259, 7.842]","(7.666, 10.76]","(7.425, 10.76]","(7.003, 10.76]",*
7.747907541313155,"(7.425, 7.976]","(7.259, 7.842]","(7.666, 10.76]","(7.425, 10.76]","(7.003, 10.76]",*
7.748133072067469,"(7.425, 7.976]","(7.259, 7.842]","(7.666, 10.76]","(7.425, 10.76]","(7.003, 10.76]",*
7.74824895259721,"(7.425, 7.976]","(7.259, 7.842]","(7.666, 10.76]","(7.425, 10.76]","(7.003, 10.76]",*
7.748337749490224,"(7.425, 7.976]","(7.259, 7.842]","(7.666, 10.76]","(7.425, 10.76]","(7.003, 10.76]",*
7.7486816056065955,"(7.425, 7.976]","(7.259, 7.842]","(7.666, 10.76]","(7.425, 10.76]","(7.003, 10.76]",*
7.748963785174506,"(7.425, 7.976]","(7.259, 7.842]","(7.666, 10.76]","(7.425, 10.76]","(7.003, 10.76]",*
7.749843449360894,"(7.425, 7.976]","(7.259, 7.842]","(7.666, 10.76]","(7.425, 10.76]","(7.003, 10.76]",*
7.750122956084365,"(7.425, 7.976]","(7.259, 7.842]","(7.666, 10.76]","(7.425, 10.76]","(7.003, 10.76]",*
7.750643484766107,"(7.425, 7.976]","(7.259, 7.842]","(7.666, 10.76]","(7.425, 10.76]","(7.003, 10.76]",*
7.751754050316921,"(7.425, 7.976]","(7.259, 7.842]","(7.666, 10.76]","(7.425, 10.76]","(7.003, 10.76]",*
7.75336965441512,"(7.425, 7.976]","(7.259, 7.842]","(7.666, 10.76]","(7.425, 10.76]","(7.003, 10.76]",*
7.753988754844707,"(7.425, 7.976]","(7.259, 7.842]","(7.666, 10.76]","(7.425, 10.76]","(7.003, 10.76]",*
7.754357545442311,"(7.425, 7.976]","(7.259, 7.842]","(7.666, 10.76]","(7.425, 10.76]","(7.003, 10.76]",*
7.754447596986673,"(7.425, 7.976]","(7.259, 7.842]","(7.666, 10.76]","(7.425, 10.76]","(7.003, 10.76]",*
7.7563634705365185,"(7.425, 7.976]","(7.259, 7.842]","(7.666, 10.76]","(7.425, 10.76]","(7.003, 10.76]",*
7.756919907874955,"(7.425, 7.976]","(7.259, 7.842]","(7.666, 10.76]","(7.425, 10.76]","(7.003, 10.76]",*
7.758415332425384,"(7.425, 7.976]","(7.259, 7.842]","(7.666, 10.76]","(7.425, 10.76]","(7.003, 10.76]",*
7.758691600910848,"(7.425, 7.976]","(7.259, 7.842]","(7.666, 10.76]","(7.425, 10.76]","(7.003, 10.76]",*
7.75969571695068,"(7.425, 7.976]","(7.259, 7.842]","(7.666, 10.76]","(7.425, 10.76]","(7.003, 10.76]",*
7.760263218520496,"(7.425, 7.976]","(7.259, 7.842]","(7.666, 10.76]","(7.425, 10.76]","(7.003, 10.76]",*
7.760732554508707,"(7.425, 7.976]","(7.259, 7.842]","(7.666, 10.76]","(7.425, 10.76]","(7.003, 10.76]",*
7.761780241693568,"(7.425, 7.976]","(7.259, 7.842]","(7.666, 10.76]","(7.425, 10.76]","(7.003, 10.76]",*
7.762162584836202,"(7.425, 7.976]","(7.259, 7.842]","(7.666, 10.76]","(7.425, 10.76]","(7.003, 10.76]",*
7.762550883071808,"(7.425, 7.976]","(7.259, 7.842]","(7.666, 10.76]","(7.425, 10.76]","(7.003, 10.76]",*
7.7634536540400125,"(7.425, 7.976]","(7.259, 7.842]","(7.666, 10.76]","(7.425, 10.76]","(7.003, 10.76]",*
7.763502240966407,"(7.425, 7.976]","(7.259, 7.842]","(7.666, 10.76]","(7.425, 10.76]","(7.003, 10.76]",*
7.765121473009107,"(7.425, 7.976]","(7.259, 7.842]","(7.666, 10.76]","(7.425, 10.76]","(7.003, 10.76]",*
7.766273200639257,"(7.425, 7.976]","(7.259, 7.842]","(7.666, 10.76]","(7.425, 10.76]","(7.003, 10.76]",*
7.766507123922494,"(7.425, 7.976]","(7.259, 7.842]","(7.666, 10.76]","(7.425, 10.76]","(7.003, 10.76]",*
7.768766156488804,"(7.425, 7.976]","(7.259, 7.842]","(7.666, 10.76]","(7.425, 10.76]","(7.003, 10.76]",*
7.768933627748562,"(7.425, 7.976]","(7.259, 7.842]","(7.666, 10.76]","(7.425, 10.76]","(7.003, 10.76]",*
7.769067706774432,"(7.425, 7.976]","(7.259, 7.842]","(7.666, 10.76]","(7.425, 10.76]","(7.003, 10.76]",*
7.770046179372892,"(7.425, 7.976]","(7.259, 7.842]","(7.666, 10.76]","(7.425, 10.76]","(7.003, 10.76]",*
7.771788543657802,"(7.425, 7.976]","(7.259, 7.842]","(7.666, 10.76]","(7.425, 10.76]","(7.003, 10.76]",*
7.77229444756454,"(7.425, 7.976]","(7.259, 7.842]","(7.666, 10.76]","(7.425, 10.76]","(7.003, 10.76]",*
7.773270475028063,"(7.425, 7.976]","(7.259, 7.842]","(7.666, 10.76]","(7.425, 10.76]","(7.003, 10.76]",*
7.773536288822233,"(7.425, 7.976]","(7.259, 7.842]","(7.666, 10.76]","(7.425, 10.76]","(7.003, 10.76]",*
7.773969251837482,"(7.425, 7.976]","(7.259, 7.842]","(7.666, 10.76]","(7.425, 10.76]","(7.003, 10.76]",*
7.774634207397241,"(7.425, 7.976]","(7.259, 7.842]","(7.666, 10.76]","(7.425, 10.76]","(7.003, 10.76]",*
7.775049238148375,"(7.425, 7.976]","(7.259, 7.842]","(7.666, 10.76]","(7.425, 10.76]","(7.003, 10.76]",*
7.775335702034777,"(7.425, 7.976]","(7.259, 7.842]","(7.666, 10.76]","(7.425, 10.76]","(7.003, 10.76]",*
7.776597851720785,"(7.425, 7.976]","(7.259, 7.842]","(7.666, 10.76]","(7.425, 10.76]","(7.003, 10.76]",*
7.776882083159577,"(7.425, 7.976]","(7.259, 7.842]","(7.666, 10.76]","(7.425, 10.76]","(7.003, 10.76]",*
7.777279443513267,"(7.425, 7.976]","(7.259, 7.842]","(7.666, 10.76]","(7.425, 10.76]","(7.003, 10.76]",*
7.778314001542566,"(7.425, 7.976]","(7.259, 7.842]","(7.666, 10.76]","(7.425, 10.76]","(7.003, 10.76]",*
7.778375216524826,"(7.425, 7.976]","(7.259, 7.842]","(7.666, 10.76]","(7.425, 10.76]","(7.003, 10.76]",*
7.778720808765978,"(7.425, 7.976]","(7.259, 7.842]","(7.666, 10.76]","(7.425, 10.76]","(7.003, 10.76]",*
7.78000763085266,"(7.425, 7.976]","(7.259, 7.842]","(7.666, 10.76]","(7.425, 10.76]","(7.003, 10.76]",*
7.780051690719065,"(7.425, 7.976]","(7.259, 7.842]","(7.666, 10.76]","(7.425, 10.76]","(7.003, 10.76]",*
7.780614540183874,"(7.425, 7.976]","(7.259, 7.842]","(7.666, 10.76]","(7.425, 10.76]","(7.003, 10.76]",*
7.780836692853298,"(7.425, 7.976]","(7.259, 7.842]","(7.666, 10.76]","(7.425, 10.76]","(7.003, 10.76]",*
7.780985803741661,"(7.425, 7.976]","(7.259, 7.842]","(7.666, 10.76]","(7.425, 10.76]","(7.003, 10.76]",*
7.781972592301737,"(7.425, 7.976]","(7.259, 7.842]","(7.666, 10.76]","(7.425, 10.76]","(7.003, 10.76]",*
7.783690870818613,"(7.425, 7.976]","(7.259, 7.842]","(7.666, 10.76]","(7.425, 10.76]","(7.003, 10.76]",*
7.784249421757746,"(7.425, 7.976]","(7.259, 7.842]","(7.666, 10.76]","(7.425, 10.76]","(7.003, 10.76]",*
7.784817857005388,"(7.425, 7.976]","(7.259, 7.842]","(7.666, 10.76]","(7.425, 10.76]","(7.003, 10.76]",*
7.784817971123138,"(7.425, 7.976]","(7.259, 7.842]","(7.666, 10.76]","(7.425, 10.76]","(7.003, 10.76]",*
7.786826572604026,"(7.425, 7.976]","(7.259, 7.842]","(7.666, 10.76]","(7.425, 10.76]","(7.003, 10.76]",*
7.78776441960636,"(7.425, 7.976]","(7.259, 7.842]","(7.666, 10.76]","(7.425, 10.76]","(7.003, 10.76]",*
7.7881383824377695,"(7.425, 7.976]","(7.259, 7.842]","(7.666, 10.76]","(7.425, 10.76]","(7.003, 10.76]",*
7.788267986215613,"(7.425, 7.976]","(7.259, 7.842]","(7.666, 10.76]","(7.425, 10.76]","(7.003, 10.76]",*
7.7885797266888925,"(7.425, 7.976]","(7.259, 7.842]","(7.666, 10.76]","(7.425, 10.76]","(7.003, 10.76]",*
7.789669784820322,"(7.425, 7.976]","(7.259, 7.842]","(7.666, 10.76]","(7.425, 10.76]","(7.003, 10.76]",*
7.790208189164332,"(7.425, 7.976]","(7.259, 7.842]","(7.666, 10.76]","(7.425, 10.76]","(7.003, 10.76]",*
7.790399375914793,"(7.425, 7.976]","(7.259, 7.842]","(7.666, 10.76]","(7.425, 10.76]","(7.003, 10.76]",*
7.790517502836697,"(7.425, 7.976]","(7.259, 7.842]","(7.666, 10.76]","(7.425, 10.76]","(7.003, 10.76]",*
7.791619771134489,"(7.425, 7.976]","(7.259, 7.842]","(7.666, 10.76]","(7.425, 10.76]","(7.003, 10.76]",*
7.791624953475852,"(7.425, 7.976]","(7.259, 7.842]","(7.666, 10.76]","(7.425, 10.76]","(7.003, 10.76]",*
7.791948979005997,"(7.425, 7.976]","(7.259, 7.842]","(7.666, 10.76]","(7.425, 10.76]","(7.003, 10.76]",*
7.7928758946265875,"(7.425, 7.976]","(7.259, 7.842]","(7.666, 10.76]","(7.425, 10.76]","(7.003, 10.76]",*
7.793078979101662,"(7.425, 7.976]","(7.259, 7.842]","(7.666, 10.76]","(7.425, 10.76]","(7.003, 10.76]",*
7.793745988513034,"(7.425, 7.976]","(7.259, 7.842]","(7.666, 10.76]","(7.425, 10.76]","(7.003, 10.76]",*
7.794364246098595,"(7.425, 7.976]","(7.259, 7.842]","(7.666, 10.76]","(7.425, 10.76]","(7.003, 10.76]",*
7.794518337288535,"(7.425, 7.976]","(7.259, 7.842]","(7.666, 10.76]","(7.425, 10.76]","(7.003, 10.76]",*
7.795138241804151,"(7.425, 7.976]","(7.259, 7.842]","(7.666, 10.76]","(7.425, 10.76]","(7.003, 10.76]",*
7.795214820544994,"(7.425, 7.976]","(7.259, 7.842]","(7.666, 10.76]","(7.425, 10.76]","(7.003, 10.76]",*
7.795374999786308,"(7.425, 7.976]","(7.259, 7.842]","(7.666, 10.76]","(7.425, 10.76]","(7.003, 10.76]",*
7.79586818575026,"(7.425, 7.976]","(7.259, 7.842]","(7.666, 10.76]","(7.425, 10.76]","(7.003, 10.76]",*
7.797824781692286,"(7.425, 7.976]","(7.259, 7.842]","(7.666, 10.76]","(7.425, 10.76]","(7.003, 10.76]",*
7.798048421165122,"(7.425, 7.976]","(7.259, 7.842]","(7.666, 10.76]","(7.425, 10.76]","(7.003, 10.76]",*
7.798627624713283,"(7.425, 7.976]","(7.259, 7.842]","(7.666, 10.76]","(7.425, 10.76]","(7.003, 10.76]",*
7.798975121483959,"(7.425, 7.976]","(7.259, 7.842]","(7.666, 10.76]","(7.425, 10.76]","(7.003, 10.76]",*
7.80058068207421,"(7.425, 7.976]","(7.259, 7.842]","(7.666, 10.76]","(7.425, 10.76]","(7.003, 10.76]",*
7.801897068741289,"(7.425, 7.976]","(7.259, 7.842]","(7.666, 10.76]","(7.425, 10.76]","(7.003, 10.76]",*
7.8024376075531,"(7.425, 7.976]","(7.259, 7.842]","(7.666, 10.76]","(7.425, 10.76]","(7.003, 10.76]",*
7.803351176149139,"(7.425, 7.976]","(7.259, 7.842]","(7.666, 10.76]","(7.425, 10.76]","(7.003, 10.76]",*
7.804221688978374,"(7.425, 7.976]","(7.259, 7.842]","(7.666, 10.76]","(7.425, 10.76]","(7.003, 10.76]",*
7.805452717625644,"(7.425, 7.976]","(7.259, 7.842]","(7.666, 10.76]","(7.425, 10.76]","(7.003, 10.76]",*
7.805903702425885,"(7.425, 7.976]","(7.259, 7.842]","(7.666, 10.76]","(7.425, 10.76]","(7.003, 10.76]",*
7.8059543940684195,"(7.425, 7.976]","(7.259, 7.842]","(7.666, 10.76]","(7.425, 10.76]","(7.003, 10.76]",*
7.806463219844811,"(7.425, 7.976]","(7.259, 7.842]","(7.666, 10.76]","(7.425, 10.76]","(7.003, 10.76]",*
7.807634187142439,"(7.425, 7.976]","(7.259, 7.842]","(7.666, 10.76]","(7.425, 10.76]","(7.003, 10.76]",*
7.808643282368799,"(7.425, 7.976]","(7.259, 7.842]","(7.666, 10.76]","(7.425, 10.76]","(7.003, 10.76]",*
7.808808095096697,"(7.425, 7.976]","(7.259, 7.842]","(7.666, 10.76]","(7.425, 10.76]","(7.003, 10.76]",*
7.80897522391095,"(7.425, 7.976]","(7.259, 7.842]","(7.666, 10.76]","(7.425, 10.76]","(7.003, 10.76]",*
7.809918772115287,"(7.425, 7.976]","(7.259, 7.842]","(7.666, 10.76]","(7.425, 10.76]","(7.003, 10.76]",*
7.810227726792465,"(7.425, 7.976]","(7.259, 7.842]","(7.666, 10.76]","(7.425, 10.76]","(7.003, 10.76]",*
7.811724470630432,"(7.425, 7.976]","(7.259, 7.842]","(7.666, 10.76]","(7.425, 10.76]","(7.003, 10.76]",*
7.811778751436488,"(7.425, 7.976]","(7.259, 7.842]","(7.666, 10.76]","(7.425, 10.76]","(7.003, 10.76]",*
7.812724696454197,"(7.425, 7.976]","(7.259, 7.842]","(7.666, 10.76]","(7.425, 10.76]","(7.003, 10.76]",*
7.812731256343786,"(7.425, 7.976]","(7.259, 7.842]","(7.666, 10.76]","(7.425, 10.76]","(7.003, 10.76]",*
7.813056781098809,"(7.425, 7.976]","(7.259, 7.842]","(7.666, 10.76]","(7.425, 10.76]","(7.003, 10.76]",*
7.81324239653672,"(7.425, 7.976]","(7.259, 7.842]","(7.666, 10.76]","(7.425, 10.76]","(7.003, 10.76]",*
7.813691103257474,"(7.425, 7.976]","(7.259, 7.842]","(7.666, 10.76]","(7.425, 10.76]","(7.003, 10.76]",*
7.814858597624938,"(7.425, 7.976]","(7.259, 7.842]","(7.666, 10.76]","(7.425, 10.76]","(7.003, 10.76]",*
7.8162948119381825,"(7.425, 7.976]","(7.259, 7.842]","(7.666, 10.76]","(7.425, 10.76]","(7.003, 10.76]",*
7.817119618664101,"(7.425, 7.976]","(7.259, 7.842]","(7.666, 10.76]","(7.425, 10.76]","(7.003, 10.76]",*
7.817517770940549,"(7.425, 7.976]","(7.259, 7.842]","(7.666, 10.76]","(7.425, 10.76]","(7.003, 10.76]",*
7.821713629458626,"(7.425, 7.976]","(7.259, 7.842]","(7.666, 10.76]","(7.425, 10.76]","(7.003, 10.76]",*
7.822847038209553,"(7.425, 7.976]","(7.259, 7.842]","(7.666, 10.76]","(7.425, 10.76]","(7.003, 10.76]",*
7.824070197841205,"(7.425, 7.976]","(7.259, 7.842]","(7.666, 10.76]","(7.425, 10.76]","(7.003, 10.76]",*
7.825850043814174,"(7.425, 7.976]","(7.259, 7.842]","(7.666, 10.76]","(7.425, 10.76]","(7.003, 10.76]",*
7.826124970748363,"(7.425, 7.976]","(7.259, 7.842]","(7.666, 10.76]","(7.425, 10.76]","(7.003, 10.76]",*
7.826402729644556,"(7.425, 7.976]","(7.259, 7.842]","(7.666, 10.76]","(7.425, 10.76]","(7.003, 10.76]",*
7.826728311728426,"(7.425, 7.976]","(7.259, 7.842]","(7.666, 10.76]","(7.425, 10.76]","(7.003, 10.76]",*
7.827588622388147,"(7.425, 7.976]","(7.259, 7.842]","(7.666, 10.76]","(7.425, 10.76]","(7.003, 10.76]",*
7.827748483300102,"(7.425, 7.976]","(7.259, 7.842]","(7.666, 10.76]","(7.425, 10.76]","(7.003, 10.76]",*
7.83009067127597,"(7.425, 7.976]","(7.259, 7.842]","(7.666, 10.76]","(7.425, 10.76]","(7.003, 10.76]",*
7.8304721222756575,"(7.425, 7.976]","(7.259, 7.842]","(7.666, 10.76]","(7.425, 10.76]","(7.003, 10.76]",*
7.8317664755828815,"(7.425, 7.976]","(7.259, 7.842]","(7.666, 10.76]","(7.425, 10.76]","(7.003, 10.76]",*
7.831781332312668,"(7.425, 7.976]","(7.259, 7.842]","(7.666, 10.76]","(7.425, 10.76]","(7.003, 10.76]",*
7.831932214622189,"(7.425, 7.976]","(7.259, 7.842]","(7.666, 10.76]","(7.425, 10.76]","(7.003, 10.76]",*
7.832812175433856,"(7.425, 7.976]","(7.259, 7.842]","(7.666, 10.76]","(7.425, 10.76]","(7.003, 10.76]",*
7.833081191677762,"(7.425, 7.976]","(7.259, 7.842]","(7.666, 10.76]","(7.425, 10.76]","(7.003, 10.76]",*
7.834099800649182,"(7.425, 7.976]","(7.259, 7.842]","(7.666, 10.76]","(7.425, 10.76]","(7.003, 10.76]",*
7.83417276894695,"(7.425, 7.976]","(7.259, 7.842]","(7.666, 10.76]","(7.425, 10.76]","(7.003, 10.76]",*
7.834605895534191,"(7.425, 7.976]","(7.259, 7.842]","(7.666, 10.76]","(7.425, 10.76]","(7.003, 10.76]",*
7.8348675013902,"(7.425, 7.976]","(7.259, 7.842]","(7.666, 10.76]","(7.425, 10.76]","(7.003, 10.76]",*
7.834925574921216,"(7.425, 7.976]","(7.259, 7.842]","(7.666, 10.76]","(7.425, 10.76]","(7.003, 10.76]",*
7.835780185509963,"(7.425, 7.976]","(7.259, 7.842]","(7.666, 10.76]","(7.425, 10.76]","(7.003, 10.76]",*
7.836759091094527,"(7.425, 7.976]","(7.259, 7.842]","(7.666, 10.76]","(7.425, 10.76]","(7.003, 10.76]",*
7.836796128173754,"(7.425, 7.976]","(7.259, 7.842]","(7.666, 10.76]","(7.425, 10.76]","(7.003, 10.76]",*
7.839387785120487,"(7.425, 7.976]","(7.259, 7.842]","(7.666, 10.76]","(7.425, 10.76]","(7.003, 10.76]",*
7.8395524954145825,"(7.425, 7.976]","(7.259, 7.842]","(7.666, 10.76]","(7.425, 10.76]","(7.003, 10.76]",*
7.840697965903696,"(7.425, 7.976]","(7.259, 7.842]","(7.666, 10.76]","(7.425, 10.76]","(7.003, 10.76]",*
7.8409058436965235,"(7.425, 7.976]","(7.259, 7.842]","(7.666, 10.76]","(7.425, 10.76]","(7.003, 10.76]",*
7.841066299433197,"(7.425, 7.976]","(7.259, 7.842]","(7.666, 10.76]","(7.425, 10.76]","(7.003, 10.76]",*
7.841884408106828,"(7.425, 7.976]","(7.259, 7.842]","(7.666, 10.76]","(7.425, 10.76]","(7.003, 10.76]",*
7.842278374422232,"(7.425, 7.976]","(7.259, 7.842]","(7.666, 10.76]","(7.425, 10.76]","(7.003, 10.76]",*
7.84230638044041,"(7.425, 7.976]","(7.259, 7.842]","(7.666, 10.76]","(7.425, 10.76]","(7.003, 10.76]",*
7.842874892738725,"(7.425, 7.976]","(7.842, 10.76]","(7.666, 10.76]","(7.425, 10.76]","(7.003, 10.76]",*
7.844325516952147,"(7.425, 7.976]","(7.842, 10.76]","(7.666, 10.76]","(7.425, 10.76]","(7.003, 10.76]",*
7.844811964442935,"(7.425, 7.976]","(7.842, 10.76]","(7.666, 10.76]","(7.425, 10.76]","(7.003, 10.76]",*
7.844857973817016,"(7.425, 7.976]","(7.842, 10.76]","(7.666, 10.76]","(7.425, 10.76]","(7.003, 10.76]",*
7.845240395202444,"(7.425, 7.976]","(7.842, 10.76]","(7.666, 10.76]","(7.425, 10.76]","(7.003, 10.76]",*
7.845249622130733,"(7.425, 7.976]","(7.842, 10.76]","(7.666, 10.76]","(7.425, 10.76]","(7.003, 10.76]",*
7.84597120212392,"(7.425, 7.976]","(7.842, 10.76]","(7.666, 10.76]","(7.425, 10.76]","(7.003, 10.76]",*
7.847375793909657,"(7.425, 7.976]","(7.842, 10.76]","(7.666, 10.76]","(7.425, 10.76]","(7.003, 10.76]",*
7.851276188931436,"(7.425, 7.976]","(7.842, 10.76]","(7.666, 10.76]","(7.425, 10.76]","(7.003, 10.76]",*
7.851383670479492,"(7.425, 7.976]","(7.842, 10.76]","(7.666, 10.76]","(7.425, 10.76]","(7.003, 10.76]",*
7.851529600067239,"(7.425, 7.976]","(7.842, 10.76]","(7.666, 10.76]","(7.425, 10.76]","(7.003, 10.76]",*
7.852066884773843,"(7.425, 7.976]","(7.842, 10.76]","(7.666, 10.76]","(7.425, 10.76]","(7.003, 10.76]",*
7.8527596879291535,"(7.425, 7.976]","(7.842, 10.76]","(7.666, 10.76]","(7.425, 10.76]","(7.003, 10.76]",*
7.854195762814021,"(7.425, 7.976]","(7.842, 10.76]","(7.666, 10.76]","(7.425, 10.76]","(7.003, 10.76]",*
7.854513277603633,"(7.425, 7.976]","(7.842, 10.76]","(7.666, 10.76]","(7.425, 10.76]","(7.003, 10.76]",*
7.854884013860289,"(7.425, 7.976]","(7.842, 10.76]","(7.666, 10.76]","(7.425, 10.76]","(7.003, 10.76]",*
7.856053643649667,"(7.425, 7.976]","(7.842, 10.76]","(7.666, 10.76]","(7.425, 10.76]","(7.003, 10.76]",*
7.857343015504358,"(7.425, 7.976]","(7.842, 10.76]","(7.666, 10.76]","(7.425, 10.76]","(7.003, 10.76]",*
7.858383289573696,"(7.425, 7.976]","(7.842, 10.76]","(7.666, 10.76]","(7.425, 10.76]","(7.003, 10.76]",*
7.85960445245648,"(7.425, 7.976]","(7.842, 10.76]","(7.666, 10.76]","(7.425, 10.76]","(7.003, 10.76]",*
7.86002676930514,"(7.425, 7.976]","(7.842, 10.76]","(7.666, 10.76]","(7.425, 10.76]","(7.003, 10.76]",*
7.8607184924892595,"(7.425, 7.976]","(7.842, 10.76]","(7.666, 10.76]","(7.425, 10.76]","(7.003, 10.76]",*
7.861411940456307,"(7.425, 7.976]","(7.842, 10.76]","(7.666, 10.76]","(7.425, 10.76]","(7.003, 10.76]",*
7.861659356097182,"(7.425, 7.976]","(7.842, 10.76]","(7.666, 10.76]","(7.425, 10.76]","(7.003, 10.76]",*
7.863127436732537,"(7.425, 7.976]","(7.842, 10.76]","(7.666, 10.76]","(7.425, 10.76]","(7.003, 10.76]",*
7.863188942561924,"(7.425, 7.976]","(7.842, 10.76]","(7.666, 10.76]","(7.425, 10.76]","(7.003, 10.76]",*
7.86397120244396,"(7.425, 7.976]","(7.842, 10.76]","(7.666, 10.76]","(7.425, 10.76]","(7.003, 10.76]",*
7.864482284092336,"(7.425, 7.976]","(7.842, 10.76]","(7.666, 10.76]","(7.425, 10.76]","(7.003, 10.76]",*
7.864664256827103,"(7.425, 7.976]","(7.842, 10.76]","(7.666, 10.76]","(7.425, 10.76]","(7.003, 10.76]",*
7.8652769593856116,"(7.425, 7.976]","(7.842, 10.76]","(7.666, 10.76]","(7.425, 10.76]","(7.003, 10.76]",*
7.866082002976552,"(7.425, 7.976]","(7.842, 10.76]","(7.666, 10.76]","(7.425, 10.76]","(7.003, 10.76]",*
7.8668336784421875,"(7.425, 7.976]","(7.842, 10.76]","(7.666, 10.76]","(7.425, 10.76]","(7.003, 10.76]",*
7.8672555873471985,"(7.425, 7.976]","(7.842, 10.76]","(7.666, 10.76]","(7.425, 10.76]","(7.003, 10.76]",*
7.867622396795995,"(7.425, 7.976]","(7.842, 10.76]","(7.666, 10.76]","(7.425, 10.76]","(7.003, 10.76]",*
7.867807622153043,"(7.425, 7.976]","(7.842, 10.76]","(7.666, 10.76]","(7.425, 10.76]","(7.003, 10.76]",*
7.868288356243358,"(7.425, 7.976]","(7.842, 10.76]","(7.666, 10.76]","(7.425, 10.76]","(7.003, 10.76]",*
7.868771957186924,"(7.425, 7.976]","(7.842, 10.76]","(7.666, 10.76]","(7.425, 10.76]","(7.003, 10.76]",*
7.869698636325693,"(7.425, 7.976]","(7.842, 10.76]","(7.666, 10.76]","(7.425, 10.76]","(7.003, 10.76]",*
7.869893327368808,"(7.425, 7.976]","(7.842, 10.76]","(7.666, 10.76]","(7.425, 10.76]","(7.003, 10.76]",*
7.869974066907978,"(7.425, 7.976]","(7.842, 10.76]","(7.666, 10.76]","(7.425, 10.76]","(7.003, 10.76]",*
7.8700456404352,"(7.425, 7.976]","(7.842, 10.76]","(7.666, 10.76]","(7.425, 10.76]","(7.003, 10.76]",*
7.871352644418106,"(7.425, 7.976]","(7.842, 10.76]","(7.666, 10.76]","(7.425, 10.76]","(7.003, 10.76]",*
7.8719827569850525,"(7.425, 7.976]","(7.842, 10.76]","(7.666, 10.76]","(7.425, 10.76]","(7.003, 10.76]",*
7.871996502854698,"(7.425, 7.976]","(7.842, 10.76]","(7.666, 10.76]","(7.425, 10.76]","(7.003, 10.76]",*
7.872302709648018,"(7.425, 7.976]","(7.842, 10.76]","(7.666, 10.76]","(7.425, 10.76]","(7.003, 10.76]",*
7.873575891545732,"(7.425, 7.976]","(7.842, 10.76]","(7.666, 10.76]","(7.425, 10.76]","(7.003, 10.76]",*
7.874311600067013,"(7.425, 7.976]","(7.842, 10.76]","(7.666, 10.76]","(7.425, 10.76]","(7.003, 10.76]",*
7.874564488800316,"(7.425, 7.976]","(7.842, 10.76]","(7.666, 10.76]","(7.425, 10.76]","(7.003, 10.76]",*
7.874598832698026,"(7.425, 7.976]","(7.842, 10.76]","(7.666, 10.76]","(7.425, 10.76]","(7.003, 10.76]",*
7.875011965314067,"(7.425, 7.976]","(7.842, 10.76]","(7.666, 10.76]","(7.425, 10.76]","(7.003, 10.76]",*
7.8752240357047825,"(7.425, 7.976]","(7.842, 10.76]","(7.666, 10.76]","(7.425, 10.76]","(7.003, 10.76]",*
7.875734865806872,"(7.425, 7.976]","(7.842, 10.76]","(7.666, 10.76]","(7.425, 10.76]","(7.003, 10.76]",*
7.876116095522188,"(7.425, 7.976]","(7.842, 10.76]","(7.666, 10.76]","(7.425, 10.76]","(7.003, 10.76]",*
7.877242793471772,"(7.425, 7.976]","(7.842, 10.76]","(7.666, 10.76]","(7.425, 10.76]","(7.003, 10.76]",*
7.87740359287173,"(7.425, 7.976]","(7.842, 10.76]","(7.666, 10.76]","(7.425, 10.76]","(7.003, 10.76]",*
7.877533794064615,"(7.425, 7.976]","(7.842, 10.76]","(7.666, 10.76]","(7.425, 10.76]","(7.003, 10.76]",*
7.878756751025517,"(7.425, 7.976]","(7.842, 10.76]","(7.666, 10.76]","(7.425, 10.76]","(7.003, 10.76]",*
7.878962945042042,"(7.425, 7.976]","(7.842, 10.76]","(7.666, 10.76]","(7.425, 10.76]","(7.003, 10.76]",*
7.879408466443659,"(7.425, 7.976]","(7.842, 10.76]","(7.666, 10.76]","(7.425, 10.76]","(7.003, 10.76]",*
7.87954472676596,"(7.425, 7.976]","(7.842, 10.76]","(7.666, 10.76]","(7.425, 10.76]","(7.003, 10.76]",*
7.879588244756828,"(7.425, 7.976]","(7.842, 10.76]","(7.666, 10.76]","(7.425, 10.76]","(7.003, 10.76]",*
7.879677057244367,"(7.425, 7.976]","(7.842, 10.76]","(7.666, 10.76]","(7.425, 10.76]","(7.003, 10.76]",*
7.879734300164907,"(7.425, 7.976]","(7.842, 10.76]","(7.666, 10.76]","(7.425, 10.76]","(7.003, 10.76]",*
7.880314032660384,"(7.425, 7.976]","(7.842, 10.76]","(7.666, 10.76]","(7.425, 10.76]","(7.003, 10.76]",*
7.880521415954254,"(7.425, 7.976]","(7.842, 10.76]","(7.666, 10.76]","(7.425, 10.76]","(7.003, 10.76]",*
7.881137517546674,"(7.425, 7.976]","(7.842, 10.76]","(7.666, 10.76]","(7.425, 10.76]","(7.003, 10.76]",*
7.881143831944997,"(7.425, 7.976]","(7.842, 10.76]","(7.666, 10.76]","(7.425, 10.76]","(7.003, 10.76]",*
7.882091494816687,"(7.425, 7.976]","(7.842, 10.76]","(7.666, 10.76]","(7.425, 10.76]","(7.003, 10.76]",*
7.882700548195051,"(7.425, 7.976]","(7.842, 10.76]","(7.666, 10.76]","(7.425, 10.76]","(7.003, 10.76]",*
7.882910264313388,"(7.425, 7.976]","(7.842, 10.76]","(7.666, 10.76]","(7.425, 10.76]","(7.003, 10.76]",*
7.883018683929485,"(7.425, 7.976]","(7.842, 10.76]","(7.666, 10.76]","(7.425, 10.76]","(7.003, 10.76]",*
7.883280645802287,"(7.425, 7.976]","(7.842, 10.76]","(7.666, 10.76]","(7.425, 10.76]","(7.003, 10.76]",*
7.883780976970764,"(7.425, 7.976]","(7.842, 10.76]","(7.666, 10.76]","(7.425, 10.76]","(7.003, 10.76]",*
7.88384041091378,"(7.425, 7.976]","(7.842, 10.76]","(7.666, 10.76]","(7.425, 10.76]","(7.003, 10.76]",*
7.883996339022695,"(7.425, 7.976]","(7.842, 10.76]","(7.666, 10.76]","(7.425, 10.76]","(7.003, 10.76]",*
7.884325909089878,"(7.425, 7.976]","(7.842, 10.76]","(7.666, 10.76]","(7.425, 10.76]","(7.003, 10.76]",*
7.884560514909892,"(7.425, 7.976]","(7.842, 10.76]","(7.666, 10.76]","(7.425, 10.76]","(7.003, 10.76]",*
7.885507353354057,"(7.425, 7.976]","(7.842, 10.76]","(7.666, 10.76]","(7.425, 10.76]","(7.003, 10.76]",*
7.886904601333994,"(7.425, 7.976]","(7.842, 10.76]","(7.666, 10.76]","(7.425, 10.76]","(7.003, 10.76]",*
7.887473353704207,"(7.425, 7.976]","(7.842, 10.76]","(7.666, 10.76]","(7.425, 10.76]","(7.003, 10.76]",*
7.887775836316504,"(7.425, 7.976]","(7.842, 10.76]","(7.666, 10.76]","(7.425, 10.76]","(7.003, 10.76]",*
7.888472870444055,"(7.425, 7.976]","(7.842, 10.76]","(7.666, 10.76]","(7.425, 10.76]","(7.003, 10.76]",*
7.889947557917178,"(7.425, 7.976]","(7.842, 10.76]","(7.666, 10.76]","(7.425, 10.76]","(7.003, 10.76]",*
7.890367052773309,"(7.425, 7.976]","(7.842, 10.76]","(7.666, 10.76]","(7.425, 10.76]","(7.003, 10.76]",*
7.890650429358669,"(7.425, 7.976]","(7.842, 10.76]","(7.666, 10.76]","(7.425, 10.76]","(7.003, 10.76]",*
7.892393117686508,"(7.425, 7.976]","(7.842, 10.76]","(7.666, 10.76]","(7.425, 10.76]","(7.003, 10.76]",*
7.893098861565553,"(7.425, 7.976]","(7.842, 10.76]","(7.666, 10.76]","(7.425, 10.76]","(7.003, 10.76]",*
7.894150415282455,"(7.425, 7.976]","(7.842, 10.76]","(7.666, 10.76]","(7.425, 10.76]","(7.003, 10.76]",*
7.896170056741321,"(7.425, 7.976]","(7.842, 10.76]","(7.666, 10.76]","(7.425, 10.76]","(7.003, 10.76]",*
7.896371961038388,"(7.425, 7.976]","(7.842, 10.76]","(7.666, 10.76]","(7.425, 10.76]","(7.003, 10.76]",*
7.899477078647325,"(7.425, 7.976]","(7.842, 10.76]","(7.666, 10.76]","(7.425, 10.76]","(7.003, 10.76]",*
7.900517933161943,"(7.425, 7.976]","(7.842, 10.76]","(7.666, 10.76]","(7.425, 10.76]","(7.003, 10.76]",*
7.903674877822323,"(7.425, 7.976]","(7.842, 10.76]","(7.666, 10.76]","(7.425, 10.76]","(7.003, 10.76]",*
7.905595187388033,"(7.425, 7.976]","(7.842, 10.76]","(7.666, 10.76]","(7.425, 10.76]","(7.003, 10.76]",*
7.9059839920312704,"(7.425, 7.976]","(7.842, 10.76]","(7.666, 10.76]","(7.425, 10.76]","(7.003, 10.76]",*
7.9060979993548175,"(7.425, 7.976]","(7.842, 10.76]","(7.666, 10.76]","(7.425, 10.76]","(7.003, 10.76]",*
7.906105021100878,"(7.425, 7.976]","(7.842, 10.76]","(7.666, 10.76]","(7.425, 10.76]","(7.003, 10.76]",*
7.906134096499149,"(7.425, 7.976]","(7.842, 10.76]","(7.666, 10.76]","(7.425, 10.76]","(7.003, 10.76]",*
7.907488631361256,"(7.425, 7.976]","(7.842, 10.76]","(7.666, 10.76]","(7.425, 10.76]","(7.003, 10.76]",*
7.9095452019904515,"(7.425, 7.976]","(7.842, 10.76]","(7.666, 10.76]","(7.425, 10.76]","(7.003, 10.76]",*
7.910268870798269,"(7.425, 7.976]","(7.842, 10.76]","(7.666, 10.76]","(7.425, 10.76]","(7.003, 10.76]",*
7.911090901522857,"(7.425, 7.976]","(7.842, 10.76]","(7.666, 10.76]","(7.425, 10.76]","(7.003, 10.76]",*
7.91124378200908,"(7.425, 7.976]","(7.842, 10.76]","(7.666, 10.76]","(7.425, 10.76]","(7.003, 10.76]",*
7.912674755349482,"(7.425, 7.976]","(7.842, 10.76]","(7.666, 10.76]","(7.425, 10.76]","(7.003, 10.76]",*
7.913361808106529,"(7.425, 7.976]","(7.842, 10.76]","(7.666, 10.76]","(7.425, 10.76]","(7.003, 10.76]",*
7.914386739965973,"(7.425, 7.976]","(7.842, 10.76]","(7.666, 10.76]","(7.425, 10.76]","(7.003, 10.76]",*
7.915126172825103,"(7.425, 7.976]","(7.842, 10.76]","(7.666, 10.76]","(7.425, 10.76]","(7.003, 10.76]",*
7.915264178794901,"(7.425, 7.976]","(7.842, 10.76]","(7.666, 10.76]","(7.425, 10.76]","(7.003, 10.76]",*
7.915452713565014,"(7.425, 7.976]","(7.842, 10.76]","(7.666, 10.76]","(7.425, 10.76]","(7.003, 10.76]",*
7.915813273854708,"(7.425, 7.976]","(7.842, 10.76]","(7.666, 10.76]","(7.425, 10.76]","(7.003, 10.76]",*
7.916171659861113,"(7.425, 7.976]","(7.842, 10.76]","(7.666, 10.76]","(7.425, 10.76]","(7.003, 10.76]",*
7.916386397194928,"(7.425, 7.976]","(7.842, 10.76]","(7.666, 10.76]","(7.425, 10.76]","(7.003, 10.76]",*
7.919674702872117,"(7.425, 7.976]","(7.842, 10.76]","(7.666, 10.76]","(7.425, 10.76]","(7.003, 10.76]",*
7.920511375049014,"(7.425, 7.976]","(7.842, 10.76]","(7.666, 10.76]","(7.425, 10.76]","(7.003, 10.76]",*
7.9215773907439955,"(7.425, 7.976]","(7.842, 10.76]","(7.666, 10.76]","(7.425, 10.76]","(7.003, 10.76]",*
7.923517129643345,"(7.425, 7.976]","(7.842, 10.76]","(7.666, 10.76]","(7.425, 10.76]","(7.003, 10.76]",*
7.924177937116331,"(7.425, 7.976]","(7.842, 10.76]","(7.666, 10.76]","(7.425, 10.76]","(7.003, 10.76]",*
7.9252843527805314,"(7.425, 7.976]","(7.842, 10.76]","(7.666, 10.76]","(7.425, 10.76]","(7.003, 10.76]",*
7.925387401343594,"(7.425, 7.976]","(7.842, 10.76]","(7.666, 10.76]","(7.425, 10.76]","(7.003, 10.76]",*
7.925612282069823,"(7.425, 7.976]","(7.842, 10.76]","(7.666, 10.76]","(7.425, 10.76]","(7.003, 10.76]",*
7.925650145463938,"(7.425, 7.976]","(7.842, 10.76]","(7.666, 10.76]","(7.425, 10.76]","(7.003, 10.76]",*
7.925986270666531,"(7.425, 7.976]","(7.842, 10.76]","(7.666, 10.76]","(7.425, 10.76]","(7.003, 10.76]",*
7.926372237400487,"(7.425, 7.976]","(7.842, 10.76]","(7.666, 10.76]","(7.425, 10.76]","(7.003, 10.76]",*
7.928356117082949,"(7.425, 7.976]","(7.842, 10.76]","(7.666, 10.76]","(7.425, 10.76]","(7.003, 10.76]",*
7.930393266173175,"(7.425, 7.976]","(7.842, 10.76]","(7.666, 10.76]","(7.425, 10.76]","(7.003, 10.76]",*
7.931539538170228,"(7.425, 7.976]","(7.842, 10.76]","(7.666, 10.76]","(7.425, 10.76]","(7.003, 10.76]",*
7.932589427867322,"(7.425, 7.976]","(7.842, 10.76]","(7.666, 10.76]","(7.425, 10.76]","(7.003, 10.76]",*
7.93294710382264,"(7.425, 7.976]","(7.842, 10.76]","(7.666, 10.76]","(7.425, 10.76]","(7.003, 10.76]",*
7.934351162477792,"(7.425, 7.976]","(7.842, 10.76]","(7.666, 10.76]","(7.425, 10.76]","(7.003, 10.76]",*
7.935510755620596,"(7.425, 7.976]","(7.842, 10.76]","(7.666, 10.76]","(7.425, 10.76]","(7.003, 10.76]",*
7.937276295877943,"(7.425, 7.976]","(7.842, 10.76]","(7.666, 10.76]","(7.425, 10.76]","(7.003, 10.76]",*
7.937358364663051,"(7.425, 7.976]","(7.842, 10.76]","(7.666, 10.76]","(7.425, 10.76]","(7.003, 10.76]",*
7.937850728020514,"(7.425, 7.976]","(7.842, 10.76]","(7.666, 10.76]","(7.425, 10.76]","(7.003, 10.76]",*
7.938067847088113,"(7.425, 7.976]","(7.842, 10.76]","(7.666, 10.76]","(7.425, 10.76]","(7.003, 10.76]",*
7.938421221124084,"(7.425, 7.976]","(7.842, 10.76]","(7.666, 10.76]","(7.425, 10.76]","(7.003, 10.76]",*
7.942857914343546,"(7.425, 7.976]","(7.842, 10.76]","(7.666, 10.76]","(7.425, 10.76]","(7.003, 10.76]",*
7.943879719757178,"(7.425, 7.976]","(7.842, 10.76]","(7.666, 10.76]","(7.425, 10.76]","(7.003, 10.76]",*
7.945878304867099,"(7.425, 7.976]","(7.842, 10.76]","(7.666, 10.76]","(7.425, 10.76]","(7.003, 10.76]",*
7.94618461935355,"(7.425, 7.976]","(7.842, 10.76]","(7.666, 10.76]","(7.425, 10.76]","(7.003, 10.76]",*
7.946493040717701,"(7.425, 7.976]","(7.842, 10.76]","(7.666, 10.76]","(7.425, 10.76]","(7.003, 10.76]",*
7.947237704854317,"(7.425, 7.976]","(7.842, 10.76]","(7.666, 10.76]","(7.425, 10.76]","(7.003, 10.76]",*
7.947610774273041,"(7.425, 7.976]","(7.842, 10.76]","(7.666, 10.76]","(7.425, 10.76]","(7.003, 10.76]",*
7.9511565369174,"(7.425, 7.976]","(7.842, 10.76]","(7.666, 10.76]","(7.425, 10.76]","(7.003, 10.76]",*
7.95323350777987,"(7.425, 7.976]","(7.842, 10.76]","(7.666, 10.76]","(7.425, 10.76]","(7.003, 10.76]",*
7.953781093805205,"(7.425, 7.976]","(7.842, 10.76]","(7.666, 10.76]","(7.425, 10.76]","(7.003, 10.76]",*
7.955934584609281,"(7.425, 7.976]","(7.842, 10.76]","(7.666, 10.76]","(7.425, 10.76]","(7.003, 10.76]",*
7.95595042165321,"(7.425, 7.976]","(7.842, 10.76]","(7.666, 10.76]","(7.425, 10.76]","(7.003, 10.76]",*
7.956478861329446,"(7.425, 7.976]","(7.842, 10.76]","(7.666, 10.76]","(7.425, 10.76]","(7.003, 10.76]",*
7.957794537934167,"(7.425, 7.976]","(7.842, 10.76]","(7.666, 10.76]","(7.425, 10.76]","(7.003, 10.76]",*
7.958761780176992,"(7.425, 7.976]","(7.842, 10.76]","(7.666, 10.76]","(7.425, 10.76]","(7.003, 10.76]",*
7.958894133895539,"(7.425, 7.976]","(7.842, 10.76]","(7.666, 10.76]","(7.425, 10.76]","(7.003, 10.76]",*
7.959815248130258,"(7.425, 7.976]","(7.842, 10.76]","(7.666, 10.76]","(7.425, 10.76]","(7.003, 10.76]",*
7.9599825699103155,"(7.425, 7.976]","(7.842, 10.76]","(7.666, 10.76]","(7.425, 10.76]","(7.003, 10.76]",*
7.960443989176228,"(7.425, 7.976]","(7.842, 10.76]","(7.666, 10.76]","(7.425, 10.76]","(7.003, 10.76]",*
7.960457540142803,"(7.425, 7.976]","(7.842, 10.76]","(7.666, 10.76]","(7.425, 10.76]","(7.003, 10.76]",*
7.962687650729031,"(7.425, 7.976]","(7.842, 10.76]","(7.666, 10.76]","(7.425, 10.76]","(7.003, 10.76]",*
7.963480582022242,"(7.425, 7.976]","(7.842, 10.76]","(7.666, 10.76]","(7.425, 10.76]","(7.003, 10.76]",*
7.96356180504159,"(7.425, 7.976]","(7.842, 10.76]","(7.666, 10.76]","(7.425, 10.76]","(7.003, 10.76]",*
7.9644135673126915,"(7.425, 7.976]","(7.842, 10.76]","(7.666, 10.76]","(7.425, 10.76]","(7.003, 10.76]",*
7.96441929742444,"(7.425, 7.976]","(7.842, 10.76]","(7.666, 10.76]","(7.425, 10.76]","(7.003, 10.76]",*
7.966109181271057,"(7.425, 7.976]","(7.842, 10.76]","(7.666, 10.76]","(7.425, 10.76]","(7.003, 10.76]",*
7.967184113503557,"(7.425, 7.976]","(7.842, 10.76]","(7.666, 10.76]","(7.425, 10.76]","(7.003, 10.76]",*
7.968244375371237,"(7.425, 7.976]","(7.842, 10.76]","(7.666, 10.76]","(7.425, 10.76]","(7.003, 10.76]",*
7.969451830583713,"(7.425, 7.976]","(7.842, 10.76]","(7.666, 10.76]","(7.425, 10.76]","(7.003, 10.76]",*
7.969953132963179,"(7.425, 7.976]","(7.842, 10.76]","(7.666, 10.76]","(7.425, 10.76]","(7.003, 10.76]",*
7.974419343059432,"(7.425, 7.976]","(7.842, 10.76]","(7.666, 10.76]","(7.425, 10.76]","(7.003, 10.76]",*
7.976184126765768,"(7.976, 10.76]","(7.842, 10.76]","(7.666, 10.76]","(7.425, 10.76]","(7.003, 10.76]",*
7.9762790175664895,"(7.976, 10.76]","(7.842, 10.76]","(7.666, 10.76]","(7.425, 10.76]","(7.003, 10.76]",*
7.979249997307836,"(7.976, 10.76]","(7.842, 10.76]","(7.666, 10.76]","(7.425, 10.76]","(7.003, 10.76]",*
7.979877823699213,"(7.976, 10.76]","(7.842, 10.76]","(7.666, 10.76]","(7.425, 10.76]","(7.003, 10.76]",*
7.981941646993152,"(7.976, 10.76]","(7.842, 10.76]","(7.666, 10.76]","(7.425, 10.76]","(7.003, 10.76]",*
7.982764100378223,"(7.976, 10.76]","(7.842, 10.76]","(7.666, 10.76]","(7.425, 10.76]","(7.003, 10.76]",*
7.983172003154372,"(7.976, 10.76]","(7.842, 10.76]","(7.666, 10.76]","(7.425, 10.76]","(7.003, 10.76]",*
7.9832104740285725,"(7.976, 10.76]","(7.842, 10.76]","(7.666, 10.76]","(7.425, 10.76]","(7.003, 10.76]",*
7.983259576295903,"(7.976, 10.76]","(7.842, 10.76]","(7.666, 10.76]","(7.425, 10.76]","(7.003, 10.76]",*
7.984335122159103,"(7.976, 10.76]","(7.842, 10.76]","(7.666, 10.76]","(7.425, 10.76]","(7.003, 10.76]",*
7.984941298188049,"(7.976, 10.76]","(7.842, 10.76]","(7.666, 10.76]","(7.425, 10.76]","(7.003, 10.76]",*
7.985189403942622,"(7.976, 10.76]","(7.842, 10.76]","(7.666, 10.76]","(7.425, 10.76]","(7.003, 10.76]",*
7.985199783161478,"(7.976, 10.76]","(7.842, 10.76]","(7.666, 10.76]","(7.425, 10.76]","(7.003, 10.76]",*
7.987512615786168,"(7.976, 10.76]","(7.842, 10.76]","(7.666, 10.76]","(7.425, 10.76]","(7.003, 10.76]",*
7.989123526419026,"(7.976, 10.76]","(7.842, 10.76]","(7.666, 10.76]","(7.425, 10.76]","(7.003, 10.76]",*
7.989237341191615,"(7.976, 10.76]","(7.842, 10.76]","(7.666, 10.76]","(7.425, 10.76]","(7.003, 10.76]",*
7.989515669787845,"(7.976, 10.76]","(7.842, 10.76]","(7.666, 10.76]","(7.425, 10.76]","(7.003, 10.76]",*
7.9898074304129025,"(7.976, 10.76]","(7.842, 10.76]","(7.666, 10.76]","(7.425, 10.76]","(7.003, 10.76]",*
7.990513702020805,"(7.976, 10.76]","(7.842, 10.76]","(7.666, 10.76]","(7.425, 10.76]","(7.003, 10.76]",*
7.99132932325569,"(7.976, 10.76]","(7.842, 10.76]","(7.666, 10.76]","(7.425, 10.76]","(7.003, 10.76]",*
7.991744307470687,"(7.976, 10.76]","(7.842, 10.76]","(7.666, 10.76]","(7.425, 10.76]","(7.003, 10.76]",*
7.992009255229339,"(7.976, 10.76]","(7.842, 10.76]","(7.666, 10.76]","(7.425, 10.76]","(7.003, 10.76]",*
7.992645042914468,"(7.976, 10.76]","(7.842, 10.76]","(7.666, 10.76]","(7.425, 10.76]","(7.003, 10.76]",*
7.993383501472964,"(7.976, 10.76]","(7.842, 10.76]","(7.666, 10.76]","(7.425, 10.76]","(7.003, 10.76]",*
7.993419929551013,"(7.976, 10.76]","(7.842, 10.76]","(7.666, 10.76]","(7.425, 10.76]","(7.003, 10.76]",*
7.994488630254453,"(7.976, 10.76]","(7.842, 10.76]","(7.666, 10.76]","(7.425, 10.76]","(7.003, 10.76]",*
7.9950866280160255,"(7.976, 10.76]","(7.842, 10.76]","(7.666, 10.76]","(7.425, 10.76]","(7.003, 10.76]",*
7.996256277746951,"(7.976, 10.76]","(7.842, 10.76]","(7.666, 10.76]","(7.425, 10.76]","(7.003, 10.76]",*
7.997290565269066,"(7.976, 10.76]","(7.842, 10.76]","(7.666, 10.76]","(7.425, 10.76]","(7.003, 10.76]",*
7.997817930250809,"(7.976, 10.76]","(7.842, 10.76]","(7.666, 10.76]","(7.425, 10.76]","(7.003, 10.76]",*
7.998324470099393,"(7.976, 10.76]","(7.842, 10.76]","(7.666, 10.76]","(7.425, 10.76]","(7.003, 10.76]",*
7.9990476425539745,"(7.976, 10.76]","(7.842, 10.76]","(7.666, 10.76]","(7.425, 10.76]","(7.003, 10.76]",*
7.999511288096572,"(7.976, 10.76]","(7.842, 10.76]","(7.666, 10.76]","(7.425, 10.76]","(7.003, 10.76]",*
8.00012082307969,"(7.976, 10.76]","(7.842, 10.76]","(7.666, 10.76]","(7.425, 10.76]","(7.003, 10.76]",*
8.002542521433233,"(7.976, 10.76]","(7.842, 10.76]","(7.666, 10.76]","(7.425, 10.76]","(7.003, 10.76]",*
8.002862630776745,"(7.976, 10.76]","(7.842, 10.76]","(7.666, 10.76]","(7.425, 10.76]","(7.003, 10.76]",*
8.003006746190675,"(7.976, 10.76]","(7.842, 10.76]","(7.666, 10.76]","(7.425, 10.76]","(7.003, 10.76]",*
8.003185069990824,"(7.976, 10.76]","(7.842, 10.76]","(7.666, 10.76]","(7.425, 10.76]","(7.003, 10.76]",*
8.003498594909487,"(7.976, 10.76]","(7.842, 10.76]","(7.666, 10.76]","(7.425, 10.76]","(7.003, 10.76]",*
8.004989582540986,"(7.976, 10.76]","(7.842, 10.76]","(7.666, 10.76]","(7.425, 10.76]","(7.003, 10.76]",*
8.005417289099956,"(7.976, 10.76]","(7.842, 10.76]","(7.666, 10.76]","(7.425, 10.76]","(7.003, 10.76]",*
8.005585409006978,"(7.976, 10.76]","(7.842, 10.76]","(7.666, 10.76]","(7.425, 10.76]","(7.003, 10.76]",*
8.005870385534205,"(7.976, 10.76]","(7.842, 10.76]","(7.666, 10.76]","(7.425, 10.76]","(7.003, 10.76]",*
8.005913673905326,"(7.976, 10.76]","(7.842, 10.76]","(7.666, 10.76]","(7.425, 10.76]","(7.003, 10.76]",*
8.00644912790824,"(7.976, 10.76]","(7.842, 10.76]","(7.666, 10.76]","(7.425, 10.76]","(7.003, 10.76]",*
8.006614296026449,"(7.976, 10.76]","(7.842, 10.76]","(7.666, 10.76]","(7.425, 10.76]","(7.003, 10.76]",*
8.007303356136173,"(7.976, 10.76]","(7.842, 10.76]","(7.666, 10.76]","(7.425, 10.76]","(7.003, 10.76]",*
8.007304843325105,"(7.976, 10.76]","(7.842, 10.76]","(7.666, 10.76]","(7.425, 10.76]","(7.003, 10.76]",*
8.010396904395689,"(7.976, 10.76]","(7.842, 10.76]","(7.666, 10.76]","(7.425, 10.76]","(7.003, 10.76]",*
8.010826036703191,"(7.976, 10.76]","(7.842, 10.76]","(7.666, 10.76]","(7.425, 10.76]","(7.003, 10.76]",*
8.011897853150563,"(7.976, 10.76]","(7.842, 10.76]","(7.666, 10.76]","(7.425, 10.76]","(7.003, 10.76]",*
8.012062753262146,"(7.976, 10.76]","(7.842, 10.76]","(7.666, 10.76]","(7.425, 10.76]","(7.003, 10.76]",*
8.013745403480504,"(7.976, 10.76]","(7.842, 10.76]","(7.666, 10.76]","(7.425, 10.76]","(7.003, 10.76]",*
8.014789100137698,"(7.976, 10.76]","(7.842, 10.76]","(7.666, 10.76]","(7.425, 10.76]","(7.003, 10.76]",*
8.014876700889753,"(7.976, 10.76]","(7.842, 10.76]","(7.666, 10.76]","(7.425, 10.76]","(7.003, 10.76]",*
8.015034156691021,"(7.976, 10.76]","(7.842, 10.76]","(7.666, 10.76]","(7.425, 10.76]","(7.003, 10.76]",*
8.016990203133421,"(7.976, 10.76]","(7.842, 10.76]","(7.666, 10.76]","(7.425, 10.76]","(7.003, 10.76]",*
8.016993185161075,"(7.976, 10.76]","(7.842, 10.76]","(7.666, 10.76]","(7.425, 10.76]","(7.003, 10.76]",*
8.017690841851952,"(7.976, 10.76]","(7.842, 10.76]","(7.666, 10.76]","(7.425, 10.76]","(7.003, 10.76]",*
8.017692368081633,"(7.976, 10.76]","(7.842, 10.76]","(7.666, 10.76]","(7.425, 10.76]","(7.003, 10.76]",*
8.01788918114772,"(7.976, 10.76]","(7.842, 10.76]","(7.666, 10.76]","(7.425, 10.76]","(7.003, 10.76]",*
8.017914451515237,"(7.976, 10.76]","(7.842, 10.76]","(7.666, 10.76]","(7.425, 10.76]","(7.003, 10.76]",*
8.018121332911239,"(7.976, 10.76]","(7.842, 10.76]","(7.666, 10.76]","(7.425, 10.76]","(7.003, 10.76]",*
8.01901459893839,"(7.976, 10.76]","(7.842, 10.76]","(7.666, 10.76]","(7.425, 10.76]","(7.003, 10.76]",*
8.019536428593259,"(7.976, 10.76]","(7.842, 10.76]","(7.666, 10.76]","(7.425, 10.76]","(7.003, 10.76]",*
8.020450046863438,"(7.976, 10.76]","(7.842, 10.76]","(7.666, 10.76]","(7.425, 10.76]","(7.003, 10.76]",*
8.02096550654236,"(7.976, 10.76]","(7.842, 10.76]","(7.666, 10.76]","(7.425, 10.76]","(7.003, 10.76]",*
8.022282697784789,"(7.976, 10.76]","(7.842, 10.76]","(7.666, 10.76]","(7.425, 10.76]","(7.003, 10.76]",*
8.022469239326934,"(7.976, 10.76]","(7.842, 10.76]","(7.666, 10.76]","(7.425, 10.76]","(7.003, 10.76]",*
8.02249129662347,"(7.976, 10.76]","(7.842, 10.76]","(7.666, 10.76]","(7.425, 10.76]","(7.003, 10.76]",*
8.022923195594016,"(7.976, 10.76]","(7.842, 10.76]","(7.666, 10.76]","(7.425, 10.76]","(7.003, 10.76]",*
8.023025988584495,"(7.976, 10.76]","(7.842, 10.76]","(7.666, 10.76]","(7.425, 10.76]","(7.003, 10.76]",*
8.023288281718116,"(7.976, 10.76]","(7.842, 10.76]","(7.666, 10.76]","(7.425, 10.76]","(7.003, 10.76]",*
8.023452570187535,"(7.976, 10.76]","(7.842, 10.76]","(7.666, 10.76]","(7.425, 10.76]","(7.003, 10.76]",*
8.02534928742282,"(7.976, 10.76]","(7.842, 10.76]","(7.666, 10.76]","(7.425, 10.76]","(7.003, 10.76]",*
8.025553765753703,"(7.976, 10.76]","(7.842, 10.76]","(7.666, 10.76]","(7.425, 10.76]","(7.003, 10.76]",*
8.025891006015335,"(7.976, 10.76]","(7.842, 10.76]","(7.666, 10.76]","(7.425, 10.76]","(7.003, 10.76]",*
8.026912028183515,"(7.976, 10.76]","(7.842, 10.76]","(7.666, 10.76]","(7.425, 10.76]","(7.003, 10.76]",*
8.026935025892364,"(7.976, 10.76]","(7.842, 10.76]","(7.666, 10.76]","(7.425, 10.76]","(7.003, 10.76]",*
8.026969037725173,"(7.976, 10.76]","(7.842, 10.76]","(7.666, 10.76]","(7.425, 10.76]","(7.003, 10.76]",*
8.027166288148283,"(7.976, 10.76]","(7.842, 10.76]","(7.666, 10.76]","(7.425, 10.76]","(7.003, 10.76]",*
8.027765078044936,"(7.976, 10.76]","(7.842, 10.76]","(7.666, 10.76]","(7.425, 10.76]","(7.003, 10.76]",*
8.02778505010317,"(7.976, 10.76]","(7.842, 10.76]","(7.666, 10.76]","(7.425, 10.76]","(7.003, 10.76]",*
8.029719889630282,"(7.976, 10.76]","(7.842, 10.76]","(7.666, 10.76]","(7.425, 10.76]","(7.003, 10.76]",*
8.02991880810022,"(7.976, 10.76]","(7.842, 10.76]","(7.666, 10.76]","(7.425, 10.76]","(7.003, 10.76]",*
8.030099124519673,"(7.976, 10.76]","(7.842, 10.76]","(7.666, 10.76]","(7.425, 10.76]","(7.003, 10.76]",*
8.030298780977516,"(7.976, 10.76]","(7.842, 10.76]","(7.666, 10.76]","(7.425, 10.76]","(7.003, 10.76]",*
8.032013780914223,"(7.976, 10.76]","(7.842, 10.76]","(7.666, 10.76]","(7.425, 10.76]","(7.003, 10.76]",*
8.032757197051978,"(7.976, 10.76]","(7.842, 10.76]","(7.666, 10.76]","(7.425, 10.76]","(7.003, 10.76]",*
8.032969243153241,"(7.976, 10.76]","(7.842, 10.76]","(7.666, 10.76]","(7.425, 10.76]","(7.003, 10.76]",*
8.034790804229896,"(7.976, 10.76]","(7.842, 10.76]","(7.666, 10.76]","(7.425, 10.76]","(7.003, 10.76]",*
8.035623147214585,"(7.976, 10.76]","(7.842, 10.76]","(7.666, 10.76]","(7.425, 10.76]","(7.003, 10.76]",*
8.03572975569956,"(7.976, 10.76]","(7.842, 10.76]","(7.666, 10.76]","(7.425, 10.76]","(7.003, 10.76]",*
8.037072086389973,"(7.976, 10.76]","(7.842, 10.76]","(7.666, 10.76]","(7.425, 10.76]","(7.003, 10.76]",*
8.037262999957154,"(7.976, 10.76]","(7.842, 10.76]","(7.666, 10.76]","(7.425, 10.76]","(7.003, 10.76]",*
8.038649955104034,"(7.976, 10.76]","(7.842, 10.76]","(7.666, 10.76]","(7.425, 10.76]","(7.003, 10.76]",*
8.039114498678611,"(7.976, 10.76]","(7.842, 10.76]","(7.666, 10.76]","(7.425, 10.76]","(7.003, 10.76]",*
8.039282315927332,"(7.976, 10.76]","(7.842, 10.76]","(7.666, 10.76]","(7.425, 10.76]","(7.003, 10.76]",*
8.039700872575,"(7.976, 10.76]","(7.842, 10.76]","(7.666, 10.76]","(7.425, 10.76]","(7.003, 10.76]",*
8.039884116384156,"(7.976, 10.76]","(7.842, 10.76]","(7.666, 10.76]","(7.425, 10.76]","(7.003, 10.76]",*
8.040754515823135,"(7.976, 10.76]","(7.842, 10.76]","(7.666, 10.76]","(7.425, 10.76]","(7.003, 10.76]",*
8.041198571774732,"(7.976, 10.76]","(7.842, 10.76]","(7.666, 10.76]","(7.425, 10.76]","(7.003, 10.76]",*
8.042243581916402,"(7.976, 10.76]","(7.842, 10.76]","(7.666, 10.76]","(7.425, 10.76]","(7.003, 10.76]",*
8.0431998436733,"(7.976, 10.76]","(7.842, 10.76]","(7.666, 10.76]","(7.425, 10.76]","(7.003, 10.76]",*
8.043456347561193,"(7.976, 10.76]","(7.842, 10.76]","(7.666, 10.76]","(7.425, 10.76]","(7.003, 10.76]",*
8.0442958754366,"(7.976, 10.76]","(7.842, 10.76]","(7.666, 10.76]","(7.425, 10.76]","(7.003, 10.76]",*
8.044424457820678,"(7.976, 10.76]","(7.842, 10.76]","(7.666, 10.76]","(7.425, 10.76]","(7.003, 10.76]",*
8.044496680112672,"(7.976, 10.76]","(7.842, 10.76]","(7.666, 10.76]","(7.425, 10.76]","(7.003, 10.76]",*
8.044576291973783,"(7.976, 10.76]","(7.842, 10.76]","(7.666, 10.76]","(7.425, 10.76]","(7.003, 10.76]",*
8.045728241246653,"(7.976, 10.76]","(7.842, 10.76]","(7.666, 10.76]","(7.425, 10.76]","(7.003, 10.76]",*
8.045781570183259,"(7.976, 10.76]","(7.842, 10.76]","(7.666, 10.76]","(7.425, 10.76]","(7.003, 10.76]",*
8.048969161449065,"(7.976, 10.76]","(7.842, 10.76]","(7.666, 10.76]","(7.425, 10.76]","(7.003, 10.76]",*
8.049264146395682,"(7.976, 10.76]","(7.842, 10.76]","(7.666, 10.76]","(7.425, 10.76]","(7.003, 10.76]",*
8.050009203630204,"(7.976, 10.76]","(7.842, 10.76]","(7.666, 10.76]","(7.425, 10.76]","(7.003, 10.76]",*
8.050035966163875,"(7.976, 10.76]","(7.842, 10.76]","(7.666, 10.76]","(7.425, 10.76]","(7.003, 10.76]",*
8.050487087090959,"(7.976, 10.76]","(7.842, 10.76]","(7.666, 10.76]","(7.425, 10.76]","(7.003, 10.76]",*
8.050747329552937,"(7.976, 10.76]","(7.842, 10.76]","(7.666, 10.76]","(7.425, 10.76]","(7.003, 10.76]",*
8.051118255760873,"(7.976, 10.76]","(7.842, 10.76]","(7.666, 10.76]","(7.425, 10.76]","(7.003, 10.76]",*
8.051281301723378,"(7.976, 10.76]","(7.842, 10.76]","(7.666, 10.76]","(7.425, 10.76]","(7.003, 10.76]",*
8.051738726817824,"(7.976, 10.76]","(7.842, 10.76]","(7.666, 10.76]","(7.425, 10.76]","(7.003, 10.76]",*
8.051999208647763,"(7.976, 10.76]","(7.842, 10.76]","(7.666, 10.76]","(7.425, 10.76]","(7.003, 10.76]",*
8.054621723150698,"(7.976, 10.76]","(7.842, 10.76]","(7.666, 10.76]","(7.425, 10.76]","(7.003, 10.76]",*
8.058236767739718,"(7.976, 10.76]","(7.842, 10.76]","(7.666, 10.76]","(7.425, 10.76]","(7.003, 10.76]",*
8.058463315169138,"(7.976, 10.76]","(7.842, 10.76]","(7.666, 10.76]","(7.425, 10.76]","(7.003, 10.76]",*
8.059131686273176,"(7.976, 10.76]","(7.842, 10.76]","(7.666, 10.76]","(7.425, 10.76]","(7.003, 10.76]",*
8.05950533042771,"(7.976, 10.76]","(7.842, 10.76]","(7.666, 10.76]","(7.425, 10.76]","(7.003, 10.76]",*
8.060010956317187,"(7.976, 10.76]","(7.842, 10.76]","(7.666, 10.76]","(7.425, 10.76]","(7.003, 10.76]",*
8.060545196065341,"(7.976, 10.76]","(7.842, 10.76]","(7.666, 10.76]","(7.425, 10.76]","(7.003, 10.76]",*
8.061202867385214,"(7.976, 10.76]","(7.842, 10.76]","(7.666, 10.76]","(7.425, 10.76]","(7.003, 10.76]",*
8.061237873600607,"(7.976, 10.76]","(7.842, 10.76]","(7.666, 10.76]","(7.425, 10.76]","(7.003, 10.76]",*
8.061729885389518,"(7.976, 10.76]","(7.842, 10.76]","(7.666, 10.76]","(7.425, 10.76]","(7.003, 10.76]",*
8.062582522580097,"(7.976, 10.76]","(7.842, 10.76]","(7.666, 10.76]","(7.425, 10.76]","(7.003, 10.76]",*
8.062651631369853,"(7.976, 10.76]","(7.842, 10.76]","(7.666, 10.76]","(7.425, 10.76]","(7.003, 10.76]",*
8.062721575421346,"(7.976, 10.76]","(7.842, 10.76]","(7.666, 10.76]","(7.425, 10.76]","(7.003, 10.76]",*
8.063694759801198,"(7.976, 10.76]","(7.842, 10.76]","(7.666, 10.76]","(7.425, 10.76]","(7.003, 10.76]",*
8.065218842629061,"(7.976, 10.76]","(7.842, 10.76]","(7.666, 10.76]","(7.425, 10.76]","(7.003, 10.76]",*
8.065568409690396,"(7.976, 10.76]","(7.842, 10.76]","(7.666, 10.76]","(7.425, 10.76]","(7.003, 10.76]",*
8.065659921374554,"(7.976, 10.76]","(7.842, 10.76]","(7.666, 10.76]","(7.425, 10.76]","(7.003, 10.76]",*
8.065919755486853,"(7.976, 10.76]","(7.842, 10.76]","(7.666, 10.76]","(7.425, 10.76]","(7.003, 10.76]",*
8.06621989625006,"(7.976, 10.76]","(7.842, 10.76]","(7.666, 10.76]","(7.425, 10.76]","(7.003, 10.76]",*
8.067645702405148,"(7.976, 10.76]","(7.842, 10.76]","(7.666, 10.76]","(7.425, 10.76]","(7.003, 10.76]",*
8.069702210761871,"(7.976, 10.76]","(7.842, 10.76]","(7.666, 10.76]","(7.425, 10.76]","(7.003, 10.76]",*
8.070274675827964,"(7.976, 10.76]","(7.842, 10.76]","(7.666, 10.76]","(7.425, 10.76]","(7.003, 10.76]",*
8.071535070425242,"(7.976, 10.76]","(7.842, 10.76]","(7.666, 10.76]","(7.425, 10.76]","(7.003, 10.76]",*
8.071888739480489,"(7.976, 10.76]","(7.842, 10.76]","(7.666, 10.76]","(7.425, 10.76]","(7.003, 10.76]",*
8.072516312580358,"(7.976, 10.76]","(7.842, 10.76]","(7.666, 10.76]","(7.425, 10.76]","(7.003, 10.76]",*
8.072685986519325,"(7.976, 10.76]","(7.842, 10.76]","(7.666, 10.76]","(7.425, 10.76]","(7.003, 10.76]",*
8.073189357574021,"(7.976, 10.76]","(7.842, 10.76]","(7.666, 10.76]","(7.425, 10.76]","(7.003, 10.76]",*
8.073235751790898,"(7.976, 10.76]","(7.842, 10.76]","(7.666, 10.76]","(7.425, 10.76]","(7.003, 10.76]",*
8.07378651066167,"(7.976, 10.76]","(7.842, 10.76]","(7.666, 10.76]","(7.425, 10.76]","(7.003, 10.76]",*
8.073847884375517,"(7.976, 10.76]","(7.842, 10.76]","(7.666, 10.76]","(7.425, 10.76]","(7.003, 10.76]",*
8.075308814527194,"(7.976, 10.76]","(7.842, 10.76]","(7.666, 10.76]","(7.425, 10.76]","(7.003, 10.76]",*
8.07667453140381,"(7.976, 10.76]","(7.842, 10.76]","(7.666, 10.76]","(7.425, 10.76]","(7.003, 10.76]",*
8.076943603616291,"(7.976, 10.76]","(7.842, 10.76]","(7.666, 10.76]","(7.425, 10.76]","(7.003, 10.76]",*
8.077577938029375,"(7.976, 10.76]","(7.842, 10.76]","(7.666, 10.76]","(7.425, 10.76]","(7.003, 10.76]",*
8.078259173002605,"(7.976, 10.76]","(7.842, 10.76]","(7.666, 10.76]","(7.425, 10.76]","(7.003, 10.76]",*
8.078584481681697,"(7.976, 10.76]","(7.842, 10.76]","(7.666, 10.76]","(7.425, 10.76]","(7.003, 10.76]",*
8.079372682725214,"(7.976, 10.76]","(7.842, 10.76]","(7.666, 10.76]","(7.425, 10.76]","(7.003, 10.76]",*
8.084123473514097,"(7.976, 10.76]","(7.842, 10.76]","(7.666, 10.76]","(7.425, 10.76]","(7.003, 10.76]",*
8.084430400929044,"(7.976, 10.76]","(7.842, 10.76]","(7.666, 10.76]","(7.425, 10.76]","(7.003, 10.76]",*
8.086981108936067,"(7.976, 10.76]","(7.842, 10.76]","(7.666, 10.76]","(7.425, 10.76]","(7.003, 10.76]",*
8.087219330919242,"(7.976, 10.76]","(7.842, 10.76]","(7.666, 10.76]","(7.425, 10.76]","(7.003, 10.76]",*
8.087356625380838,"(7.976, 10.76]","(7.842, 10.76]","(7.666, 10.76]","(7.425, 10.76]","(7.003, 10.76]",*
8.087788411450006,"(7.976, 10.76]","(7.842, 10.76]","(7.666, 10.76]","(7.425, 10.76]","(7.003, 10.76]",*
8.090746780744137,"(7.976, 10.76]","(7.842, 10.76]","(7.666, 10.76]","(7.425, 10.76]","(7.003, 10.76]",*
8.091053212104587,"(7.976, 10.76]","(7.842, 10.76]","(7.666, 10.76]","(7.425, 10.76]","(7.003, 10.76]",*
8.091166300478722,"(7.976, 10.76]","(7.842, 10.76]","(7.666, 10.76]","(7.425, 10.76]","(7.003, 10.76]",*
8.092067882565987,"(7.976, 10.76]","(7.842, 10.76]","(7.666, 10.76]","(7.425, 10.76]","(7.003, 10.76]",*
8.092215308699107,"(7.976, 10.76]","(7.842, 10.76]","(7.666, 10.76]","(7.425, 10.76]","(7.003, 10.76]",*
8.092940260322543,"(7.976, 10.76]","(7.842, 10.76]","(7.666, 10.76]","(7.425, 10.76]","(7.003, 10.76]",*
8.093672080189986,"(7.976, 10.76]","(7.842, 10.76]","(7.666, 10.76]","(7.425, 10.76]","(7.003, 10.76]",*
8.094418214866838,"(7.976, 10.76]","(7.842, 10.76]","(7.666, 10.76]","(7.425, 10.76]","(7.003, 10.76]",*
8.095024773898706,"(7.976, 10.76]","(7.842, 10.76]","(7.666, 10.76]","(7.425, 10.76]","(7.003, 10.76]",*
8.095717320558599,"(7.976, 10.76]","(7.842, 10.76]","(7.666, 10.76]","(7.425, 10.76]","(7.003, 10.76]",*
8.097044284953615,"(7.976, 10.76]","(7.842, 10.76]","(7.666, 10.76]","(7.425, 10.76]","(7.003, 10.76]",*
8.098857048023557,"(7.976, 10.76]","(7.842, 10.76]","(7.666, 10.76]","(7.425, 10.76]","(7.003, 10.76]",*
8.100920818594773,"(7.976, 10.76]","(7.842, 10.76]","(7.666, 10.76]","(7.425, 10.76]","(7.003, 10.76]",*
8.100931593913188,"(7.976, 10.76]","(7.842, 10.76]","(7.666, 10.76]","(7.425, 10.76]","(7.003, 10.76]",*
8.101142651256582,"(7.976, 10.76]","(7.842, 10.76]","(7.666, 10.76]","(7.425, 10.76]","(7.003, 10.76]",*
8.101403537580236,"(7.976, 10.76]","(7.842, 10.76]","(7.666, 10.76]","(7.425, 10.76]","(7.003, 10.76]",*
8.102095935015846,"(7.976, 10.76]","(7.842, 10.76]","(7.666, 10.76]","(7.425, 10.76]","(7.003, 10.76]",*
8.103550070608726,"(7.976, 10.76]","(7.842, 10.76]","(7.666, 10.76]","(7.425, 10.76]","(7.003, 10.76]",*
8.103829663288458,"(7.976, 10.76]","(7.842, 10.76]","(7.666, 10.76]","(7.425, 10.76]","(7.003, 10.76]",*
8.103837628470549,"(7.976, 10.76]","(7.842, 10.76]","(7.666, 10.76]","(7.425, 10.76]","(7.003, 10.76]",*
8.10452973159517,"(7.976, 10.76]","(7.842, 10.76]","(7.666, 10.76]","(7.425, 10.76]","(7.003, 10.76]",*
8.105228297262792,"(7.976, 10.76]","(7.842, 10.76]","(7.666, 10.76]","(7.425, 10.76]","(7.003, 10.76]",*
8.10567172439999,"(7.976, 10.76]","(7.842, 10.76]","(7.666, 10.76]","(7.425, 10.76]","(7.003, 10.76]",*
8.106394596288158,"(7.976, 10.76]","(7.842, 10.76]","(7.666, 10.76]","(7.425, 10.76]","(7.003, 10.76]",*
8.106417159937168,"(7.976, 10.76]","(7.842, 10.76]","(7.666, 10.76]","(7.425, 10.76]","(7.003, 10.76]",*
8.106738766248906,"(7.976, 10.76]","(7.842, 10.76]","(7.666, 10.76]","(7.425, 10.76]","(7.003, 10.76]",*
8.10910512316297,"(7.976, 10.76]","(7.842, 10.76]","(7.666, 10.76]","(7.425, 10.76]","(7.003, 10.76]",*
8.109865287237911,"(7.976, 10.76]","(7.842, 10.76]","(7.666, 10.76]","(7.425, 10.76]","(7.003, 10.76]",*
8.110186760140822,"(7.976, 10.76]","(7.842, 10.76]","(7.666, 10.76]","(7.425, 10.76]","(7.003, 10.76]",*
8.110670736437562,"(7.976, 10.76]","(7.842, 10.76]","(7.666, 10.76]","(7.425, 10.76]","(7.003, 10.76]",*
8.111956976019894,"(7.976, 10.76]","(7.842, 10.76]","(7.666, 10.76]","(7.425, 10.76]","(7.003, 10.76]",*
8.114001385527759,"(7.976, 10.76]","(7.842, 10.76]","(7.666, 10.76]","(7.425, 10.76]","(7.003, 10.76]",*
8.114656742097019,"(7.976, 10.76]","(7.842, 10.76]","(7.666, 10.76]","(7.425, 10.76]","(7.003, 10.76]",*
8.114826162000767,"(7.976, 10.76]","(7.842, 10.76]","(7.666, 10.76]","(7.425, 10.76]","(7.003, 10.76]",*
8.11502446210757,"(7.976, 10.76]","(7.842, 10.76]","(7.666, 10.76]","(7.425, 10.76]","(7.003, 10.76]",*
8.115599041971551,"(7.976, 10.76]","(7.842, 10.76]","(7.666, 10.76]","(7.425, 10.76]","(7.003, 10.76]",*
8.117273777033956,"(7.976, 10.76]","(7.842, 10.76]","(7.666, 10.76]","(7.425, 10.76]","(7.003, 10.76]",*
8.120947999619911,"(7.976, 10.76]","(7.842, 10.76]","(7.666, 10.76]","(7.425, 10.76]","(7.003, 10.76]",*
8.123284492392127,"(7.976, 10.76]","(7.842, 10.76]","(7.666, 10.76]","(7.425, 10.76]","(7.003, 10.76]",*
8.12398991576281,"(7.976, 10.76]","(7.842, 10.76]","(7.666, 10.76]","(7.425, 10.76]","(7.003, 10.76]",*
8.124571088503863,"(7.976, 10.76]","(7.842, 10.76]","(7.666, 10.76]","(7.425, 10.76]","(7.003, 10.76]",*
8.126158726796017,"(7.976, 10.76]","(7.842, 10.76]","(7.666, 10.76]","(7.425, 10.76]","(7.003, 10.76]",*
8.126458145022482,"(7.976, 10.76]","(7.842, 10.76]","(7.666, 10.76]","(7.425, 10.76]","(7.003, 10.76]",*
8.126888592585143,"(7.976, 10.76]","(7.842, 10.76]","(7.666, 10.76]","(7.425, 10.76]","(7.003, 10.76]",*
8.128030946351828,"(7.976, 10.76]","(7.842, 10.76]","(7.666, 10.76]","(7.425, 10.76]","(7.003, 10.76]",*
8.131984058336501,"(7.976, 10.76]","(7.842, 10.76]","(7.666, 10.76]","(7.425, 10.76]","(7.003, 10.76]",*
8.133114034205407,"(7.976, 10.76]","(7.842, 10.76]","(7.666, 10.76]","(7.425, 10.76]","(7.003, 10.76]",*
8.133307932262177,"(7.976, 10.76]","(7.842, 10.76]","(7.666, 10.76]","(7.425, 10.76]","(7.003, 10.76]",*
8.13509842119802,"(7.976, 10.76]","(7.842, 10.76]","(7.666, 10.76]","(7.425, 10.76]","(7.003, 10.76]",*
8.136066909827823,"(7.976, 10.76]","(7.842, 10.76]","(7.666, 10.76]","(7.425, 10.76]","(7.003, 10.76]",*
8.13726299257162,"(7.976, 10.76]","(7.842, 10.76]","(7.666, 10.76]","(7.425, 10.76]","(7.003, 10.76]",*
8.13747486178411,"(7.976, 10.76]","(7.842, 10.76]","(7.666, 10.76]","(7.425, 10.76]","(7.003, 10.76]",*
8.138369526379556,"(7.976, 10.76]","(7.842, 10.76]","(7.666, 10.76]","(7.425, 10.76]","(7.003, 10.76]",*
8.138959600219305,"(7.976, 10.76]","(7.842, 10.76]","(7.666, 10.76]","(7.425, 10.76]","(7.003, 10.76]",*
8.139139402278174,"(7.976, 10.76]","(7.842, 10.76]","(7.666, 10.76]","(7.425, 10.76]","(7.003, 10.76]",*
8.140274546404012,"(7.976, 10.76]","(7.842, 10.76]","(7.666, 10.76]","(7.425, 10.76]","(7.003, 10.76]",*
8.142657828317716,"(7.976, 10.76]","(7.842, 10.76]","(7.666, 10.76]","(7.425, 10.76]","(7.003, 10.76]",*
8.142936540916892,"(7.976, 10.76]","(7.842, 10.76]","(7.666, 10.76]","(7.425, 10.76]","(7.003, 10.76]",*
8.146308837718248,"(7.976, 10.76]","(7.842, 10.76]","(7.666, 10.76]","(7.425, 10.76]","(7.003, 10.76]",*
8.147759585023431,"(7.976, 10.76]","(7.842, 10.76]","(7.666, 10.76]","(7.425, 10.76]","(7.003, 10.76]",*
8.150426882605917,"(7.976, 10.76]","(7.842, 10.76]","(7.666, 10.76]","(7.425, 10.76]","(7.003, 10.76]",*
8.15147114114972,"(7.976, 10.76]","(7.842, 10.76]","(7.666, 10.76]","(7.425, 10.76]","(7.003, 10.76]",*
8.151894353831686,"(7.976, 10.76]","(7.842, 10.76]","(7.666, 10.76]","(7.425, 10.76]","(7.003, 10.76]",*
8.154691722588819,"(7.976, 10.76]","(7.842, 10.76]","(7.666, 10.76]","(7.425, 10.76]","(7.003, 10.76]",*
8.155915088372643,"(7.976, 10.76]","(7.842, 10.76]","(7.666, 10.76]","(7.425, 10.76]","(7.003, 10.76]",*
8.156580335469958,"(7.976, 10.76]","(7.842, 10.76]","(7.666, 10.76]","(7.425, 10.76]","(7.003, 10.76]",*
8.156727194674447,"(7.976, 10.76]","(7.842, 10.76]","(7.666, 10.76]","(7.425, 10.76]","(7.003, 10.76]",*
8.157378890680269,"(7.976, 10.76]","(7.842, 10.76]","(7.666, 10.76]","(7.425, 10.76]","(7.003, 10.76]",*
8.158035374909918,"(7.976, 10.76]","(7.842, 10.76]","(7.666, 10.76]","(7.425, 10.76]","(7.003, 10.76]",*
8.159537582643495,"(7.976, 10.76]","(7.842, 10.76]","(7.666, 10.76]","(7.425, 10.76]","(7.003, 10.76]",*
8.161782462795511,"(7.976, 10.76]","(7.842, 10.76]","(7.666, 10.76]","(7.425, 10.76]","(7.003, 10.76]",*
8.164426111819775,"(7.976, 10.76]","(7.842, 10.76]","(7.666, 10.76]","(7.425, 10.76]","(7.003, 10.76]",*
8.16583317612617,"(7.976, 10.76]","(7.842, 10.76]","(7.666, 10.76]","(7.425, 10.76]","(7.003, 10.76]",*
8.166272153368013,"(7.976, 10.76]","(7.842, 10.76]","(7.666, 10.76]","(7.425, 10.76]","(7.003, 10.76]",*
8.167257906384911,"(7.976, 10.76]","(7.842, 10.76]","(7.666, 10.76]","(7.425, 10.76]","(7.003, 10.76]",*
8.167688003472351,"(7.976, 10.76]","(7.842, 10.76]","(7.666, 10.76]","(7.425, 10.76]","(7.003, 10.76]",*
8.17060521262451,"(7.976, 10.76]","(7.842, 10.76]","(7.666, 10.76]","(7.425, 10.76]","(7.003, 10.76]",*
8.171204681012103,"(7.976, 10.76]","(7.842, 10.76]","(7.666, 10.76]","(7.425, 10.76]","(7.003, 10.76]",*
8.172300078018445,"(7.976, 10.76]","(7.842, 10.76]","(7.666, 10.76]","(7.425, 10.76]","(7.003, 10.76]",*
8.172473256117492,"(7.976, 10.76]","(7.842, 10.76]","(7.666, 10.76]","(7.425, 10.76]","(7.003, 10.76]",*
8.172730702742141,"(7.976, 10.76]","(7.842, 10.76]","(7.666, 10.76]","(7.425, 10.76]","(7.003, 10.76]",*
8.177380329072996,"(7.976, 10.76]","(7.842, 10.76]","(7.666, 10.76]","(7.425, 10.76]","(7.003, 10.76]",*
8.177654293293061,"(7.976, 10.76]","(7.842, 10.76]","(7.666, 10.76]","(7.425, 10.76]","(7.003, 10.76]",*
8.17787946804254,"(7.976, 10.76]","(7.842, 10.76]","(7.666, 10.76]","(7.425, 10.76]","(7.003, 10.76]",*
8.17797077718776,"(7.976, 10.76]","(7.842, 10.76]","(7.666, 10.76]","(7.425, 10.76]","(7.003, 10.76]",*
8.178143473408158,"(7.976, 10.76]","(7.842, 10.76]","(7.666, 10.76]","(7.425, 10.76]","(7.003, 10.76]",*
8.17976000360393,"(7.976, 10.76]","(7.842, 10.76]","(7.666, 10.76]","(7.425, 10.76]","(7.003, 10.76]",*
8.181346320576443,"(7.976, 10.76]","(7.842, 10.76]","(7.666, 10.76]","(7.425, 10.76]","(7.003, 10.76]",*
8.182415081999023,"(7.976, 10.76]","(7.842, 10.76]","(7.666, 10.76]","(7.425, 10.76]","(7.003, 10.76]",*
8.183183824537993,"(7.976, 10.76]","(7.842, 10.76]","(7.666, 10.76]","(7.425, 10.76]","(7.003, 10.76]",*
8.184510518059634,"(7.976, 10.76]","(7.842, 10.76]","(7.666, 10.76]","(7.425, 10.76]","(7.003, 10.76]",*
8.185236861335195,"(7.976, 10.76]","(7.842, 10.76]","(7.666, 10.76]","(7.425, 10.76]","(7.003, 10.76]",*
8.1883805471403,"(7.976, 10.76]","(7.842, 10.76]","(7.666, 10.76]","(7.425, 10.76]","(7.003, 10.76]",*
8.190954955798588,"(7.976, 10.76]","(7.842, 10.76]","(7.666, 10.76]","(7.425, 10.76]","(7.003, 10.76]",*
8.191410350600133,"(7.976, 10.76]","(7.842, 10.76]","(7.666, 10.76]","(7.425, 10.76]","(7.003, 10.76]",*
8.191502632409737,"(7.976, 10.76]","(7.842, 10.76]","(7.666, 10.76]","(7.425, 10.76]","(7.003, 10.76]",*
8.193006769724253,"(7.976, 10.76]","(7.842, 10.76]","(7.666, 10.76]","(7.425, 10.76]","(7.003, 10.76]",*
8.194305101111485,"(7.976, 10.76]","(7.842, 10.76]","(7.666, 10.76]","(7.425, 10.76]","(7.003, 10.76]",*
8.194381042321531,"(7.976, 10.76]","(7.842, 10.76]","(7.666, 10.76]","(7.425, 10.76]","(7.003, 10.76]",*
8.194571351150561,"(7.976, 10.76]","(7.842, 10.76]","(7.666, 10.76]","(7.425, 10.76]","(7.003, 10.76]",*
8.19557909827194,"(7.976, 10.76]","(7.842, 10.76]","(7.666, 10.76]","(7.425, 10.76]","(7.003, 10.76]",*
8.196511734460422,"(7.976, 10.76]","(7.842, 10.76]","(7.666, 10.76]","(7.425, 10.76]","(7.003, 10.76]",*
8.197046930732846,"(7.976, 10.76]","(7.842, 10.76]","(7.666, 10.76]","(7.425, 10.76]","(7.003, 10.76]",*
8.197289420628195,"(7.976, 10.76]","(7.842, 10.76]","(7.666, 10.76]","(7.425, 10.76]","(7.003, 10.76]",*
8.199615241424839,"(7.976, 10.76]","(7.842, 10.76]","(7.666, 10.76]","(7.425, 10.76]","(7.003, 10.76]",*
8.200831778624474,"(7.976, 10.76]","(7.842, 10.76]","(7.666, 10.76]","(7.425, 10.76]","(7.003, 10.76]",*
8.200872218576656,"(7.976, 10.76]","(7.842, 10.76]","(7.666, 10.76]","(7.425, 10.76]","(7.003, 10.76]",*
8.201423571674333,"(7.976, 10.76]","(7.842, 10.76]","(7.666, 10.76]","(7.425, 10.76]","(7.003, 10.76]",*
8.203236573278986,"(7.976, 10.76]","(7.842, 10.76]","(7.666, 10.76]","(7.425, 10.76]","(7.003, 10.76]",*
8.203295269985816,"(7.976, 10.76]","(7.842, 10.76]","(7.666, 10.76]","(7.425, 10.76]","(7.003, 10.76]",*
8.203353427829256,"(7.976, 10.76]","(7.842, 10.76]","(7.666, 10.76]","(7.425, 10.76]","(7.003, 10.76]",*
8.20404715388475,"(7.976, 10.76]","(7.842, 10.76]","(7.666, 10.76]","(7.425, 10.76]","(7.003, 10.76]",*
8.204552837977621,"(7.976, 10.76]","(7.842, 10.76]","(7.666, 10.76]","(7.425, 10.76]","(7.003, 10.76]",*
8.205294206015981,"(7.976, 10.76]","(7.842, 10.76]","(7.666, 10.76]","(7.425, 10.76]","(7.003, 10.76]",*
8.20598004485136,"(7.976, 10.76]","(7.842, 10.76]","(7.666, 10.76]","(7.425, 10.76]","(7.003, 10.76]",*
8.209029368314662,"(7.976, 10.76]","(7.842, 10.76]","(7.666, 10.76]","(7.425, 10.76]","(7.003, 10.76]",*
8.210602123066517,"(7.976, 10.76]","(7.842, 10.76]","(7.666, 10.76]","(7.425, 10.76]","(7.003, 10.76]",*
8.213717354572605,"(7.976, 10.76]","(7.842, 10.76]","(7.666, 10.76]","(7.425, 10.76]","(7.003, 10.76]",*
8.214978295376534,"(7.976, 10.76]","(7.842, 10.76]","(7.666, 10.76]","(7.425, 10.76]","(7.003, 10.76]",*
8.21541252615731,"(7.976, 10.76]","(7.842, 10.76]","(7.666, 10.76]","(7.425, 10.76]","(7.003, 10.76]",*
8.21616423550158,"(7.976, 10.76]","(7.842, 10.76]","(7.666, 10.76]","(7.425, 10.76]","(7.003, 10.76]",*
8.216263423492908,"(7.976, 10.76]","(7.842, 10.76]","(7.666, 10.76]","(7.425, 10.76]","(7.003, 10.76]",*
8.216386576399046,"(7.976, 10.76]","(7.842, 10.76]","(7.666, 10.76]","(7.425, 10.76]","(7.003, 10.76]",*
8.216773466810384,"(7.976, 10.76]","(7.842, 10.76]","(7.666, 10.76]","(7.425, 10.76]","(7.003, 10.76]",*
8.217176714471996,"(7.976, 10.76]","(7.842, 10.76]","(7.666, 10.76]","(7.425, 10.76]","(7.003, 10.76]",*
8.217197570472953,"(7.976, 10.76]","(7.842, 10.76]","(7.666, 10.76]","(7.425, 10.76]","(7.003, 10.76]",*
8.21740693175038,"(7.976, 10.76]","(7.842, 10.76]","(7.666, 10.76]","(7.425, 10.76]","(7.003, 10.76]",*
8.219394258320389,"(7.976, 10.76]","(7.842, 10.76]","(7.666, 10.76]","(7.425, 10.76]","(7.003, 10.76]",*
8.219771123286257,"(7.976, 10.76]","(7.842, 10.76]","(7.666, 10.76]","(7.425, 10.76]","(7.003, 10.76]",*
8.221347383688517,"(7.976, 10.76]","(7.842, 10.76]","(7.666, 10.76]","(7.425, 10.76]","(7.003, 10.76]",*
8.222633272540225,"(7.976, 10.76]","(7.842, 10.76]","(7.666, 10.76]","(7.425, 10.76]","(7.003, 10.76]",*
8.223379925493703,"(7.976, 10.76]","(7.842, 10.76]","(7.666, 10.76]","(7.425, 10.76]","(7.003, 10.76]",*
8.225442731910123,"(7.976, 10.76]","(7.842, 10.76]","(7.666, 10.76]","(7.425, 10.76]","(7.003, 10.76]",*
8.22597213829302,"(7.976, 10.76]","(7.842, 10.76]","(7.666, 10.76]","(7.425, 10.76]","(7.003, 10.76]",*
8.228464156820934,"(7.976, 10.76]","(7.842, 10.76]","(7.666, 10.76]","(7.425, 10.76]","(7.003, 10.76]",*
8.231669131441109,"(7.976, 10.76]","(7.842, 10.76]","(7.666, 10.76]","(7.425, 10.76]","(7.003, 10.76]",*
8.234530691336637,"(7.976, 10.76]","(7.842, 10.76]","(7.666, 10.76]","(7.425, 10.76]","(7.003, 10.76]",*
8.235833084700168,"(7.976, 10.76]","(7.842, 10.76]","(7.666, 10.76]","(7.425, 10.76]","(7.003, 10.76]",*
8.239426551992914,"(7.976, 10.76]","(7.842, 10.76]","(7.666, 10.76]","(7.425, 10.76]","(7.003, 10.76]",*
8.239588501733211,"(7.976, 10.76]","(7.842, 10.76]","(7.666, 10.76]","(7.425, 10.76]","(7.003, 10.76]",*
8.241880137422621,"(7.976, 10.76]","(7.842, 10.76]","(7.666, 10.76]","(7.425, 10.76]","(7.003, 10.76]",*
8.24275634825539,"(7.976, 10.76]","(7.842, 10.76]","(7.666, 10.76]","(7.425, 10.76]","(7.003, 10.76]",*
8.24317847671157,"(7.976, 10.76]","(7.842, 10.76]","(7.666, 10.76]","(7.425, 10.76]","(7.003, 10.76]",*
8.243197895914339,"(7.976, 10.76]","(7.842, 10.76]","(7.666, 10.76]","(7.425, 10.76]","(7.003, 10.76]",*
8.243485302811145,"(7.976, 10.76]","(7.842, 10.76]","(7.666, 10.76]","(7.425, 10.76]","(7.003, 10.76]",*
8.244523475860365,"(7.976, 10.76]","(7.842, 10.76]","(7.666, 10.76]","(7.425, 10.76]","(7.003, 10.76]",*
8.24463276345127,"(7.976, 10.76]","(7.842, 10.76]","(7.666, 10.76]","(7.425, 10.76]","(7.003, 10.76]",*
8.245224408187642,"(7.976, 10.76]","(7.842, 10.76]","(7.666, 10.76]","(7.425, 10.76]","(7.003, 10.76]",*
8.246621013560977,"(7.976, 10.76]","(7.842, 10.76]","(7.666, 10.76]","(7.425, 10.76]","(7.003, 10.76]",*
8.249169756751142,"(7.976, 10.76]","(7.842, 10.76]","(7.666, 10.76]","(7.425, 10.76]","(7.003, 10.76]",*
8.249580315935471,"(7.976, 10.76]","(7.842, 10.76]","(7.666, 10.76]","(7.425, 10.76]","(7.003, 10.76]",*
8.252002287640464,"(7.976, 10.76]","(7.842, 10.76]","(7.666, 10.76]","(7.425, 10.76]","(7.003, 10.76]",*
8.254120393775768,"(7.976, 10.76]","(7.842, 10.76]","(7.666, 10.76]","(7.425, 10.76]","(7.003, 10.76]",*
8.254735236279224,"(7.976, 10.76]","(7.842, 10.76]","(7.666, 10.76]","(7.425, 10.76]","(7.003, 10.76]",*
8.25577415712517,"(7.976, 10.76]","(7.842, 10.76]","(7.666, 10.76]","(7.425, 10.76]","(7.003, 10.76]",*
8.256744442942152,"(7.976, 10.76]","(7.842, 10.76]","(7.666, 10.76]","(7.425, 10.76]","(7.003, 10.76]",*
8.257213620140282,"(7.976, 10.76]","(7.842, 10.76]","(7.666, 10.76]","(7.425, 10.76]","(7.003, 10.76]",*
8.258065886510115,"(7.976, 10.76]","(7.842, 10.76]","(7.666, 10.76]","(7.425, 10.76]","(7.003, 10.76]",*
8.25821546784304,"(7.976, 10.76]","(7.842, 10.76]","(7.666, 10.76]","(7.425, 10.76]","(7.003, 10.76]",*
8.258634923487291,"(7.976, 10.76]","(7.842, 10.76]","(7.666, 10.76]","(7.425, 10.76]","(7.003, 10.76]",*
8.259044318322896,"(7.976, 10.76]","(7.842, 10.76]","(7.666, 10.76]","(7.425, 10.76]","(7.003, 10.76]",*
8.261632225705547,"(7.976, 10.76]","(7.842, 10.76]","(7.666, 10.76]","(7.425, 10.76]","(7.003, 10.76]",*
8.264121726134206,"(7.976, 10.76]","(7.842, 10.76]","(7.666, 10.76]","(7.425, 10.76]","(7.003, 10.76]",*
8.266994398051075,"(7.976, 10.76]","(7.842, 10.76]","(7.666, 10.76]","(7.425, 10.76]","(7.003, 10.76]",*
8.271405143994567,"(7.976, 10.76]","(7.842, 10.76]","(7.666, 10.76]","(7.425, 10.76]","(7.003, 10.76]",*
8.271982891836942,"(7.976, 10.76]","(7.842, 10.76]","(7.666, 10.76]","(7.425, 10.76]","(7.003, 10.76]",*
8.273386771684345,"(7.976, 10.76]","(7.842, 10.76]","(7.666, 10.76]","(7.425, 10.76]","(7.003, 10.76]",*
8.273697077776598,"(7.976, 10.76]","(7.842, 10.76]","(7.666, 10.76]","(7.425, 10.76]","(7.003, 10.76]",*
8.274063584311326,"(7.976, 10.76]","(7.842, 10.76]","(7.666, 10.76]","(7.425, 10.76]","(7.003, 10.76]",*
8.274193678122828,"(7.976, 10.76]","(7.842, 10.76]","(7.666, 10.76]","(7.425, 10.76]","(7.003, 10.76]",*
8.274472679349568,"(7.976, 10.76]","(7.842, 10.76]","(7.666, 10.76]","(7.425, 10.76]","(7.003, 10.76]",*
8.27693332953147,"(7.976, 10.76]","(7.842, 10.76]","(7.666, 10.76]","(7.425, 10.76]","(7.003, 10.76]",*
8.280403871031544,"(7.976, 10.76]","(7.842, 10.76]","(7.666, 10.76]","(7.425, 10.76]","(7.003, 10.76]",*
8.280590627442287,"(7.976, 10.76]","(7.842, 10.76]","(7.666, 10.76]","(7.425, 10.76]","(7.003, 10.76]",*
8.280668940285679,"(7.976, 10.76]","(7.842, 10.76]","(7.666, 10.76]","(7.425, 10.76]","(7.003, 10.76]",*
8.281878985912911,"(7.976, 10.76]","(7.842, 10.76]","(7.666, 10.76]","(7.425, 10.76]","(7.003, 10.76]",*
8.282587473528086,"(7.976, 10.76]","(7.842, 10.76]","(7.666, 10.76]","(7.425, 10.76]","(7.003, 10.76]",*
8.285496303500032,"(7.976, 10.76]","(7.842, 10.76]","(7.666, 10.76]","(7.425, 10.76]","(7.003, 10.76]",*
8.287279331290447,"(7.976, 10.76]","(7.842, 10.76]","(7.666, 10.76]","(7.425, 10.76]","(7.003, 10.76]",*
8.287943703380435,"(7.976, 10.76]","(7.842, 10.76]","(7.666, 10.76]","(7.425, 10.76]","(7.003, 10.76]",*
8.288048472012164,"(7.976, 10.76]","(7.842, 10.76]","(7.666, 10.76]","(7.425, 10.76]","(7.003, 10.76]",*
8.289084855838656,"(7.976, 10.76]","(7.842, 10.76]","(7.666, 10.76]","(7.425, 10.76]","(7.003, 10.76]",*
8.289254005003313,"(7.976, 10.76]","(7.842, 10.76]","(7.666, 10.76]","(7.425, 10.76]","(7.003, 10.76]",*
8.290419812591507,"(7.976, 10.76]","(7.842, 10.76]","(7.666, 10.76]","(7.425, 10.76]","(7.003, 10.76]",*
8.291286243984125,"(7.976, 10.76]","(7.842, 10.76]","(7.666, 10.76]","(7.425, 10.76]","(7.003, 10.76]",*
8.292575979863031,"(7.976, 10.76]","(7.842, 10.76]","(7.666, 10.76]","(7.425, 10.76]","(7.003, 10.76]",*
8.29396599585132,"(7.976, 10.76]","(7.842, 10.76]","(7.666, 10.76]","(7.425, 10.76]","(7.003, 10.76]",*
8.296461691079946,"(7.976, 10.76]","(7.842, 10.76]","(7.666, 10.76]","(7.425, 10.76]","(7.003, 10.76]",*
8.296472748159282,"(7.976, 10.76]","(7.842, 10.76]","(7.666, 10.76]","(7.425, 10.76]","(7.003, 10.76]",*
8.297124356841902,"(7.976, 10.76]","(7.842, 10.76]","(7.666, 10.76]","(7.425, 10.76]","(7.003, 10.76]",*
8.2972252560358,"(7.976, 10.76]","(7.842, 10.76]","(7.666, 10.76]","(7.425, 10.76]","(7.003, 10.76]",*
8.297556744755871,"(7.976, 10.76]","(7.842, 10.76]","(7.666, 10.76]","(7.425, 10.76]","(7.003, 10.76]",*
8.298090336113193,"(7.976, 10.76]","(7.842, 10.76]","(7.666, 10.76]","(7.425, 10.76]","(7.003, 10.76]",*
8.299378648804256,"(7.976, 10.76]","(7.842, 10.76]","(7.666, 10.76]","(7.425, 10.76]","(7.003, 10.76]",*
8.299836440881599,"(7.976, 10.76]","(7.842, 10.76]","(7.666, 10.76]","(7.425, 10.76]","(7.003, 10.76]",*
8.301310136702334,"(7.976, 10.76]","(7.842, 10.76]","(7.666, 10.76]","(7.425, 10.76]","(7.003, 10.76]",*
8.303301694366606,"(7.976, 10.76]","(7.842, 10.76]","(7.666, 10.76]","(7.425, 10.76]","(7.003, 10.76]",*
8.303546764518098,"(7.976, 10.76]","(7.842, 10.76]","(7.666, 10.76]","(7.425, 10.76]","(7.003, 10.76]",*
8.304266750130761,"(7.976, 10.76]","(7.842, 10.76]","(7.666, 10.76]","(7.425, 10.76]","(7.003, 10.76]",*
8.306304081762676,"(7.976, 10.76]","(7.842, 10.76]","(7.666, 10.76]","(7.425, 10.76]","(7.003, 10.76]",*
8.308603108487894,"(7.976, 10.76]","(7.842, 10.76]","(7.666, 10.76]","(7.425, 10.76]","(7.003, 10.76]",*
8.309090815411379,"(7.976, 10.76]","(7.842, 10.76]","(7.666, 10.76]","(7.425, 10.76]","(7.003, 10.76]",*
8.31098646322819,"(7.976, 10.76]","(7.842, 10.76]","(7.666, 10.76]","(7.425, 10.76]","(7.003, 10.76]",*
8.312282104966862,"(7.976, 10.76]","(7.842, 10.76]","(7.666, 10.76]","(7.425, 10.76]","(7.003, 10.76]",*
8.317600439883378,"(7.976, 10.76]","(7.842, 10.76]","(7.666, 10.76]","(7.425, 10.76]","(7.003, 10.76]",*
8.317774678851412,"(7.976, 10.76]","(7.842, 10.76]","(7.666, 10.76]","(7.425, 10.76]","(7.003, 10.76]",*
8.318208245352857,"(7.976, 10.76]","(7.842, 10.76]","(7.666, 10.76]","(7.425, 10.76]","(7.003, 10.76]",*
8.318443078575898,"(7.976, 10.76]","(7.842, 10.76]","(7.666, 10.76]","(7.425, 10.76]","(7.003, 10.76]",*
8.320351986302773,"(7.976, 10.76]","(7.842, 10.76]","(7.666, 10.76]","(7.425, 10.76]","(7.003, 10.76]",*
8.32175303069538,"(7.976, 10.76]","(7.842, 10.76]","(7.666, 10.76]","(7.425, 10.76]","(7.003, 10.76]",*
8.324158846640984,"(7.976, 10.76]","(7.842, 10.76]","(7.666, 10.76]","(7.425, 10.76]","(7.003, 10.76]",*
8.325105760104268,"(7.976, 10.76]","(7.842, 10.76]","(7.666, 10.76]","(7.425, 10.76]","(7.003, 10.76]",*
8.327143223813263,"(7.976, 10.76]","(7.842, 10.76]","(7.666, 10.76]","(7.425, 10.76]","(7.003, 10.76]",*
8.327776473857462,"(7.976, 10.76]","(7.842, 10.76]","(7.666, 10.76]","(7.425, 10.76]","(7.003, 10.76]",*
8.32855599528304,"(7.976, 10.76]","(7.842, 10.76]","(7.666, 10.76]","(7.425, 10.76]","(7.003, 10.76]",*
8.329114583166191,"(7.976, 10.76]","(7.842, 10.76]","(7.666, 10.76]","(7.425, 10.76]","(7.003, 10.76]",*
8.329894182212046,"(7.976, 10.76]","(7.842, 10.76]","(7.666, 10.76]","(7.425, 10.76]","(7.003, 10.76]",*
8.334513970178875,"(7.976, 10.76]","(7.842, 10.76]","(7.666, 10.76]","(7.425, 10.76]","(7.003, 10.76]",*
8.335418625565245,"(7.976, 10.76]","(7.842, 10.76]","(7.666, 10.76]","(7.425, 10.76]","(7.003, 10.76]",*
8.33580659239496,"(7.976, 10.76]","(7.842, 10.76]","(7.666, 10.76]","(7.425, 10.76]","(7.003, 10.76]",*
8.336208726099414,"(7.976, 10.76]","(7.842, 10.76]","(7.666, 10.76]","(7.425, 10.76]","(7.003, 10.76]",*
8.337085350196336,"(7.976, 10.76]","(7.842, 10.76]","(7.666, 10.76]","(7.425, 10.76]","(7.003, 10.76]",*
8.337627487285241,"(7.976, 10.76]","(7.842, 10.76]","(7.666, 10.76]","(7.425, 10.76]","(7.003, 10.76]",*
8.338978426383282,"(7.976, 10.76]","(7.842, 10.76]","(7.666, 10.76]","(7.425, 10.76]","(7.003, 10.76]",*
8.33942005896345,"(7.976, 10.76]","(7.842, 10.76]","(7.666, 10.76]","(7.425, 10.76]","(7.003, 10.76]",*
8.340524424782561,"(7.976, 10.76]","(7.842, 10.76]","(7.666, 10.76]","(7.425, 10.76]","(7.003, 10.76]",*
8.341478372534018,"(7.976, 10.76]","(7.842, 10.76]","(7.666, 10.76]","(7.425, 10.76]","(7.003, 10.76]",*
8.34280820266812,"(7.976, 10.76]","(7.842, 10.76]","(7.666, 10.76]","(7.425, 10.76]","(7.003, 10.76]",*
8.343125220869299,"(7.976, 10.76]","(7.842, 10.76]","(7.666, 10.76]","(7.425, 10.76]","(7.003, 10.76]",*
8.343557927043136,"(7.976, 10.76]","(7.842, 10.76]","(7.666, 10.76]","(7.425, 10.76]","(7.003, 10.76]",*
8.34511988059012,"(7.976, 10.76]","(7.842, 10.76]","(7.666, 10.76]","(7.425, 10.76]","(7.003, 10.76]",*
8.345217341917625,"(7.976, 10.76]","(7.842, 10.76]","(7.666, 10.76]","(7.425, 10.76]","(7.003, 10.76]",*
8.346175611893074,"(7.976, 10.76]","(7.842, 10.76]","(7.666, 10.76]","(7.425, 10.76]","(7.003, 10.76]",*
8.348953132924079,"(7.976, 10.76]","(7.842, 10.76]","(7.666, 10.76]","(7.425, 10.76]","(7.003, 10.76]",*
8.351675152960782,"(7.976, 10.76]","(7.842, 10.76]","(7.666, 10.76]","(7.425, 10.76]","(7.003, 10.76]",*
8.353541654868845,"(7.976, 10.76]","(7.842, 10.76]","(7.666, 10.76]","(7.425, 10.76]","(7.003, 10.76]",*
8.354961506508646,"(7.976, 10.76]","(7.842, 10.76]","(7.666, 10.76]","(7.425, 10.76]","(7.003, 10.76]",*
8.360860711479377,"(7.976, 10.76]","(7.842, 10.76]","(7.666, 10.76]","(7.425, 10.76]","(7.003, 10.76]",*
8.36090689344403,"(7.976, 10.76]","(7.842, 10.76]","(7.666, 10.76]","(7.425, 10.76]","(7.003, 10.76]",*
8.362547848036511,"(7.976, 10.76]","(7.842, 10.76]","(7.666, 10.76]","(7.425, 10.76]","(7.003, 10.76]",*
8.362731723436495,"(7.976, 10.76]","(7.842, 10.76]","(7.666, 10.76]","(7.425, 10.76]","(7.003, 10.76]",*
8.363863794380375,"(7.976, 10.76]","(7.842, 10.76]","(7.666, 10.76]","(7.425, 10.76]","(7.003, 10.76]",*
8.365074593987138,"(7.976, 10.76]","(7.842, 10.76]","(7.666, 10.76]","(7.425, 10.76]","(7.003, 10.76]",*
8.365383291411327,"(7.976, 10.76]","(7.842, 10.76]","(7.666, 10.76]","(7.425, 10.76]","(7.003, 10.76]",*
8.366067624474567,"(7.976, 10.76]","(7.842, 10.76]","(7.666, 10.76]","(7.425, 10.76]","(7.003, 10.76]",*
8.366505983691246,"(7.976, 10.76]","(7.842, 10.76]","(7.666, 10.76]","(7.425, 10.76]","(7.003, 10.76]",*
8.366570438929191,"(7.976, 10.76]","(7.842, 10.76]","(7.666, 10.76]","(7.425, 10.76]","(7.003, 10.76]",*
8.368596560688015,"(7.976, 10.76]","(7.842, 10.76]","(7.666, 10.76]","(7.425, 10.76]","(7.003, 10.76]",*
8.368912846262964,"(7.976, 10.76]","(7.842, 10.76]","(7.666, 10.76]","(7.425, 10.76]","(7.003, 10.76]",*
8.369451055872615,"(7.976, 10.76]","(7.842, 10.76]","(7.666, 10.76]","(7.425, 10.76]","(7.003, 10.76]",*
8.370577024213897,"(7.976, 10.76]","(7.842, 10.76]","(7.666, 10.76]","(7.425, 10.76]","(7.003, 10.76]",*
8.373042631009447,"(7.976, 10.76]","(7.842, 10.76]","(7.666, 10.76]","(7.425, 10.76]","(7.003, 10.76]",*
8.374680413455334,"(7.976, 10.76]","(7.842, 10.76]","(7.666, 10.76]","(7.425, 10.76]","(7.003, 10.76]",*
8.37499940603057,"(7.976, 10.76]","(7.842, 10.76]","(7.666, 10.76]","(7.425, 10.76]","(7.003, 10.76]",*
8.375708139233048,"(7.976, 10.76]","(7.842, 10.76]","(7.666, 10.76]","(7.425, 10.76]","(7.003, 10.76]",*
8.376705059999626,"(7.976, 10.76]","(7.842, 10.76]","(7.666, 10.76]","(7.425, 10.76]","(7.003, 10.76]",*
8.382275147380158,"(7.976, 10.76]","(7.842, 10.76]","(7.666, 10.76]","(7.425, 10.76]","(7.003, 10.76]",*
8.38233921832765,"(7.976, 10.76]","(7.842, 10.76]","(7.666, 10.76]","(7.425, 10.76]","(7.003, 10.76]",*
8.382505408860299,"(7.976, 10.76]","(7.842, 10.76]","(7.666, 10.76]","(7.425, 10.76]","(7.003, 10.76]",*
8.38320810603904,"(7.976, 10.76]","(7.842, 10.76]","(7.666, 10.76]","(7.425, 10.76]","(7.003, 10.76]",*
8.384392014902955,"(7.976, 10.76]","(7.842, 10.76]","(7.666, 10.76]","(7.425, 10.76]","(7.003, 10.76]",*
8.385028696489838,"(7.976, 10.76]","(7.842, 10.76]","(7.666, 10.76]","(7.425, 10.76]","(7.003, 10.76]",*
8.386460431236593,"(7.976, 10.76]","(7.842, 10.76]","(7.666, 10.76]","(7.425, 10.76]","(7.003, 10.76]",*
8.386485035671626,"(7.976, 10.76]","(7.842, 10.76]","(7.666, 10.76]","(7.425, 10.76]","(7.003, 10.76]",*
8.38695203529625,"(7.976, 10.76]","(7.842, 10.76]","(7.666, 10.76]","(7.425, 10.76]","(7.003, 10.76]",*
8.39101604066045,"(7.976, 10.76]","(7.842, 10.76]","(7.666, 10.76]","(7.425, 10.76]","(7.003, 10.76]",*
8.391225255730738,"(7.976, 10.76]","(7.842, 10.76]","(7.666, 10.76]","(7.425, 10.76]","(7.003, 10.76]",*
8.392741749922976,"(7.976, 10.76]","(7.842, 10.76]","(7.666, 10.76]","(7.425, 10.76]","(7.003, 10.76]",*
8.396902676864114,"(7.976, 10.76]","(7.842, 10.76]","(7.666, 10.76]","(7.425, 10.76]","(7.003, 10.76]",*
8.39922325781752,"(7.976, 10.76]","(7.842, 10.76]","(7.666, 10.76]","(7.425, 10.76]","(7.003, 10.76]",*
8.399486149868622,"(7.976, 10.76]","(7.842, 10.76]","(7.666, 10.76]","(7.425, 10.76]","(7.003, 10.76]",*
8.402290673581222,"(7.976, 10.76]","(7.842, 10.76]","(7.666, 10.76]","(7.425, 10.76]","(7.003, 10.76]",*
8.40282228634109,"(7.976, 10.76]","(7.842, 10.76]","(7.666, 10.76]","(7.425, 10.76]","(7.003, 10.76]",*
8.403683120610921,"(7.976, 10.76]","(7.842, 10.76]","(7.666, 10.76]","(7.425, 10.76]","(7.003, 10.76]",*
8.404179475860076,"(7.976, 10.76]","(7.842, 10.76]","(7.666, 10.76]","(7.425, 10.76]","(7.003, 10.76]",*
8.404363247468428,"(7.976, 10.76]","(7.842, 10.76]","(7.666, 10.76]","(7.425, 10.76]","(7.003, 10.76]",*
8.406417714534253,"(7.976, 10.76]","(7.842, 10.76]","(7.666, 10.76]","(7.425, 10.76]","(7.003, 10.76]",*
8.408889011678237,"(7.976, 10.76]","(7.842, 10.76]","(7.666, 10.76]","(7.425, 10.76]","(7.003, 10.76]",*
8.40898111241021,"(7.976, 10.76]","(7.842, 10.76]","(7.666, 10.76]","(7.425, 10.76]","(7.003, 10.76]",*
8.409296295028742,"(7.976, 10.76]","(7.842, 10.76]","(7.666, 10.76]","(7.425, 10.76]","(7.003, 10.76]",*
8.409302633454418,"(7.976, 10.76]","(7.842, 10.76]","(7.666, 10.76]","(7.425, 10.76]","(7.003, 10.76]",*
8.416413547253164,"(7.976, 10.76]","(7.842, 10.76]","(7.666, 10.76]","(7.425, 10.76]","(7.003, 10.76]",*
8.416866964430875,"(7.976, 10.76]","(7.842, 10.76]","(7.666, 10.76]","(7.425, 10.76]","(7.003, 10.76]",*
8.417323199806562,"(7.976, 10.76]","(7.842, 10.76]","(7.666, 10.76]","(7.425, 10.76]","(7.003, 10.76]",*
8.419111937708891,"(7.976, 10.76]","(7.842, 10.76]","(7.666, 10.76]","(7.425, 10.76]","(7.003, 10.76]",*
8.41955983066545,"(7.976, 10.76]","(7.842, 10.76]","(7.666, 10.76]","(7.425, 10.76]","(7.003, 10.76]",*
8.422240324024308,"(7.976, 10.76]","(7.842, 10.76]","(7.666, 10.76]","(7.425, 10.76]","(7.003, 10.76]",*
8.423788158107753,"(7.976, 10.76]","(7.842, 10.76]","(7.666, 10.76]","(7.425, 10.76]","(7.003, 10.76]",*
8.423978174277604,"(7.976, 10.76]","(7.842, 10.76]","(7.666, 10.76]","(7.425, 10.76]","(7.003, 10.76]",*
8.424079331206839,"(7.976, 10.76]","(7.842, 10.76]","(7.666, 10.76]","(7.425, 10.76]","(7.003, 10.76]",*
8.42511289496364,"(7.976, 10.76]","(7.842, 10.76]","(7.666, 10.76]","(7.425, 10.76]","(7.003, 10.76]",*
8.425506426579435,"(7.976, 10.76]","(7.842, 10.76]","(7.666, 10.76]","(7.425, 10.76]","(7.003, 10.76]",*
8.425820687724576,"(7.976, 10.76]","(7.842, 10.76]","(7.666, 10.76]","(7.425, 10.76]","(7.003, 10.76]",*
8.425840674979714,"(7.976, 10.76]","(7.842, 10.76]","(7.666, 10.76]","(7.425, 10.76]","(7.003, 10.76]",*
8.426940032637464,"(7.976, 10.76]","(7.842, 10.76]","(7.666, 10.76]","(7.425, 10.76]","(7.003, 10.76]",*
8.426960904287359,"(7.976, 10.76]","(7.842, 10.76]","(7.666, 10.76]","(7.425, 10.76]","(7.003, 10.76]",*
8.427868531646302,"(7.976, 10.76]","(7.842, 10.76]","(7.666, 10.76]","(7.425, 10.76]","(7.003, 10.76]",*
8.42881653869648,"(7.976, 10.76]","(7.842, 10.76]","(7.666, 10.76]","(7.425, 10.76]","(7.003, 10.76]",*
8.429901753415908,"(7.976, 10.76]","(7.842, 10.76]","(7.666, 10.76]","(7.425, 10.76]","(7.003, 10.76]",*
8.430787826458772,"(7.976, 10.76]","(7.842, 10.76]","(7.666, 10.76]","(7.425, 10.76]","(7.003, 10.76]",*
8.430838923186709,"(7.976, 10.76]","(7.842, 10.76]","(7.666, 10.76]","(7.425, 10.76]","(7.003, 10.76]",*
8.432092837328856,"(7.976, 10.76]","(7.842, 10.76]","(7.666, 10.76]","(7.425, 10.76]","(7.003, 10.76]",*
8.433007791166277,"(7.976, 10.76]","(7.842, 10.76]","(7.666, 10.76]","(7.425, 10.76]","(7.003, 10.76]",*
8.437665652267764,"(7.976, 10.76]","(7.842, 10.76]","(7.666, 10.76]","(7.425, 10.76]","(7.003, 10.76]",*
8.437966415855882,"(7.976, 10.76]","(7.842, 10.76]","(7.666, 10.76]","(7.425, 10.76]","(7.003, 10.76]",*
8.440430148579832,"(7.976, 10.76]","(7.842, 10.76]","(7.666, 10.76]","(7.425, 10.76]","(7.003, 10.76]",*
8.440490910993299,"(7.976, 10.76]","(7.842, 10.76]","(7.666, 10.76]","(7.425, 10.76]","(7.003, 10.76]",*
8.440726153497362,"(7.976, 10.76]","(7.842, 10.76]","(7.666, 10.76]","(7.425, 10.76]","(7.003, 10.76]",*
8.441008930434485,"(7.976, 10.76]","(7.842, 10.76]","(7.666, 10.76]","(7.425, 10.76]","(7.003, 10.76]",*
8.441119043046335,"(7.976, 10.76]","(7.842, 10.76]","(7.666, 10.76]","(7.425, 10.76]","(7.003, 10.76]",*
8.45008375416899,"(7.976, 10.76]","(7.842, 10.76]","(7.666, 10.76]","(7.425, 10.76]","(7.003, 10.76]",*
8.451354902774465,"(7.976, 10.76]","(7.842, 10.76]","(7.666, 10.76]","(7.425, 10.76]","(7.003, 10.76]",*
8.452274921378825,"(7.976, 10.76]","(7.842, 10.76]","(7.666, 10.76]","(7.425, 10.76]","(7.003, 10.76]",*
8.453261624693763,"(7.976, 10.76]","(7.842, 10.76]","(7.666, 10.76]","(7.425, 10.76]","(7.003, 10.76]",*
8.45419167080097,"(7.976, 10.76]","(7.842, 10.76]","(7.666, 10.76]","(7.425, 10.76]","(7.003, 10.76]",*
8.454207451752847,"(7.976, 10.76]","(7.842, 10.76]","(7.666, 10.76]","(7.425, 10.76]","(7.003, 10.76]",*
8.454274609002013,"(7.976, 10.76]","(7.842, 10.76]","(7.666, 10.76]","(7.425, 10.76]","(7.003, 10.76]",*
8.456793268818554,"(7.976, 10.76]","(7.842, 10.76]","(7.666, 10.76]","(7.425, 10.76]","(7.003, 10.76]",*
8.45736226703513,"(7.976, 10.76]","(7.842, 10.76]","(7.666, 10.76]","(7.425, 10.76]","(7.003, 10.76]",*
8.457886906310472,"(7.976, 10.76]","(7.842, 10.76]","(7.666, 10.76]","(7.425, 10.76]","(7.003, 10.76]",*
8.458903003019183,"(7.976, 10.76]","(7.842, 10.76]","(7.666, 10.76]","(7.425, 10.76]","(7.003, 10.76]",*
8.459144706302471,"(7.976, 10.76]","(7.842, 10.76]","(7.666, 10.76]","(7.425, 10.76]","(7.003, 10.76]",*
8.460093805271946,"(7.976, 10.76]","(7.842, 10.76]","(7.666, 10.76]","(7.425, 10.76]","(7.003, 10.76]",*
8.460541117957773,"(7.976, 10.76]","(7.842, 10.76]","(7.666, 10.76]","(7.425, 10.76]","(7.003, 10.76]",*
8.460741393229888,"(7.976, 10.76]","(7.842, 10.76]","(7.666, 10.76]","(7.425, 10.76]","(7.003, 10.76]",*
8.46098308211651,"(7.976, 10.76]","(7.842, 10.76]","(7.666, 10.76]","(7.425, 10.76]","(7.003, 10.76]",*
8.461380840349209,"(7.976, 10.76]","(7.842, 10.76]","(7.666, 10.76]","(7.425, 10.76]","(7.003, 10.76]",*
8.461468274808315,"(7.976, 10.76]","(7.842, 10.76]","(7.666, 10.76]","(7.425, 10.76]","(7.003, 10.76]",*
8.4635204359725,"(7.976, 10.76]","(7.842, 10.76]","(7.666, 10.76]","(7.425, 10.76]","(7.003, 10.76]",*
8.465664366915059,"(7.976, 10.76]","(7.842, 10.76]","(7.666, 10.76]","(7.425, 10.76]","(7.003, 10.76]",*
8.467599728547725,"(7.976, 10.76]","(7.842, 10.76]","(7.666, 10.76]","(7.425, 10.76]","(7.003, 10.76]",*
8.469380100208454,"(7.976, 10.76]","(7.842, 10.76]","(7.666, 10.76]","(7.425, 10.76]","(7.003, 10.76]",*
8.47291576950837,"(7.976, 10.76]","(7.842, 10.76]","(7.666, 10.76]","(7.425, 10.76]","(7.003, 10.76]",*
8.473199325627425,"(7.976, 10.76]","(7.842, 10.76]","(7.666, 10.76]","(7.425, 10.76]","(7.003, 10.76]",*
8.473380770157922,"(7.976, 10.76]","(7.842, 10.76]","(7.666, 10.76]","(7.425, 10.76]","(7.003, 10.76]",*
8.475151525780708,"(7.976, 10.76]","(7.842, 10.76]","(7.666, 10.76]","(7.425, 10.76]","(7.003, 10.76]",*
8.479921331474504,"(7.976, 10.76]","(7.842, 10.76]","(7.666, 10.76]","(7.425, 10.76]","(7.003, 10.76]",*
8.480431110163401,"(7.976, 10.76]","(7.842, 10.76]","(7.666, 10.76]","(7.425, 10.76]","(7.003, 10.76]",*
8.480848338969786,"(7.976, 10.76]","(7.842, 10.76]","(7.666, 10.76]","(7.425, 10.76]","(7.003, 10.76]",*
8.482316889958181,"(7.976, 10.76]","(7.842, 10.76]","(7.666, 10.76]","(7.425, 10.76]","(7.003, 10.76]",*
8.482522520430308,"(7.976, 10.76]","(7.842, 10.76]","(7.666, 10.76]","(7.425, 10.76]","(7.003, 10.76]",*
8.482698841398195,"(7.976, 10.76]","(7.842, 10.76]","(7.666, 10.76]","(7.425, 10.76]","(7.003, 10.76]",*
8.483791649167287,"(7.976, 10.76]","(7.842, 10.76]","(7.666, 10.76]","(7.425, 10.76]","(7.003, 10.76]",*
8.485778262707221,"(7.976, 10.76]","(7.842, 10.76]","(7.666, 10.76]","(7.425, 10.76]","(7.003, 10.76]",*
8.489496905423017,"(7.976, 10.76]","(7.842, 10.76]","(7.666, 10.76]","(7.425, 10.76]","(7.003, 10.76]",*
8.492901228869574,"(7.976, 10.76]","(7.842, 10.76]","(7.666, 10.76]","(7.425, 10.76]","(7.003, 10.76]",*
8.493990921467994,"(7.976, 10.76]","(7.842, 10.76]","(7.666, 10.76]","(7.425, 10.76]","(7.003, 10.76]",*
8.494696638420159,"(7.976, 10.76]","(7.842, 10.76]","(7.666, 10.76]","(7.425, 10.76]","(7.003, 10.76]",*
8.497163916011942,"(7.976, 10.76]","(7.842, 10.76]","(7.666, 10.76]","(7.425, 10.76]","(7.003, 10.76]",*
8.500659313906201,"(7.976, 10.76]","(7.842, 10.76]","(7.666, 10.76]","(7.425, 10.76]","(7.003, 10.76]",*
8.500956441010644,"(7.976, 10.76]","(7.842, 10.76]","(7.666, 10.76]","(7.425, 10.76]","(7.003, 10.76]",*
8.50098164829101,"(7.976, 10.76]","(7.842, 10.76]","(7.666, 10.76]","(7.425, 10.76]","(7.003, 10.76]",*
8.502343254652839,"(7.976, 10.76]","(7.842, 10.76]","(7.666, 10.76]","(7.425, 10.76]","(7.003, 10.76]",*
8.504044901942644,"(7.976, 10.76]","(7.842, 10.76]","(7.666, 10.76]","(7.425, 10.76]","(7.003, 10.76]",*
8.505086800183788,"(7.976, 10.76]","(7.842, 10.76]","(7.666, 10.76]","(7.425, 10.76]","(7.003, 10.76]",*
8.509336773724504,"(7.976, 10.76]","(7.842, 10.76]","(7.666, 10.76]","(7.425, 10.76]","(7.003, 10.76]",*
8.509775274407627,"(7.976, 10.76]","(7.842, 10.76]","(7.666, 10.76]","(7.425, 10.76]","(7.003, 10.76]",*
8.512295113269207,"(7.976, 10.76]","(7.842, 10.76]","(7.666, 10.76]","(7.425, 10.76]","(7.003, 10.76]",*
8.512698471223683,"(7.976, 10.76]","(7.842, 10.76]","(7.666, 10.76]","(7.425, 10.76]","(7.003, 10.76]",*
8.512727430375099,"(7.976, 10.76]","(7.842, 10.76]","(7.666, 10.76]","(7.425, 10.76]","(7.003, 10.76]",*
8.513825560276448,"(7.976, 10.76]","(7.842, 10.76]","(7.666, 10.76]","(7.425, 10.76]","(7.003, 10.76]",*
8.513970633376156,"(7.976, 10.76]","(7.842, 10.76]","(7.666, 10.76]","(7.425, 10.76]","(7.003, 10.76]",*
8.51616004802799,"(7.976, 10.76]","(7.842, 10.76]","(7.666, 10.76]","(7.425, 10.76]","(7.003, 10.76]",*
8.517401059111707,"(7.976, 10.76]","(7.842, 10.76]","(7.666, 10.76]","(7.425, 10.76]","(7.003, 10.76]",*
8.517512711137975,"(7.976, 10.76]","(7.842, 10.76]","(7.666, 10.76]","(7.425, 10.76]","(7.003, 10.76]",*
8.518608175135611,"(7.976, 10.76]","(7.842, 10.76]","(7.666, 10.76]","(7.425, 10.76]","(7.003, 10.76]",*
8.521505522399044,"(7.976, 10.76]","(7.842, 10.76]","(7.666, 10.76]","(7.425, 10.76]","(7.003, 10.76]",*
8.521731896213758,"(7.976, 10.76]","(7.842, 10.76]","(7.666, 10.76]","(7.425, 10.76]","(7.003, 10.76]",*
8.522538377872323,"(7.976, 10.76]","(7.842, 10.76]","(7.666, 10.76]","(7.425, 10.76]","(7.003, 10.76]",*
8.522705292555528,"(7.976, 10.76]","(7.842, 10.76]","(7.666, 10.76]","(7.425, 10.76]","(7.003, 10.76]",*
8.527952464880675,"(7.976, 10.76]","(7.842, 10.76]","(7.666, 10.76]","(7.425, 10.76]","(7.003, 10.76]",*
8.530697128906949,"(7.976, 10.76]","(7.842, 10.76]","(7.666, 10.76]","(7.425, 10.76]","(7.003, 10.76]",*
8.534244916223816,"(7.976, 10.76]","(7.842, 10.76]","(7.666, 10.76]","(7.425, 10.76]","(7.003, 10.76]",*
8.534409789904457,"(7.976, 10.76]","(7.842, 10.76]","(7.666, 10.76]","(7.425, 10.76]","(7.003, 10.76]",*
8.535375454262747,"(7.976, 10.76]","(7.842, 10.76]","(7.666, 10.76]","(7.425, 10.76]","(7.003, 10.76]",*
8.535923451398702,"(7.976, 10.76]","(7.842, 10.76]","(7.666, 10.76]","(7.425, 10.76]","(7.003, 10.76]",*
8.536813721589319,"(7.976, 10.76]","(7.842, 10.76]","(7.666, 10.76]","(7.425, 10.76]","(7.003, 10.76]",*
8.539962167798992,"(7.976, 10.76]","(7.842, 10.76]","(7.666, 10.76]","(7.425, 10.76]","(7.003, 10.76]",*
8.541768445174462,"(7.976, 10.76]","(7.842, 10.76]","(7.666, 10.76]","(7.425, 10.76]","(7.003, 10.76]",*
8.542278467258782,"(7.976, 10.76]","(7.842, 10.76]","(7.666, 10.76]","(7.425, 10.76]","(7.003, 10.76]",*
8.54464980825029,"(7.976, 10.76]","(7.842, 10.76]","(7.666, 10.76]","(7.425, 10.76]","(7.003, 10.76]",*
8.545832091374889,"(7.976, 10.76]","(7.842, 10.76]","(7.666, 10.76]","(7.425, 10.76]","(7.003, 10.76]",*
8.547532159795697,"(7.976, 10.76]","(7.842, 10.76]","(7.666, 10.76]","(7.425, 10.76]","(7.003, 10.76]",*
8.5533434723245,"(7.976, 10.76]","(7.842, 10.76]","(7.666, 10.76]","(7.425, 10.76]","(7.003, 10.76]",*
8.55389539300312,"(7.976, 10.76]","(7.842, 10.76]","(7.666, 10.76]","(7.425, 10.76]","(7.003, 10.76]",*
8.558765839615058,"(7.976, 10.76]","(7.842, 10.76]","(7.666, 10.76]","(7.425, 10.76]","(7.003, 10.76]",*
8.560018878678058,"(7.976, 10.76]","(7.842, 10.76]","(7.666, 10.76]","(7.425, 10.76]","(7.003, 10.76]",*
8.561687058676164,"(7.976, 10.76]","(7.842, 10.76]","(7.666, 10.76]","(7.425, 10.76]","(7.003, 10.76]",*
8.561796629203782,"(7.976, 10.76]","(7.842, 10.76]","(7.666, 10.76]","(7.425, 10.76]","(7.003, 10.76]",*
8.562229306861026,"(7.976, 10.76]","(7.842, 10.76]","(7.666, 10.76]","(7.425, 10.76]","(7.003, 10.76]",*
8.562603230007173,"(7.976, 10.76]","(7.842, 10.76]","(7.666, 10.76]","(7.425, 10.76]","(7.003, 10.76]",*
8.563431452886345,"(7.976, 10.76]","(7.842, 10.76]","(7.666, 10.76]","(7.425, 10.76]","(7.003, 10.76]",*
8.56358445270126,"(7.976, 10.76]","(7.842, 10.76]","(7.666, 10.76]","(7.425, 10.76]","(7.003, 10.76]",*
8.570357130439003,"(7.976, 10.76]","(7.842, 10.76]","(7.666, 10.76]","(7.425, 10.76]","(7.003, 10.76]",*
8.570526057531591,"(7.976, 10.76]","(7.842, 10.76]","(7.666, 10.76]","(7.425, 10.76]","(7.003, 10.76]",*
8.572006642588331,"(7.976, 10.76]","(7.842, 10.76]","(7.666, 10.76]","(7.425, 10.76]","(7.003, 10.76]",*
8.574096901497999,"(7.976, 10.76]","(7.842, 10.76]","(7.666, 10.76]","(7.425, 10.76]","(7.003, 10.76]",*
8.574282237896371,"(7.976, 10.76]","(7.842, 10.76]","(7.666, 10.76]","(7.425, 10.76]","(7.003, 10.76]",*
8.574790930555563,"(7.976, 10.76]","(7.842, 10.76]","(7.666, 10.76]","(7.425, 10.76]","(7.003, 10.76]",*
8.57599450901388,"(7.976, 10.76]","(7.842, 10.76]","(7.666, 10.76]","(7.425, 10.76]","(7.003, 10.76]",*
8.579138669460285,"(7.976, 10.76]","(7.842, 10.76]","(7.666, 10.76]","(7.425, 10.76]","(7.003, 10.76]",*
8.583188696281237,"(7.976, 10.76]","(7.842, 10.76]","(7.666, 10.76]","(7.425, 10.76]","(7.003, 10.76]",*
8.583309246599503,"(7.976, 10.76]","(7.842, 10.76]","(7.666, 10.76]","(7.425, 10.76]","(7.003, 10.76]",*
8.588217916392786,"(7.976, 10.76]","(7.842, 10.76]","(7.666, 10.76]","(7.425, 10.76]","(7.003, 10.76]",*
8.589659888934545,"(7.976, 10.76]","(7.842, 10.76]","(7.666, 10.76]","(7.425, 10.76]","(7.003, 10.76]",*
8.590280907129406,"(7.976, 10.76]","(7.842, 10.76]","(7.666, 10.76]","(7.425, 10.76]","(7.003, 10.76]",*
8.591923294114,"(7.976, 10.76]","(7.842, 10.76]","(7.666, 10.76]","(7.425, 10.76]","(7.003, 10.76]",*
8.594842638769771,"(7.976, 10.76]","(7.842, 10.76]","(7.666, 10.76]","(7.425, 10.76]","(7.003, 10.76]",*
8.596774899657028,"(7.976, 10.76]","(7.842, 10.76]","(7.666, 10.76]","(7.425, 10.76]","(7.003, 10.76]",*
8.5974074393167,"(7.976, 10.76]","(7.842, 10.76]","(7.666, 10.76]","(7.425, 10.76]","(7.003, 10.76]",*
8.597759840077455,"(7.976, 10.76]","(7.842, 10.76]","(7.666, 10.76]","(7.425, 10.76]","(7.003, 10.76]",*
8.598246882946672,"(7.976, 10.76]","(7.842, 10.76]","(7.666, 10.76]","(7.425, 10.76]","(7.003, 10.76]",*
8.59931966849025,"(7.976, 10.76]","(7.842, 10.76]","(7.666, 10.76]","(7.425, 10.76]","(7.003, 10.76]",*
8.599555446010704,"(7.976, 10.76]","(7.842, 10.76]","(7.666, 10.76]","(7.425, 10.76]","(7.003, 10.76]",*
8.599781516122487,"(7.976, 10.76]","(7.842, 10.76]","(7.666, 10.76]","(7.425, 10.76]","(7.003, 10.76]",*
8.606953993269682,"(7.976, 10.76]","(7.842, 10.76]","(7.666, 10.76]","(7.425, 10.76]","(7.003, 10.76]",*
8.607612194595687,"(7.976, 10.76]","(7.842, 10.76]","(7.666, 10.76]","(7.425, 10.76]","(7.003, 10.76]",*
8.608456811427864,"(7.976, 10.76]","(7.842, 10.76]","(7.666, 10.76]","(7.425, 10.76]","(7.003, 10.76]",*
8.6093975784445,"(7.976, 10.76]","(7.842, 10.76]","(7.666, 10.76]","(7.425, 10.76]","(7.003, 10.76]",*
8.610216671340176,"(7.976, 10.76]","(7.842, 10.76]","(7.666, 10.76]","(7.425, 10.76]","(7.003, 10.76]",*
8.610420548701773,"(7.976, 10.76]","(7.842, 10.76]","(7.666, 10.76]","(7.425, 10.76]","(7.003, 10.76]",*
8.621547918603222,"(7.976, 10.76]","(7.842, 10.76]","(7.666, 10.76]","(7.425, 10.76]","(7.003, 10.76]",*
8.621772096135357,"(7.976, 10.76]","(7.842, 10.76]","(7.666, 10.76]","(7.425, 10.76]","(7.003, 10.76]",*
8.622784462799554,"(7.976, 10.76]","(7.842, 10.76]","(7.666, 10.76]","(7.425, 10.76]","(7.003, 10.76]",*
8.624190920861912,"(7.976, 10.76]","(7.842, 10.76]","(7.666, 10.76]","(7.425, 10.76]","(7.003, 10.76]",*
8.62926840652209,"(7.976, 10.76]","(7.842, 10.76]","(7.666, 10.76]","(7.425, 10.76]","(7.003, 10.76]",*
8.629541561182293,"(7.976, 10.76]","(7.842, 10.76]","(7.666, 10.76]","(7.425, 10.76]","(7.003, 10.76]",*
8.636107722808914,"(7.976, 10.76]","(7.842, 10.76]","(7.666, 10.76]","(7.425, 10.76]","(7.003, 10.76]",*
8.637535028933435,"(7.976, 10.76]","(7.842, 10.76]","(7.666, 10.76]","(7.425, 10.76]","(7.003, 10.76]",*
8.646249013675773,"(7.976, 10.76]","(7.842, 10.76]","(7.666, 10.76]","(7.425, 10.76]","(7.003, 10.76]",*
8.647990923275186,"(7.976, 10.76]","(7.842, 10.76]","(7.666, 10.76]","(7.425, 10.76]","(7.003, 10.76]",*
8.653682942567821,"(7.976, 10.76]","(7.842, 10.76]","(7.666, 10.76]","(7.425, 10.76]","(7.003, 10.76]",*
8.657342635401694,"(7.976, 10.76]","(7.842, 10.76]","(7.666, 10.76]","(7.425, 10.76]","(7.003, 10.76]",*
8.659959659599375,"(7.976, 10.76]","(7.842, 10.76]","(7.666, 10.76]","(7.425, 10.76]","(7.003, 10.76]",*
8.663669121419153,"(7.976, 10.76]","(7.842, 10.76]","(7.666, 10.76]","(7.425, 10.76]","(7.003, 10.76]",*
8.664643191211983,"(7.976, 10.76]","(7.842, 10.76]","(7.666, 10.76]","(7.425, 10.76]","(7.003, 10.76]",*
8.666717109169793,"(7.976, 10.76]","(7.842, 10.76]","(7.666, 10.76]","(7.425, 10.76]","(7.003, 10.76]",*
8.669263645202737,"(7.976, 10.76]","(7.842, 10.76]","(7.666, 10.76]","(7.425, 10.76]","(7.003, 10.76]",*
8.672263970974111,"(7.976, 10.76]","(7.842, 10.76]","(7.666, 10.76]","(7.425, 10.76]","(7.003, 10.76]",*
8.672978875655373,"(7.976, 10.76]","(7.842, 10.76]","(7.666, 10.76]","(7.425, 10.76]","(7.003, 10.76]",*
8.675574517805206,"(7.976, 10.76]","(7.842, 10.76]","(7.666, 10.76]","(7.425, 10.76]","(7.003, 10.76]",*
8.678774414709217,"(7.976, 10.76]","(7.842, 10.76]","(7.666, 10.76]","(7.425, 10.76]","(7.003, 10.76]",*
8.680403582537197,"(7.976, 10.76]","(7.842, 10.76]","(7.666, 10.76]","(7.425, 10.76]","(7.003, 10.76]",*
8.680824684665156,"(7.976, 10.76]","(7.842, 10.76]","(7.666, 10.76]","(7.425, 10.76]","(7.003, 10.76]",*
8.69140661671731,"(7.976, 10.76]","(7.842, 10.76]","(7.666, 10.76]","(7.425, 10.76]","(7.003, 10.76]",*
8.692723427381276,"(7.976, 10.76]","(7.842, 10.76]","(7.666, 10.76]","(7.425, 10.76]","(7.003, 10.76]",*
8.692817878287437,"(7.976, 10.76]","(7.842, 10.76]","(7.666, 10.76]","(7.425, 10.76]","(7.003, 10.76]",*
8.69531315880096,"(7.976, 10.76]","(7.842, 10.76]","(7.666, 10.76]","(7.425, 10.76]","(7.003, 10.76]",*
8.695915270421322,"(7.976, 10.76]","(7.842, 10.76]","(7.666, 10.76]","(7.425, 10.76]","(7.003, 10.76]",*
8.696622255051171,"(7.976, 10.76]","(7.842, 10.76]","(7.666, 10.76]","(7.425, 10.76]","(7.003, 10.76]",*
8.696652481362289,"(7.976, 10.76]","(7.842, 10.76]","(7.666, 10.76]","(7.425, 10.76]","(7.003, 10.76]",*
8.696937060270367,"(7.976, 10.76]","(7.842, 10.76]","(7.666, 10.76]","(7.425, 10.76]","(7.003, 10.76]",*
8.698234807245644,"(7.976, 10.76]","(7.842, 10.76]","(7.666, 10.76]","(7.425, 10.76]","(7.003, 10.76]",*
8.698535841185091,"(7.976, 10.76]","(7.842, 10.76]","(7.666, 10.76]","(7.425, 10.76]","(7.003, 10.76]",*
8.699543872833365,"(7.976, 10.76]","(7.842, 10.76]","(7.666, 10.76]","(7.425, 10.76]","(7.003, 10.76]",*
8.699555304269369,"(7.976, 10.76]","(7.842, 10.76]","(7.666, 10.76]","(7.425, 10.76]","(7.003, 10.76]",*
8.700428328462174,"(7.976, 10.76]","(7.842, 10.76]","(7.666, 10.76]","(7.425, 10.76]","(7.003, 10.76]",*
8.707035450079715,"(7.976, 10.76]","(7.842, 10.76]","(7.666, 10.76]","(7.425, 10.76]","(7.003, 10.76]",*
8.707218388199804,"(7.976, 10.76]","(7.842, 10.76]","(7.666, 10.76]","(7.425, 10.76]","(7.003, 10.76]",*
8.70737952087405,"(7.976, 10.76]","(7.842, 10.76]","(7.666, 10.76]","(7.425, 10.76]","(7.003, 10.76]",*
8.708239446062688,"(7.976, 10.76]","(7.842, 10.76]","(7.666, 10.76]","(7.425, 10.76]","(7.003, 10.76]",*
8.708421217819827,"(7.976, 10.76]","(7.842, 10.76]","(7.666, 10.76]","(7.425, 10.76]","(7.003, 10.76]",*
8.718919781065022,"(7.976, 10.76]","(7.842, 10.76]","(7.666, 10.76]","(7.425, 10.76]","(7.003, 10.76]",*
8.720522984193943,"(7.976, 10.76]","(7.842, 10.76]","(7.666, 10.76]","(7.425, 10.76]","(7.003, 10.76]",*
8.722697980366805,"(7.976, 10.76]","(7.842, 10.76]","(7.666, 10.76]","(7.425, 10.76]","(7.003, 10.76]",*
8.723667664885602,"(7.976, 10.76]","(7.842, 10.76]","(7.666, 10.76]","(7.425, 10.76]","(7.003, 10.76]",*
8.725138632870555,"(7.976, 10.76]","(7.842, 10.76]","(7.666, 10.76]","(7.425, 10.76]","(7.003, 10.76]",*
8.726352814980181,"(7.976, 10.76]","(7.842, 10.76]","(7.666, 10.76]","(7.425, 10.76]","(7.003, 10.76]",*
8.72882546251151,"(7.976, 10.76]","(7.842, 10.76]","(7.666, 10.76]","(7.425, 10.76]","(7.003, 10.76]",*
8.72962102417339,"(7.976, 10.76]","(7.842, 10.76]","(7.666, 10.76]","(7.425, 10.76]","(7.003, 10.76]",*
8.730904572013621,"(7.976, 10.76]","(7.842, 10.76]","(7.666, 10.76]","(7.425, 10.76]","(7.003, 10.76]",*
8.73259388181097,"(7.976, 10.76]","(7.842, 10.76]","(7.666, 10.76]","(7.425, 10.76]","(7.003, 10.76]",*
8.737025148784058,"(7.976, 10.76]","(7.842, 10.76]","(7.666, 10.76]","(7.425, 10.76]","(7.003, 10.76]",*
8.737215687104616,"(7.976, 10.76]","(7.842, 10.76]","(7.666, 10.76]","(7.425, 10.76]","(7.003, 10.76]",*
8.74508920769991,"(7.976, 10.76]","(7.842, 10.76]","(7.666, 10.76]","(7.425, 10.76]","(7.003, 10.76]",*
8.747066092164312,"(7.976, 10.76]","(7.842, 10.76]","(7.666, 10.76]","(7.425, 10.76]","(7.003, 10.76]",*
8.747408786569977,"(7.976, 10.76]","(7.842, 10.76]","(7.666, 10.76]","(7.425, 10.76]","(7.003, 10.76]",*
8.749000788345594,"(7.976, 10.76]","(7.842, 10.76]","(7.666, 10.76]","(7.425, 10.76]","(7.003, 10.76]",*
8.750872170452382,"(7.976, 10.76]","(7.842, 10.76]","(7.666, 10.76]","(7.425, 10.76]","(7.003, 10.76]",*
8.752957080713472,"(7.976, 10.76]","(7.842, 10.76]","(7.666, 10.76]","(7.425, 10.76]","(7.003, 10.76]",*
8.756044656461897,"(7.976, 10.76]","(7.842, 10.76]","(7.666, 10.76]","(7.425, 10.76]","(7.003, 10.76]",*
8.76342663961033,"(7.976, 10.76]","(7.842, 10.76]","(7.666, 10.76]","(7.425, 10.76]","(7.003, 10.76]",*
8.763599419006235,"(7.976, 10.76]","(7.842, 10.76]","(7.666, 10.76]","(7.425, 10.76]","(7.003, 10.76]",*
8.764793542743242,"(7.976, 10.76]","(7.842, 10.76]","(7.666, 10.76]","(7.425, 10.76]","(7.003, 10.76]",*
8.765481292006736,"(7.976, 10.76]","(7.842, 10.76]","(7.666, 10.76]","(7.425, 10.76]","(7.003, 10.76]",*
8.766612735155222,"(7.976, 10.76]","(7.842, 10.76]","(7.666, 10.76]","(7.425, 10.76]","(7.003, 10.76]",*
8.767014354458775,"(7.976, 10.76]","(7.842, 10.76]","(7.666, 10.76]","(7.425, 10.76]","(7.003, 10.76]",*
8.776160033559263,"(7.976, 10.76]","(7.842, 10.76]","(7.666, 10.76]","(7.425, 10.76]","(7.003, 10.76]",*
8.776660808826081,"(7.976, 10.76]","(7.842, 10.76]","(7.666, 10.76]","(7.425, 10.76]","(7.003, 10.76]",*
8.777735233745716,"(7.976, 10.76]","(7.842, 10.76]","(7.666, 10.76]","(7.425, 10.76]","(7.003, 10.76]",*
8.781110948035272,"(7.976, 10.76]","(7.842, 10.76]","(7.666, 10.76]","(7.425, 10.76]","(7.003, 10.76]",*
8.783063591091816,"(7.976, 10.76]","(7.842, 10.76]","(7.666, 10.76]","(7.425, 10.76]","(7.003, 10.76]",*
8.783143977411184,"(7.976, 10.76]","(7.842, 10.76]","(7.666, 10.76]","(7.425, 10.76]","(7.003, 10.76]",*
8.783750004970653,"(7.976, 10.76]","(7.842, 10.76]","(7.666, 10.76]","(7.425, 10.76]","(7.003, 10.76]",*
8.784536310383487,"(7.976, 10.76]","(7.842, 10.76]","(7.666, 10.76]","(7.425, 10.76]","(7.003, 10.76]",*
8.787824665014575,"(7.976, 10.76]","(7.842, 10.76]","(7.666, 10.76]","(7.425, 10.76]","(7.003, 10.76]",*
8.787907830114843,"(7.976, 10.76]","(7.842, 10.76]","(7.666, 10.76]","(7.425, 10.76]","(7.003, 10.76]",*
8.787965083446286,"(7.976, 10.76]","(7.842, 10.76]","(7.666, 10.76]","(7.425, 10.76]","(7.003, 10.76]",*
8.791163730914857,"(7.976, 10.76]","(7.842, 10.76]","(7.666, 10.76]","(7.425, 10.76]","(7.003, 10.76]",*
8.791272320444168,"(7.976, 10.76]","(7.842, 10.76]","(7.666, 10.76]","(7.425, 10.76]","(7.003, 10.76]",*
8.79177536604451,"(7.976, 10.76]","(7.842, 10.76]","(7.666, 10.76]","(7.425, 10.76]","(7.003, 10.76]",*
8.802044047123848,"(7.976, 10.76]","(7.842, 10.76]","(7.666, 10.76]","(7.425, 10.76]","(7.003, 10.76]",*
8.803603505255882,"(7.976, 10.76]","(7.842, 10.76]","(7.666, 10.76]","(7.425, 10.76]","(7.003, 10.76]",*
8.807527232133554,"(7.976, 10.76]","(7.842, 10.76]","(7.666, 10.76]","(7.425, 10.76]","(7.003, 10.76]",*
8.81088364907951,"(7.976, 10.76]","(7.842, 10.76]","(7.666, 10.76]","(7.425, 10.76]","(7.003, 10.76]",*
8.81181990480127,"(7.976, 10.76]","(7.842, 10.76]","(7.666, 10.76]","(7.425, 10.76]","(7.003, 10.76]",*
8.812217628927772,"(7.976, 10.76]","(7.842, 10.76]","(7.666, 10.76]","(7.425, 10.76]","(7.003, 10.76]",*
8.8123172689941,"(7.976, 10.76]","(7.842, 10.76]","(7.666, 10.76]","(7.425, 10.76]","(7.003, 10.76]",*
8.822789404639916,"(7.976, 10.76]","(7.842, 10.76]","(7.666, 10.76]","(7.425, 10.76]","(7.003, 10.76]",*
8.824855567279137,"(7.976, 10.76]","(7.842, 10.76]","(7.666, 10.76]","(7.425, 10.76]","(7.003, 10.76]",*
8.837002371856517,"(7.976, 10.76]","(7.842, 10.76]","(7.666, 10.76]","(7.425, 10.76]","(7.003, 10.76]",*
8.839164027728886,"(7.976, 10.76]","(7.842, 10.76]","(7.666, 10.76]","(7.425, 10.76]","(7.003, 10.76]",*
8.840667907910793,"(7.976, 10.76]","(7.842, 10.76]","(7.666, 10.76]","(7.425, 10.76]","(7.003, 10.76]",*
8.844773960333843,"(7.976, 10.76]","(7.842, 10.76]","(7.666, 10.76]","(7.425, 10.76]","(7.003, 10.76]",*
8.845689955567382,"(7.976, 10.76]","(7.842, 10.76]","(7.666, 10.76]","(7.425, 10.76]","(7.003, 10.76]",*
8.847507024965124,"(7.976, 10.76]","(7.842, 10.76]","(7.666, 10.76]","(7.425, 10.76]","(7.003, 10.76]",*
8.847869263637747,"(7.976, 10.76]","(7.842, 10.76]","(7.666, 10.76]","(7.425, 10.76]","(7.003, 10.76]",*
8.848999367521149,"(7.976, 10.76]","(7.842, 10.76]","(7.666, 10.76]","(7.425, 10.76]","(7.003, 10.76]",*
8.852673818992914,"(7.976, 10.76]","(7.842, 10.76]","(7.666, 10.76]","(7.425, 10.76]","(7.003, 10.76]",*
8.854369884254952,"(7.976, 10.76]","(7.842, 10.76]","(7.666, 10.76]","(7.425, 10.76]","(7.003, 10.76]",*
8.854531011287875,"(7.976, 10.76]","(7.842, 10.76]","(7.666, 10.76]","(7.425, 10.76]","(7.003, 10.76]",*
8.859650987297186,"(7.976, 10.76]","(7.842, 10.76]","(7.666, 10.76]","(7.425, 10.76]","(7.003, 10.76]",*
8.860937235527956,"(7.976, 10.76]","(7.842, 10.76]","(7.666, 10.76]","(7.425, 10.76]","(7.003, 10.76]",*
8.861577100671784,"(7.976, 10.76]","(7.842, 10.76]","(7.666, 10.76]","(7.425, 10.76]","(7.003, 10.76]",*
8.861871791965717,"(7.976, 10.76]","(7.842, 10.76]","(7.666, 10.76]","(7.425, 10.76]","(7.003, 10.76]",*
8.869466561223227,"(7.976, 10.76]","(7.842, 10.76]","(7.666, 10.76]","(7.425, 10.76]","(7.003, 10.76]",*
8.877240041623617,"(7.976, 10.76]","(7.842, 10.76]","(7.666, 10.76]","(7.425, 10.76]","(7.003, 10.76]",*
8.87786782624263,"(7.976, 10.76]","(7.842, 10.76]","(7.666, 10.76]","(7.425, 10.76]","(7.003, 10.76]",*
8.880363320077826,"(7.976, 10.76]","(7.842, 10.76]","(7.666, 10.76]","(7.425, 10.76]","(7.003, 10.76]",*
8.882339498948976,"(7.976, 10.76]","(7.842, 10.76]","(7.666, 10.76]","(7.425, 10.76]","(7.003, 10.76]",*
8.883171964107381,"(7.976, 10.76]","(7.842, 10.76]","(7.666, 10.76]","(7.425, 10.76]","(7.003, 10.76]",*
8.885191792989973,"(7.976, 10.76]","(7.842, 10.76]","(7.666, 10.76]","(7.425, 10.76]","(7.003, 10.76]",*
8.885629338711405,"(7.976, 10.76]","(7.842, 10.76]","(7.666, 10.76]","(7.425, 10.76]","(7.003, 10.76]",*
8.902224390600221,"(7.976, 10.76]","(7.842, 10.76]","(7.666, 10.76]","(7.425, 10.76]","(7.003, 10.76]",*
8.904454700456863,"(7.976, 10.76]","(7.842, 10.76]","(7.666, 10.76]","(7.425, 10.76]","(7.003, 10.76]",*
8.908380541781538,"(7.976, 10.76]","(7.842, 10.76]","(7.666, 10.76]","(7.425, 10.76]","(7.003, 10.76]",*
8.916065687964199,"(7.976, 10.76]","(7.842, 10.76]","(7.666, 10.76]","(7.425, 10.76]","(7.003, 10.76]",*
8.920333221277762,"(7.976, 10.76]","(7.842, 10.76]","(7.666, 10.76]","(7.425, 10.76]","(7.003, 10.76]",*
8.9280961018376,"(7.976, 10.76]","(7.842, 10.76]","(7.666, 10.76]","(7.425, 10.76]","(7.003, 10.76]",*
8.931184558511363,"(7.976, 10.76]","(7.842, 10.76]","(7.666, 10.76]","(7.425, 10.76]","(7.003, 10.76]",*
8.93311998510628,"(7.976, 10.76]","(7.842, 10.76]","(7.666, 10.76]","(7.425, 10.76]","(7.003, 10.76]",*
8.936689036191078,"(7.976, 10.76]","(7.842, 10.76]","(7.666, 10.76]","(7.425, 10.76]","(7.003, 10.76]",*
8.937599752396718,"(7.976, 10.76]","(7.842, 10.76]","(7.666, 10.76]","(7.425, 10.76]","(7.003, 10.76]",*
8.940145881929695,"(7.976, 10.76]","(7.842, 10.76]","(7.666, 10.76]","(7.425, 10.76]","(7.003, 10.76]",*
8.942770575841113,"(7.976, 10.76]","(7.842, 10.76]","(7.666, 10.76]","(7.425, 10.76]","(7.003, 10.76]",*
8.942797164237117,"(7.976, 10.76]","(7.842, 10.76]","(7.666, 10.76]","(7.425, 10.76]","(7.003, 10.76]",*
8.95017903929667,"(7.976, 10.76]","(7.842, 10.76]","(7.666, 10.76]","(7.425, 10.76]","(7.003, 10.76]",*
8.951042093326407,"(7.976, 10.76]","(7.842, 10.76]","(7.666, 10.76]","(7.425, 10.76]","(7.003, 10.76]",*
8.951344400797241,"(7.976, 10.76]","(7.842, 10.76]","(7.666, 10.76]","(7.425, 10.76]","(7.003, 10.76]",*
8.952151663583702,"(7.976, 10.76]","(7.842, 10.76]","(7.666, 10.76]","(7.425, 10.76]","(7.003, 10.76]",*
8.952861405342816,"(7.976, 10.76]","(7.842, 10.76]","(7.666, 10.76]","(7.425, 10.76]","(7.003, 10.76]",*
8.958300171533955,"(7.976, 10.76]","(7.842, 10.76]","(7.666, 10.76]","(7.425, 10.76]","(7.003, 10.76]",*
8.960742514901394,"(7.976, 10.76]","(7.842, 10.76]","(7.666, 10.76]","(7.425, 10.76]","(7.003, 10.76]",*
8.961105506150071,"(7.976, 10.76]","(7.842, 10.76]","(7.666, 10.76]","(7.425, 10.76]","(7.003, 10.76]",*
8.965705366370031,"(7.976, 10.76]","(7.842, 10.76]","(7.666, 10.76]","(7.425, 10.76]","(7.003, 10.76]",*
8.966905968027211,"(7.976, 10.76]","(7.842, 10.76]","(7.666, 10.76]","(7.425, 10.76]","(7.003, 10.76]",*
8.971111958926066,"(7.976, 10.76]","(7.842, 10.76]","(7.666, 10.76]","(7.425, 10.76]","(7.003, 10.76]",*
8.971411852272436,"(7.976, 10.76]","(7.842, 10.76]","(7.666, 10.76]","(7.425, 10.76]","(7.003, 10.76]",*
8.98248592359706,"(7.976, 10.76]","(7.842, 10.76]","(7.666, 10.76]","(7.425, 10.76]","(7.003, 10.76]",*
8.983474498737639,"(7.976, 10.76]","(7.842, 10.76]","(7.666, 10.76]","(7.425, 10.76]","(7.003, 10.76]",*
8.985750259213694,"(7.976, 10.76]","(7.842, 10.76]","(7.666, 10.76]","(7.425, 10.76]","(7.003, 10.76]",*
8.994340536332787,"(7.976, 10.76]","(7.842, 10.76]","(7.666, 10.76]","(7.425, 10.76]","(7.003, 10.76]",*
8.995983688686758,"(7.976, 10.76]","(7.842, 10.76]","(7.666, 10.76]","(7.425, 10.76]","(7.003, 10.76]",*
8.999012644344642,"(7.976, 10.76]","(7.842, 10.76]","(7.666, 10.76]","(7.425, 10.76]","(7.003, 10.76]",*
9.001898576874009,"(7.976, 10.76]","(7.842, 10.76]","(7.666, 10.76]","(7.425, 10.76]","(7.003, 10.76]",*
9.00204487922386,"(7.976, 10.76]","(7.842, 10.76]","(7.666, 10.76]","(7.425, 10.76]","(7.003, 10.76]",*
9.00776828203455,"(7.976, 10.76]","(7.842, 10.76]","(7.666, 10.76]","(7.425, 10.76]","(7.003, 10.76]",*
9.024116447046351,"(7.976, 10.76]","(7.842, 10.76]","(7.666, 10.76]","(7.425, 10.76]","(7.003, 10.76]",*
9.024502670125976,"(7.976, 10.76]","(7.842, 10.76]","(7.666, 10.76]","(7.425, 10.76]","(7.003, 10.76]",*
9.024792406225805,"(7.976, 10.76]","(7.842, 10.76]","(7.666, 10.76]","(7.425, 10.76]","(7.003, 10.76]",*
9.027656434779871,"(7.976, 10.76]","(7.842, 10.76]","(7.666, 10.76]","(7.425, 10.76]","(7.003, 10.76]",*
9.028047222403114,"(7.976, 10.76]","(7.842, 10.76]","(7.666, 10.76]","(7.425, 10.76]","(7.003, 10.76]",*
9.034975732531263,"(7.976, 10.76]","(7.842, 10.76]","(7.666, 10.76]","(7.425, 10.76]","(7.003, 10.76]",*
9.038150799891412,"(7.976, 10.76]","(7.842, 10.76]","(7.666, 10.76]","(7.425, 10.76]","(7.003, 10.76]",*
9.03938154413605,"(7.976, 10.76]","(7.842, 10.76]","(7.666, 10.76]","(7.425, 10.76]","(7.003, 10.76]",*
9.044253195107997,"(7.976, 10.76]","(7.842, 10.76]","(7.666, 10.76]","(7.425, 10.76]","(7.003, 10.76]",*
9.047861281370508,"(7.976, 10.76]","(7.842, 10.76]","(7.666, 10.76]","(7.425, 10.76]","(7.003, 10.76]",*
9.053748360712817,"(7.976, 10.76]","(7.842, 10.76]","(7.666, 10.76]","(7.425, 10.76]","(7.003, 10.76]",*
9.054709887987451,"(7.976, 10.76]","(7.842, 10.76]","(7.666, 10.76]","(7.425, 10.76]","(7.003, 10.76]",*
9.054827003903242,"(7.976, 10.76]","(7.842, 10.76]","(7.666, 10.76]","(7.425, 10.76]","(7.003, 10.76]",*
9.066515985284337,"(7.976, 10.76]","(7.842, 10.76]","(7.666, 10.76]","(7.425, 10.76]","(7.003, 10.76]",*
9.067015091223595,"(7.976, 10.76]","(7.842, 10.76]","(7.666, 10.76]","(7.425, 10.76]","(7.003, 10.76]",*
9.067212171154356,"(7.976, 10.76]","(7.842, 10.76]","(7.666, 10.76]","(7.425, 10.76]","(7.003, 10.76]",*
9.069530121901847,"(7.976, 10.76]","(7.842, 10.76]","(7.666, 10.76]","(7.425, 10.76]","(7.003, 10.76]",*
9.079234561504444,"(7.976, 10.76]","(7.842, 10.76]","(7.666, 10.76]","(7.425, 10.76]","(7.003, 10.76]",*
9.08657346564809,"(7.976, 10.76]","(7.842, 10.76]","(7.666, 10.76]","(7.425, 10.76]","(7.003, 10.76]",*
9.086807717369458,"(7.976, 10.76]","(7.842, 10.76]","(7.666, 10.76]","(7.425, 10.76]","(7.003, 10.76]",*
9.090851631867094,"(7.976, 10.76]","(7.842, 10.76]","(7.666, 10.76]","(7.425, 10.76]","(7.003, 10.76]",*
9.095206581331226,"(7.976, 10.76]","(7.842, 10.76]","(7.666, 10.76]","(7.425, 10.76]","(7.003, 10.76]",*
9.098979834568103,"(7.976, 10.76]","(7.842, 10.76]","(7.666, 10.76]","(7.425, 10.76]","(7.003, 10.76]",*
9.1000830632841,"(7.976, 10.76]","(7.842, 10.76]","(7.666, 10.76]","(7.425, 10.76]","(7.003, 10.76]",*
9.108893289034636,"(7.976, 10.76]","(7.842, 10.76]","(7.666, 10.76]","(7.425, 10.76]","(7.003, 10.76]",*
9.114772965748148,"(7.976, 10.76]","(7.842, 10.76]","(7.666, 10.76]","(7.425, 10.76]","(7.003, 10.76]",*
9.115588252206203,"(7.976, 10.76]","(7.842, 10.76]","(7.666, 10.76]","(7.425, 10.76]","(7.003, 10.76]",*
9.1184869440297,"(7.976, 10.76]","(7.842, 10.76]","(7.666, 10.76]","(7.425, 10.76]","(7.003, 10.76]",*
9.118588644285945,"(7.976, 10.76]","(7.842, 10.76]","(7.666, 10.76]","(7.425, 10.76]","(7.003, 10.76]",*
9.141241979287749,"(7.976, 10.76]","(7.842, 10.76]","(7.666, 10.76]","(7.425, 10.76]","(7.003, 10.76]",*
9.14561411108592,"(7.976, 10.76]","(7.842, 10.76]","(7.666, 10.76]","(7.425, 10.76]","(7.003, 10.76]",*
9.148798840623192,"(7.976, 10.76]","(7.842, 10.76]","(7.666, 10.76]","(7.425, 10.76]","(7.003, 10.76]",*
9.151531302566552,"(7.976, 10.76]","(7.842, 10.76]","(7.666, 10.76]","(7.425, 10.76]","(7.003, 10.76]",*
9.152072898942013,"(7.976, 10.76]","(7.842, 10.76]","(7.666, 10.76]","(7.425, 10.76]","(7.003, 10.76]",*
9.15711784335036,"(7.976, 10.76]","(7.842, 10.76]","(7.666, 10.76]","(7.425, 10.76]","(7.003, 10.76]",*
9.159340949061669,"(7.976, 10.76]","(7.842, 10.76]","(7.666, 10.76]","(7.425, 10.76]","(7.003, 10.76]",*
9.16635040311211,"(7.976, 10.76]","(7.842, 10.76]","(7.666, 10.76]","(7.425, 10.76]","(7.003, 10.76]",*
9.174510391660275,"(7.976, 10.76]","(7.842, 10.76]","(7.666, 10.76]","(7.425, 10.76]","(7.003, 10.76]",*
9.179993535973969,"(7.976, 10.76]","(7.842, 10.76]","(7.666, 10.76]","(7.425, 10.76]","(7.003, 10.76]",*
9.180401428602025,"(7.976, 10.76]","(7.842, 10.76]","(7.666, 10.76]","(7.425, 10.76]","(7.003, 10.76]",*
9.18866726182511,"(7.976, 10.76]","(7.842, 10.76]","(7.666, 10.76]","(7.425, 10.76]","(7.003, 10.76]",*
9.200246200131748,"(7.976, 10.76]","(7.842, 10.76]","(7.666, 10.76]","(7.425, 10.76]","(7.003, 10.76]",*
9.212518352461371,"(7.976, 10.76]","(7.842, 10.76]","(7.666, 10.76]","(7.425, 10.76]","(7.003, 10.76]",*
9.228808642939526,"(7.976, 10.76]","(7.842, 10.76]","(7.666, 10.76]","(7.425, 10.76]","(7.003, 10.76]",*
9.229063553307755,"(7.976, 10.76]","(7.842, 10.76]","(7.666, 10.76]","(7.425, 10.76]","(7.003, 10.76]",*
9.257404381226934,"(7.976, 10.76]","(7.842, 10.76]","(7.666, 10.76]","(7.425, 10.76]","(7.003, 10.76]",*
9.26682698517926,"(7.976, 10.76]","(7.842, 10.76]","(7.666, 10.76]","(7.425, 10.76]","(7.003, 10.76]",*
9.26896684721935,"(7.976, 10.76]","(7.842, 10.76]","(7.666, 10.76]","(7.425, 10.76]","(7.003, 10.76]",*
9.2694526248377,"(7.976, 10.76]","(7.842, 10.76]","(7.666, 10.76]","(7.425, 10.76]","(7.003, 10.76]",*
9.287086197761088,"(7.976, 10.76]","(7.842, 10.76]","(7.666, 10.76]","(7.425, 10.76]","(7.003, 10.76]",*
9.28985437225882,"(7.976, 10.76]","(7.842, 10.76]","(7.666, 10.76]","(7.425, 10.76]","(7.003, 10.76]",*
9.293513239442014,"(7.976, 10.76]","(7.842, 10.76]","(7.666, 10.76]","(7.425, 10.76]","(7.003, 10.76]",*
9.295531206925396,"(7.976, 10.76]","(7.842, 10.76]","(7.666, 10.76]","(7.425, 10.76]","(7.003, 10.76]",*
9.29557101552958,"(7.976, 10.76]","(7.842, 10.76]","(7.666, 10.76]","(7.425, 10.76]","(7.003, 10.76]",*
9.300622598897714,"(7.976, 10.76]","(7.842, 10.76]","(7.666, 10.76]","(7.425, 10.76]","(7.003, 10.76]",*
9.309901621933726,"(7.976, 10.76]","(7.842, 10.76]","(7.666, 10.76]","(7.425, 10.76]","(7.003, 10.76]",*
9.320255430226254,"(7.976, 10.76]","(7.842, 10.76]","(7.666, 10.76]","(7.425, 10.76]","(7.003, 10.76]",*
9.321334129741969,"(7.976, 10.76]","(7.842, 10.76]","(7.666, 10.76]","(7.425, 10.76]","(7.003, 10.76]",*
9.349175608910928,"(7.976, 10.76]","(7.842, 10.76]","(7.666, 10.76]","(7.425, 10.76]","(7.003, 10.76]",*
9.359022453501444,"(7.976, 10.76]","(7.842, 10.76]","(7.666, 10.76]","(7.425, 10.76]","(7.003, 10.76]",*
9.369370842541382,"(7.976, 10.76]","(7.842, 10.76]","(7.666, 10.76]","(7.425, 10.76]","(7.003, 10.76]",*
9.379949192802448,"(7.976, 10.76]","(7.842, 10.76]","(7.666, 10.76]","(7.425, 10.76]","(7.003, 10.76]",*
9.3823655970767,"(7.976, 10.76]","(7.842, 10.76]","(7.666, 10.76]","(7.425, 10.76]","(7.003, 10.76]",*
9.387912580919023,"(7.976, 10.76]","(7.842, 10.76]","(7.666, 10.76]","(7.425, 10.76]","(7.003, 10.76]",*
9.40164522975986,"(7.976, 10.76]","(7.842, 10.76]","(7.666, 10.76]","(7.425, 10.76]","(7.003, 10.76]",*
9.404851241028108,"(7.976, 10.76]","(7.842, 10.76]","(7.666, 10.76]","(7.425, 10.76]","(7.003, 10.76]",*
9.410156957020956,"(7.976, 10.76]","(7.842, 10.76]","(7.666, 10.76]","(7.425, 10.76]","(7.003, 10.76]",*
9.428035063813851,"(7.976, 10.76]","(7.842, 10.76]","(7.666, 10.76]","(7.425, 10.76]","(7.003, 10.76]",*
9.44232501801567,"(7.976, 10.76]","(7.842, 10.76]","(7.666, 10.76]","(7.425, 10.76]","(7.003, 10.76]",*
9.449249570616024,"(7.976, 10.76]","(7.842, 10.76]","(7.666, 10.76]","(7.425, 10.76]","(7.003, 10.76]",*
9.458466362884176,"(7.976, 10.76]","(7.842, 10.76]","(7.666, 10.76]","(7.425, 10.76]","(7.003, 10.76]",*
9.462719991555424,"(7.976, 10.76]","(7.842, 10.76]","(7.666, 10.76]","(7.425, 10.76]","(7.003, 10.76]",*
9.467180659623292,"(7.976, 10.76]","(7.842, 10.76]","(7.666, 10.76]","(7.425, 10.76]","(7.003, 10.76]",*
9.468766369195867,"(7.976, 10.76]","(7.842, 10.76]","(7.666, 10.76]","(7.425, 10.76]","(7.003, 10.76]",*
9.472742073573908,"(7.976, 10.76]","(7.842, 10.76]","(7.666, 10.76]","(7.425, 10.76]","(7.003, 10.76]",*
9.500832821384993,"(7.976, 10.76]","(7.842, 10.76]","(7.666, 10.76]","(7.425, 10.76]","(7.003, 10.76]",*
9.502520111491696,"(7.976, 10.76]","(7.842, 10.76]","(7.666, 10.76]","(7.425, 10.76]","(7.003, 10.76]",*
9.507527474003188,"(7.976, 10.76]","(7.842, 10.76]","(7.666, 10.76]","(7.425, 10.76]","(7.003, 10.76]",*
9.512477058780853,"(7.976, 10.76]","(7.842, 10.76]","(7.666, 10.76]","(7.425, 10.76]","(7.003, 10.76]",*
9.515694091092325,"(7.976, 10.76]","(7.842, 10.76]","(7.666, 10.76]","(7.425, 10.76]","(7.003, 10.76]",*
9.524973612345676,"(7.976, 10.76]","(7.842, 10.76]","(7.666, 10.76]","(7.425, 10.76]","(7.003, 10.76]",*
9.53623861597498,"(7.976, 10.76]","(7.842, 10.76]","(7.666, 10.76]","(7.425, 10.76]","(7.003, 10.76]",*
9.57004815921831,"(7.976, 10.76]","(7.842, 10.76]","(7.666, 10.76]","(7.425, 10.76]","(7.003, 10.76]",*
9.632403030558354,"(7.976, 10.76]","(7.842, 10.76]","(7.666, 10.76]","(7.425, 10.76]","(7.003, 10.76]",*
9.640681638087132,"(7.976, 10.76]","(7.842, 10.76]","(7.666, 10.76]","(7.425, 10.76]","(7.003, 10.76]",*
9.652003929163412,"(7.976, 10.76]","(7.842, 10.76]","(7.666, 10.76]","(7.425, 10.76]","(7.003, 10.76]",*
9.6545557605655,"(7.976, 10.76]","(7.842, 10.76]","(7.666, 10.76]","(7.425, 10.76]","(7.003, 10.76]",*
9.666899229595764,"(7.976, 10.76]","(7.842, 10.76]","(7.666, 10.76]","(7.425, 10.76]","(7.003, 10.76]",*
9.699773328566298,"(7.976, 10.76]","(7.842, 10.76]","(7.666, 10.76]","(7.425, 10.76]","(7.003, 10.76]",*
9.708803014905254,"(7.976, 10.76]","(7.842, 10.76]","(7.666, 10.76]","(7.425, 10.76]","(7.003, 10.76]",*
9.7102168956017,"(7.976, 10.76]","(7.842, 10.76]","(7.666, 10.76]","(7.425, 10.76]","(7.003, 10.76]",*
9.715722673047582,"(7.976, 10.76]","(7.842, 10.76]","(7.666, 10.76]","(7.425, 10.76]","(7.003, 10.76]",*
9.794898313879164,"(7.976, 10.76]","(7.842, 10.76]","(7.666, 10.76]","(7.425, 10.76]","(7.003, 10.76]",*
9.802010413706904,"(7.976, 10.76]","(7.842, 10.76]","(7.666, 10.76]","(7.425, 10.76]","(7.003, 10.76]",*
9.841095462796725,"(7.976, 10.76]","(7.842, 10.76]","(7.666, 10.76]","(7.425, 10.76]","(7.003, 10.76]",*
9.916528434831127,"(7.976, 10.76]","(7.842, 10.76]","(7.666, 10.76]","(7.425, 10.76]","(7.003, 10.76]",*
9.921519788746023,"(7.976, 10.76]","(7.842, 10.76]","(7.666, 10.76]","(7.425, 10.76]","(7.003, 10.76]",*
9.926146707375546,"(7.976, 10.76]","(7.842, 10.76]","(7.666, 10.76]","(7.425, 10.76]","(7.003, 10.76]",*
10.024375374429384,"(7.976, 10.76]","(7.842, 10.76]","(7.666, 10.76]","(7.425, 10.76]","(7.003, 10.76]",*
10.144987898345049,"(7.976, 10.76]","(7.842, 10.76]","(7.666, 10.76]","(7.425, 10.76]","(7.003, 10.76]",*
10.219901981473976,"(7.976, 10.76]","(7.842, 10.76]","(7.666, 10.76]","(7.425, 10.76]","(7.003, 10.76]",*
10.280022415452304,"(7.976, 10.76]","(7.842, 10.76]","(7.666, 10.76]","(7.425, 10.76]","(7.003, 10.76]",*
10.759588335938624,"(7.976, 10.76]","(7.842, 10.76]","(7.666, 10.76]","(7.425, 10.76]","(7.003, 10.76]",*
