15938.657923287848,"(15938.657, 885939.816]","(15938.657, 938062.754]","(15938.657, 997577.135]","(15938.657, 1077881.375]","(15938.657, 1232669.378]",*
31140.517620186045,"(15938.657, 885939.816]","(15938.657, 938062.754]","(15938.657, 997577.135]","(15938.657, 1077881.375]","(15938.657, 1232669.378]",*
88591.77016003926,"(15938.657, 885939.816]","(15938.657, 938062.754]","(15938.657, 997577.135]","(15938.657, 1077881.375]","(15938.657, 1232669.378]",*
143027.36445248185,"(15938.657, 885939.816]","(15938.657, 938062.754]","(15938.657, 997577.135]","(15938.657, 1077881.375]","(15938.657, 1232669.378]",*
151527.0826265551,"(15938.657, 885939.816]","(15938.657, 938062.754]","(15938.657, 997577.135]","(15938.657, 1077881.375]","(15938.657, 1232669.378]",*
152071.87474956046,"(15938.657, 885939.816]","(15938.657, 938062.754]","(15938.657, 997577.135]","(15938.657, 1077881.375]","(15938.657, 1232669.378]",*
201898.08657249613,"(15938.657, 885939.816]","(15938.657, 938062.754]","(15938.657, 997577.135]","(15938.657, 1077881.375]","(15938.657, 1232669.378]",*
211017.97049475572,"(15938.657, 885939.816]","(15938.657, 938062.754]","(15938.657, 997577.135]","(15938.657, 1077881.375]","(15938.657, 1232669.378]",*
231189.8209898588,"(15938.657, 885939.816]","(15938.657, 938062.754]","(15938.657, 997577.135]","(15938.657, 1077881.375]","(15938.657, 1232669.378]",*
239319.93417545117,"(15938.657, 885939.816]","(15938.657, 938062.754]","(15938.657, 997577.135]","(15938.657, 1077881.375]","(15938.657, 1232669.378]",*
253185.70150858173,"(15938.657, 885939.816]","(15938.657, 938062.754]","(15938.657, 997577.135]","(15938.657, 1077881.375]","(15938.657, 1232669.378]",*
266298.8811183604,"(15938.657, 885939.816]","(15938.657, 938062.754]","(15938.657, 997577.135]","(15938.657, 1077881.375]","(15938.657, 1232669.378]",*
268050.81474351394,"(15938.657, 885939.816]","(15938.657, 938062.754]","(15938.657, 997577.135]","(15938.657, 1077881.375]","(15938.657, 1232669.378]",*
283208.13218687923,"(15938.657, 885939.816]","(15938.657, 938062.754]","(15938.657, 997577.135]","(15938.657, 1077881.375]","(15938.657, 1232669.378]",*
287307.583688923,"(15938.657, 885939.816]","(15938.657, 938062.754]","(15938.657, 997577.135]","(15938.657, 1077881.375]","(15938.657, 1232669.378]",*
288708.9121479006,"(15938.657, 885939.816]","(15938.657, 938062.754]","(15938.657, 997577.135]","(15938.657, 1077881.375]","(15938.657, 1232669.378]",*
291724.24561034393,"(15938.657, 885939.816]","(15938.657, 938062.754]","(15938.657, 997577.135]","(15938.657, 1077881.375]","(15938.657, 1232669.378]",*
294170.746352692,"(15938.657, 885939.816]","(15938.657, 938062.754]","(15938.657, 997577.135]","(15938.657, 1077881.375]","(15938.657, 1232669.378]",*
299863.0401311839,"(15938.657, 885939.816]","(15938.657, 938062.754]","(15938.657, 997577.135]","(15938.657, 1077881.375]","(15938.657, 1232669.378]",*
300464.0986827323,"(15938.657, 885939.816]","(15938.657, 938062.754]","(15938.657, 997577.135]","(15938.657, 1077881.375]","(15938.657, 1232669.378]",*
302307.4010604978,"(15938.657, 885939.816]","(15938.657, 938062.754]","(15938.657, 997577.135]","(15938.657, 1077881.375]","(15938.657, 1232669.378]",*
302355.83597895555,"(15938.657, 885939.816]","(15938.657, 938062.754]","(15938.657, 997577.135]","(15938.657, 1077881.375]","(15938.657, 1232669.378]",*
304239.28237102233,"(15938.657, 885939.816]","(15938.657, 938062.754]","(15938.657, 997577.135]","(15938.657, 1077881.375]","(15938.657, 1232669.378]",*
308199.89116387354,"(15938.657, 885939.816]","(15938.657, 938062.754]","(15938.657, 997577.135]","(15938.657, 1077881.375]","(15938.657, 1232669.378]",*
311111.2005867723,"(15938.657, 885939.816]","(15938.657, 938062.754]","(15938.657, 997577.135]","(15938.657, 1077881.375]","(15938.657, 1232669.378]",*
313651.5032332925,"(15938.657, 885939.816]","(15938.657, 938062.754]","(15938.657, 997577.135]","(15938.657, 1077881.375]","(15938.657, 1232669.378]",*
314167.83427680004,"(15938.657, 885939.816]","(15938.657, 938062.754]","(15938.657, 997577.135]","(15938.657, 1077881.375]","(15938.657, 1232669.378]",*
319495.66759175994,"(15938.657, 885939.816]","(15938.657, 938062.754]","(15938.657, 997577.135]","(15938.657, 1077881.375]","(15938.657, 1232669.378]",*
321058.96071220515,"(15938.657, 885939.816]","(15938.657, 938062.754]","(15938.657, 997577.135]","(15938.657, 1077881.375]","(15938.657, 1232669.378]",*
324981.9929926853,"(15938.657, 885939.816]","(15938.657, 938062.754]","(15938.657, 997577.135]","(15938.657, 1077881.375]","(15938.657, 1232669.378]",*
325195.9428324207,"(15938.657, 885939.816]","(15938.657, 938062.754]","(15938.657, 997577.135]","(15938.657, 1077881.375]","(15938.657, 1232669.378]",*
333160.9942794951,"(15938.657, 885939.816]","(15938.657, 938062.754]","(15938.657, 997577.135]","(15938.657, 1077881.375]","(15938.657, 1232669.378]",*
334485.1931043381,"(15938.657, 885939.816]","(15938.657, 938062.754]","(15938.657, 997577.135]","(15938.657, 1077881.375]","(15938.657, 1232669.378]",*
340605.2113124609,"(15938.657, 885939.816]","(15938.657, 938062.754]","(15938.657, 997577.135]","(15938.657, 1077881.375]","(15938.657, 1232669.378]",*
353240.05467269185,"(15938.657, 885939.816]","(15938.657, 938062.754]","(15938.657, 997577.135]","(15938.657, 1077881.375]","(15938.657, 1232669.378]",*
357250.6877741283,"(15938.657, 885939.816]","(15938.657, 938062.754]","(15938.657, 997577.135]","(15938.657, 1077881.375]","(15938.657, 1232669.378]",*
365929.5972582176,"(15938.657, 885939.816]","(15938.657, 938062.754]","(15938.657, 997577.135]","(15938.657, 1077881.375]","(15938.657, 1232669.378]",*
369433.3549647921,"(15938.657, 885939.816]","(15938.657, 938062.754]","(15938.657, 997577.135]","(15938.657, 1077881.375]","(15938.657, 1232669.378]",*
377618.9699014184,"(15938.657, 885939.816]","(15938.657, 938062.754]","(15938.657, 997577.135]","(15938.657, 1077881.375]","(15938.657, 1232669.378]",*
378466.4201839389,"(15938.657, 885939.816]","(15938.657, 938062.754]","(15938.657, 997577.135]","(15938.657, 1077881.375]","(15938.657, 1232669.378]",*
383020.827749009,"(15938.657, 885939.816]","(15938.657, 938062.754]","(15938.657, 997577.135]","(15938.657, 1077881.375]","(15938.657, 1232669.378]",*
385678.1666731234,"(15938.657, 885939.816]","(15938.657, 938062.754]","(15938.657, 997577.135]","(15938.657, 1077881.375]","(15938.657, 1232669.378]",*
390948.4499941545,"(15938.657, 885939.816]","(15938.657, 938062.754]","(15938.657, 997577.135]","(15938.657, 1077881.375]","(15938.657, 1232669.378]",*
393639.07395721273,"(15938.657, 885939.816]","(15938.657, 938062.754]","(15938.657, 997577.135]","(15938.657, 1077881.375]","(15938.657, 1232669.378]",*
395440.2021544269,"(15938.657, 885939.816]","(15938.657, 938062.754]","(15938.657, 997577.135]","(15938.657, 1077881.375]","(15938.657, 1232669.378]",*
395523.24608349975,"(15938.657, 885939.816]","(15938.657, 938062.754]","(15938.657, 997577.135]","(15938.657, 1077881.375]","(15938.657, 1232669.378]",*
395901.2500673755,"(15938.657, 885939.816]","(15938.657, 938062.754]","(15938.657, 997577.135]","(15938.657, 1077881.375]","(15938.657, 1232669.378]",*
398909.5098600632,"(15938.657, 885939.816]","(15938.657, 938062.754]","(15938.657, 997577.135]","(15938.657, 1077881.375]","(15938.657, 1232669.378]",*
401148.5687913792,"(15938.657, 885939.816]","(15938.657, 938062.754]","(15938.657, 997577.135]","(15938.657, 1077881.375]","(15938.657, 1232669.378]",*
404643.60224269313,"(15938.657, 885939.816]","(15938.657, 938062.754]","(15938.657, 997577.135]","(15938.657, 1077881.375]","(15938.657, 1232669.378]",*
404976.365896227,"(15938.657, 885939.816]","(15938.657, 938062.754]","(15938.657, 997577.135]","(15938.657, 1077881.375]","(15938.657, 1232669.378]",*
407718.9382154924,"(15938.657, 885939.816]","(15938.657, 938062.754]","(15938.657, 997577.135]","(15938.657, 1077881.375]","(15938.657, 1232669.378]",*
412057.44010888686,"(15938.657, 885939.816]","(15938.657, 938062.754]","(15938.657, 997577.135]","(15938.657, 1077881.375]","(15938.657, 1232669.378]",*
412269.2033995612,"(15938.657, 885939.816]","(15938.657, 938062.754]","(15938.657, 997577.135]","(15938.657, 1077881.375]","(15938.657, 1232669.378]",*
414165.22036082624,"(15938.657, 885939.816]","(15938.657, 938062.754]","(15938.657, 997577.135]","(15938.657, 1077881.375]","(15938.657, 1232669.378]",*
414571.2229366215,"(15938.657, 885939.816]","(15938.657, 938062.754]","(15938.657, 997577.135]","(15938.657, 1077881.375]","(15938.657, 1232669.378]",*
420122.99953232025,"(15938.657, 885939.816]","(15938.657, 938062.754]","(15938.657, 997577.135]","(15938.657, 1077881.375]","(15938.657, 1232669.378]",*
426100.4805486336,"(15938.657, 885939.816]","(15938.657, 938062.754]","(15938.657, 997577.135]","(15938.657, 1077881.375]","(15938.657, 1232669.378]",*
426906.18286889006,"(15938.657, 885939.816]","(15938.657, 938062.754]","(15938.657, 997577.135]","(15938.657, 1077881.375]","(15938.657, 1232669.378]",*
430088.2507146244,"(15938.657, 885939.816]","(15938.657, 938062.754]","(15938.657, 997577.135]","(15938.657, 1077881.375]","(15938.657, 1232669.378]",*
433247.1565833708,"(15938.657, 885939.816]","(15938.657, 938062.754]","(15938.657, 997577.135]","(15938.657, 1077881.375]","(15938.657, 1232669.378]",*
437146.0203506594,"(15938.657, 885939.816]","(15938.657, 938062.754]","(15938.657, 997577.135]","(15938.657, 1077881.375]","(15938.657, 1232669.378]",*
437436.13820319896,"(15938.657, 885939.816]","(15938.657, 938062.754]","(15938.657, 997577.135]","(15938.657, 1077881.375]","(15938.657, 1232669.378]",*
440585.029390805,"(15938.657, 885939.816]","(15938.657, 938062.754]","(15938.657, 997577.135]","(15938.657, 1077881.375]","(15938.657, 1232669.378]",*
449331.5835333807,"(15938.657, 885939.816]","(15938.657, 938062.754]","(15938.657, 997577.135]","(15938.657, 1077881.375]","(15938.657, 1232669.378]",*
449728.1009992498,"(15938.657, 885939.816]","(15938.657, 938062.754]","(15938.657, 997577.135]","(15938.657, 1077881.375]","(15938.657, 1232669.378]",*
450307.0173807282,"(15938.657, 885939.816]","(15938.657, 938062.754]","(15938.657, 997577.135]","(15938.657, 1077881.375]","(15938.657, 1232669.378]",*
452530.1766995848,"(15938.657, 885939.816]","(15938.657, 938062.754]","(15938.657, 997577.135]","(15938.657, 1077881.375]","(15938.657, 1232669.378]",*
454055.6558526805,"(15938.657, 885939.816]","(15938.657, 938062.754]","(15938.657, 997577.135]","(15938.657, 1077881.375]","(15938.657, 1232669.378]",*
454234.33443278814,"(15938.657, 885939.816]","(15938.657, 938062.754]","(15938.657, 997577.135]","(15938.657, 1077881.375]","(15938.657, 1232669.378]",*
456019.171216889,"(15938.657, 885939.816]","(15938.657, 938062.754]","(15938.657, 997577.135]","(15938.657, 1077881.375]","(15938.657, 1232669.378]",*
459446.4192774692,"(15938.657, 885939.816]","(15938.657, 938062.754]","(15938.657, 997577.135]","(15938.657, 1077881.375]","(15938.657, 1232669.378]",*
461473.56652671896,"(15938.657, 885939.816]","(15938.657, 938062.754]","(15938.657, 997577.135]","(15938.657, 1077881.375]","(15938.657, 1232669.378]",*
461912.2442841672,"(15938.657, 885939.816]","(15938.657, 938062.754]","(15938.657, 997577.135]","(15938.657, 1077881.375]","(15938.657, 1232669.378]",*
465499.8080598057,"(15938.657, 885939.816]","(15938.657, 938062.754]","(15938.657, 997577.135]","(15938.657, 1077881.375]","(15938.657, 1232669.378]",*
469016.24780787673,"(15938.657, 885939.816]","(15938.657, 938062.754]","(15938.657, 997577.135]","(15938.657, 1077881.375]","(15938.657, 1232669.378]",*
469262.8155752149,"(15938.657, 885939.816]","(15938.657, 938062.754]","(15938.657, 997577.135]","(15938.657, 1077881.375]","(15938.657, 1232669.378]",*
470008.13822756393,"(15938.657, 885939.816]","(15938.657, 938062.754]","(15938.657, 997577.135]","(15938.657, 1077881.375]","(15938.657, 1232669.378]",*
476006.4445144393,"(15938.657, 885939.816]","(15938.657, 938062.754]","(15938.657, 997577.135]","(15938.657, 1077881.375]","(15938.657, 1232669.378]",*
476971.4559427722,"(15938.657, 885939.816]","(15938.657, 938062.754]","(15938.657, 997577.135]","(15938.657, 1077881.375]","(15938.657, 1232669.378]",*
479500.5568108269,"(15938.657, 885939.816]","(15938.657, 938062.754]","(15938.657, 997577.135]","(15938.657, 1077881.375]","(15938.657, 1232669.378]",*
481391.6433219672,"(15938.657, 885939.816]","(15938.657, 938062.754]","(15938.657, 997577.135]","(15938.657, 1077881.375]","(15938.657, 1232669.378]",*
482689.7033756664,"(15938.657, 885939.816]","(15938.657, 938062.754]","(15938.657, 997577.135]","(15938.657, 1077881.375]","(15938.657, 1232669.378]",*
483458.5482582932,"(15938.657, 885939.816]","(15938.657, 938062.754]","(15938.657, 997577.135]","(15938.657, 1077881.375]","(15938.657, 1232669.378]",*
483986.10899252974,"(15938.657, 885939.816]","(15938.657, 938062.754]","(15938.657, 997577.135]","(15938.657, 1077881.375]","(15938.657, 1232669.378]",*
485533.68035768607,"(15938.657, 885939.816]","(15938.657, 938062.754]","(15938.657, 997577.135]","(15938.657, 1077881.375]","(15938.657, 1232669.378]",*
490338.6033379856,"(15938.657, 885939.816]","(15938.657, 938062.754]","(15938.657, 997577.135]","(15938.657, 1077881.375]","(15938.657, 1232669.378]",*
491085.8259962853,"(15938.657, 885939.816]","(15938.657, 938062.754]","(15938.657, 997577.135]","(15938.657, 1077881.375]","(15938.657, 1232669.378]",*
491907.7943712191,"(15938.657, 885939.816]","(15938.657, 938062.754]","(15938.657, 997577.135]","(15938.657, 1077881.375]","(15938.657, 1232669.378]",*
492984.5946724443,"(15938.657, 885939.816]","(15938.657, 938062.754]","(15938.657, 997577.135]","(15938.657, 1077881.375]","(15938.657, 1232669.378]",*
493350.031167589,"(15938.657, 885939.816]","(15938.657, 938062.754]","(15938.657, 997577.135]","(15938.657, 1077881.375]","(15938.657, 1232669.378]",*
494609.03343102656,"(15938.657, 885939.816]","(15938.657, 938062.754]","(15938.657, 997577.135]","(15938.657, 1077881.375]","(15938.657, 1232669.378]",*
494742.5435776913,"(15938.657, 885939.816]","(15938.657, 938062.754]","(15938.657, 997577.135]","(15938.657, 1077881.375]","(15938.657, 1232669.378]",*
496359.9707913821,"(15938.657, 885939.816]","(15938.657, 938062.754]","(15938.657, 997577.135]","(15938.657, 1077881.375]","(15938.657, 1232669.378]",*
497368.0367931192,"(15938.657, 885939.816]","(15938.657, 938062.754]","(15938.657, 997577.135]","(15938.657, 1077881.375]","(15938.657, 1232669.378]",*
497579.4465868728,"(15938.657, 885939.816]","(15938.657, 938062.754]","(15938.657, 997577.135]","(15938.657, 1077881.375]","(15938.657, 1232669.378]",*
499548.0114305352,"(15938.657, 885939.816]","(15938.657, 938062.754]","(15938.657, 997577.135]","(15938.657, 1077881.375]","(15938.657, 1232669.378]",*
502553.05218755367,"(15938.657, 885939.816]","(15938.657, 938062.754]","(15938.657, 997577.135]","(15938.657, 1077881.375]","(15938.657, 1232669.378]",*
503065.50562420936,"(15938.657, 885939.816]","(15938.657, 938062.754]","(15938.657, 997577.135]","(15938.657, 1077881.375]","(15938.657, 1232669.378]",*
508951.5668799004,"(15938.657, 885939.816]","(15938.657, 938062.754]","(15938.657, 997577.135]","(15938.657, 1077881.375]","(15938.657, 1232669.378]",*
509499.588996669,"(15938.657, 885939.816]","(15938.657, 938062.754]","(15938.657, 997577.135]","(15938.657, 1077881.375]","(15938.657, 1232669.378]",*
512252.8035064911,"(15938.657, 885939.816]","(15938.657, 938062.754]","(15938.657, 997577.135]","(15938.657, 1077881.375]","(15938.657, 1232669.378]",*
513215.9882314093,"(15938.657, 885939.816]","(15938.657, 938062.754]","(15938.657, 997577.135]","(15938.657, 1077881.375]","(15938.657, 1232669.378]",*
517937.58954093023,"(15938.657, 885939.816]","(15938.657, 938062.754]","(15938.657, 997577.135]","(15938.657, 1077881.375]","(15938.657, 1232669.378]",*
518831.47063277656,"(15938.657, 885939.816]","(15938.657, 938062.754]","(15938.657, 997577.135]","(15938.657, 1077881.375]","(15938.657, 1232669.378]",*
520217.89299136034,"(15938.657, 885939.816]","(15938.657, 938062.754]","(15938.657, 997577.135]","(15938.657, 1077881.375]","(15938.657, 1232669.378]",*
522638.99887346,"(15938.657, 885939.816]","(15938.657, 938062.754]","(15938.657, 997577.135]","(15938.657, 1077881.375]","(15938.657, 1232669.378]",*
524712.7660674525,"(15938.657, 885939.816]","(15938.657, 938062.754]","(15938.657, 997577.135]","(15938.657, 1077881.375]","(15938.657, 1232669.378]",*
527749.4038647808,"(15938.657, 885939.816]","(15938.657, 938062.754]","(15938.657, 997577.135]","(15938.657, 1077881.375]","(15938.657, 1232669.378]",*
528485.2467305964,"(15938.657, 885939.816]","(15938.657, 938062.754]","(15938.657, 997577.135]","(15938.657, 1077881.375]","(15938.657, 1232669.378]",*
529282.0843920948,"(15938.657, 885939.816]","(15938.657, 938062.754]","(15938.657, 997577.135]","(15938.657, 1077881.375]","(15938.657, 1232669.378]",*
530613.7955692228,"(15938.657, 885939.816]","(15938.657, 938062.754]","(15938.657, 997577.135]","(15938.657, 1077881.375]","(15938.657, 1232669.378]",*
530764.6724637834,"(15938.657, 885939.816]","(15938.657, 938062.754]","(15938.657, 997577.135]","(15938.657, 1077881.375]","(15938.657, 1232669.378]",*
533386.7712388085,"(15938.657, 885939.816]","(15938.657, 938062.754]","(15938.657, 997577.135]","(15938.657, 1077881.375]","(15938.657, 1232669.378]",*
534077.4554759212,"(15938.657, 885939.816]","(15938.657, 938062.754]","(15938.657, 997577.135]","(15938.657, 1077881.375]","(15938.657, 1232669.378]",*
534305.1323349292,"(15938.657, 885939.816]","(15938.657, 938062.754]","(15938.657, 997577.135]","(15938.657, 1077881.375]","(15938.657, 1232669.378]",*
539483.3966111792,"(15938.657, 885939.816]","(15938.657, 938062.754]","(15938.657, 997577.135]","(15938.657, 1077881.375]","(15938.657, 1232669.378]",*
541953.9056802422,"(15938.657, 885939.816]","(15938.657, 938062.754]","(15938.657, 997577.135]","(15938.657, 1077881.375]","(15938.657, 1232669.378]",*
542596.9895250229,"(15938.657, 885939.816]","(15938.657, 938062.754]","(15938.657, 997577.135]","(15938.657, 1077881.375]","(15938.657, 1232669.378]",*
544320.6881466628,"(15938.657, 885939.816]","(15938.657, 938062.754]","(15938.657, 997577.135]","(15938.657, 1077881.375]","(15938.657, 1232669.378]",*
547794.5711922585,"(15938.657, 885939.816]","(15938.657, 938062.754]","(15938.657, 997577.135]","(15938.657, 1077881.375]","(15938.657, 1232669.378]",*
547918.3263781852,"(15938.657, 885939.816]","(15938.657, 938062.754]","(15938.657, 997577.135]","(15938.657, 1077881.375]","(15938.657, 1232669.378]",*
549167.9398554484,"(15938.657, 885939.816]","(15938.657, 938062.754]","(15938.657, 997577.135]","(15938.657, 1077881.375]","(15938.657, 1232669.378]",*
549947.2482470637,"(15938.657, 885939.816]","(15938.657, 938062.754]","(15938.657, 997577.135]","(15938.657, 1077881.375]","(15938.657, 1232669.378]",*
549976.1455595789,"(15938.657, 885939.816]","(15938.657, 938062.754]","(15938.657, 997577.135]","(15938.657, 1077881.375]","(15938.657, 1232669.378]",*
552279.2140466532,"(15938.657, 885939.816]","(15938.657, 938062.754]","(15938.657, 997577.135]","(15938.657, 1077881.375]","(15938.657, 1232669.378]",*
552585.3540991661,"(15938.657, 885939.816]","(15938.657, 938062.754]","(15938.657, 997577.135]","(15938.657, 1077881.375]","(15938.657, 1232669.378]",*
553077.2126120757,"(15938.657, 885939.816]","(15938.657, 938062.754]","(15938.657, 997577.135]","(15938.657, 1077881.375]","(15938.657, 1232669.378]",*
554253.0540102996,"(15938.657, 885939.816]","(15938.657, 938062.754]","(15938.657, 997577.135]","(15938.657, 1077881.375]","(15938.657, 1232669.378]",*
554702.6801764854,"(15938.657, 885939.816]","(15938.657, 938062.754]","(15938.657, 997577.135]","(15938.657, 1077881.375]","(15938.657, 1232669.378]",*
555504.1478098433,"(15938.657, 885939.816]","(15938.657, 938062.754]","(15938.657, 997577.135]","(15938.657, 1077881.375]","(15938.657, 1232669.378]",*
555755.6567947512,"(15938.657, 885939.816]","(15938.657, 938062.754]","(15938.657, 997577.135]","(15938.657, 1077881.375]","(15938.657, 1232669.378]",*
555811.4067429452,"(15938.657, 885939.816]","(15938.657, 938062.754]","(15938.657, 997577.135]","(15938.657, 1077881.375]","(15938.657, 1232669.378]",*
556839.6371323885,"(15938.657, 885939.816]","(15938.657, 938062.754]","(15938.657, 997577.135]","(15938.657, 1077881.375]","(15938.657, 1232669.378]",*
557228.7841971011,"(15938.657, 885939.816]","(15938.657, 938062.754]","(15938.657, 997577.135]","(15938.657, 1077881.375]","(15938.657, 1232669.378]",*
557362.204267089,"(15938.657, 885939.816]","(15938.657, 938062.754]","(15938.657, 997577.135]","(15938.657, 1077881.375]","(15938.657, 1232669.378]",*
560598.5384309639,"(15938.657, 885939.816]","(15938.657, 938062.754]","(15938.657, 997577.135]","(15938.657, 1077881.375]","(15938.657, 1232669.378]",*
561703.7697294904,"(15938.657, 885939.816]","(15938.657, 938062.754]","(15938.657, 997577.135]","(15938.657, 1077881.375]","(15938.657, 1232669.378]",*
562839.468720642,"(15938.657, 885939.816]","(15938.657, 938062.754]","(15938.657, 997577.135]","(15938.657, 1077881.375]","(15938.657, 1232669.378]",*
565680.5528071544,"(15938.657, 885939.816]","(15938.657, 938062.754]","(15938.657, 997577.135]","(15938.657, 1077881.375]","(15938.657, 1232669.378]",*
565732.8175402835,"(15938.657, 885939.816]","(15938.657, 938062.754]","(15938.657, 997577.135]","(15938.657, 1077881.375]","(15938.657, 1232669.378]",*
565937.200553177,"(15938.657, 885939.816]","(15938.657, 938062.754]","(15938.657, 997577.135]","(15938.657, 1077881.375]","(15938.657, 1232669.378]",*
566645.8578321565,"(15938.657, 885939.816]","(15938.657, 938062.754]","(15938.657, 997577.135]","(15938.657, 1077881.375]","(15938.657, 1232669.378]",*
566848.7320986082,"(15938.657, 885939.816]","(15938.657, 938062.754]","(15938.657, 997577.135]","(15938.657, 1077881.375]","(15938.657, 1232669.378]",*
566896.2123271407,"(15938.657, 885939.816]","(15938.657, 938062.754]","(15938.657, 997577.135]","(15938.657, 1077881.375]","(15938.657, 1232669.378]",*
568703.1838335629,"(15938.657, 885939.816]","(15938.657, 938062.754]","(15938.657, 997577.135]","(15938.657, 1077881.375]","(15938.657, 1232669.378]",*
568842.5355753638,"(15938.657, 885939.816]","(15938.657, 938062.754]","(15938.657, 997577.135]","(15938.657, 1077881.375]","(15938.657, 1232669.378]",*
568977.0727690812,"(15938.657, 885939.816]","(15938.657, 938062.754]","(15938.657, 997577.135]","(15938.657, 1077881.375]","(15938.657, 1232669.378]",*
569876.7748806281,"(15938.657, 885939.816]","(15938.657, 938062.754]","(15938.657, 997577.135]","(15938.657, 1077881.375]","(15938.657, 1232669.378]",*
573434.664234319,"(15938.657, 885939.816]","(15938.657, 938062.754]","(15938.657, 997577.135]","(15938.657, 1077881.375]","(15938.657, 1232669.378]",*
575694.1732158384,"(15938.657, 885939.816]","(15938.657, 938062.754]","(15938.657, 997577.135]","(15938.657, 1077881.375]","(15938.657, 1232669.378]",*
576356.0318820125,"(15938.657, 885939.816]","(15938.657, 938062.754]","(15938.657, 997577.135]","(15938.657, 1077881.375]","(15938.657, 1232669.378]",*
576387.1752221297,"(15938.657, 885939.816]","(15938.657, 938062.754]","(15938.657, 997577.135]","(15938.657, 1077881.375]","(15938.657, 1232669.378]",*
577104.814915664,"(15938.657, 885939.816]","(15938.657, 938062.754]","(15938.657, 997577.135]","(15938.657, 1077881.375]","(15938.657, 1232669.378]",*
577168.2739439054,"(15938.657, 885939.816]","(15938.657, 938062.754]","(15938.657, 997577.135]","(15938.657, 1077881.375]","(15938.657, 1232669.378]",*
578142.4703379882,"(15938.657, 885939.816]","(15938.657, 938062.754]","(15938.657, 997577.135]","(15938.657, 1077881.375]","(15938.657, 1232669.378]",*
578161.4955401686,"(15938.657, 885939.816]","(15938.657, 938062.754]","(15938.657, 997577.135]","(15938.657, 1077881.375]","(15938.657, 1232669.378]",*
578309.0861866743,"(15938.657, 885939.816]","(15938.657, 938062.754]","(15938.657, 997577.135]","(15938.657, 1077881.375]","(15938.657, 1232669.378]",*
578396.2214702787,"(15938.657, 885939.816]","(15938.657, 938062.754]","(15938.657, 997577.135]","(15938.657, 1077881.375]","(15938.657, 1232669.378]",*
578593.5339451779,"(15938.657, 885939.816]","(15938.657, 938062.754]","(15938.657, 997577.135]","(15938.657, 1077881.375]","(15938.657, 1232669.378]",*
579585.6980204432,"(15938.657, 885939.816]","(15938.657, 938062.754]","(15938.657, 997577.135]","(15938.657, 1077881.375]","(15938.657, 1232669.378]",*
579710.10976594,"(15938.657, 885939.816]","(15938.657, 938062.754]","(15938.657, 997577.135]","(15938.657, 1077881.375]","(15938.657, 1232669.378]",*
581134.9649442481,"(15938.657, 885939.816]","(15938.657, 938062.754]","(15938.657, 997577.135]","(15938.657, 1077881.375]","(15938.657, 1232669.378]",*
581200.0967346437,"(15938.657, 885939.816]","(15938.657, 938062.754]","(15938.657, 997577.135]","(15938.657, 1077881.375]","(15938.657, 1232669.378]",*
583016.7918965971,"(15938.657, 885939.816]","(15938.657, 938062.754]","(15938.657, 997577.135]","(15938.657, 1077881.375]","(15938.657, 1232669.378]",*
584061.2474302108,"(15938.657, 885939.816]","(15938.657, 938062.754]","(15938.657, 997577.135]","(15938.657, 1077881.375]","(15938.657, 1232669.378]",*
585440.4314477128,"(15938.657, 885939.816]","(15938.657, 938062.754]","(15938.657, 997577.135]","(15938.657, 1077881.375]","(15938.657, 1232669.378]",*
585531.238099097,"(15938.657, 885939.816]","(15938.657, 938062.754]","(15938.657, 997577.135]","(15938.657, 1077881.375]","(15938.657, 1232669.378]",*
585608.6326222321,"(15938.657, 885939.816]","(15938.657, 938062.754]","(15938.657, 997577.135]","(15938.657, 1077881.375]","(15938.657, 1232669.378]",*
586381.5473253077,"(15938.657, 885939.816]","(15938.657, 938062.754]","(15938.657, 997577.135]","(15938.657, 1077881.375]","(15938.657, 1232669.378]",*
587007.8442399998,"(15938.657, 885939.816]","(15938.657, 938062.754]","(15938.657, 997577.135]","(15938.657, 1077881.375]","(15938.657, 1232669.378]",*
589352.3954068222,"(15938.657, 885939.816]","(15938.657, 938062.754]","(15938.657, 997577.135]","(15938.657, 1077881.375]","(15938.657, 1232669.378]",*
589969.6429279258,"(15938.657, 885939.816]","(15938.657, 938062.754]","(15938.657, 997577.135]","(15938.657, 1077881.375]","(15938.657, 1232669.378]",*
590199.1722354505,"(15938.657, 885939.816]","(15938.657, 938062.754]","(15938.657, 997577.135]","(15938.657, 1077881.375]","(15938.657, 1232669.378]",*
592223.2631006419,"(15938.657, 885939.816]","(15938.657, 938062.754]","(15938.657, 997577.135]","(15938.657, 1077881.375]","(15938.657, 1232669.378]",*
592397.7261389504,"(15938.657, 885939.816]","(15938.657, 938062.754]","(15938.657, 997577.135]","(15938.657, 1077881.375]","(15938.657, 1232669.378]",*
592512.4283228129,"(15938.657, 885939.816]","(15938.657, 938062.754]","(15938.657, 997577.135]","(15938.657, 1077881.375]","(15938.657, 1232669.378]",*
593766.1847676778,"(15938.657, 885939.816]","(15938.657, 938062.754]","(15938.657, 997577.135]","(15938.657, 1077881.375]","(15938.657, 1232669.378]",*
594816.9325198851,"(15938.657, 885939.816]","(15938.657, 938062.754]","(15938.657, 997577.135]","(15938.657, 1077881.375]","(15938.657, 1232669.378]",*
596350.350685955,"(15938.657, 885939.816]","(15938.657, 938062.754]","(15938.657, 997577.135]","(15938.657, 1077881.375]","(15938.657, 1232669.378]",*
599504.0192866956,"(15938.657, 885939.816]","(15938.657, 938062.754]","(15938.657, 997577.135]","(15938.657, 1077881.375]","(15938.657, 1232669.378]",*
601007.3511604669,"(15938.657, 885939.816]","(15938.657, 938062.754]","(15938.657, 997577.135]","(15938.657, 1077881.375]","(15938.657, 1232669.378]",*
601973.0017397135,"(15938.657, 885939.816]","(15938.657, 938062.754]","(15938.657, 997577.135]","(15938.657, 1077881.375]","(15938.657, 1232669.378]",*
602209.5750471331,"(15938.657, 885939.816]","(15938.657, 938062.754]","(15938.657, 997577.135]","(15938.657, 1077881.375]","(15938.657, 1232669.378]",*
603374.0391445679,"(15938.657, 885939.816]","(15938.657, 938062.754]","(15938.657, 997577.135]","(15938.657, 1077881.375]","(15938.657, 1232669.378]",*
603714.7885821962,"(15938.657, 885939.816]","(15938.657, 938062.754]","(15938.657, 997577.135]","(15938.657, 1077881.375]","(15938.657, 1232669.378]",*
605073.4908029073,"(15938.657, 885939.816]","(15938.657, 938062.754]","(15938.657, 997577.135]","(15938.657, 1077881.375]","(15938.657, 1232669.378]",*
605963.7067836822,"(15938.657, 885939.816]","(15938.657, 938062.754]","(15938.657, 997577.135]","(15938.657, 1077881.375]","(15938.657, 1232669.378]",*
606191.8669228128,"(15938.657, 885939.816]","(15938.657, 938062.754]","(15938.657, 997577.135]","(15938.657, 1077881.375]","(15938.657, 1232669.378]",*
606863.1414738953,"(15938.657, 885939.816]","(15938.657, 938062.754]","(15938.657, 997577.135]","(15938.657, 1077881.375]","(15938.657, 1232669.378]",*
607249.4232841765,"(15938.657, 885939.816]","(15938.657, 938062.754]","(15938.657, 997577.135]","(15938.657, 1077881.375]","(15938.657, 1232669.378]",*
607858.9911712976,"(15938.657, 885939.816]","(15938.657, 938062.754]","(15938.657, 997577.135]","(15938.657, 1077881.375]","(15938.657, 1232669.378]",*
607873.7727559933,"(15938.657, 885939.816]","(15938.657, 938062.754]","(15938.657, 997577.135]","(15938.657, 1077881.375]","(15938.657, 1232669.378]",*
608794.2466921951,"(15938.657, 885939.816]","(15938.657, 938062.754]","(15938.657, 997577.135]","(15938.657, 1077881.375]","(15938.657, 1232669.378]",*
609402.7752548894,"(15938.657, 885939.816]","(15938.657, 938062.754]","(15938.657, 997577.135]","(15938.657, 1077881.375]","(15938.657, 1232669.378]",*
612211.5924474286,"(15938.657, 885939.816]","(15938.657, 938062.754]","(15938.657, 997577.135]","(15938.657, 1077881.375]","(15938.657, 1232669.378]",*
612938.7144827124,"(15938.657, 885939.816]","(15938.657, 938062.754]","(15938.657, 997577.135]","(15938.657, 1077881.375]","(15938.657, 1232669.378]",*
613370.8510937464,"(15938.657, 885939.816]","(15938.657, 938062.754]","(15938.657, 997577.135]","(15938.657, 1077881.375]","(15938.657, 1232669.378]",*
613788.3219895302,"(15938.657, 885939.816]","(15938.657, 938062.754]","(15938.657, 997577.135]","(15938.657, 1077881.375]","(15938.657, 1232669.378]",*
614700.7371485097,"(15938.657, 885939.816]","(15938.657, 938062.754]","(15938.657, 997577.135]","(15938.657, 1077881.375]","(15938.657, 1232669.378]",*
615055.6757921792,"(15938.657, 885939.816]","(15938.657, 938062.754]","(15938.657, 997577.135]","(15938.657, 1077881.375]","(15938.657, 1232669.378]",*
615144.898641351,"(15938.657, 885939.816]","(15938.657, 938062.754]","(15938.657, 997577.135]","(15938.657, 1077881.375]","(15938.657, 1232669.378]",*
615506.8010811901,"(15938.657, 885939.816]","(15938.657, 938062.754]","(15938.657, 997577.135]","(15938.657, 1077881.375]","(15938.657, 1232669.378]",*
615555.4936155445,"(15938.657, 885939.816]","(15938.657, 938062.754]","(15938.657, 997577.135]","(15938.657, 1077881.375]","(15938.657, 1232669.378]",*
615568.113378455,"(15938.657, 885939.816]","(15938.657, 938062.754]","(15938.657, 997577.135]","(15938.657, 1077881.375]","(15938.657, 1232669.378]",*
616056.9600419117,"(15938.657, 885939.816]","(15938.657, 938062.754]","(15938.657, 997577.135]","(15938.657, 1077881.375]","(15938.657, 1232669.378]",*
616738.2083315281,"(15938.657, 885939.816]","(15938.657, 938062.754]","(15938.657, 997577.135]","(15938.657, 1077881.375]","(15938.657, 1232669.378]",*
617157.9102965128,"(15938.657, 885939.816]","(15938.657, 938062.754]","(15938.657, 997577.135]","(15938.657, 1077881.375]","(15938.657, 1232669.378]",*
619087.6936175337,"(15938.657, 885939.816]","(15938.657, 938062.754]","(15938.657, 997577.135]","(15938.657, 1077881.375]","(15938.657, 1232669.378]",*
619407.4862651835,"(15938.657, 885939.816]","(15938.657, 938062.754]","(15938.657, 997577.135]","(15938.657, 1077881.375]","(15938.657, 1232669.378]",*
619664.2511643859,"(15938.657, 885939.816]","(15938.657, 938062.754]","(15938.657, 997577.135]","(15938.657, 1077881.375]","(15938.657, 1232669.378]",*
622449.6452289193,"(15938.657, 885939.816]","(15938.657, 938062.754]","(15938.657, 997577.135]","(15938.657, 1077881.375]","(15938.657, 1232669.378]",*
623181.1347939228,"(15938.657, 885939.816]","(15938.657, 938062.754]","(15938.657, 997577.135]","(15938.657, 1077881.375]","(15938.657, 1232669.378]",*
623721.6129854085,"(15938.657, 885939.816]","(15938.657, 938062.754]","(15938.657, 997577.135]","(15938.657, 1077881.375]","(15938.657, 1232669.378]",*
624244.9443876417,"(15938.657, 885939.816]","(15938.657, 938062.754]","(15938.657, 997577.135]","(15938.657, 1077881.375]","(15938.657, 1232669.378]",*
624432.9659944219,"(15938.657, 885939.816]","(15938.657, 938062.754]","(15938.657, 997577.135]","(15938.657, 1077881.375]","(15938.657, 1232669.378]",*
624482.7635866479,"(15938.657, 885939.816]","(15938.657, 938062.754]","(15938.657, 997577.135]","(15938.657, 1077881.375]","(15938.657, 1232669.378]",*
625880.7320537643,"(15938.657, 885939.816]","(15938.657, 938062.754]","(15938.657, 997577.135]","(15938.657, 1077881.375]","(15938.657, 1232669.378]",*
625990.3004351463,"(15938.657, 885939.816]","(15938.657, 938062.754]","(15938.657, 997577.135]","(15938.657, 1077881.375]","(15938.657, 1232669.378]",*
626020.1694678677,"(15938.657, 885939.816]","(15938.657, 938062.754]","(15938.657, 997577.135]","(15938.657, 1077881.375]","(15938.657, 1232669.378]",*
626085.9330046533,"(15938.657, 885939.816]","(15938.657, 938062.754]","(15938.657, 997577.135]","(15938.657, 1077881.375]","(15938.657, 1232669.378]",*
627650.4025709751,"(15938.657, 885939.816]","(15938.657, 938062.754]","(15938.657, 997577.135]","(15938.657, 1077881.375]","(15938.657, 1232669.378]",*
627733.7433863797,"(15938.657, 885939.816]","(15938.657, 938062.754]","(15938.657, 997577.135]","(15938.657, 1077881.375]","(15938.657, 1232669.378]",*
628870.345640628,"(15938.657, 885939.816]","(15938.657, 938062.754]","(15938.657, 997577.135]","(15938.657, 1077881.375]","(15938.657, 1232669.378]",*
629657.6132544072,"(15938.657, 885939.816]","(15938.657, 938062.754]","(15938.657, 997577.135]","(15938.657, 1077881.375]","(15938.657, 1232669.378]",*
630943.4893385402,"(15938.657, 885939.816]","(15938.657, 938062.754]","(15938.657, 997577.135]","(15938.657, 1077881.375]","(15938.657, 1232669.378]",*
631656.4745826736,"(15938.657, 885939.816]","(15938.657, 938062.754]","(15938.657, 997577.135]","(15938.657, 1077881.375]","(15938.657, 1232669.378]",*
631712.7237814899,"(15938.657, 885939.816]","(15938.657, 938062.754]","(15938.657, 997577.135]","(15938.657, 1077881.375]","(15938.657, 1232669.378]",*
633875.9302099622,"(15938.657, 885939.816]","(15938.657, 938062.754]","(15938.657, 997577.135]","(15938.657, 1077881.375]","(15938.657, 1232669.378]",*
634218.4408284404,"(15938.657, 885939.816]","(15938.657, 938062.754]","(15938.657, 997577.135]","(15938.657, 1077881.375]","(15938.657, 1232669.378]",*
635419.3652163026,"(15938.657, 885939.816]","(15938.657, 938062.754]","(15938.657, 997577.135]","(15938.657, 1077881.375]","(15938.657, 1232669.378]",*
635429.2305190088,"(15938.657, 885939.816]","(15938.657, 938062.754]","(15938.657, 997577.135]","(15938.657, 1077881.375]","(15938.657, 1232669.378]",*
635530.8448860593,"(15938.657, 885939.816]","(15938.657, 938062.754]","(15938.657, 997577.135]","(15938.657, 1077881.375]","(15938.657, 1232669.378]",*
636506.0005989884,"(15938.657, 885939.816]","(15938.657, 938062.754]","(15938.657, 997577.135]","(15938.657, 1077881.375]","(15938.657, 1232669.378]",*
637189.9593712335,"(15938.657, 885939.816]","(15938.657, 938062.754]","(15938.657, 997577.135]","(15938.657, 1077881.375]","(15938.657, 1232669.378]",*
637951.9055551022,"(15938.657, 885939.816]","(15938.657, 938062.754]","(15938.657, 997577.135]","(15938.657, 1077881.375]","(15938.657, 1232669.378]",*
639366.3655728735,"(15938.657, 885939.816]","(15938.657, 938062.754]","(15938.657, 997577.135]","(15938.657, 1077881.375]","(15938.657, 1232669.378]",*
639471.7361335896,"(15938.657, 885939.816]","(15938.657, 938062.754]","(15938.657, 997577.135]","(15938.657, 1077881.375]","(15938.657, 1232669.378]",*
641484.2385493759,"(15938.657, 885939.816]","(15938.657, 938062.754]","(15938.657, 997577.135]","(15938.657, 1077881.375]","(15938.657, 1232669.378]",*
642646.4389558511,"(15938.657, 885939.816]","(15938.657, 938062.754]","(15938.657, 997577.135]","(15938.657, 1077881.375]","(15938.657, 1232669.378]",*
642809.9667434745,"(15938.657, 885939.816]","(15938.657, 938062.754]","(15938.657, 997577.135]","(15938.657, 1077881.375]","(15938.657, 1232669.378]",*
642855.1695820823,"(15938.657, 885939.816]","(15938.657, 938062.754]","(15938.657, 997577.135]","(15938.657, 1077881.375]","(15938.657, 1232669.378]",*
642862.7137566382,"(15938.657, 885939.816]","(15938.657, 938062.754]","(15938.657, 997577.135]","(15938.657, 1077881.375]","(15938.657, 1232669.378]",*
644142.4756618709,"(15938.657, 885939.816]","(15938.657, 938062.754]","(15938.657, 997577.135]","(15938.657, 1077881.375]","(15938.657, 1232669.378]",*
646198.2245230615,"(15938.657, 885939.816]","(15938.657, 938062.754]","(15938.657, 997577.135]","(15938.657, 1077881.375]","(15938.657, 1232669.378]",*
646248.1833677717,"(15938.657, 885939.816]","(15938.657, 938062.754]","(15938.657, 997577.135]","(15938.657, 1077881.375]","(15938.657, 1232669.378]",*
647691.8352028722,"(15938.657, 885939.816]","(15938.657, 938062.754]","(15938.657, 997577.135]","(15938.657, 1077881.375]","(15938.657, 1232669.378]",*
647982.6536393018,"(15938.657, 885939.816]","(15938.657, 938062.754]","(15938.657, 997577.135]","(15938.657, 1077881.375]","(15938.657, 1232669.378]",*
649223.5060818361,"(15938.657, 885939.816]","(15938.657, 938062.754]","(15938.657, 997577.135]","(15938.657, 1077881.375]","(15938.657, 1232669.378]",*
650939.2066718516,"(15938.657, 885939.816]","(15938.657, 938062.754]","(15938.657, 997577.135]","(15938.657, 1077881.375]","(15938.657, 1232669.378]",*
651787.9705180059,"(15938.657, 885939.816]","(15938.657, 938062.754]","(15938.657, 997577.135]","(15938.657, 1077881.375]","(15938.657, 1232669.378]",*
652752.9727099423,"(15938.657, 885939.816]","(15938.657, 938062.754]","(15938.657, 997577.135]","(15938.657, 1077881.375]","(15938.657, 1232669.378]",*
652991.1054248164,"(15938.657, 885939.816]","(15938.657, 938062.754]","(15938.657, 997577.135]","(15938.657, 1077881.375]","(15938.657, 1232669.378]",*
656971.5307242259,"(15938.657, 885939.816]","(15938.657, 938062.754]","(15938.657, 997577.135]","(15938.657, 1077881.375]","(15938.657, 1232669.378]",*
657169.3041615344,"(15938.657, 885939.816]","(15938.657, 938062.754]","(15938.657, 997577.135]","(15938.657, 1077881.375]","(15938.657, 1232669.378]",*
658644.6170003233,"(15938.657, 885939.816]","(15938.657, 938062.754]","(15938.657, 997577.135]","(15938.657, 1077881.375]","(15938.657, 1232669.378]",*
658646.1847265189,"(15938.657, 885939.816]","(15938.657, 938062.754]","(15938.657, 997577.135]","(15938.657, 1077881.375]","(15938.657, 1232669.378]",*
660364.9813358303,"(15938.657, 885939.816]","(15938.657, 938062.754]","(15938.657, 997577.135]","(15938.657, 1077881.375]","(15938.657, 1232669.378]",*
661043.3565144942,"(15938.657, 885939.816]","(15938.657, 938062.754]","(15938.657, 997577.135]","(15938.657, 1077881.375]","(15938.657, 1232669.378]",*
662630.3439401882,"(15938.657, 885939.816]","(15938.657, 938062.754]","(15938.657, 997577.135]","(15938.657, 1077881.375]","(15938.657, 1232669.378]",*
663128.8400534061,"(15938.657, 885939.816]","(15938.657, 938062.754]","(15938.657, 997577.135]","(15938.657, 1077881.375]","(15938.657, 1232669.378]",*
663732.3968963273,"(15938.657, 885939.816]","(15938.657, 938062.754]","(15938.657, 997577.135]","(15938.657, 1077881.375]","(15938.657, 1232669.378]",*
664298.9713057821,"(15938.657, 885939.816]","(15938.657, 938062.754]","(15938.657, 997577.135]","(15938.657, 1077881.375]","(15938.657, 1232669.378]",*
664465.3309873971,"(15938.657, 885939.816]","(15938.657, 938062.754]","(15938.657, 997577.135]","(15938.657, 1077881.375]","(15938.657, 1232669.378]",*
664978.8737768901,"(15938.657, 885939.816]","(15938.657, 938062.754]","(15938.657, 997577.135]","(15938.657, 1077881.375]","(15938.657, 1232669.378]",*
665160.0759449846,"(15938.657, 885939.816]","(15938.657, 938062.754]","(15938.657, 997577.135]","(15938.657, 1077881.375]","(15938.657, 1232669.378]",*
665266.9765732376,"(15938.657, 885939.816]","(15938.657, 938062.754]","(15938.657, 997577.135]","(15938.657, 1077881.375]","(15938.657, 1232669.378]",*
666745.6714312444,"(15938.657, 885939.816]","(15938.657, 938062.754]","(15938.657, 997577.135]","(15938.657, 1077881.375]","(15938.657, 1232669.378]",*
667428.2537163104,"(15938.657, 885939.816]","(15938.657, 938062.754]","(15938.657, 997577.135]","(15938.657, 1077881.375]","(15938.657, 1232669.378]",*
668183.5098529167,"(15938.657, 885939.816]","(15938.657, 938062.754]","(15938.657, 997577.135]","(15938.657, 1077881.375]","(15938.657, 1232669.378]",*
668255.4804327786,"(15938.657, 885939.816]","(15938.657, 938062.754]","(15938.657, 997577.135]","(15938.657, 1077881.375]","(15938.657, 1232669.378]",*
670063.0223057014,"(15938.657, 885939.816]","(15938.657, 938062.754]","(15938.657, 997577.135]","(15938.657, 1077881.375]","(15938.657, 1232669.378]",*
670356.8953325775,"(15938.657, 885939.816]","(15938.657, 938062.754]","(15938.657, 997577.135]","(15938.657, 1077881.375]","(15938.657, 1232669.378]",*
670734.6739512904,"(15938.657, 885939.816]","(15938.657, 938062.754]","(15938.657, 997577.135]","(15938.657, 1077881.375]","(15938.657, 1232669.378]",*
671343.9417927802,"(15938.657, 885939.816]","(15938.657, 938062.754]","(15938.657, 997577.135]","(15938.657, 1077881.375]","(15938.657, 1232669.378]",*
671661.7134409613,"(15938.657, 885939.816]","(15938.657, 938062.754]","(15938.657, 997577.135]","(15938.657, 1077881.375]","(15938.657, 1232669.378]",*
671671.7144903882,"(15938.657, 885939.816]","(15938.657, 938062.754]","(15938.657, 997577.135]","(15938.657, 1077881.375]","(15938.657, 1232669.378]",*
671802.0395152965,"(15938.657, 885939.816]","(15938.657, 938062.754]","(15938.657, 997577.135]","(15938.657, 1077881.375]","(15938.657, 1232669.378]",*
671960.6448930053,"(15938.657, 885939.816]","(15938.657, 938062.754]","(15938.657, 997577.135]","(15938.657, 1077881.375]","(15938.657, 1232669.378]",*
673225.1118895164,"(15938.657, 885939.816]","(15938.657, 938062.754]","(15938.657, 997577.135]","(15938.657, 1077881.375]","(15938.657, 1232669.378]",*
673571.3460100302,"(15938.657, 885939.816]","(15938.657, 938062.754]","(15938.657, 997577.135]","(15938.657, 1077881.375]","(15938.657, 1232669.378]",*
674197.8519904646,"(15938.657, 885939.816]","(15938.657, 938062.754]","(15938.657, 997577.135]","(15938.657, 1077881.375]","(15938.657, 1232669.378]",*
674657.9106630747,"(15938.657, 885939.816]","(15938.657, 938062.754]","(15938.657, 997577.135]","(15938.657, 1077881.375]","(15938.657, 1232669.378]",*
674817.5428265561,"(15938.657, 885939.816]","(15938.657, 938062.754]","(15938.657, 997577.135]","(15938.657, 1077881.375]","(15938.657, 1232669.378]",*
675489.7526839289,"(15938.657, 885939.816]","(15938.657, 938062.754]","(15938.657, 997577.135]","(15938.657, 1077881.375]","(15938.657, 1232669.378]",*
675536.3914885672,"(15938.657, 885939.816]","(15938.657, 938062.754]","(15938.657, 997577.135]","(15938.657, 1077881.375]","(15938.657, 1232669.378]",*
675919.6815570832,"(15938.657, 885939.816]","(15938.657, 938062.754]","(15938.657, 997577.135]","(15938.657, 1077881.375]","(15938.657, 1232669.378]",*
676377.6614159645,"(15938.657, 885939.816]","(15938.657, 938062.754]","(15938.657, 997577.135]","(15938.657, 1077881.375]","(15938.657, 1232669.378]",*
676738.7155452124,"(15938.657, 885939.816]","(15938.657, 938062.754]","(15938.657, 997577.135]","(15938.657, 1077881.375]","(15938.657, 1232669.378]",*
676970.6909099207,"(15938.657, 885939.816]","(15938.657, 938062.754]","(15938.657, 997577.135]","(15938.657, 1077881.375]","(15938.657, 1232669.378]",*
676979.7154027742,"(15938.657, 885939.816]","(15938.657, 938062.754]","(15938.657, 997577.135]","(15938.657, 1077881.375]","(15938.657, 1232669.378]",*
677277.5965885132,"(15938.657, 885939.816]","(15938.657, 938062.754]","(15938.657, 997577.135]","(15938.657, 1077881.375]","(15938.657, 1232669.378]",*
677772.3453175713,"(15938.657, 885939.816]","(15938.657, 938062.754]","(15938.657, 997577.135]","(15938.657, 1077881.375]","(15938.657, 1232669.378]",*
677988.2554676826,"(15938.657, 885939.816]","(15938.657, 938062.754]","(15938.657, 997577.135]","(15938.657, 1077881.375]","(15938.657, 1232669.378]",*
678587.2437272832,"(15938.657, 885939.816]","(15938.657, 938062.754]","(15938.657, 997577.135]","(15938.657, 1077881.375]","(15938.657, 1232669.378]",*
678721.8842424268,"(15938.657, 885939.816]","(15938.657, 938062.754]","(15938.657, 997577.135]","(15938.657, 1077881.375]","(15938.657, 1232669.378]",*
679228.9927468386,"(15938.657, 885939.816]","(15938.657, 938062.754]","(15938.657, 997577.135]","(15938.657, 1077881.375]","(15938.657, 1232669.378]",*
679373.4014719697,"(15938.657, 885939.816]","(15938.657, 938062.754]","(15938.657, 997577.135]","(15938.657, 1077881.375]","(15938.657, 1232669.378]",*
679627.5955772134,"(15938.657, 885939.816]","(15938.657, 938062.754]","(15938.657, 997577.135]","(15938.657, 1077881.375]","(15938.657, 1232669.378]",*
679922.2521497933,"(15938.657, 885939.816]","(15938.657, 938062.754]","(15938.657, 997577.135]","(15938.657, 1077881.375]","(15938.657, 1232669.378]",*
680418.7240122693,"(15938.657, 885939.816]","(15938.657, 938062.754]","(15938.657, 997577.135]","(15938.657, 1077881.375]","(15938.657, 1232669.378]",*
680982.7688221958,"(15938.657, 885939.816]","(15938.657, 938062.754]","(15938.657, 997577.135]","(15938.657, 1077881.375]","(15938.657, 1232669.378]",*
681089.918915701,"(15938.657, 885939.816]","(15938.657, 938062.754]","(15938.657, 997577.135]","(15938.657, 1077881.375]","(15938.657, 1232669.378]",*
682200.3005599922,"(15938.657, 885939.816]","(15938.657, 938062.754]","(15938.657, 997577.135]","(15938.657, 1077881.375]","(15938.657, 1232669.378]",*
682632.8048559022,"(15938.657, 885939.816]","(15938.657, 938062.754]","(15938.657, 997577.135]","(15938.657, 1077881.375]","(15938.657, 1232669.378]",*
684049.9193111222,"(15938.657, 885939.816]","(15938.657, 938062.754]","(15938.657, 997577.135]","(15938.657, 1077881.375]","(15938.657, 1232669.378]",*
684257.1110665329,"(15938.657, 885939.816]","(15938.657, 938062.754]","(15938.657, 997577.135]","(15938.657, 1077881.375]","(15938.657, 1232669.378]",*
685123.139313775,"(15938.657, 885939.816]","(15938.657, 938062.754]","(15938.657, 997577.135]","(15938.657, 1077881.375]","(15938.657, 1232669.378]",*
685355.4168064342,"(15938.657, 885939.816]","(15938.657, 938062.754]","(15938.657, 997577.135]","(15938.657, 1077881.375]","(15938.657, 1232669.378]",*
685503.9902718081,"(15938.657, 885939.816]","(15938.657, 938062.754]","(15938.657, 997577.135]","(15938.657, 1077881.375]","(15938.657, 1232669.378]",*
685775.5980289889,"(15938.657, 885939.816]","(15938.657, 938062.754]","(15938.657, 997577.135]","(15938.657, 1077881.375]","(15938.657, 1232669.378]",*
685880.321277076,"(15938.657, 885939.816]","(15938.657, 938062.754]","(15938.657, 997577.135]","(15938.657, 1077881.375]","(15938.657, 1232669.378]",*
685922.3851784463,"(15938.657, 885939.816]","(15938.657, 938062.754]","(15938.657, 997577.135]","(15938.657, 1077881.375]","(15938.657, 1232669.378]",*
686644.610408734,"(15938.657, 885939.816]","(15938.657, 938062.754]","(15938.657, 997577.135]","(15938.657, 1077881.375]","(15938.657, 1232669.378]",*
688479.2925910209,"(15938.657, 885939.816]","(15938.657, 938062.754]","(15938.657, 997577.135]","(15938.657, 1077881.375]","(15938.657, 1232669.378]",*
689155.5684279174,"(15938.657, 885939.816]","(15938.657, 938062.754]","(15938.657, 997577.135]","(15938.657, 1077881.375]","(15938.657, 1232669.378]",*
690958.5496887366,"(15938.657, 885939.816]","(15938.657, 938062.754]","(15938.657, 997577.135]","(15938.657, 1077881.375]","(15938.657, 1232669.378]",*
691318.2401412788,"(15938.657, 885939.816]","(15938.657, 938062.754]","(15938.657, 997577.135]","(15938.657, 1077881.375]","(15938.657, 1232669.378]",*
691854.9210270025,"(15938.657, 885939.816]","(15938.657, 938062.754]","(15938.657, 997577.135]","(15938.657, 1077881.375]","(15938.657, 1232669.378]",*
691941.396588547,"(15938.657, 885939.816]","(15938.657, 938062.754]","(15938.657, 997577.135]","(15938.657, 1077881.375]","(15938.657, 1232669.378]",*
692229.4654976523,"(15938.657, 885939.816]","(15938.657, 938062.754]","(15938.657, 997577.135]","(15938.657, 1077881.375]","(15938.657, 1232669.378]",*
693566.7572719983,"(15938.657, 885939.816]","(15938.657, 938062.754]","(15938.657, 997577.135]","(15938.657, 1077881.375]","(15938.657, 1232669.378]",*
693681.0044027943,"(15938.657, 885939.816]","(15938.657, 938062.754]","(15938.657, 997577.135]","(15938.657, 1077881.375]","(15938.657, 1232669.378]",*
693931.501505761,"(15938.657, 885939.816]","(15938.657, 938062.754]","(15938.657, 997577.135]","(15938.657, 1077881.375]","(15938.657, 1232669.378]",*
694472.1081139629,"(15938.657, 885939.816]","(15938.657, 938062.754]","(15938.657, 997577.135]","(15938.657, 1077881.375]","(15938.657, 1232669.378]",*
695152.1733037663,"(15938.657, 885939.816]","(15938.657, 938062.754]","(15938.657, 997577.135]","(15938.657, 1077881.375]","(15938.657, 1232669.378]",*
695386.3310386214,"(15938.657, 885939.816]","(15938.657, 938062.754]","(15938.657, 997577.135]","(15938.657, 1077881.375]","(15938.657, 1232669.378]",*
696014.4677148876,"(15938.657, 885939.816]","(15938.657, 938062.754]","(15938.657, 997577.135]","(15938.657, 1077881.375]","(15938.657, 1232669.378]",*
696040.1299034554,"(15938.657, 885939.816]","(15938.657, 938062.754]","(15938.657, 997577.135]","(15938.657, 1077881.375]","(15938.657, 1232669.378]",*
696139.2613629168,"(15938.657, 885939.816]","(15938.657, 938062.754]","(15938.657, 997577.135]","(15938.657, 1077881.375]","(15938.657, 1232669.378]",*
696467.1699379117,"(15938.657, 885939.816]","(15938.657, 938062.754]","(15938.657, 997577.135]","(15938.657, 1077881.375]","(15938.657, 1232669.378]",*
697212.3669253007,"(15938.657, 885939.816]","(15938.657, 938062.754]","(15938.657, 997577.135]","(15938.657, 1077881.375]","(15938.657, 1232669.378]",*
697656.5924360289,"(15938.657, 885939.816]","(15938.657, 938062.754]","(15938.657, 997577.135]","(15938.657, 1077881.375]","(15938.657, 1232669.378]",*
697840.5674771494,"(15938.657, 885939.816]","(15938.657, 938062.754]","(15938.657, 997577.135]","(15938.657, 1077881.375]","(15938.657, 1232669.378]",*
698457.6776499674,"(15938.657, 885939.816]","(15938.657, 938062.754]","(15938.657, 997577.135]","(15938.657, 1077881.375]","(15938.657, 1232669.378]",*
699222.836143786,"(15938.657, 885939.816]","(15938.657, 938062.754]","(15938.657, 997577.135]","(15938.657, 1077881.375]","(15938.657, 1232669.378]",*
699323.2623925492,"(15938.657, 885939.816]","(15938.657, 938062.754]","(15938.657, 997577.135]","(15938.657, 1077881.375]","(15938.657, 1232669.378]",*
699787.3190422737,"(15938.657, 885939.816]","(15938.657, 938062.754]","(15938.657, 997577.135]","(15938.657, 1077881.375]","(15938.657, 1232669.378]",*
700903.5639179513,"(15938.657, 885939.816]","(15938.657, 938062.754]","(15938.657, 997577.135]","(15938.657, 1077881.375]","(15938.657, 1232669.378]",*
701865.7729563166,"(15938.657, 885939.816]","(15938.657, 938062.754]","(15938.657, 997577.135]","(15938.657, 1077881.375]","(15938.657, 1232669.378]",*
702321.7523214206,"(15938.657, 885939.816]","(15938.657, 938062.754]","(15938.657, 997577.135]","(15938.657, 1077881.375]","(15938.657, 1232669.378]",*
704375.8684056341,"(15938.657, 885939.816]","(15938.657, 938062.754]","(15938.657, 997577.135]","(15938.657, 1077881.375]","(15938.657, 1232669.378]",*
704698.362078768,"(15938.657, 885939.816]","(15938.657, 938062.754]","(15938.657, 997577.135]","(15938.657, 1077881.375]","(15938.657, 1232669.378]",*
704884.1543653731,"(15938.657, 885939.816]","(15938.657, 938062.754]","(15938.657, 997577.135]","(15938.657, 1077881.375]","(15938.657, 1232669.378]",*
705100.5115554469,"(15938.657, 885939.816]","(15938.657, 938062.754]","(15938.657, 997577.135]","(15938.657, 1077881.375]","(15938.657, 1232669.378]",*
705343.2560893283,"(15938.657, 885939.816]","(15938.657, 938062.754]","(15938.657, 997577.135]","(15938.657, 1077881.375]","(15938.657, 1232669.378]",*
705444.1167909042,"(15938.657, 885939.816]","(15938.657, 938062.754]","(15938.657, 997577.135]","(15938.657, 1077881.375]","(15938.657, 1232669.378]",*
706135.1446389129,"(15938.657, 885939.816]","(15938.657, 938062.754]","(15938.657, 997577.135]","(15938.657, 1077881.375]","(15938.657, 1232669.378]",*
707345.0624327669,"(15938.657, 885939.816]","(15938.657, 938062.754]","(15938.657, 997577.135]","(15938.657, 1077881.375]","(15938.657, 1232669.378]",*
708045.5749205473,"(15938.657, 885939.816]","(15938.657, 938062.754]","(15938.657, 997577.135]","(15938.657, 1077881.375]","(15938.657, 1232669.378]",*
709348.2237339056,"(15938.657, 885939.816]","(15938.657, 938062.754]","(15938.657, 997577.135]","(15938.657, 1077881.375]","(15938.657, 1232669.378]",*
710269.2139681028,"(15938.657, 885939.816]","(15938.657, 938062.754]","(15938.657, 997577.135]","(15938.657, 1077881.375]","(15938.657, 1232669.378]",*
711499.2445801494,"(15938.657, 885939.816]","(15938.657, 938062.754]","(15938.657, 997577.135]","(15938.657, 1077881.375]","(15938.657, 1232669.378]",*
712228.4243027219,"(15938.657, 885939.816]","(15938.657, 938062.754]","(15938.657, 997577.135]","(15938.657, 1077881.375]","(15938.657, 1232669.378]",*
712285.8255751298,"(15938.657, 885939.816]","(15938.657, 938062.754]","(15938.657, 997577.135]","(15938.657, 1077881.375]","(15938.657, 1232669.378]",*
713615.8685961459,"(15938.657, 885939.816]","(15938.657, 938062.754]","(15938.657, 997577.135]","(15938.657, 1077881.375]","(15938.657, 1232669.378]",*
714142.2406539195,"(15938.657, 885939.816]","(15938.657, 938062.754]","(15938.657, 997577.135]","(15938.657, 1077881.375]","(15938.657, 1232669.378]",*
714148.4147529015,"(15938.657, 885939.816]","(15938.657, 938062.754]","(15938.657, 997577.135]","(15938.657, 1077881.375]","(15938.657, 1232669.378]",*
714166.3978061128,"(15938.657, 885939.816]","(15938.657, 938062.754]","(15938.657, 997577.135]","(15938.657, 1077881.375]","(15938.657, 1232669.378]",*
714706.4288537387,"(15938.657, 885939.816]","(15938.657, 938062.754]","(15938.657, 997577.135]","(15938.657, 1077881.375]","(15938.657, 1232669.378]",*
714822.5871702337,"(15938.657, 885939.816]","(15938.657, 938062.754]","(15938.657, 997577.135]","(15938.657, 1077881.375]","(15938.657, 1232669.378]",*
715460.4683462611,"(15938.657, 885939.816]","(15938.657, 938062.754]","(15938.657, 997577.135]","(15938.657, 1077881.375]","(15938.657, 1232669.378]",*
716316.4881444586,"(15938.657, 885939.816]","(15938.657, 938062.754]","(15938.657, 997577.135]","(15938.657, 1077881.375]","(15938.657, 1232669.378]",*
716344.6279481957,"(15938.657, 885939.816]","(15938.657, 938062.754]","(15938.657, 997577.135]","(15938.657, 1077881.375]","(15938.657, 1232669.378]",*
716771.0057488753,"(15938.657, 885939.816]","(15938.657, 938062.754]","(15938.657, 997577.135]","(15938.657, 1077881.375]","(15938.657, 1232669.378]",*
717213.2687989543,"(15938.657, 885939.816]","(15938.657, 938062.754]","(15938.657, 997577.135]","(15938.657, 1077881.375]","(15938.657, 1232669.378]",*
717273.185257682,"(15938.657, 885939.816]","(15938.657, 938062.754]","(15938.657, 997577.135]","(15938.657, 1077881.375]","(15938.657, 1232669.378]",*
717661.5560232053,"(15938.657, 885939.816]","(15938.657, 938062.754]","(15938.657, 997577.135]","(15938.657, 1077881.375]","(15938.657, 1232669.378]",*
717682.0857031762,"(15938.657, 885939.816]","(15938.657, 938062.754]","(15938.657, 997577.135]","(15938.657, 1077881.375]","(15938.657, 1232669.378]",*
717825.3596950844,"(15938.657, 885939.816]","(15938.657, 938062.754]","(15938.657, 997577.135]","(15938.657, 1077881.375]","(15938.657, 1232669.378]",*
718187.0166164306,"(15938.657, 885939.816]","(15938.657, 938062.754]","(15938.657, 997577.135]","(15938.657, 1077881.375]","(15938.657, 1232669.378]",*
718650.643819188,"(15938.657, 885939.816]","(15938.657, 938062.754]","(15938.657, 997577.135]","(15938.657, 1077881.375]","(15938.657, 1232669.378]",*
718869.4006473335,"(15938.657, 885939.816]","(15938.657, 938062.754]","(15938.657, 997577.135]","(15938.657, 1077881.375]","(15938.657, 1232669.378]",*
718874.679765292,"(15938.657, 885939.816]","(15938.657, 938062.754]","(15938.657, 997577.135]","(15938.657, 1077881.375]","(15938.657, 1232669.378]",*
718887.2315009277,"(15938.657, 885939.816]","(15938.657, 938062.754]","(15938.657, 997577.135]","(15938.657, 1077881.375]","(15938.657, 1232669.378]",*
720059.8348080008,"(15938.657, 885939.816]","(15938.657, 938062.754]","(15938.657, 997577.135]","(15938.657, 1077881.375]","(15938.657, 1232669.378]",*
720080.2320528892,"(15938.657, 885939.816]","(15938.657, 938062.754]","(15938.657, 997577.135]","(15938.657, 1077881.375]","(15938.657, 1232669.378]",*
721974.551474637,"(15938.657, 885939.816]","(15938.657, 938062.754]","(15938.657, 997577.135]","(15938.657, 1077881.375]","(15938.657, 1232669.378]",*
722115.124273698,"(15938.657, 885939.816]","(15938.657, 938062.754]","(15938.657, 997577.135]","(15938.657, 1077881.375]","(15938.657, 1232669.378]",*
723089.9525266482,"(15938.657, 885939.816]","(15938.657, 938062.754]","(15938.657, 997577.135]","(15938.657, 1077881.375]","(15938.657, 1232669.378]",*
723750.0652577134,"(15938.657, 885939.816]","(15938.657, 938062.754]","(15938.657, 997577.135]","(15938.657, 1077881.375]","(15938.657, 1232669.378]",*
724121.6733840894,"(15938.657, 885939.816]","(15938.657, 938062.754]","(15938.657, 997577.135]","(15938.657, 1077881.375]","(15938.657, 1232669.378]",*
724993.8892416583,"(15938.657, 885939.816]","(15938.657, 938062.754]","(15938.657, 997577.135]","(15938.657, 1077881.375]","(15938.657, 1232669.378]",*
725040.8959547429,"(15938.657, 885939.816]","(15938.657, 938062.754]","(15938.657, 997577.135]","(15938.657, 1077881.375]","(15938.657, 1232669.378]",*
725830.6020326181,"(15938.657, 885939.816]","(15938.657, 938062.754]","(15938.657, 997577.135]","(15938.657, 1077881.375]","(15938.657, 1232669.378]",*
726883.8689485132,"(15938.657, 885939.816]","(15938.657, 938062.754]","(15938.657, 997577.135]","(15938.657, 1077881.375]","(15938.657, 1232669.378]",*
727366.947448545,"(15938.657, 885939.816]","(15938.657, 938062.754]","(15938.657, 997577.135]","(15938.657, 1077881.375]","(15938.657, 1232669.378]",*
727866.5251679078,"(15938.657, 885939.816]","(15938.657, 938062.754]","(15938.657, 997577.135]","(15938.657, 1077881.375]","(15938.657, 1232669.378]",*
728402.000075194,"(15938.657, 885939.816]","(15938.657, 938062.754]","(15938.657, 997577.135]","(15938.657, 1077881.375]","(15938.657, 1232669.378]",*
729315.3749195363,"(15938.657, 885939.816]","(15938.657, 938062.754]","(15938.657, 997577.135]","(15938.657, 1077881.375]","(15938.657, 1232669.378]",*
729641.7408744311,"(15938.657, 885939.816]","(15938.657, 938062.754]","(15938.657, 997577.135]","(15938.657, 1077881.375]","(15938.657, 1232669.378]",*
729678.6262103077,"(15938.657, 885939.816]","(15938.657, 938062.754]","(15938.657, 997577.135]","(15938.657, 1077881.375]","(15938.657, 1232669.378]",*
729688.5926317396,"(15938.657, 885939.816]","(15938.657, 938062.754]","(15938.657, 997577.135]","(15938.657, 1077881.375]","(15938.657, 1232669.378]",*
729781.569559095,"(15938.657, 885939.816]","(15938.657, 938062.754]","(15938.657, 997577.135]","(15938.657, 1077881.375]","(15938.657, 1232669.378]",*
729882.6248906897,"(15938.657, 885939.816]","(15938.657, 938062.754]","(15938.657, 997577.135]","(15938.657, 1077881.375]","(15938.657, 1232669.378]",*
729989.3499281745,"(15938.657, 885939.816]","(15938.657, 938062.754]","(15938.657, 997577.135]","(15938.657, 1077881.375]","(15938.657, 1232669.378]",*
729990.0243899535,"(15938.657, 885939.816]","(15938.657, 938062.754]","(15938.657, 997577.135]","(15938.657, 1077881.375]","(15938.657, 1232669.378]",*
730043.6450595969,"(15938.657, 885939.816]","(15938.657, 938062.754]","(15938.657, 997577.135]","(15938.657, 1077881.375]","(15938.657, 1232669.378]",*
730739.4189500834,"(15938.657, 885939.816]","(15938.657, 938062.754]","(15938.657, 997577.135]","(15938.657, 1077881.375]","(15938.657, 1232669.378]",*
731715.2643402667,"(15938.657, 885939.816]","(15938.657, 938062.754]","(15938.657, 997577.135]","(15938.657, 1077881.375]","(15938.657, 1232669.378]",*
732244.1580695552,"(15938.657, 885939.816]","(15938.657, 938062.754]","(15938.657, 997577.135]","(15938.657, 1077881.375]","(15938.657, 1232669.378]",*
732733.2362930495,"(15938.657, 885939.816]","(15938.657, 938062.754]","(15938.657, 997577.135]","(15938.657, 1077881.375]","(15938.657, 1232669.378]",*
733299.7945489064,"(15938.657, 885939.816]","(15938.657, 938062.754]","(15938.657, 997577.135]","(15938.657, 1077881.375]","(15938.657, 1232669.378]",*
734101.4856187138,"(15938.657, 885939.816]","(15938.657, 938062.754]","(15938.657, 997577.135]","(15938.657, 1077881.375]","(15938.657, 1232669.378]",*
734562.104533648,"(15938.657, 885939.816]","(15938.657, 938062.754]","(15938.657, 997577.135]","(15938.657, 1077881.375]","(15938.657, 1232669.378]",*
734827.50801229,"(15938.657, 885939.816]","(15938.657, 938062.754]","(15938.657, 997577.135]","(15938.657, 1077881.375]","(15938.657, 1232669.378]",*
735660.455803421,"(15938.657, 885939.816]","(15938.657, 938062.754]","(15938.657, 997577.135]","(15938.657, 1077881.375]","(15938.657, 1232669.378]",*
735952.1688894632,"(15938.657, 885939.816]","(15938.657, 938062.754]","(15938.657, 997577.135]","(15938.657, 1077881.375]","(15938.657, 1232669.378]",*
736798.5333089959,"(15938.657, 885939.816]","(15938.657, 938062.754]","(15938.657, 997577.135]","(15938.657, 1077881.375]","(15938.657, 1232669.378]",*
736817.3769171783,"(15938.657, 885939.816]","(15938.657, 938062.754]","(15938.657, 997577.135]","(15938.657, 1077881.375]","(15938.657, 1232669.378]",*
736897.4095371914,"(15938.657, 885939.816]","(15938.657, 938062.754]","(15938.657, 997577.135]","(15938.657, 1077881.375]","(15938.657, 1232669.378]",*
737147.0943241782,"(15938.657, 885939.816]","(15938.657, 938062.754]","(15938.657, 997577.135]","(15938.657, 1077881.375]","(15938.657, 1232669.378]",*
737202.457611395,"(15938.657, 885939.816]","(15938.657, 938062.754]","(15938.657, 997577.135]","(15938.657, 1077881.375]","(15938.657, 1232669.378]",*
738030.6498645385,"(15938.657, 885939.816]","(15938.657, 938062.754]","(15938.657, 997577.135]","(15938.657, 1077881.375]","(15938.657, 1232669.378]",*
738411.5217520593,"(15938.657, 885939.816]","(15938.657, 938062.754]","(15938.657, 997577.135]","(15938.657, 1077881.375]","(15938.657, 1232669.378]",*
738431.8310762816,"(15938.657, 885939.816]","(15938.657, 938062.754]","(15938.657, 997577.135]","(15938.657, 1077881.375]","(15938.657, 1232669.378]",*
738760.7474313262,"(15938.657, 885939.816]","(15938.657, 938062.754]","(15938.657, 997577.135]","(15938.657, 1077881.375]","(15938.657, 1232669.378]",*
739027.6758369291,"(15938.657, 885939.816]","(15938.657, 938062.754]","(15938.657, 997577.135]","(15938.657, 1077881.375]","(15938.657, 1232669.378]",*
739870.7936402658,"(15938.657, 885939.816]","(15938.657, 938062.754]","(15938.657, 997577.135]","(15938.657, 1077881.375]","(15938.657, 1232669.378]",*
742016.0551722904,"(15938.657, 885939.816]","(15938.657, 938062.754]","(15938.657, 997577.135]","(15938.657, 1077881.375]","(15938.657, 1232669.378]",*
742449.3106376197,"(15938.657, 885939.816]","(15938.657, 938062.754]","(15938.657, 997577.135]","(15938.657, 1077881.375]","(15938.657, 1232669.378]",*
742645.1459356887,"(15938.657, 885939.816]","(15938.657, 938062.754]","(15938.657, 997577.135]","(15938.657, 1077881.375]","(15938.657, 1232669.378]",*
742705.2666649321,"(15938.657, 885939.816]","(15938.657, 938062.754]","(15938.657, 997577.135]","(15938.657, 1077881.375]","(15938.657, 1232669.378]",*
742858.6356339195,"(15938.657, 885939.816]","(15938.657, 938062.754]","(15938.657, 997577.135]","(15938.657, 1077881.375]","(15938.657, 1232669.378]",*
743212.4194633622,"(15938.657, 885939.816]","(15938.657, 938062.754]","(15938.657, 997577.135]","(15938.657, 1077881.375]","(15938.657, 1232669.378]",*
743393.3473414255,"(15938.657, 885939.816]","(15938.657, 938062.754]","(15938.657, 997577.135]","(15938.657, 1077881.375]","(15938.657, 1232669.378]",*
743999.8191601974,"(15938.657, 885939.816]","(15938.657, 938062.754]","(15938.657, 997577.135]","(15938.657, 1077881.375]","(15938.657, 1232669.378]",*
744132.7041655211,"(15938.657, 885939.816]","(15938.657, 938062.754]","(15938.657, 997577.135]","(15938.657, 1077881.375]","(15938.657, 1232669.378]",*
744291.0273210739,"(15938.657, 885939.816]","(15938.657, 938062.754]","(15938.657, 997577.135]","(15938.657, 1077881.375]","(15938.657, 1232669.378]",*
744450.2293097175,"(15938.657, 885939.816]","(15938.657, 938062.754]","(15938.657, 997577.135]","(15938.657, 1077881.375]","(15938.657, 1232669.378]",*
744741.9092512467,"(15938.657, 885939.816]","(15938.657, 938062.754]","(15938.657, 997577.135]","(15938.657, 1077881.375]","(15938.657, 1232669.378]",*
745523.8383444332,"(15938.657, 885939.816]","(15938.657, 938062.754]","(15938.657, 997577.135]","(15938.657, 1077881.375]","(15938.657, 1232669.378]",*
745586.5735088169,"(15938.657, 885939.816]","(15938.657, 938062.754]","(15938.657, 997577.135]","(15938.657, 1077881.375]","(15938.657, 1232669.378]",*
745996.3305840503,"(15938.657, 885939.816]","(15938.657, 938062.754]","(15938.657, 997577.135]","(15938.657, 1077881.375]","(15938.657, 1232669.378]",*
746096.728900488,"(15938.657, 885939.816]","(15938.657, 938062.754]","(15938.657, 997577.135]","(15938.657, 1077881.375]","(15938.657, 1232669.378]",*
747396.2531268047,"(15938.657, 885939.816]","(15938.657, 938062.754]","(15938.657, 997577.135]","(15938.657, 1077881.375]","(15938.657, 1232669.378]",*
747933.4869386142,"(15938.657, 885939.816]","(15938.657, 938062.754]","(15938.657, 997577.135]","(15938.657, 1077881.375]","(15938.657, 1232669.378]",*
748322.708245135,"(15938.657, 885939.816]","(15938.657, 938062.754]","(15938.657, 997577.135]","(15938.657, 1077881.375]","(15938.657, 1232669.378]",*
749383.0725554076,"(15938.657, 885939.816]","(15938.657, 938062.754]","(15938.657, 997577.135]","(15938.657, 1077881.375]","(15938.657, 1232669.378]",*
749847.1904460201,"(15938.657, 885939.816]","(15938.657, 938062.754]","(15938.657, 997577.135]","(15938.657, 1077881.375]","(15938.657, 1232669.378]",*
750119.7266122982,"(15938.657, 885939.816]","(15938.657, 938062.754]","(15938.657, 997577.135]","(15938.657, 1077881.375]","(15938.657, 1232669.378]",*
750753.4208724363,"(15938.657, 885939.816]","(15938.657, 938062.754]","(15938.657, 997577.135]","(15938.657, 1077881.375]","(15938.657, 1232669.378]",*
751324.1387490695,"(15938.657, 885939.816]","(15938.657, 938062.754]","(15938.657, 997577.135]","(15938.657, 1077881.375]","(15938.657, 1232669.378]",*
751952.5708591443,"(15938.657, 885939.816]","(15938.657, 938062.754]","(15938.657, 997577.135]","(15938.657, 1077881.375]","(15938.657, 1232669.378]",*
751969.2117407164,"(15938.657, 885939.816]","(15938.657, 938062.754]","(15938.657, 997577.135]","(15938.657, 1077881.375]","(15938.657, 1232669.378]",*
752168.0688699826,"(15938.657, 885939.816]","(15938.657, 938062.754]","(15938.657, 997577.135]","(15938.657, 1077881.375]","(15938.657, 1232669.378]",*
752357.2823964689,"(15938.657, 885939.816]","(15938.657, 938062.754]","(15938.657, 997577.135]","(15938.657, 1077881.375]","(15938.657, 1232669.378]",*
752800.1475251733,"(15938.657, 885939.816]","(15938.657, 938062.754]","(15938.657, 997577.135]","(15938.657, 1077881.375]","(15938.657, 1232669.378]",*
752842.6760016786,"(15938.657, 885939.816]","(15938.657, 938062.754]","(15938.657, 997577.135]","(15938.657, 1077881.375]","(15938.657, 1232669.378]",*
752950.606800692,"(15938.657, 885939.816]","(15938.657, 938062.754]","(15938.657, 997577.135]","(15938.657, 1077881.375]","(15938.657, 1232669.378]",*
753652.2718451797,"(15938.657, 885939.816]","(15938.657, 938062.754]","(15938.657, 997577.135]","(15938.657, 1077881.375]","(15938.657, 1232669.378]",*
753930.5825393641,"(15938.657, 885939.816]","(15938.657, 938062.754]","(15938.657, 997577.135]","(15938.657, 1077881.375]","(15938.657, 1232669.378]",*
754960.5528405047,"(15938.657, 885939.816]","(15938.657, 938062.754]","(15938.657, 997577.135]","(15938.657, 1077881.375]","(15938.657, 1232669.378]",*
755292.1143602777,"(15938.657, 885939.816]","(15938.657, 938062.754]","(15938.657, 997577.135]","(15938.657, 1077881.375]","(15938.657, 1232669.378]",*
755678.3301073947,"(15938.657, 885939.816]","(15938.657, 938062.754]","(15938.657, 997577.135]","(15938.657, 1077881.375]","(15938.657, 1232669.378]",*
755843.7090123148,"(15938.657, 885939.816]","(15938.657, 938062.754]","(15938.657, 997577.135]","(15938.657, 1077881.375]","(15938.657, 1232669.378]",*
756216.5757576082,"(15938.657, 885939.816]","(15938.657, 938062.754]","(15938.657, 997577.135]","(15938.657, 1077881.375]","(15938.657, 1232669.378]",*
756319.7340442679,"(15938.657, 885939.816]","(15938.657, 938062.754]","(15938.657, 997577.135]","(15938.657, 1077881.375]","(15938.657, 1232669.378]",*
757469.0222451196,"(15938.657, 885939.816]","(15938.657, 938062.754]","(15938.657, 997577.135]","(15938.657, 1077881.375]","(15938.657, 1232669.378]",*
757719.6586147314,"(15938.657, 885939.816]","(15938.657, 938062.754]","(15938.657, 997577.135]","(15938.657, 1077881.375]","(15938.657, 1232669.378]",*
757943.2228205727,"(15938.657, 885939.816]","(15938.657, 938062.754]","(15938.657, 997577.135]","(15938.657, 1077881.375]","(15938.657, 1232669.378]",*
758262.6121106534,"(15938.657, 885939.816]","(15938.657, 938062.754]","(15938.657, 997577.135]","(15938.657, 1077881.375]","(15938.657, 1232669.378]",*
758570.797192593,"(15938.657, 885939.816]","(15938.657, 938062.754]","(15938.657, 997577.135]","(15938.657, 1077881.375]","(15938.657, 1232669.378]",*
758886.6887614839,"(15938.657, 885939.816]","(15938.657, 938062.754]","(15938.657, 997577.135]","(15938.657, 1077881.375]","(15938.657, 1232669.378]",*
759044.6879907805,"(15938.657, 885939.816]","(15938.657, 938062.754]","(15938.657, 997577.135]","(15938.657, 1077881.375]","(15938.657, 1232669.378]",*
759360.6547692231,"(15938.657, 885939.816]","(15938.657, 938062.754]","(15938.657, 997577.135]","(15938.657, 1077881.375]","(15938.657, 1232669.378]",*
759799.8758389656,"(15938.657, 885939.816]","(15938.657, 938062.754]","(15938.657, 997577.135]","(15938.657, 1077881.375]","(15938.657, 1232669.378]",*
760876.0221585269,"(15938.657, 885939.816]","(15938.657, 938062.754]","(15938.657, 997577.135]","(15938.657, 1077881.375]","(15938.657, 1232669.378]",*
762130.4622501581,"(15938.657, 885939.816]","(15938.657, 938062.754]","(15938.657, 997577.135]","(15938.657, 1077881.375]","(15938.657, 1232669.378]",*
762144.9261238109,"(15938.657, 885939.816]","(15938.657, 938062.754]","(15938.657, 997577.135]","(15938.657, 1077881.375]","(15938.657, 1232669.378]",*
762167.2533312994,"(15938.657, 885939.816]","(15938.657, 938062.754]","(15938.657, 997577.135]","(15938.657, 1077881.375]","(15938.657, 1232669.378]",*
762208.9847574959,"(15938.657, 885939.816]","(15938.657, 938062.754]","(15938.657, 997577.135]","(15938.657, 1077881.375]","(15938.657, 1232669.378]",*
762391.7760956662,"(15938.657, 885939.816]","(15938.657, 938062.754]","(15938.657, 997577.135]","(15938.657, 1077881.375]","(15938.657, 1232669.378]",*
762402.1788107223,"(15938.657, 885939.816]","(15938.657, 938062.754]","(15938.657, 997577.135]","(15938.657, 1077881.375]","(15938.657, 1232669.378]",*
763093.2314231284,"(15938.657, 885939.816]","(15938.657, 938062.754]","(15938.657, 997577.135]","(15938.657, 1077881.375]","(15938.657, 1232669.378]",*
763869.6666647141,"(15938.657, 885939.816]","(15938.657, 938062.754]","(15938.657, 997577.135]","(15938.657, 1077881.375]","(15938.657, 1232669.378]",*
763874.064468313,"(15938.657, 885939.816]","(15938.657, 938062.754]","(15938.657, 997577.135]","(15938.657, 1077881.375]","(15938.657, 1232669.378]",*
764635.9979283088,"(15938.657, 885939.816]","(15938.657, 938062.754]","(15938.657, 997577.135]","(15938.657, 1077881.375]","(15938.657, 1232669.378]",*
764756.0934618785,"(15938.657, 885939.816]","(15938.657, 938062.754]","(15938.657, 997577.135]","(15938.657, 1077881.375]","(15938.657, 1232669.378]",*
764799.8830136815,"(15938.657, 885939.816]","(15938.657, 938062.754]","(15938.657, 997577.135]","(15938.657, 1077881.375]","(15938.657, 1232669.378]",*
764860.4626889983,"(15938.657, 885939.816]","(15938.657, 938062.754]","(15938.657, 997577.135]","(15938.657, 1077881.375]","(15938.657, 1232669.378]",*
764955.4982070819,"(15938.657, 885939.816]","(15938.657, 938062.754]","(15938.657, 997577.135]","(15938.657, 1077881.375]","(15938.657, 1232669.378]",*
765505.3475276389,"(15938.657, 885939.816]","(15938.657, 938062.754]","(15938.657, 997577.135]","(15938.657, 1077881.375]","(15938.657, 1232669.378]",*
766078.3707692815,"(15938.657, 885939.816]","(15938.657, 938062.754]","(15938.657, 997577.135]","(15938.657, 1077881.375]","(15938.657, 1232669.378]",*
766594.3397096981,"(15938.657, 885939.816]","(15938.657, 938062.754]","(15938.657, 997577.135]","(15938.657, 1077881.375]","(15938.657, 1232669.378]",*
766710.1734753456,"(15938.657, 885939.816]","(15938.657, 938062.754]","(15938.657, 997577.135]","(15938.657, 1077881.375]","(15938.657, 1232669.378]",*
767214.7961467195,"(15938.657, 885939.816]","(15938.657, 938062.754]","(15938.657, 997577.135]","(15938.657, 1077881.375]","(15938.657, 1232669.378]",*
767784.6304433151,"(15938.657, 885939.816]","(15938.657, 938062.754]","(15938.657, 997577.135]","(15938.657, 1077881.375]","(15938.657, 1232669.378]",*
768034.5330731972,"(15938.657, 885939.816]","(15938.657, 938062.754]","(15938.657, 997577.135]","(15938.657, 1077881.375]","(15938.657, 1232669.378]",*
768152.7910253734,"(15938.657, 885939.816]","(15938.657, 938062.754]","(15938.657, 997577.135]","(15938.657, 1077881.375]","(15938.657, 1232669.378]",*
768301.8020259616,"(15938.657, 885939.816]","(15938.657, 938062.754]","(15938.657, 997577.135]","(15938.657, 1077881.375]","(15938.657, 1232669.378]",*
768541.9161245954,"(15938.657, 885939.816]","(15938.657, 938062.754]","(15938.657, 997577.135]","(15938.657, 1077881.375]","(15938.657, 1232669.378]",*
768751.9005440959,"(15938.657, 885939.816]","(15938.657, 938062.754]","(15938.657, 997577.135]","(15938.657, 1077881.375]","(15938.657, 1232669.378]",*
769113.8331681177,"(15938.657, 885939.816]","(15938.657, 938062.754]","(15938.657, 997577.135]","(15938.657, 1077881.375]","(15938.657, 1232669.378]",*
769576.8636597353,"(15938.657, 885939.816]","(15938.657, 938062.754]","(15938.657, 997577.135]","(15938.657, 1077881.375]","(15938.657, 1232669.378]",*
769851.8034373517,"(15938.657, 885939.816]","(15938.657, 938062.754]","(15938.657, 997577.135]","(15938.657, 1077881.375]","(15938.657, 1232669.378]",*
770770.5848757182,"(15938.657, 885939.816]","(15938.657, 938062.754]","(15938.657, 997577.135]","(15938.657, 1077881.375]","(15938.657, 1232669.378]",*
771002.0763374092,"(15938.657, 885939.816]","(15938.657, 938062.754]","(15938.657, 997577.135]","(15938.657, 1077881.375]","(15938.657, 1232669.378]",*
771214.4795723044,"(15938.657, 885939.816]","(15938.657, 938062.754]","(15938.657, 997577.135]","(15938.657, 1077881.375]","(15938.657, 1232669.378]",*
771310.0003991764,"(15938.657, 885939.816]","(15938.657, 938062.754]","(15938.657, 997577.135]","(15938.657, 1077881.375]","(15938.657, 1232669.378]",*
772111.9721021007,"(15938.657, 885939.816]","(15938.657, 938062.754]","(15938.657, 997577.135]","(15938.657, 1077881.375]","(15938.657, 1232669.378]",*
772310.2278261484,"(15938.657, 885939.816]","(15938.657, 938062.754]","(15938.657, 997577.135]","(15938.657, 1077881.375]","(15938.657, 1232669.378]",*
773360.6979872095,"(15938.657, 885939.816]","(15938.657, 938062.754]","(15938.657, 997577.135]","(15938.657, 1077881.375]","(15938.657, 1232669.378]",*
773996.476231782,"(15938.657, 885939.816]","(15938.657, 938062.754]","(15938.657, 997577.135]","(15938.657, 1077881.375]","(15938.657, 1232669.378]",*
774009.5475941251,"(15938.657, 885939.816]","(15938.657, 938062.754]","(15938.657, 997577.135]","(15938.657, 1077881.375]","(15938.657, 1232669.378]",*
774073.561854088,"(15938.657, 885939.816]","(15938.657, 938062.754]","(15938.657, 997577.135]","(15938.657, 1077881.375]","(15938.657, 1232669.378]",*
774118.1878354995,"(15938.657, 885939.816]","(15938.657, 938062.754]","(15938.657, 997577.135]","(15938.657, 1077881.375]","(15938.657, 1232669.378]",*
774491.653288187,"(15938.657, 885939.816]","(15938.657, 938062.754]","(15938.657, 997577.135]","(15938.657, 1077881.375]","(15938.657, 1232669.378]",*
774674.0566597179,"(15938.657, 885939.816]","(15938.657, 938062.754]","(15938.657, 997577.135]","(15938.657, 1077881.375]","(15938.657, 1232669.378]",*
775325.9162762914,"(15938.657, 885939.816]","(15938.657, 938062.754]","(15938.657, 997577.135]","(15938.657, 1077881.375]","(15938.657, 1232669.378]",*
775957.6720709319,"(15938.657, 885939.816]","(15938.657, 938062.754]","(15938.657, 997577.135]","(15938.657, 1077881.375]","(15938.657, 1232669.378]",*
776125.597113738,"(15938.657, 885939.816]","(15938.657, 938062.754]","(15938.657, 997577.135]","(15938.657, 1077881.375]","(15938.657, 1232669.378]",*
776906.326934832,"(15938.657, 885939.816]","(15938.657, 938062.754]","(15938.657, 997577.135]","(15938.657, 1077881.375]","(15938.657, 1232669.378]",*
777144.2542493446,"(15938.657, 885939.816]","(15938.657, 938062.754]","(15938.657, 997577.135]","(15938.657, 1077881.375]","(15938.657, 1232669.378]",*
777718.8986485405,"(15938.657, 885939.816]","(15938.657, 938062.754]","(15938.657, 997577.135]","(15938.657, 1077881.375]","(15938.657, 1232669.378]",*
777733.6134218425,"(15938.657, 885939.816]","(15938.657, 938062.754]","(15938.657, 997577.135]","(15938.657, 1077881.375]","(15938.657, 1232669.378]",*
778546.1621435221,"(15938.657, 885939.816]","(15938.657, 938062.754]","(15938.657, 997577.135]","(15938.657, 1077881.375]","(15938.657, 1232669.378]",*
778836.9229045416,"(15938.657, 885939.816]","(15938.657, 938062.754]","(15938.657, 997577.135]","(15938.657, 1077881.375]","(15938.657, 1232669.378]",*
779106.0224899127,"(15938.657, 885939.816]","(15938.657, 938062.754]","(15938.657, 997577.135]","(15938.657, 1077881.375]","(15938.657, 1232669.378]",*
779207.5546130885,"(15938.657, 885939.816]","(15938.657, 938062.754]","(15938.657, 997577.135]","(15938.657, 1077881.375]","(15938.657, 1232669.378]",*
779962.1010215052,"(15938.657, 885939.816]","(15938.657, 938062.754]","(15938.657, 997577.135]","(15938.657, 1077881.375]","(15938.657, 1232669.378]",*
780608.9935174572,"(15938.657, 885939.816]","(15938.657, 938062.754]","(15938.657, 997577.135]","(15938.657, 1077881.375]","(15938.657, 1232669.378]",*
780934.0379633362,"(15938.657, 885939.816]","(15938.657, 938062.754]","(15938.657, 997577.135]","(15938.657, 1077881.375]","(15938.657, 1232669.378]",*
781137.4618305188,"(15938.657, 885939.816]","(15938.657, 938062.754]","(15938.657, 997577.135]","(15938.657, 1077881.375]","(15938.657, 1232669.378]",*
781213.0669276181,"(15938.657, 885939.816]","(15938.657, 938062.754]","(15938.657, 997577.135]","(15938.657, 1077881.375]","(15938.657, 1232669.378]",*
781482.5832219761,"(15938.657, 885939.816]","(15938.657, 938062.754]","(15938.657, 997577.135]","(15938.657, 1077881.375]","(15938.657, 1232669.378]",*
781524.1763789405,"(15938.657, 885939.816]","(15938.657, 938062.754]","(15938.657, 997577.135]","(15938.657, 1077881.375]","(15938.657, 1232669.378]",*
782656.0804195708,"(15938.657, 885939.816]","(15938.657, 938062.754]","(15938.657, 997577.135]","(15938.657, 1077881.375]","(15938.657, 1232669.378]",*
782800.4947029103,"(15938.657, 885939.816]","(15938.657, 938062.754]","(15938.657, 997577.135]","(15938.657, 1077881.375]","(15938.657, 1232669.378]",*
783350.673223018,"(15938.657, 885939.816]","(15938.657, 938062.754]","(15938.657, 997577.135]","(15938.657, 1077881.375]","(15938.657, 1232669.378]",*
783565.1025001407,"(15938.657, 885939.816]","(15938.657, 938062.754]","(15938.657, 997577.135]","(15938.657, 1077881.375]","(15938.657, 1232669.378]",*
783566.3279228922,"(15938.657, 885939.816]","(15938.657, 938062.754]","(15938.657, 997577.135]","(15938.657, 1077881.375]","(15938.657, 1232669.378]",*
783808.4024661684,"(15938.657, 885939.816]","(15938.657, 938062.754]","(15938.657, 997577.135]","(15938.657, 1077881.375]","(15938.657, 1232669.378]",*
783818.6820390386,"(15938.657, 885939.816]","(15938.657, 938062.754]","(15938.657, 997577.135]","(15938.657, 1077881.375]","(15938.657, 1232669.378]",*
784503.3579188933,"(15938.657, 885939.816]","(15938.657, 938062.754]","(15938.657, 997577.135]","(15938.657, 1077881.375]","(15938.657, 1232669.378]",*
785399.1395370425,"(15938.657, 885939.816]","(15938.657, 938062.754]","(15938.657, 997577.135]","(15938.657, 1077881.375]","(15938.657, 1232669.378]",*
785460.697666195,"(15938.657, 885939.816]","(15938.657, 938062.754]","(15938.657, 997577.135]","(15938.657, 1077881.375]","(15938.657, 1232669.378]",*
786257.7826468865,"(15938.657, 885939.816]","(15938.657, 938062.754]","(15938.657, 997577.135]","(15938.657, 1077881.375]","(15938.657, 1232669.378]",*
786407.9451174276,"(15938.657, 885939.816]","(15938.657, 938062.754]","(15938.657, 997577.135]","(15938.657, 1077881.375]","(15938.657, 1232669.378]",*
786430.8996307264,"(15938.657, 885939.816]","(15938.657, 938062.754]","(15938.657, 997577.135]","(15938.657, 1077881.375]","(15938.657, 1232669.378]",*
786559.0248508396,"(15938.657, 885939.816]","(15938.657, 938062.754]","(15938.657, 997577.135]","(15938.657, 1077881.375]","(15938.657, 1232669.378]",*
787039.6446794184,"(15938.657, 885939.816]","(15938.657, 938062.754]","(15938.657, 997577.135]","(15938.657, 1077881.375]","(15938.657, 1232669.378]",*
788427.8399198116,"(15938.657, 885939.816]","(15938.657, 938062.754]","(15938.657, 997577.135]","(15938.657, 1077881.375]","(15938.657, 1232669.378]",*
789043.8511966037,"(15938.657, 885939.816]","(15938.657, 938062.754]","(15938.657, 997577.135]","(15938.657, 1077881.375]","(15938.657, 1232669.378]",*
789632.6932079874,"(15938.657, 885939.816]","(15938.657, 938062.754]","(15938.657, 997577.135]","(15938.657, 1077881.375]","(15938.657, 1232669.378]",*
790555.5204463231,"(15938.657, 885939.816]","(15938.657, 938062.754]","(15938.657, 997577.135]","(15938.657, 1077881.375]","(15938.657, 1232669.378]",*
790598.8269883683,"(15938.657, 885939.816]","(15938.657, 938062.754]","(15938.657, 997577.135]","(15938.657, 1077881.375]","(15938.657, 1232669.378]",*
790721.3677899047,"(15938.657, 885939.816]","(15938.657, 938062.754]","(15938.657, 997577.135]","(15938.657, 1077881.375]","(15938.657, 1232669.378]",*
790802.8010348069,"(15938.657, 885939.816]","(15938.657, 938062.754]","(15938.657, 997577.135]","(15938.657, 1077881.375]","(15938.657, 1232669.378]",*
792146.0760039431,"(15938.657, 885939.816]","(15938.657, 938062.754]","(15938.657, 997577.135]","(15938.657, 1077881.375]","(15938.657, 1232669.378]",*
792174.1738214786,"(15938.657, 885939.816]","(15938.657, 938062.754]","(15938.657, 997577.135]","(15938.657, 1077881.375]","(15938.657, 1232669.378]",*
792449.5430652391,"(15938.657, 885939.816]","(15938.657, 938062.754]","(15938.657, 997577.135]","(15938.657, 1077881.375]","(15938.657, 1232669.378]",*
793894.9731793484,"(15938.657, 885939.816]","(15938.657, 938062.754]","(15938.657, 997577.135]","(15938.657, 1077881.375]","(15938.657, 1232669.378]",*
794075.861502829,"(15938.657, 885939.816]","(15938.657, 938062.754]","(15938.657, 997577.135]","(15938.657, 1077881.375]","(15938.657, 1232669.378]",*
795082.8101752147,"(15938.657, 885939.816]","(15938.657, 938062.754]","(15938.657, 997577.135]","(15938.657, 1077881.375]","(15938.657, 1232669.378]",*
795507.8434415429,"(15938.657, 885939.816]","(15938.657, 938062.754]","(15938.657, 997577.135]","(15938.657, 1077881.375]","(15938.657, 1232669.378]",*
796289.306909297,"(15938.657, 885939.816]","(15938.657, 938062.754]","(15938.657, 997577.135]","(15938.657, 1077881.375]","(15938.657, 1232669.378]",*
796389.4379566306,"(15938.657, 885939.816]","(15938.657, 938062.754]","(15938.657, 997577.135]","(15938.657, 1077881.375]","(15938.657, 1232669.378]",*
796666.1224321837,"(15938.657, 885939.816]","(15938.657, 938062.754]","(15938.657, 997577.135]","(15938.657, 1077881.375]","(15938.657, 1232669.378]",*
796910.7111819305,"(15938.657, 885939.816]","(15938.657, 938062.754]","(15938.657, 997577.135]","(15938.657, 1077881.375]","(15938.657, 1232669.378]",*
798073.946177208,"(15938.657, 885939.816]","(15938.657, 938062.754]","(15938.657, 997577.135]","(15938.657, 1077881.375]","(15938.657, 1232669.378]",*
798254.224544436,"(15938.657, 885939.816]","(15938.657, 938062.754]","(15938.657, 997577.135]","(15938.657, 1077881.375]","(15938.657, 1232669.378]",*
798639.6541779223,"(15938.657, 885939.816]","(15938.657, 938062.754]","(15938.657, 997577.135]","(15938.657, 1077881.375]","(15938.657, 1232669.378]",*
798659.2170989877,"(15938.657, 885939.816]","(15938.657, 938062.754]","(15938.657, 997577.135]","(15938.657, 1077881.375]","(15938.657, 1232669.378]",*
798869.5328331633,"(15938.657, 885939.816]","(15938.657, 938062.754]","(15938.657, 997577.135]","(15938.657, 1077881.375]","(15938.657, 1232669.378]",*
798892.5150396761,"(15938.657, 885939.816]","(15938.657, 938062.754]","(15938.657, 997577.135]","(15938.657, 1077881.375]","(15938.657, 1232669.378]",*
799124.8491575408,"(15938.657, 885939.816]","(15938.657, 938062.754]","(15938.657, 997577.135]","(15938.657, 1077881.375]","(15938.657, 1232669.378]",*
799191.0381356808,"(15938.657, 885939.816]","(15938.657, 938062.754]","(15938.657, 997577.135]","(15938.657, 1077881.375]","(15938.657, 1232669.378]",*
799207.7042750404,"(15938.657, 885939.816]","(15938.657, 938062.754]","(15938.657, 997577.135]","(15938.657, 1077881.375]","(15938.657, 1232669.378]",*
799842.3758048095,"(15938.657, 885939.816]","(15938.657, 938062.754]","(15938.657, 997577.135]","(15938.657, 1077881.375]","(15938.657, 1232669.378]",*
800110.1189013292,"(15938.657, 885939.816]","(15938.657, 938062.754]","(15938.657, 997577.135]","(15938.657, 1077881.375]","(15938.657, 1232669.378]",*
800146.2260609316,"(15938.657, 885939.816]","(15938.657, 938062.754]","(15938.657, 997577.135]","(15938.657, 1077881.375]","(15938.657, 1232669.378]",*
800628.7470270158,"(15938.657, 885939.816]","(15938.657, 938062.754]","(15938.657, 997577.135]","(15938.657, 1077881.375]","(15938.657, 1232669.378]",*
800809.1316861338,"(15938.657, 885939.816]","(15938.657, 938062.754]","(15938.657, 997577.135]","(15938.657, 1077881.375]","(15938.657, 1232669.378]",*
801194.619821129,"(15938.657, 885939.816]","(15938.657, 938062.754]","(15938.657, 997577.135]","(15938.657, 1077881.375]","(15938.657, 1232669.378]",*
801348.5895113541,"(15938.657, 885939.816]","(15938.657, 938062.754]","(15938.657, 997577.135]","(15938.657, 1077881.375]","(15938.657, 1232669.378]",*
802048.4455314139,"(15938.657, 885939.816]","(15938.657, 938062.754]","(15938.657, 997577.135]","(15938.657, 1077881.375]","(15938.657, 1232669.378]",*
802274.128946526,"(15938.657, 885939.816]","(15938.657, 938062.754]","(15938.657, 997577.135]","(15938.657, 1077881.375]","(15938.657, 1232669.378]",*
802846.1222953709,"(15938.657, 885939.816]","(15938.657, 938062.754]","(15938.657, 997577.135]","(15938.657, 1077881.375]","(15938.657, 1232669.378]",*
803259.6125594131,"(15938.657, 885939.816]","(15938.657, 938062.754]","(15938.657, 997577.135]","(15938.657, 1077881.375]","(15938.657, 1232669.378]",*
803270.1278367852,"(15938.657, 885939.816]","(15938.657, 938062.754]","(15938.657, 997577.135]","(15938.657, 1077881.375]","(15938.657, 1232669.378]",*
803689.1519380857,"(15938.657, 885939.816]","(15938.657, 938062.754]","(15938.657, 997577.135]","(15938.657, 1077881.375]","(15938.657, 1232669.378]",*
803919.8064717614,"(15938.657, 885939.816]","(15938.657, 938062.754]","(15938.657, 997577.135]","(15938.657, 1077881.375]","(15938.657, 1232669.378]",*
804170.2015536873,"(15938.657, 885939.816]","(15938.657, 938062.754]","(15938.657, 997577.135]","(15938.657, 1077881.375]","(15938.657, 1232669.378]",*
804453.869783905,"(15938.657, 885939.816]","(15938.657, 938062.754]","(15938.657, 997577.135]","(15938.657, 1077881.375]","(15938.657, 1232669.378]",*
805433.7396581171,"(15938.657, 885939.816]","(15938.657, 938062.754]","(15938.657, 997577.135]","(15938.657, 1077881.375]","(15938.657, 1232669.378]",*
806121.8394432169,"(15938.657, 885939.816]","(15938.657, 938062.754]","(15938.657, 997577.135]","(15938.657, 1077881.375]","(15938.657, 1232669.378]",*
806255.875632613,"(15938.657, 885939.816]","(15938.657, 938062.754]","(15938.657, 997577.135]","(15938.657, 1077881.375]","(15938.657, 1232669.378]",*
807916.3134010027,"(15938.657, 885939.816]","(15938.657, 938062.754]","(15938.657, 997577.135]","(15938.657, 1077881.375]","(15938.657, 1232669.378]",*
808373.7030161206,"(15938.657, 885939.816]","(15938.657, 938062.754]","(15938.657, 997577.135]","(15938.657, 1077881.375]","(15938.657, 1232669.378]",*
809057.4586058989,"(15938.657, 885939.816]","(15938.657, 938062.754]","(15938.657, 997577.135]","(15938.657, 1077881.375]","(15938.657, 1232669.378]",*
809089.6719454966,"(15938.657, 885939.816]","(15938.657, 938062.754]","(15938.657, 997577.135]","(15938.657, 1077881.375]","(15938.657, 1232669.378]",*
809121.1058431822,"(15938.657, 885939.816]","(15938.657, 938062.754]","(15938.657, 997577.135]","(15938.657, 1077881.375]","(15938.657, 1232669.378]",*
809486.7099279496,"(15938.657, 885939.816]","(15938.657, 938062.754]","(15938.657, 997577.135]","(15938.657, 1077881.375]","(15938.657, 1232669.378]",*
809755.6175461733,"(15938.657, 885939.816]","(15938.657, 938062.754]","(15938.657, 997577.135]","(15938.657, 1077881.375]","(15938.657, 1232669.378]",*
810537.1483921647,"(15938.657, 885939.816]","(15938.657, 938062.754]","(15938.657, 997577.135]","(15938.657, 1077881.375]","(15938.657, 1232669.378]",*
810741.5185079774,"(15938.657, 885939.816]","(15938.657, 938062.754]","(15938.657, 997577.135]","(15938.657, 1077881.375]","(15938.657, 1232669.378]",*
810751.7250413778,"(15938.657, 885939.816]","(15938.657, 938062.754]","(15938.657, 997577.135]","(15938.657, 1077881.375]","(15938.657, 1232669.378]",*
812059.0590565013,"(15938.657, 885939.816]","(15938.657, 938062.754]","(15938.657, 997577.135]","(15938.657, 1077881.375]","(15938.657, 1232669.378]",*
812512.2412531745,"(15938.657, 885939.816]","(15938.657, 938062.754]","(15938.657, 997577.135]","(15938.657, 1077881.375]","(15938.657, 1232669.378]",*
812858.3569510883,"(15938.657, 885939.816]","(15938.657, 938062.754]","(15938.657, 997577.135]","(15938.657, 1077881.375]","(15938.657, 1232669.378]",*
813415.1280677513,"(15938.657, 885939.816]","(15938.657, 938062.754]","(15938.657, 997577.135]","(15938.657, 1077881.375]","(15938.657, 1232669.378]",*
813726.113831596,"(15938.657, 885939.816]","(15938.657, 938062.754]","(15938.657, 997577.135]","(15938.657, 1077881.375]","(15938.657, 1232669.378]",*
813807.6997244997,"(15938.657, 885939.816]","(15938.657, 938062.754]","(15938.657, 997577.135]","(15938.657, 1077881.375]","(15938.657, 1232669.378]",*
814240.281598352,"(15938.657, 885939.816]","(15938.657, 938062.754]","(15938.657, 997577.135]","(15938.657, 1077881.375]","(15938.657, 1232669.378]",*
814378.4821120476,"(15938.657, 885939.816]","(15938.657, 938062.754]","(15938.657, 997577.135]","(15938.657, 1077881.375]","(15938.657, 1232669.378]",*
814573.147135164,"(15938.657, 885939.816]","(15938.657, 938062.754]","(15938.657, 997577.135]","(15938.657, 1077881.375]","(15938.657, 1232669.378]",*
814784.2457280058,"(15938.657, 885939.816]","(15938.657, 938062.754]","(15938.657, 997577.135]","(15938.657, 1077881.375]","(15938.657, 1232669.378]",*
814879.206289094,"(15938.657, 885939.816]","(15938.657, 938062.754]","(15938.657, 997577.135]","(15938.657, 1077881.375]","(15938.657, 1232669.378]",*
815190.6525811657,"(15938.657, 885939.816]","(15938.657, 938062.754]","(15938.657, 997577.135]","(15938.657, 1077881.375]","(15938.657, 1232669.378]",*
815569.5956124964,"(15938.657, 885939.816]","(15938.657, 938062.754]","(15938.657, 997577.135]","(15938.657, 1077881.375]","(15938.657, 1232669.378]",*
815593.7638087127,"(15938.657, 885939.816]","(15938.657, 938062.754]","(15938.657, 997577.135]","(15938.657, 1077881.375]","(15938.657, 1232669.378]",*
816058.2238053272,"(15938.657, 885939.816]","(15938.657, 938062.754]","(15938.657, 997577.135]","(15938.657, 1077881.375]","(15938.657, 1232669.378]",*
816772.3750999514,"(15938.657, 885939.816]","(15938.657, 938062.754]","(15938.657, 997577.135]","(15938.657, 1077881.375]","(15938.657, 1232669.378]",*
816813.5323512612,"(15938.657, 885939.816]","(15938.657, 938062.754]","(15938.657, 997577.135]","(15938.657, 1077881.375]","(15938.657, 1232669.378]",*
817377.3110222428,"(15938.657, 885939.816]","(15938.657, 938062.754]","(15938.657, 997577.135]","(15938.657, 1077881.375]","(15938.657, 1232669.378]",*
817460.4216248231,"(15938.657, 885939.816]","(15938.657, 938062.754]","(15938.657, 997577.135]","(15938.657, 1077881.375]","(15938.657, 1232669.378]",*
817938.7774108642,"(15938.657, 885939.816]","(15938.657, 938062.754]","(15938.657, 997577.135]","(15938.657, 1077881.375]","(15938.657, 1232669.378]",*
818057.8953027214,"(15938.657, 885939.816]","(15938.657, 938062.754]","(15938.657, 997577.135]","(15938.657, 1077881.375]","(15938.657, 1232669.378]",*
818289.7642087417,"(15938.657, 885939.816]","(15938.657, 938062.754]","(15938.657, 997577.135]","(15938.657, 1077881.375]","(15938.657, 1232669.378]",*
819027.5986834953,"(15938.657, 885939.816]","(15938.657, 938062.754]","(15938.657, 997577.135]","(15938.657, 1077881.375]","(15938.657, 1232669.378]",*
819598.0078481787,"(15938.657, 885939.816]","(15938.657, 938062.754]","(15938.657, 997577.135]","(15938.657, 1077881.375]","(15938.657, 1232669.378]",*
820250.3894658082,"(15938.657, 885939.816]","(15938.657, 938062.754]","(15938.657, 997577.135]","(15938.657, 1077881.375]","(15938.657, 1232669.378]",*
820611.4708595406,"(15938.657, 885939.816]","(15938.657, 938062.754]","(15938.657, 997577.135]","(15938.657, 1077881.375]","(15938.657, 1232669.378]",*
821413.1935367524,"(15938.657, 885939.816]","(15938.657, 938062.754]","(15938.657, 997577.135]","(15938.657, 1077881.375]","(15938.657, 1232669.378]",*
821598.9851950513,"(15938.657, 885939.816]","(15938.657, 938062.754]","(15938.657, 997577.135]","(15938.657, 1077881.375]","(15938.657, 1232669.378]",*
821859.065727853,"(15938.657, 885939.816]","(15938.657, 938062.754]","(15938.657, 997577.135]","(15938.657, 1077881.375]","(15938.657, 1232669.378]",*
822431.7302651771,"(15938.657, 885939.816]","(15938.657, 938062.754]","(15938.657, 997577.135]","(15938.657, 1077881.375]","(15938.657, 1232669.378]",*
822685.3745816726,"(15938.657, 885939.816]","(15938.657, 938062.754]","(15938.657, 997577.135]","(15938.657, 1077881.375]","(15938.657, 1232669.378]",*
822934.8312947354,"(15938.657, 885939.816]","(15938.657, 938062.754]","(15938.657, 997577.135]","(15938.657, 1077881.375]","(15938.657, 1232669.378]",*
823821.7863890536,"(15938.657, 885939.816]","(15938.657, 938062.754]","(15938.657, 997577.135]","(15938.657, 1077881.375]","(15938.657, 1232669.378]",*
823864.3877373383,"(15938.657, 885939.816]","(15938.657, 938062.754]","(15938.657, 997577.135]","(15938.657, 1077881.375]","(15938.657, 1232669.378]",*
823941.922058669,"(15938.657, 885939.816]","(15938.657, 938062.754]","(15938.657, 997577.135]","(15938.657, 1077881.375]","(15938.657, 1232669.378]",*
824540.8963674724,"(15938.657, 885939.816]","(15938.657, 938062.754]","(15938.657, 997577.135]","(15938.657, 1077881.375]","(15938.657, 1232669.378]",*
825095.108578208,"(15938.657, 885939.816]","(15938.657, 938062.754]","(15938.657, 997577.135]","(15938.657, 1077881.375]","(15938.657, 1232669.378]",*
825178.3506050247,"(15938.657, 885939.816]","(15938.657, 938062.754]","(15938.657, 997577.135]","(15938.657, 1077881.375]","(15938.657, 1232669.378]",*
826194.6781509514,"(15938.657, 885939.816]","(15938.657, 938062.754]","(15938.657, 997577.135]","(15938.657, 1077881.375]","(15938.657, 1232669.378]",*
826306.1479242345,"(15938.657, 885939.816]","(15938.657, 938062.754]","(15938.657, 997577.135]","(15938.657, 1077881.375]","(15938.657, 1232669.378]",*
826328.1083526685,"(15938.657, 885939.816]","(15938.657, 938062.754]","(15938.657, 997577.135]","(15938.657, 1077881.375]","(15938.657, 1232669.378]",*
826483.7133251166,"(15938.657, 885939.816]","(15938.657, 938062.754]","(15938.657, 997577.135]","(15938.657, 1077881.375]","(15938.657, 1232669.378]",*
826587.3919400298,"(15938.657, 885939.816]","(15938.657, 938062.754]","(15938.657, 997577.135]","(15938.657, 1077881.375]","(15938.657, 1232669.378]",*
827268.2274099344,"(15938.657, 885939.816]","(15938.657, 938062.754]","(15938.657, 997577.135]","(15938.657, 1077881.375]","(15938.657, 1232669.378]",*
828120.9549888151,"(15938.657, 885939.816]","(15938.657, 938062.754]","(15938.657, 997577.135]","(15938.657, 1077881.375]","(15938.657, 1232669.378]",*
828127.0276465778,"(15938.657, 885939.816]","(15938.657, 938062.754]","(15938.657, 997577.135]","(15938.657, 1077881.375]","(15938.657, 1232669.378]",*
828477.2913121369,"(15938.657, 885939.816]","(15938.657, 938062.754]","(15938.657, 997577.135]","(15938.657, 1077881.375]","(15938.657, 1232669.378]",*
828497.0670960692,"(15938.657, 885939.816]","(15938.657, 938062.754]","(15938.657, 997577.135]","(15938.657, 1077881.375]","(15938.657, 1232669.378]",*
829128.6568381399,"(15938.657, 885939.816]","(15938.657, 938062.754]","(15938.657, 997577.135]","(15938.657, 1077881.375]","(15938.657, 1232669.378]",*
829794.8232933849,"(15938.657, 885939.816]","(15938.657, 938062.754]","(15938.657, 997577.135]","(15938.657, 1077881.375]","(15938.657, 1232669.378]",*
829868.2304469759,"(15938.657, 885939.816]","(15938.657, 938062.754]","(15938.657, 997577.135]","(15938.657, 1077881.375]","(15938.657, 1232669.378]",*
830286.706578531,"(15938.657, 885939.816]","(15938.657, 938062.754]","(15938.657, 997577.135]","(15938.657, 1077881.375]","(15938.657, 1232669.378]",*
831168.833673851,"(15938.657, 885939.816]","(15938.657, 938062.754]","(15938.657, 997577.135]","(15938.657, 1077881.375]","(15938.657, 1232669.378]",*
831471.5304107015,"(15938.657, 885939.816]","(15938.657, 938062.754]","(15938.657, 997577.135]","(15938.657, 1077881.375]","(15938.657, 1232669.378]",*
831762.7909033981,"(15938.657, 885939.816]","(15938.657, 938062.754]","(15938.657, 997577.135]","(15938.657, 1077881.375]","(15938.657, 1232669.378]",*
832475.189015321,"(15938.657, 885939.816]","(15938.657, 938062.754]","(15938.657, 997577.135]","(15938.657, 1077881.375]","(15938.657, 1232669.378]",*
832536.8853673466,"(15938.657, 885939.816]","(15938.657, 938062.754]","(15938.657, 997577.135]","(15938.657, 1077881.375]","(15938.657, 1232669.378]",*
832559.7975509297,"(15938.657, 885939.816]","(15938.657, 938062.754]","(15938.657, 997577.135]","(15938.657, 1077881.375]","(15938.657, 1232669.378]",*
832691.178130848,"(15938.657, 885939.816]","(15938.657, 938062.754]","(15938.657, 997577.135]","(15938.657, 1077881.375]","(15938.657, 1232669.378]",*
834185.5784090377,"(15938.657, 885939.816]","(15938.657, 938062.754]","(15938.657, 997577.135]","(15938.657, 1077881.375]","(15938.657, 1232669.378]",*
834268.3429210644,"(15938.657, 885939.816]","(15938.657, 938062.754]","(15938.657, 997577.135]","(15938.657, 1077881.375]","(15938.657, 1232669.378]",*
834599.9392319452,"(15938.657, 885939.816]","(15938.657, 938062.754]","(15938.657, 997577.135]","(15938.657, 1077881.375]","(15938.657, 1232669.378]",*
836235.0305323859,"(15938.657, 885939.816]","(15938.657, 938062.754]","(15938.657, 997577.135]","(15938.657, 1077881.375]","(15938.657, 1232669.378]",*
836339.8169458734,"(15938.657, 885939.816]","(15938.657, 938062.754]","(15938.657, 997577.135]","(15938.657, 1077881.375]","(15938.657, 1232669.378]",*
836883.5652618493,"(15938.657, 885939.816]","(15938.657, 938062.754]","(15938.657, 997577.135]","(15938.657, 1077881.375]","(15938.657, 1232669.378]",*
837540.1697407691,"(15938.657, 885939.816]","(15938.657, 938062.754]","(15938.657, 997577.135]","(15938.657, 1077881.375]","(15938.657, 1232669.378]",*
837668.1026021099,"(15938.657, 885939.816]","(15938.657, 938062.754]","(15938.657, 997577.135]","(15938.657, 1077881.375]","(15938.657, 1232669.378]",*
839194.0689419047,"(15938.657, 885939.816]","(15938.657, 938062.754]","(15938.657, 997577.135]","(15938.657, 1077881.375]","(15938.657, 1232669.378]",*
839426.1221799824,"(15938.657, 885939.816]","(15938.657, 938062.754]","(15938.657, 997577.135]","(15938.657, 1077881.375]","(15938.657, 1232669.378]",*
839453.2926376425,"(15938.657, 885939.816]","(15938.657, 938062.754]","(15938.657, 997577.135]","(15938.657, 1077881.375]","(15938.657, 1232669.378]",*
839589.8444834333,"(15938.657, 885939.816]","(15938.657, 938062.754]","(15938.657, 997577.135]","(15938.657, 1077881.375]","(15938.657, 1232669.378]",*
839629.5121744731,"(15938.657, 885939.816]","(15938.657, 938062.754]","(15938.657, 997577.135]","(15938.657, 1077881.375]","(15938.657, 1232669.378]",*
839638.4609643505,"(15938.657, 885939.816]","(15938.657, 938062.754]","(15938.657, 997577.135]","(15938.657, 1077881.375]","(15938.657, 1232669.378]",*
839745.6833340527,"(15938.657, 885939.816]","(15938.657, 938062.754]","(15938.657, 997577.135]","(15938.657, 1077881.375]","(15938.657, 1232669.378]",*
840124.8423453172,"(15938.657, 885939.816]","(15938.657, 938062.754]","(15938.657, 997577.135]","(15938.657, 1077881.375]","(15938.657, 1232669.378]",*
840208.7430414602,"(15938.657, 885939.816]","(15938.657, 938062.754]","(15938.657, 997577.135]","(15938.657, 1077881.375]","(15938.657, 1232669.378]",*
840272.8648923194,"(15938.657, 885939.816]","(15938.657, 938062.754]","(15938.657, 997577.135]","(15938.657, 1077881.375]","(15938.657, 1232669.378]",*
840682.6088766105,"(15938.657, 885939.816]","(15938.657, 938062.754]","(15938.657, 997577.135]","(15938.657, 1077881.375]","(15938.657, 1232669.378]",*
841122.8823806869,"(15938.657, 885939.816]","(15938.657, 938062.754]","(15938.657, 997577.135]","(15938.657, 1077881.375]","(15938.657, 1232669.378]",*
841236.1676342584,"(15938.657, 885939.816]","(15938.657, 938062.754]","(15938.657, 997577.135]","(15938.657, 1077881.375]","(15938.657, 1232669.378]",*
841276.5860989693,"(15938.657, 885939.816]","(15938.657, 938062.754]","(15938.657, 997577.135]","(15938.657, 1077881.375]","(15938.657, 1232669.378]",*
841392.493028112,"(15938.657, 885939.816]","(15938.657, 938062.754]","(15938.657, 997577.135]","(15938.657, 1077881.375]","(15938.657, 1232669.378]",*
842086.673327905,"(15938.657, 885939.816]","(15938.657, 938062.754]","(15938.657, 997577.135]","(15938.657, 1077881.375]","(15938.657, 1232669.378]",*
842235.8033529122,"(15938.657, 885939.816]","(15938.657, 938062.754]","(15938.657, 997577.135]","(15938.657, 1077881.375]","(15938.657, 1232669.378]",*
842296.2673297737,"(15938.657, 885939.816]","(15938.657, 938062.754]","(15938.657, 997577.135]","(15938.657, 1077881.375]","(15938.657, 1232669.378]",*
842777.9924727185,"(15938.657, 885939.816]","(15938.657, 938062.754]","(15938.657, 997577.135]","(15938.657, 1077881.375]","(15938.657, 1232669.378]",*
842924.5537726238,"(15938.657, 885939.816]","(15938.657, 938062.754]","(15938.657, 997577.135]","(15938.657, 1077881.375]","(15938.657, 1232669.378]",*
842985.8528549682,"(15938.657, 885939.816]","(15938.657, 938062.754]","(15938.657, 997577.135]","(15938.657, 1077881.375]","(15938.657, 1232669.378]",*
843536.1720066561,"(15938.657, 885939.816]","(15938.657, 938062.754]","(15938.657, 997577.135]","(15938.657, 1077881.375]","(15938.657, 1232669.378]",*
843633.1982439461,"(15938.657, 885939.816]","(15938.657, 938062.754]","(15938.657, 997577.135]","(15938.657, 1077881.375]","(15938.657, 1232669.378]",*
843650.8278900945,"(15938.657, 885939.816]","(15938.657, 938062.754]","(15938.657, 997577.135]","(15938.657, 1077881.375]","(15938.657, 1232669.378]",*
844695.504884106,"(15938.657, 885939.816]","(15938.657, 938062.754]","(15938.657, 997577.135]","(15938.657, 1077881.375]","(15938.657, 1232669.378]",*
845553.3695012048,"(15938.657, 885939.816]","(15938.657, 938062.754]","(15938.657, 997577.135]","(15938.657, 1077881.375]","(15938.657, 1232669.378]",*
845890.2405129139,"(15938.657, 885939.816]","(15938.657, 938062.754]","(15938.657, 997577.135]","(15938.657, 1077881.375]","(15938.657, 1232669.378]",*
846052.911198368,"(15938.657, 885939.816]","(15938.657, 938062.754]","(15938.657, 997577.135]","(15938.657, 1077881.375]","(15938.657, 1232669.378]",*
846055.7174491595,"(15938.657, 885939.816]","(15938.657, 938062.754]","(15938.657, 997577.135]","(15938.657, 1077881.375]","(15938.657, 1232669.378]",*
846095.9673147105,"(15938.657, 885939.816]","(15938.657, 938062.754]","(15938.657, 997577.135]","(15938.657, 1077881.375]","(15938.657, 1232669.378]",*
846841.4564238227,"(15938.657, 885939.816]","(15938.657, 938062.754]","(15938.657, 997577.135]","(15938.657, 1077881.375]","(15938.657, 1232669.378]",*
846939.4287842512,"(15938.657, 885939.816]","(15938.657, 938062.754]","(15938.657, 997577.135]","(15938.657, 1077881.375]","(15938.657, 1232669.378]",*
847155.0413472857,"(15938.657, 885939.816]","(15938.657, 938062.754]","(15938.657, 997577.135]","(15938.657, 1077881.375]","(15938.657, 1232669.378]",*
847387.2057853508,"(15938.657, 885939.816]","(15938.657, 938062.754]","(15938.657, 997577.135]","(15938.657, 1077881.375]","(15938.657, 1232669.378]",*
847767.9215653625,"(15938.657, 885939.816]","(15938.657, 938062.754]","(15938.657, 997577.135]","(15938.657, 1077881.375]","(15938.657, 1232669.378]",*
849008.7046985144,"(15938.657, 885939.816]","(15938.657, 938062.754]","(15938.657, 997577.135]","(15938.657, 1077881.375]","(15938.657, 1232669.378]",*
849153.1225282919,"(15938.657, 885939.816]","(15938.657, 938062.754]","(15938.657, 997577.135]","(15938.657, 1077881.375]","(15938.657, 1232669.378]",*
849180.8459937095,"(15938.657, 885939.816]","(15938.657, 938062.754]","(15938.657, 997577.135]","(15938.657, 1077881.375]","(15938.657, 1232669.378]",*
849566.0855445924,"(15938.657, 885939.816]","(15938.657, 938062.754]","(15938.657, 997577.135]","(15938.657, 1077881.375]","(15938.657, 1232669.378]",*
849656.9231925056,"(15938.657, 885939.816]","(15938.657, 938062.754]","(15938.657, 997577.135]","(15938.657, 1077881.375]","(15938.657, 1232669.378]",*
850010.1815527306,"(15938.657, 885939.816]","(15938.657, 938062.754]","(15938.657, 997577.135]","(15938.657, 1077881.375]","(15938.657, 1232669.378]",*
850114.5962662725,"(15938.657, 885939.816]","(15938.657, 938062.754]","(15938.657, 997577.135]","(15938.657, 1077881.375]","(15938.657, 1232669.378]",*
850593.3376577138,"(15938.657, 885939.816]","(15938.657, 938062.754]","(15938.657, 997577.135]","(15938.657, 1077881.375]","(15938.657, 1232669.378]",*
850977.0123103865,"(15938.657, 885939.816]","(15938.657, 938062.754]","(15938.657, 997577.135]","(15938.657, 1077881.375]","(15938.657, 1232669.378]",*
851018.9558331005,"(15938.657, 885939.816]","(15938.657, 938062.754]","(15938.657, 997577.135]","(15938.657, 1077881.375]","(15938.657, 1232669.378]",*
851633.9109410639,"(15938.657, 885939.816]","(15938.657, 938062.754]","(15938.657, 997577.135]","(15938.657, 1077881.375]","(15938.657, 1232669.378]",*
852099.4640268538,"(15938.657, 885939.816]","(15938.657, 938062.754]","(15938.657, 997577.135]","(15938.657, 1077881.375]","(15938.657, 1232669.378]",*
852268.6716506324,"(15938.657, 885939.816]","(15938.657, 938062.754]","(15938.657, 997577.135]","(15938.657, 1077881.375]","(15938.657, 1232669.378]",*
852504.585576406,"(15938.657, 885939.816]","(15938.657, 938062.754]","(15938.657, 997577.135]","(15938.657, 1077881.375]","(15938.657, 1232669.378]",*
852565.6268606181,"(15938.657, 885939.816]","(15938.657, 938062.754]","(15938.657, 997577.135]","(15938.657, 1077881.375]","(15938.657, 1232669.378]",*
852590.3528209794,"(15938.657, 885939.816]","(15938.657, 938062.754]","(15938.657, 997577.135]","(15938.657, 1077881.375]","(15938.657, 1232669.378]",*
852703.2636757497,"(15938.657, 885939.816]","(15938.657, 938062.754]","(15938.657, 997577.135]","(15938.657, 1077881.375]","(15938.657, 1232669.378]",*
852982.5643785995,"(15938.657, 885939.816]","(15938.657, 938062.754]","(15938.657, 997577.135]","(15938.657, 1077881.375]","(15938.657, 1232669.378]",*
853084.1522068826,"(15938.657, 885939.816]","(15938.657, 938062.754]","(15938.657, 997577.135]","(15938.657, 1077881.375]","(15938.657, 1232669.378]",*
853142.8085249789,"(15938.657, 885939.816]","(15938.657, 938062.754]","(15938.657, 997577.135]","(15938.657, 1077881.375]","(15938.657, 1232669.378]",*
853750.6529487937,"(15938.657, 885939.816]","(15938.657, 938062.754]","(15938.657, 997577.135]","(15938.657, 1077881.375]","(15938.657, 1232669.378]",*
854045.0137671691,"(15938.657, 885939.816]","(15938.657, 938062.754]","(15938.657, 997577.135]","(15938.657, 1077881.375]","(15938.657, 1232669.378]",*
854487.5970384093,"(15938.657, 885939.816]","(15938.657, 938062.754]","(15938.657, 997577.135]","(15938.657, 1077881.375]","(15938.657, 1232669.378]",*
854812.2579554294,"(15938.657, 885939.816]","(15938.657, 938062.754]","(15938.657, 997577.135]","(15938.657, 1077881.375]","(15938.657, 1232669.378]",*
854815.1175016209,"(15938.657, 885939.816]","(15938.657, 938062.754]","(15938.657, 997577.135]","(15938.657, 1077881.375]","(15938.657, 1232669.378]",*
854945.506711949,"(15938.657, 885939.816]","(15938.657, 938062.754]","(15938.657, 997577.135]","(15938.657, 1077881.375]","(15938.657, 1232669.378]",*
855423.9840217031,"(15938.657, 885939.816]","(15938.657, 938062.754]","(15938.657, 997577.135]","(15938.657, 1077881.375]","(15938.657, 1232669.378]",*
855667.1793027757,"(15938.657, 885939.816]","(15938.657, 938062.754]","(15938.657, 997577.135]","(15938.657, 1077881.375]","(15938.657, 1232669.378]",*
856022.8624638612,"(15938.657, 885939.816]","(15938.657, 938062.754]","(15938.657, 997577.135]","(15938.657, 1077881.375]","(15938.657, 1232669.378]",*
856207.6028363751,"(15938.657, 885939.816]","(15938.657, 938062.754]","(15938.657, 997577.135]","(15938.657, 1077881.375]","(15938.657, 1232669.378]",*
856261.615200036,"(15938.657, 885939.816]","(15938.657, 938062.754]","(15938.657, 997577.135]","(15938.657, 1077881.375]","(15938.657, 1232669.378]",*
856383.5013562267,"(15938.657, 885939.816]","(15938.657, 938062.754]","(15938.657, 997577.135]","(15938.657, 1077881.375]","(15938.657, 1232669.378]",*
856548.94412853,"(15938.657, 885939.816]","(15938.657, 938062.754]","(15938.657, 997577.135]","(15938.657, 1077881.375]","(15938.657, 1232669.378]",*
856931.528435322,"(15938.657, 885939.816]","(15938.657, 938062.754]","(15938.657, 997577.135]","(15938.657, 1077881.375]","(15938.657, 1232669.378]",*
857697.1254910927,"(15938.657, 885939.816]","(15938.657, 938062.754]","(15938.657, 997577.135]","(15938.657, 1077881.375]","(15938.657, 1232669.378]",*
857762.316993493,"(15938.657, 885939.816]","(15938.657, 938062.754]","(15938.657, 997577.135]","(15938.657, 1077881.375]","(15938.657, 1232669.378]",*
857934.5477662288,"(15938.657, 885939.816]","(15938.657, 938062.754]","(15938.657, 997577.135]","(15938.657, 1077881.375]","(15938.657, 1232669.378]",*
858088.7187869565,"(15938.657, 885939.816]","(15938.657, 938062.754]","(15938.657, 997577.135]","(15938.657, 1077881.375]","(15938.657, 1232669.378]",*
858159.6196000497,"(15938.657, 885939.816]","(15938.657, 938062.754]","(15938.657, 997577.135]","(15938.657, 1077881.375]","(15938.657, 1232669.378]",*
858685.5659249562,"(15938.657, 885939.816]","(15938.657, 938062.754]","(15938.657, 997577.135]","(15938.657, 1077881.375]","(15938.657, 1232669.378]",*
859078.6477175562,"(15938.657, 885939.816]","(15938.657, 938062.754]","(15938.657, 997577.135]","(15938.657, 1077881.375]","(15938.657, 1232669.378]",*
859208.7212247149,"(15938.657, 885939.816]","(15938.657, 938062.754]","(15938.657, 997577.135]","(15938.657, 1077881.375]","(15938.657, 1232669.378]",*
859427.979306825,"(15938.657, 885939.816]","(15938.657, 938062.754]","(15938.657, 997577.135]","(15938.657, 1077881.375]","(15938.657, 1232669.378]",*
860346.470698685,"(15938.657, 885939.816]","(15938.657, 938062.754]","(15938.657, 997577.135]","(15938.657, 1077881.375]","(15938.657, 1232669.378]",*
860399.3451932153,"(15938.657, 885939.816]","(15938.657, 938062.754]","(15938.657, 997577.135]","(15938.657, 1077881.375]","(15938.657, 1232669.378]",*
860804.4460473286,"(15938.657, 885939.816]","(15938.657, 938062.754]","(15938.657, 997577.135]","(15938.657, 1077881.375]","(15938.657, 1232669.378]",*
861013.9460775609,"(15938.657, 885939.816]","(15938.657, 938062.754]","(15938.657, 997577.135]","(15938.657, 1077881.375]","(15938.657, 1232669.378]",*
861138.1836401307,"(15938.657, 885939.816]","(15938.657, 938062.754]","(15938.657, 997577.135]","(15938.657, 1077881.375]","(15938.657, 1232669.378]",*
861321.5806924718,"(15938.657, 885939.816]","(15938.657, 938062.754]","(15938.657, 997577.135]","(15938.657, 1077881.375]","(15938.657, 1232669.378]",*
861657.3994253613,"(15938.657, 885939.816]","(15938.657, 938062.754]","(15938.657, 997577.135]","(15938.657, 1077881.375]","(15938.657, 1232669.378]",*
862376.7533414437,"(15938.657, 885939.816]","(15938.657, 938062.754]","(15938.657, 997577.135]","(15938.657, 1077881.375]","(15938.657, 1232669.378]",*
862407.8170122284,"(15938.657, 885939.816]","(15938.657, 938062.754]","(15938.657, 997577.135]","(15938.657, 1077881.375]","(15938.657, 1232669.378]",*
862865.8153196024,"(15938.657, 885939.816]","(15938.657, 938062.754]","(15938.657, 997577.135]","(15938.657, 1077881.375]","(15938.657, 1232669.378]",*
863297.1766934411,"(15938.657, 885939.816]","(15938.657, 938062.754]","(15938.657, 997577.135]","(15938.657, 1077881.375]","(15938.657, 1232669.378]",*
863386.1737937309,"(15938.657, 885939.816]","(15938.657, 938062.754]","(15938.657, 997577.135]","(15938.657, 1077881.375]","(15938.657, 1232669.378]",*
863448.392442468,"(15938.657, 885939.816]","(15938.657, 938062.754]","(15938.657, 997577.135]","(15938.657, 1077881.375]","(15938.657, 1232669.378]",*
864067.0615371757,"(15938.657, 885939.816]","(15938.657, 938062.754]","(15938.657, 997577.135]","(15938.657, 1077881.375]","(15938.657, 1232669.378]",*
864132.0330832003,"(15938.657, 885939.816]","(15938.657, 938062.754]","(15938.657, 997577.135]","(15938.657, 1077881.375]","(15938.657, 1232669.378]",*
864446.7942204889,"(15938.657, 885939.816]","(15938.657, 938062.754]","(15938.657, 997577.135]","(15938.657, 1077881.375]","(15938.657, 1232669.378]",*
864483.7584963772,"(15938.657, 885939.816]","(15938.657, 938062.754]","(15938.657, 997577.135]","(15938.657, 1077881.375]","(15938.657, 1232669.378]",*
864702.9339482344,"(15938.657, 885939.816]","(15938.657, 938062.754]","(15938.657, 997577.135]","(15938.657, 1077881.375]","(15938.657, 1232669.378]",*
864899.4849738175,"(15938.657, 885939.816]","(15938.657, 938062.754]","(15938.657, 997577.135]","(15938.657, 1077881.375]","(15938.657, 1232669.378]",*
865099.5233723286,"(15938.657, 885939.816]","(15938.657, 938062.754]","(15938.657, 997577.135]","(15938.657, 1077881.375]","(15938.657, 1232669.378]",*
865816.6759261268,"(15938.657, 885939.816]","(15938.657, 938062.754]","(15938.657, 997577.135]","(15938.657, 1077881.375]","(15938.657, 1232669.378]",*
866142.183934873,"(15938.657, 885939.816]","(15938.657, 938062.754]","(15938.657, 997577.135]","(15938.657, 1077881.375]","(15938.657, 1232669.378]",*
866328.1313278642,"(15938.657, 885939.816]","(15938.657, 938062.754]","(15938.657, 997577.135]","(15938.657, 1077881.375]","(15938.657, 1232669.378]",*
866666.0553738795,"(15938.657, 885939.816]","(15938.657, 938062.754]","(15938.657, 997577.135]","(15938.657, 1077881.375]","(15938.657, 1232669.378]",*
866689.0911811923,"(15938.657, 885939.816]","(15938.657, 938062.754]","(15938.657, 997577.135]","(15938.657, 1077881.375]","(15938.657, 1232669.378]",*
867044.9596419198,"(15938.657, 885939.816]","(15938.657, 938062.754]","(15938.657, 997577.135]","(15938.657, 1077881.375]","(15938.657, 1232669.378]",*
867082.8427607968,"(15938.657, 885939.816]","(15938.657, 938062.754]","(15938.657, 997577.135]","(15938.657, 1077881.375]","(15938.657, 1232669.378]",*
867311.0637470544,"(15938.657, 885939.816]","(15938.657, 938062.754]","(15938.657, 997577.135]","(15938.657, 1077881.375]","(15938.657, 1232669.378]",*
867444.7048681058,"(15938.657, 885939.816]","(15938.657, 938062.754]","(15938.657, 997577.135]","(15938.657, 1077881.375]","(15938.657, 1232669.378]",*
867714.3838490517,"(15938.657, 885939.816]","(15938.657, 938062.754]","(15938.657, 997577.135]","(15938.657, 1077881.375]","(15938.657, 1232669.378]",*
867898.2822421397,"(15938.657, 885939.816]","(15938.657, 938062.754]","(15938.657, 997577.135]","(15938.657, 1077881.375]","(15938.657, 1232669.378]",*
868314.4735625429,"(15938.657, 885939.816]","(15938.657, 938062.754]","(15938.657, 997577.135]","(15938.657, 1077881.375]","(15938.657, 1232669.378]",*
868435.2750090398,"(15938.657, 885939.816]","(15938.657, 938062.754]","(15938.657, 997577.135]","(15938.657, 1077881.375]","(15938.657, 1232669.378]",*
868694.0736998019,"(15938.657, 885939.816]","(15938.657, 938062.754]","(15938.657, 997577.135]","(15938.657, 1077881.375]","(15938.657, 1232669.378]",*
868713.4366943266,"(15938.657, 885939.816]","(15938.657, 938062.754]","(15938.657, 997577.135]","(15938.657, 1077881.375]","(15938.657, 1232669.378]",*
869026.5819988098,"(15938.657, 885939.816]","(15938.657, 938062.754]","(15938.657, 997577.135]","(15938.657, 1077881.375]","(15938.657, 1232669.378]",*
869924.0584222449,"(15938.657, 885939.816]","(15938.657, 938062.754]","(15938.657, 997577.135]","(15938.657, 1077881.375]","(15938.657, 1232669.378]",*
870252.4109644331,"(15938.657, 885939.816]","(15938.657, 938062.754]","(15938.657, 997577.135]","(15938.657, 1077881.375]","(15938.657, 1232669.378]",*
871325.261278003,"(15938.657, 885939.816]","(15938.657, 938062.754]","(15938.657, 997577.135]","(15938.657, 1077881.375]","(15938.657, 1232669.378]",*
872177.4089096547,"(15938.657, 885939.816]","(15938.657, 938062.754]","(15938.657, 997577.135]","(15938.657, 1077881.375]","(15938.657, 1232669.378]",*
872312.1737954783,"(15938.657, 885939.816]","(15938.657, 938062.754]","(15938.657, 997577.135]","(15938.657, 1077881.375]","(15938.657, 1232669.378]",*
872365.8799358037,"(15938.657, 885939.816]","(15938.657, 938062.754]","(15938.657, 997577.135]","(15938.657, 1077881.375]","(15938.657, 1232669.378]",*
872595.0930335799,"(15938.657, 885939.816]","(15938.657, 938062.754]","(15938.657, 997577.135]","(15938.657, 1077881.375]","(15938.657, 1232669.378]",*
873048.3196423554,"(15938.657, 885939.816]","(15938.657, 938062.754]","(15938.657, 997577.135]","(15938.657, 1077881.375]","(15938.657, 1232669.378]",*
873241.9885742475,"(15938.657, 885939.816]","(15938.657, 938062.754]","(15938.657, 997577.135]","(15938.657, 1077881.375]","(15938.657, 1232669.378]",*
873509.1895266719,"(15938.657, 885939.816]","(15938.657, 938062.754]","(15938.657, 997577.135]","(15938.657, 1077881.375]","(15938.657, 1232669.378]",*
873515.9385396001,"(15938.657, 885939.816]","(15938.657, 938062.754]","(15938.657, 997577.135]","(15938.657, 1077881.375]","(15938.657, 1232669.378]",*
873588.1296870057,"(15938.657, 885939.816]","(15938.657, 938062.754]","(15938.657, 997577.135]","(15938.657, 1077881.375]","(15938.657, 1232669.378]",*
874103.6606065923,"(15938.657, 885939.816]","(15938.657, 938062.754]","(15938.657, 997577.135]","(15938.657, 1077881.375]","(15938.657, 1232669.378]",*
874497.2654803138,"(15938.657, 885939.816]","(15938.657, 938062.754]","(15938.657, 997577.135]","(15938.657, 1077881.375]","(15938.657, 1232669.378]",*
874572.162682988,"(15938.657, 885939.816]","(15938.657, 938062.754]","(15938.657, 997577.135]","(15938.657, 1077881.375]","(15938.657, 1232669.378]",*
874755.2932874024,"(15938.657, 885939.816]","(15938.657, 938062.754]","(15938.657, 997577.135]","(15938.657, 1077881.375]","(15938.657, 1232669.378]",*
874969.6968663778,"(15938.657, 885939.816]","(15938.657, 938062.754]","(15938.657, 997577.135]","(15938.657, 1077881.375]","(15938.657, 1232669.378]",*
875799.24734427,"(15938.657, 885939.816]","(15938.657, 938062.754]","(15938.657, 997577.135]","(15938.657, 1077881.375]","(15938.657, 1232669.378]",*
875904.5285939977,"(15938.657, 885939.816]","(15938.657, 938062.754]","(15938.657, 997577.135]","(15938.657, 1077881.375]","(15938.657, 1232669.378]",*
876348.8176248398,"(15938.657, 885939.816]","(15938.657, 938062.754]","(15938.657, 997577.135]","(15938.657, 1077881.375]","(15938.657, 1232669.378]",*
876763.5840599823,"(15938.657, 885939.816]","(15938.657, 938062.754]","(15938.657, 997577.135]","(15938.657, 1077881.375]","(15938.657, 1232669.378]",*
877247.24536775,"(15938.657, 885939.816]","(15938.657, 938062.754]","(15938.657, 997577.135]","(15938.657, 1077881.375]","(15938.657, 1232669.378]",*
877566.8220142606,"(15938.657, 885939.816]","(15938.657, 938062.754]","(15938.657, 997577.135]","(15938.657, 1077881.375]","(15938.657, 1232669.378]",*
877779.3441184588,"(15938.657, 885939.816]","(15938.657, 938062.754]","(15938.657, 997577.135]","(15938.657, 1077881.375]","(15938.657, 1232669.378]",*
877822.6628716969,"(15938.657, 885939.816]","(15938.657, 938062.754]","(15938.657, 997577.135]","(15938.657, 1077881.375]","(15938.657, 1232669.378]",*
878862.7456844705,"(15938.657, 885939.816]","(15938.657, 938062.754]","(15938.657, 997577.135]","(15938.657, 1077881.375]","(15938.657, 1232669.378]",*
879062.5907073612,"(15938.657, 885939.816]","(15938.657, 938062.754]","(15938.657, 997577.135]","(15938.657, 1077881.375]","(15938.657, 1232669.378]",*
879356.366048286,"(15938.657, 885939.816]","(15938.657, 938062.754]","(15938.657, 997577.135]","(15938.657, 1077881.375]","(15938.657, 1232669.378]",*
879511.1964474785,"(15938.657, 885939.816]","(15938.657, 938062.754]","(15938.657, 997577.135]","(15938.657, 1077881.375]","(15938.657, 1232669.378]",*
879618.3222217519,"(15938.657, 885939.816]","(15938.657, 938062.754]","(15938.657, 997577.135]","(15938.657, 1077881.375]","(15938.657, 1232669.378]",*
880084.7004478722,"(15938.657, 885939.816]","(15938.657, 938062.754]","(15938.657, 997577.135]","(15938.657, 1077881.375]","(15938.657, 1232669.378]",*
880132.8440062631,"(15938.657, 885939.816]","(15938.657, 938062.754]","(15938.657, 997577.135]","(15938.657, 1077881.375]","(15938.657, 1232669.378]",*
880214.2118726358,"(15938.657, 885939.816]","(15938.657, 938062.754]","(15938.657, 997577.135]","(15938.657, 1077881.375]","(15938.657, 1232669.378]",*
880402.7569219653,"(15938.657, 885939.816]","(15938.657, 938062.754]","(15938.657, 997577.135]","(15938.657, 1077881.375]","(15938.657, 1232669.378]",*
880682.3019910126,"(15938.657, 885939.816]","(15938.657, 938062.754]","(15938.657, 997577.135]","(15938.657, 1077881.375]","(15938.657, 1232669.378]",*
880851.0551992012,"(15938.657, 885939.816]","(15938.657, 938062.754]","(15938.657, 997577.135]","(15938.657, 1077881.375]","(15938.657, 1232669.378]",*
881273.1168015127,"(15938.657, 885939.816]","(15938.657, 938062.754]","(15938.657, 997577.135]","(15938.657, 1077881.375]","(15938.657, 1232669.378]",*
881443.9247264569,"(15938.657, 885939.816]","(15938.657, 938062.754]","(15938.657, 997577.135]","(15938.657, 1077881.375]","(15938.657, 1232669.378]",*
881446.1155446059,"(15938.657, 885939.816]","(15938.657, 938062.754]","(15938.657, 997577.135]","(15938.657, 1077881.375]","(15938.657, 1232669.378]",*
882057.1705928424,"(15938.657, 885939.816]","(15938.657, 938062.754]","(15938.657, 997577.135]","(15938.657, 1077881.375]","(15938.657, 1232669.378]",*
882170.3184490805,"(15938.657, 885939.816]","(15938.657, 938062.754]","(15938.657, 997577.135]","(15938.657, 1077881.375]","(15938.657, 1232669.378]",*
882666.5815081694,"(15938.657, 885939.816]","(15938.657, 938062.754]","(15938.657, 997577.135]","(15938.657, 1077881.375]","(15938.657, 1232669.378]",*
883021.8963767654,"(15938.657, 885939.816]","(15938.657, 938062.754]","(15938.657, 997577.135]","(15938.657, 1077881.375]","(15938.657, 1232669.378]",*
883147.4710432091,"(15938.657, 885939.816]","(15938.657, 938062.754]","(15938.657, 997577.135]","(15938.657, 1077881.375]","(15938.657, 1232669.378]",*
884015.2270688239,"(15938.657, 885939.816]","(15938.657, 938062.754]","(15938.657, 997577.135]","(15938.657, 1077881.375]","(15938.657, 1232669.378]",*
884227.2098749419,"(15938.657, 885939.816]","(15938.657, 938062.754]","(15938.657, 997577.135]","(15938.657, 1077881.375]","(15938.657, 1232669.378]",*
884891.4955195289,"(15938.657, 885939.816]","(15938.657, 938062.754]","(15938.657, 997577.135]","(15938.657, 1077881.375]","(15938.657, 1232669.378]",*
885204.9786583288,"(15938.657, 885939.816]","(15938.657, 938062.754]","(15938.657, 997577.135]","(15938.657, 1077881.375]","(15938.657, 1232669.378]",*
885249.1824916627,"(15938.657, 885939.816]","(15938.657, 938062.754]","(15938.657, 997577.135]","(15938.657, 1077881.375]","(15938.657, 1232669.378]",*
885379.790325581,"(15938.657, 885939.816]","(15938.657, 938062.754]","(15938.657, 997577.135]","(15938.657, 1077881.375]","(15938.657, 1232669.378]",*
885611.5782624667,"(15938.657, 885939.816]","(15938.657, 938062.754]","(15938.657, 997577.135]","(15938.657, 1077881.375]","(15938.657, 1232669.378]",*
885661.5908366481,"(15938.657, 885939.816]","(15938.657, 938062.754]","(15938.657, 997577.135]","(15938.657, 1077881.375]","(15938.657, 1232669.378]",*
885709.7642844076,"(15938.657, 885939.816]","(15938.657, 938062.754]","(15938.657, 997577.135]","(15938.657, 1077881.375]","(15938.657, 1232669.378]",*
885796.2795967467,"(15938.657, 885939.816]","(15938.657, 938062.754]","(15938.657, 997577.135]","(15938.657, 1077881.375]","(15938.657, 1232669.378]",*
885920.553249364,"(15938.657, 885939.816]","(15938.657, 938062.754]","(15938.657, 997577.135]","(15938.657, 1077881.375]","(15938.657, 1232669.378]",*
886036.129514087,"(885939.816, 1077881.375]","(15938.657, 938062.754]","(15938.657, 997577.135]","(15938.657, 1077881.375]","(15938.657, 1232669.378]",*
886124.7256403731,"(885939.816, 1077881.375]","(15938.657, 938062.754]","(15938.657, 997577.135]","(15938.657, 1077881.375]","(15938.657, 1232669.378]",*
886321.0235719315,"(885939.816, 1077881.375]","(15938.657, 938062.754]","(15938.657, 997577.135]","(15938.657, 1077881.375]","(15938.657, 1232669.378]",*
886536.4283747243,"(885939.816, 1077881.375]","(15938.657, 938062.754]","(15938.657, 997577.135]","(15938.657, 1077881.375]","(15938.657, 1232669.378]",*
886815.9435970848,"(885939.816, 1077881.375]","(15938.657, 938062.754]","(15938.657, 997577.135]","(15938.657, 1077881.375]","(15938.657, 1232669.378]",*
887016.9763645504,"(885939.816, 1077881.375]","(15938.657, 938062.754]","(15938.657, 997577.135]","(15938.657, 1077881.375]","(15938.657, 1232669.378]",*
887739.4321039205,"(885939.816, 1077881.375]","(15938.657, 938062.754]","(15938.657, 997577.135]","(15938.657, 1077881.375]","(15938.657, 1232669.378]",*
888866.3945395602,"(885939.816, 1077881.375]","(15938.657, 938062.754]","(15938.657, 997577.135]","(15938.657, 1077881.375]","(15938.657, 1232669.378]",*
889113.2388612495,"(885939.816, 1077881.375]","(15938.657, 938062.754]","(15938.657, 997577.135]","(15938.657, 1077881.375]","(15938.657, 1232669.378]",*
889385.9015842597,"(885939.816, 1077881.375]","(15938.657, 938062.754]","(15938.657, 997577.135]","(15938.657, 1077881.375]","(15938.657, 1232669.378]",*
889831.1510522065,"(885939.816, 1077881.375]","(15938.657, 938062.754]","(15938.657, 997577.135]","(15938.657, 1077881.375]","(15938.657, 1232669.378]",*
889845.6011902957,"(885939.816, 1077881.375]","(15938.657, 938062.754]","(15938.657, 997577.135]","(15938.657, 1077881.375]","(15938.657, 1232669.378]",*
890112.5493178923,"(885939.816, 1077881.375]","(15938.657, 938062.754]","(15938.657, 997577.135]","(15938.657, 1077881.375]","(15938.657, 1232669.378]",*
890138.2114471466,"(885939.816, 1077881.375]","(15938.657, 938062.754]","(15938.657, 997577.135]","(15938.657, 1077881.375]","(15938.657, 1232669.378]",*
890481.7298329042,"(885939.816, 1077881.375]","(15938.657, 938062.754]","(15938.657, 997577.135]","(15938.657, 1077881.375]","(15938.657, 1232669.378]",*
890559.8610264583,"(885939.816, 1077881.375]","(15938.657, 938062.754]","(15938.657, 997577.135]","(15938.657, 1077881.375]","(15938.657, 1232669.378]",*
890887.6807315941,"(885939.816, 1077881.375]","(15938.657, 938062.754]","(15938.657, 997577.135]","(15938.657, 1077881.375]","(15938.657, 1232669.378]",*
891200.8622760209,"(885939.816, 1077881.375]","(15938.657, 938062.754]","(15938.657, 997577.135]","(15938.657, 1077881.375]","(15938.657, 1232669.378]",*
891259.338362191,"(885939.816, 1077881.375]","(15938.657, 938062.754]","(15938.657, 997577.135]","(15938.657, 1077881.375]","(15938.657, 1232669.378]",*
891468.2132791065,"(885939.816, 1077881.375]","(15938.657, 938062.754]","(15938.657, 997577.135]","(15938.657, 1077881.375]","(15938.657, 1232669.378]",*
891661.6959126607,"(885939.816, 1077881.375]","(15938.657, 938062.754]","(15938.657, 997577.135]","(15938.657, 1077881.375]","(15938.657, 1232669.378]",*
891981.0975959449,"(885939.816, 1077881.375]","(15938.657, 938062.754]","(15938.657, 997577.135]","(15938.657, 1077881.375]","(15938.657, 1232669.378]",*
892039.4034522664,"(885939.816, 1077881.375]","(15938.657, 938062.754]","(15938.657, 997577.135]","(15938.657, 1077881.375]","(15938.657, 1232669.378]",*
892718.0910073874,"(885939.816, 1077881.375]","(15938.657, 938062.754]","(15938.657, 997577.135]","(15938.657, 1077881.375]","(15938.657, 1232669.378]",*
893215.2366394276,"(885939.816, 1077881.375]","(15938.657, 938062.754]","(15938.657, 997577.135]","(15938.657, 1077881.375]","(15938.657, 1232669.378]",*
893435.1192151045,"(885939.816, 1077881.375]","(15938.657, 938062.754]","(15938.657, 997577.135]","(15938.657, 1077881.375]","(15938.657, 1232669.378]",*
893541.4569496352,"(885939.816, 1077881.375]","(15938.657, 938062.754]","(15938.657, 997577.135]","(15938.657, 1077881.375]","(15938.657, 1232669.378]",*
893802.0888455657,"(885939.816, 1077881.375]","(15938.657, 938062.754]","(15938.657, 997577.135]","(15938.657, 1077881.375]","(15938.657, 1232669.378]",*
893919.0388163759,"(885939.816, 1077881.375]","(15938.657, 938062.754]","(15938.657, 997577.135]","(15938.657, 1077881.375]","(15938.657, 1232669.378]",*
894203.5715459331,"(885939.816, 1077881.375]","(15938.657, 938062.754]","(15938.657, 997577.135]","(15938.657, 1077881.375]","(15938.657, 1232669.378]",*
894251.0686357756,"(885939.816, 1077881.375]","(15938.657, 938062.754]","(15938.657, 997577.135]","(15938.657, 1077881.375]","(15938.657, 1232669.378]",*
894292.0474101036,"(885939.816, 1077881.375]","(15938.657, 938062.754]","(15938.657, 997577.135]","(15938.657, 1077881.375]","(15938.657, 1232669.378]",*
895441.022143891,"(885939.816, 1077881.375]","(15938.657, 938062.754]","(15938.657, 997577.135]","(15938.657, 1077881.375]","(15938.657, 1232669.378]",*
895600.423741341,"(885939.816, 1077881.375]","(15938.657, 938062.754]","(15938.657, 997577.135]","(15938.657, 1077881.375]","(15938.657, 1232669.378]",*
895737.1333835076,"(885939.816, 1077881.375]","(15938.657, 938062.754]","(15938.657, 997577.135]","(15938.657, 1077881.375]","(15938.657, 1232669.378]",*
895845.5654869695,"(885939.816, 1077881.375]","(15938.657, 938062.754]","(15938.657, 997577.135]","(15938.657, 1077881.375]","(15938.657, 1232669.378]",*
896246.1462243542,"(885939.816, 1077881.375]","(15938.657, 938062.754]","(15938.657, 997577.135]","(15938.657, 1077881.375]","(15938.657, 1232669.378]",*
896303.7991791363,"(885939.816, 1077881.375]","(15938.657, 938062.754]","(15938.657, 997577.135]","(15938.657, 1077881.375]","(15938.657, 1232669.378]",*
896937.6577995939,"(885939.816, 1077881.375]","(15938.657, 938062.754]","(15938.657, 997577.135]","(15938.657, 1077881.375]","(15938.657, 1232669.378]",*
896944.2442711681,"(885939.816, 1077881.375]","(15938.657, 938062.754]","(15938.657, 997577.135]","(15938.657, 1077881.375]","(15938.657, 1232669.378]",*
897013.1810283553,"(885939.816, 1077881.375]","(15938.657, 938062.754]","(15938.657, 997577.135]","(15938.657, 1077881.375]","(15938.657, 1232669.378]",*
897223.4346811123,"(885939.816, 1077881.375]","(15938.657, 938062.754]","(15938.657, 997577.135]","(15938.657, 1077881.375]","(15938.657, 1232669.378]",*
897291.1153231284,"(885939.816, 1077881.375]","(15938.657, 938062.754]","(15938.657, 997577.135]","(15938.657, 1077881.375]","(15938.657, 1232669.378]",*
897479.9501690639,"(885939.816, 1077881.375]","(15938.657, 938062.754]","(15938.657, 997577.135]","(15938.657, 1077881.375]","(15938.657, 1232669.378]",*
898281.9024826281,"(885939.816, 1077881.375]","(15938.657, 938062.754]","(15938.657, 997577.135]","(15938.657, 1077881.375]","(15938.657, 1232669.378]",*
899186.156938855,"(885939.816, 1077881.375]","(15938.657, 938062.754]","(15938.657, 997577.135]","(15938.657, 1077881.375]","(15938.657, 1232669.378]",*
899466.5749240116,"(885939.816, 1077881.375]","(15938.657, 938062.754]","(15938.657, 997577.135]","(15938.657, 1077881.375]","(15938.657, 1232669.378]",*
899609.3001428025,"(885939.816, 1077881.375]","(15938.657, 938062.754]","(15938.657, 997577.135]","(15938.657, 1077881.375]","(15938.657, 1232669.378]",*
900851.1631095211,"(885939.816, 1077881.375]","(15938.657, 938062.754]","(15938.657, 997577.135]","(15938.657, 1077881.375]","(15938.657, 1232669.378]",*
900973.3763955472,"(885939.816, 1077881.375]","(15938.657, 938062.754]","(15938.657, 997577.135]","(15938.657, 1077881.375]","(15938.657, 1232669.378]",*
901752.6804515448,"(885939.816, 1077881.375]","(15938.657, 938062.754]","(15938.657, 997577.135]","(15938.657, 1077881.375]","(15938.657, 1232669.378]",*
901881.7426862384,"(885939.816, 1077881.375]","(15938.657, 938062.754]","(15938.657, 997577.135]","(15938.657, 1077881.375]","(15938.657, 1232669.378]",*
902350.419724823,"(885939.816, 1077881.375]","(15938.657, 938062.754]","(15938.657, 997577.135]","(15938.657, 1077881.375]","(15938.657, 1232669.378]",*
902520.9400336036,"(885939.816, 1077881.375]","(15938.657, 938062.754]","(15938.657, 997577.135]","(15938.657, 1077881.375]","(15938.657, 1232669.378]",*
903301.9933367072,"(885939.816, 1077881.375]","(15938.657, 938062.754]","(15938.657, 997577.135]","(15938.657, 1077881.375]","(15938.657, 1232669.378]",*
903657.5625479298,"(885939.816, 1077881.375]","(15938.657, 938062.754]","(15938.657, 997577.135]","(15938.657, 1077881.375]","(15938.657, 1232669.378]",*
903665.2036911576,"(885939.816, 1077881.375]","(15938.657, 938062.754]","(15938.657, 997577.135]","(15938.657, 1077881.375]","(15938.657, 1232669.378]",*
903881.6638657488,"(885939.816, 1077881.375]","(15938.657, 938062.754]","(15938.657, 997577.135]","(15938.657, 1077881.375]","(15938.657, 1232669.378]",*
904497.3170887964,"(885939.816, 1077881.375]","(15938.657, 938062.754]","(15938.657, 997577.135]","(15938.657, 1077881.375]","(15938.657, 1232669.378]",*
904785.1631560352,"(885939.816, 1077881.375]","(15938.657, 938062.754]","(15938.657, 997577.135]","(15938.657, 1077881.375]","(15938.657, 1232669.378]",*
904789.612244018,"(885939.816, 1077881.375]","(15938.657, 938062.754]","(15938.657, 997577.135]","(15938.657, 1077881.375]","(15938.657, 1232669.378]",*
905045.2177063724,"(885939.816, 1077881.375]","(15938.657, 938062.754]","(15938.657, 997577.135]","(15938.657, 1077881.375]","(15938.657, 1232669.378]",*
905328.7691457036,"(885939.816, 1077881.375]","(15938.657, 938062.754]","(15938.657, 997577.135]","(15938.657, 1077881.375]","(15938.657, 1232669.378]",*
905354.9139602784,"(885939.816, 1077881.375]","(15938.657, 938062.754]","(15938.657, 997577.135]","(15938.657, 1077881.375]","(15938.657, 1232669.378]",*
905435.84288734,"(885939.816, 1077881.375]","(15938.657, 938062.754]","(15938.657, 997577.135]","(15938.657, 1077881.375]","(15938.657, 1232669.378]",*
906011.3853235616,"(885939.816, 1077881.375]","(15938.657, 938062.754]","(15938.657, 997577.135]","(15938.657, 1077881.375]","(15938.657, 1232669.378]",*
906034.651445512,"(885939.816, 1077881.375]","(15938.657, 938062.754]","(15938.657, 997577.135]","(15938.657, 1077881.375]","(15938.657, 1232669.378]",*
906419.3179021332,"(885939.816, 1077881.375]","(15938.657, 938062.754]","(15938.657, 997577.135]","(15938.657, 1077881.375]","(15938.657, 1232669.378]",*
906543.7653908278,"(885939.816, 1077881.375]","(15938.657, 938062.754]","(15938.657, 997577.135]","(15938.657, 1077881.375]","(15938.657, 1232669.378]",*
907462.451202018,"(885939.816, 1077881.375]","(15938.657, 938062.754]","(15938.657, 997577.135]","(15938.657, 1077881.375]","(15938.657, 1232669.378]",*
907530.175313622,"(885939.816, 1077881.375]","(15938.657, 938062.754]","(15938.657, 997577.135]","(15938.657, 1077881.375]","(15938.657, 1232669.378]",*
908013.0020703824,"(885939.816, 1077881.375]","(15938.657, 938062.754]","(15938.657, 997577.135]","(15938.657, 1077881.375]","(15938.657, 1232669.378]",*
908616.4826240856,"(885939.816, 1077881.375]","(15938.657, 938062.754]","(15938.657, 997577.135]","(15938.657, 1077881.375]","(15938.657, 1232669.378]",*
909781.4667682184,"(885939.816, 1077881.375]","(15938.657, 938062.754]","(15938.657, 997577.135]","(15938.657, 1077881.375]","(15938.657, 1232669.378]",*
909885.8014150272,"(885939.816, 1077881.375]","(15938.657, 938062.754]","(15938.657, 997577.135]","(15938.657, 1077881.375]","(15938.657, 1232669.378]",*
910099.6440482036,"(885939.816, 1077881.375]","(15938.657, 938062.754]","(15938.657, 997577.135]","(15938.657, 1077881.375]","(15938.657, 1232669.378]",*
910211.0189369676,"(885939.816, 1077881.375]","(15938.657, 938062.754]","(15938.657, 997577.135]","(15938.657, 1077881.375]","(15938.657, 1232669.378]",*
910512.6353617404,"(885939.816, 1077881.375]","(15938.657, 938062.754]","(15938.657, 997577.135]","(15938.657, 1077881.375]","(15938.657, 1232669.378]",*
911071.833553066,"(885939.816, 1077881.375]","(15938.657, 938062.754]","(15938.657, 997577.135]","(15938.657, 1077881.375]","(15938.657, 1232669.378]",*
911202.1683461092,"(885939.816, 1077881.375]","(15938.657, 938062.754]","(15938.657, 997577.135]","(15938.657, 1077881.375]","(15938.657, 1232669.378]",*
911247.817023832,"(885939.816, 1077881.375]","(15938.657, 938062.754]","(15938.657, 997577.135]","(15938.657, 1077881.375]","(15938.657, 1232669.378]",*
911656.1052977764,"(885939.816, 1077881.375]","(15938.657, 938062.754]","(15938.657, 997577.135]","(15938.657, 1077881.375]","(15938.657, 1232669.378]",*
911901.1553498644,"(885939.816, 1077881.375]","(15938.657, 938062.754]","(15938.657, 997577.135]","(15938.657, 1077881.375]","(15938.657, 1232669.378]",*
912422.1464209496,"(885939.816, 1077881.375]","(15938.657, 938062.754]","(15938.657, 997577.135]","(15938.657, 1077881.375]","(15938.657, 1232669.378]",*
912585.6211692464,"(885939.816, 1077881.375]","(15938.657, 938062.754]","(15938.657, 997577.135]","(15938.657, 1077881.375]","(15938.657, 1232669.378]",*
912891.680588,"(885939.816, 1077881.375]","(15938.657, 938062.754]","(15938.657, 997577.135]","(15938.657, 1077881.375]","(15938.657, 1232669.378]",*
913397.0868819004,"(885939.816, 1077881.375]","(15938.657, 938062.754]","(15938.657, 997577.135]","(15938.657, 1077881.375]","(15938.657, 1232669.378]",*
913587.0974474044,"(885939.816, 1077881.375]","(15938.657, 938062.754]","(15938.657, 997577.135]","(15938.657, 1077881.375]","(15938.657, 1232669.378]",*
913978.5733876184,"(885939.816, 1077881.375]","(15938.657, 938062.754]","(15938.657, 997577.135]","(15938.657, 1077881.375]","(15938.657, 1232669.378]",*
914136.519775298,"(885939.816, 1077881.375]","(15938.657, 938062.754]","(15938.657, 997577.135]","(15938.657, 1077881.375]","(15938.657, 1232669.378]",*
914231.2923067894,"(885939.816, 1077881.375]","(15938.657, 938062.754]","(15938.657, 997577.135]","(15938.657, 1077881.375]","(15938.657, 1232669.378]",*
914325.029151274,"(885939.816, 1077881.375]","(15938.657, 938062.754]","(15938.657, 997577.135]","(15938.657, 1077881.375]","(15938.657, 1232669.378]",*
914378.3344281596,"(885939.816, 1077881.375]","(15938.657, 938062.754]","(15938.657, 997577.135]","(15938.657, 1077881.375]","(15938.657, 1232669.378]",*
915818.4531215572,"(885939.816, 1077881.375]","(15938.657, 938062.754]","(15938.657, 997577.135]","(15938.657, 1077881.375]","(15938.657, 1232669.378]",*
915992.5577704288,"(885939.816, 1077881.375]","(15938.657, 938062.754]","(15938.657, 997577.135]","(15938.657, 1077881.375]","(15938.657, 1232669.378]",*
916140.2212497432,"(885939.816, 1077881.375]","(15938.657, 938062.754]","(15938.657, 997577.135]","(15938.657, 1077881.375]","(15938.657, 1232669.378]",*
916344.293835102,"(885939.816, 1077881.375]","(15938.657, 938062.754]","(15938.657, 997577.135]","(15938.657, 1077881.375]","(15938.657, 1232669.378]",*
916717.6046638167,"(885939.816, 1077881.375]","(15938.657, 938062.754]","(15938.657, 997577.135]","(15938.657, 1077881.375]","(15938.657, 1232669.378]",*
917351.1355937724,"(885939.816, 1077881.375]","(15938.657, 938062.754]","(15938.657, 997577.135]","(15938.657, 1077881.375]","(15938.657, 1232669.378]",*
917610.888395342,"(885939.816, 1077881.375]","(15938.657, 938062.754]","(15938.657, 997577.135]","(15938.657, 1077881.375]","(15938.657, 1232669.378]",*
918533.616385498,"(885939.816, 1077881.375]","(15938.657, 938062.754]","(15938.657, 997577.135]","(15938.657, 1077881.375]","(15938.657, 1232669.378]",*
919207.0276133117,"(885939.816, 1077881.375]","(15938.657, 938062.754]","(15938.657, 997577.135]","(15938.657, 1077881.375]","(15938.657, 1232669.378]",*
919926.9985237204,"(885939.816, 1077881.375]","(15938.657, 938062.754]","(15938.657, 997577.135]","(15938.657, 1077881.375]","(15938.657, 1232669.378]",*
919963.008583288,"(885939.816, 1077881.375]","(15938.657, 938062.754]","(15938.657, 997577.135]","(15938.657, 1077881.375]","(15938.657, 1232669.378]",*
920498.9373832784,"(885939.816, 1077881.375]","(15938.657, 938062.754]","(15938.657, 997577.135]","(15938.657, 1077881.375]","(15938.657, 1232669.378]",*
920540.6539499458,"(885939.816, 1077881.375]","(15938.657, 938062.754]","(15938.657, 997577.135]","(15938.657, 1077881.375]","(15938.657, 1232669.378]",*
920747.9112878873,"(885939.816, 1077881.375]","(15938.657, 938062.754]","(15938.657, 997577.135]","(15938.657, 1077881.375]","(15938.657, 1232669.378]",*
920951.5682989664,"(885939.816, 1077881.375]","(15938.657, 938062.754]","(15938.657, 997577.135]","(15938.657, 1077881.375]","(15938.657, 1232669.378]",*
921238.3583329738,"(885939.816, 1077881.375]","(15938.657, 938062.754]","(15938.657, 997577.135]","(15938.657, 1077881.375]","(15938.657, 1232669.378]",*
921321.0150468872,"(885939.816, 1077881.375]","(15938.657, 938062.754]","(15938.657, 997577.135]","(15938.657, 1077881.375]","(15938.657, 1232669.378]",*
921396.9752541516,"(885939.816, 1077881.375]","(15938.657, 938062.754]","(15938.657, 997577.135]","(15938.657, 1077881.375]","(15938.657, 1232669.378]",*
922054.1319412548,"(885939.816, 1077881.375]","(15938.657, 938062.754]","(15938.657, 997577.135]","(15938.657, 1077881.375]","(15938.657, 1232669.378]",*
922478.9145343913,"(885939.816, 1077881.375]","(15938.657, 938062.754]","(15938.657, 997577.135]","(15938.657, 1077881.375]","(15938.657, 1232669.378]",*
922514.0879743272,"(885939.816, 1077881.375]","(15938.657, 938062.754]","(15938.657, 997577.135]","(15938.657, 1077881.375]","(15938.657, 1232669.378]",*
923246.8620740192,"(885939.816, 1077881.375]","(15938.657, 938062.754]","(15938.657, 997577.135]","(15938.657, 1077881.375]","(15938.657, 1232669.378]",*
923444.1447612592,"(885939.816, 1077881.375]","(15938.657, 938062.754]","(15938.657, 997577.135]","(15938.657, 1077881.375]","(15938.657, 1232669.378]",*
923508.1256504912,"(885939.816, 1077881.375]","(15938.657, 938062.754]","(15938.657, 997577.135]","(15938.657, 1077881.375]","(15938.657, 1232669.378]",*
923830.33486809,"(885939.816, 1077881.375]","(15938.657, 938062.754]","(15938.657, 997577.135]","(15938.657, 1077881.375]","(15938.657, 1232669.378]",*
923971.5832050658,"(885939.816, 1077881.375]","(15938.657, 938062.754]","(15938.657, 997577.135]","(15938.657, 1077881.375]","(15938.657, 1232669.378]",*
924271.7911283288,"(885939.816, 1077881.375]","(15938.657, 938062.754]","(15938.657, 997577.135]","(15938.657, 1077881.375]","(15938.657, 1232669.378]",*
924346.1648024168,"(885939.816, 1077881.375]","(15938.657, 938062.754]","(15938.657, 997577.135]","(15938.657, 1077881.375]","(15938.657, 1232669.378]",*
924728.537366032,"(885939.816, 1077881.375]","(15938.657, 938062.754]","(15938.657, 997577.135]","(15938.657, 1077881.375]","(15938.657, 1232669.378]",*
925163.7460279363,"(885939.816, 1077881.375]","(15938.657, 938062.754]","(15938.657, 997577.135]","(15938.657, 1077881.375]","(15938.657, 1232669.378]",*
925394.135004886,"(885939.816, 1077881.375]","(15938.657, 938062.754]","(15938.657, 997577.135]","(15938.657, 1077881.375]","(15938.657, 1232669.378]",*
925566.331316076,"(885939.816, 1077881.375]","(15938.657, 938062.754]","(15938.657, 997577.135]","(15938.657, 1077881.375]","(15938.657, 1232669.378]",*
926482.467655185,"(885939.816, 1077881.375]","(15938.657, 938062.754]","(15938.657, 997577.135]","(15938.657, 1077881.375]","(15938.657, 1232669.378]",*
926880.8505513167,"(885939.816, 1077881.375]","(15938.657, 938062.754]","(15938.657, 997577.135]","(15938.657, 1077881.375]","(15938.657, 1232669.378]",*
926882.9194765616,"(885939.816, 1077881.375]","(15938.657, 938062.754]","(15938.657, 997577.135]","(15938.657, 1077881.375]","(15938.657, 1232669.378]",*
927163.8119484548,"(885939.816, 1077881.375]","(15938.657, 938062.754]","(15938.657, 997577.135]","(15938.657, 1077881.375]","(15938.657, 1232669.378]",*
927181.0663926834,"(885939.816, 1077881.375]","(15938.657, 938062.754]","(15938.657, 997577.135]","(15938.657, 1077881.375]","(15938.657, 1232669.378]",*
927677.4223195151,"(885939.816, 1077881.375]","(15938.657, 938062.754]","(15938.657, 997577.135]","(15938.657, 1077881.375]","(15938.657, 1232669.378]",*
927978.9092449584,"(885939.816, 1077881.375]","(15938.657, 938062.754]","(15938.657, 997577.135]","(15938.657, 1077881.375]","(15938.657, 1232669.378]",*
928210.761532312,"(885939.816, 1077881.375]","(15938.657, 938062.754]","(15938.657, 997577.135]","(15938.657, 1077881.375]","(15938.657, 1232669.378]",*
928538.7847562184,"(885939.816, 1077881.375]","(15938.657, 938062.754]","(15938.657, 997577.135]","(15938.657, 1077881.375]","(15938.657, 1232669.378]",*
928563.8215523724,"(885939.816, 1077881.375]","(15938.657, 938062.754]","(15938.657, 997577.135]","(15938.657, 1077881.375]","(15938.657, 1232669.378]",*
928950.0032485396,"(885939.816, 1077881.375]","(15938.657, 938062.754]","(15938.657, 997577.135]","(15938.657, 1077881.375]","(15938.657, 1232669.378]",*
929247.5995364,"(885939.816, 1077881.375]","(15938.657, 938062.754]","(15938.657, 997577.135]","(15938.657, 1077881.375]","(15938.657, 1232669.378]",*
929480.6298952122,"(885939.816, 1077881.375]","(15938.657, 938062.754]","(15938.657, 997577.135]","(15938.657, 1077881.375]","(15938.657, 1232669.378]",*
930011.5708874032,"(885939.816, 1077881.375]","(15938.657, 938062.754]","(15938.657, 997577.135]","(15938.657, 1077881.375]","(15938.657, 1232669.378]",*
930493.33131078,"(885939.816, 1077881.375]","(15938.657, 938062.754]","(15938.657, 997577.135]","(15938.657, 1077881.375]","(15938.657, 1232669.378]",*
931357.9954219256,"(885939.816, 1077881.375]","(15938.657, 938062.754]","(15938.657, 997577.135]","(15938.657, 1077881.375]","(15938.657, 1232669.378]",*
931733.3638805776,"(885939.816, 1077881.375]","(15938.657, 938062.754]","(15938.657, 997577.135]","(15938.657, 1077881.375]","(15938.657, 1232669.378]",*
931768.0455357102,"(885939.816, 1077881.375]","(15938.657, 938062.754]","(15938.657, 997577.135]","(15938.657, 1077881.375]","(15938.657, 1232669.378]",*
931787.61793679,"(885939.816, 1077881.375]","(15938.657, 938062.754]","(15938.657, 997577.135]","(15938.657, 1077881.375]","(15938.657, 1232669.378]",*
932380.5503894528,"(885939.816, 1077881.375]","(15938.657, 938062.754]","(15938.657, 997577.135]","(15938.657, 1077881.375]","(15938.657, 1232669.378]",*
932616.0682040264,"(885939.816, 1077881.375]","(15938.657, 938062.754]","(15938.657, 997577.135]","(15938.657, 1077881.375]","(15938.657, 1232669.378]",*
932979.360621325,"(885939.816, 1077881.375]","(15938.657, 938062.754]","(15938.657, 997577.135]","(15938.657, 1077881.375]","(15938.657, 1232669.378]",*
933157.3392378044,"(885939.816, 1077881.375]","(15938.657, 938062.754]","(15938.657, 997577.135]","(15938.657, 1077881.375]","(15938.657, 1232669.378]",*
933306.2877207608,"(885939.816, 1077881.375]","(15938.657, 938062.754]","(15938.657, 997577.135]","(15938.657, 1077881.375]","(15938.657, 1232669.378]",*
933609.2580703913,"(885939.816, 1077881.375]","(15938.657, 938062.754]","(15938.657, 997577.135]","(15938.657, 1077881.375]","(15938.657, 1232669.378]",*
933949.0733367832,"(885939.816, 1077881.375]","(15938.657, 938062.754]","(15938.657, 997577.135]","(15938.657, 1077881.375]","(15938.657, 1232669.378]",*
934111.6355005292,"(885939.816, 1077881.375]","(15938.657, 938062.754]","(15938.657, 997577.135]","(15938.657, 1077881.375]","(15938.657, 1232669.378]",*
934408.7142813632,"(885939.816, 1077881.375]","(15938.657, 938062.754]","(15938.657, 997577.135]","(15938.657, 1077881.375]","(15938.657, 1232669.378]",*
934492.3423844692,"(885939.816, 1077881.375]","(15938.657, 938062.754]","(15938.657, 997577.135]","(15938.657, 1077881.375]","(15938.657, 1232669.378]",*
934610.3953348844,"(885939.816, 1077881.375]","(15938.657, 938062.754]","(15938.657, 997577.135]","(15938.657, 1077881.375]","(15938.657, 1232669.378]",*
934744.0334904653,"(885939.816, 1077881.375]","(15938.657, 938062.754]","(15938.657, 997577.135]","(15938.657, 1077881.375]","(15938.657, 1232669.378]",*
935061.309297756,"(885939.816, 1077881.375]","(15938.657, 938062.754]","(15938.657, 997577.135]","(15938.657, 1077881.375]","(15938.657, 1232669.378]",*
935488.606494803,"(885939.816, 1077881.375]","(15938.657, 938062.754]","(15938.657, 997577.135]","(15938.657, 1077881.375]","(15938.657, 1232669.378]",*
935590.8042953262,"(885939.816, 1077881.375]","(15938.657, 938062.754]","(15938.657, 997577.135]","(15938.657, 1077881.375]","(15938.657, 1232669.378]",*
936148.5119028986,"(885939.816, 1077881.375]","(15938.657, 938062.754]","(15938.657, 997577.135]","(15938.657, 1077881.375]","(15938.657, 1232669.378]",*
936234.3475902014,"(885939.816, 1077881.375]","(15938.657, 938062.754]","(15938.657, 997577.135]","(15938.657, 1077881.375]","(15938.657, 1232669.378]",*
936368.9634048606,"(885939.816, 1077881.375]","(15938.657, 938062.754]","(15938.657, 997577.135]","(15938.657, 1077881.375]","(15938.657, 1232669.378]",*
936553.7042681208,"(885939.816, 1077881.375]","(15938.657, 938062.754]","(15938.657, 997577.135]","(15938.657, 1077881.375]","(15938.657, 1232669.378]",*
936864.687834366,"(885939.816, 1077881.375]","(15938.657, 938062.754]","(15938.657, 997577.135]","(15938.657, 1077881.375]","(15938.657, 1232669.378]",*
937325.5660627788,"(885939.816, 1077881.375]","(15938.657, 938062.754]","(15938.657, 997577.135]","(15938.657, 1077881.375]","(15938.657, 1232669.378]",*
937628.3466936616,"(885939.816, 1077881.375]","(15938.657, 938062.754]","(15938.657, 997577.135]","(15938.657, 1077881.375]","(15938.657, 1232669.378]",*
938171.3555536494,"(885939.816, 1077881.375]","(938062.754, 1139513.606]","(15938.657, 997577.135]","(15938.657, 1077881.375]","(15938.657, 1232669.378]",*
938420.7845610044,"(885939.816, 1077881.375]","(938062.754, 1139513.606]","(15938.657, 997577.135]","(15938.657, 1077881.375]","(15938.657, 1232669.378]",*
938827.8008369108,"(885939.816, 1077881.375]","(938062.754, 1139513.606]","(15938.657, 997577.135]","(15938.657, 1077881.375]","(15938.657, 1232669.378]",*
939040.0035601156,"(885939.816, 1077881.375]","(938062.754, 1139513.606]","(15938.657, 997577.135]","(15938.657, 1077881.375]","(15938.657, 1232669.378]",*
939139.0293389644,"(885939.816, 1077881.375]","(938062.754, 1139513.606]","(15938.657, 997577.135]","(15938.657, 1077881.375]","(15938.657, 1232669.378]",*
939490.9138489172,"(885939.816, 1077881.375]","(938062.754, 1139513.606]","(15938.657, 997577.135]","(15938.657, 1077881.375]","(15938.657, 1232669.378]",*
940138.9613987308,"(885939.816, 1077881.375]","(938062.754, 1139513.606]","(15938.657, 997577.135]","(15938.657, 1077881.375]","(15938.657, 1232669.378]",*
940162.7244777936,"(885939.816, 1077881.375]","(938062.754, 1139513.606]","(15938.657, 997577.135]","(15938.657, 1077881.375]","(15938.657, 1232669.378]",*
940229.2343302772,"(885939.816, 1077881.375]","(938062.754, 1139513.606]","(15938.657, 997577.135]","(15938.657, 1077881.375]","(15938.657, 1232669.378]",*
941594.3284107696,"(885939.816, 1077881.375]","(938062.754, 1139513.606]","(15938.657, 997577.135]","(15938.657, 1077881.375]","(15938.657, 1232669.378]",*
941950.5794564656,"(885939.816, 1077881.375]","(938062.754, 1139513.606]","(15938.657, 997577.135]","(15938.657, 1077881.375]","(15938.657, 1232669.378]",*
942093.9244773956,"(885939.816, 1077881.375]","(938062.754, 1139513.606]","(15938.657, 997577.135]","(15938.657, 1077881.375]","(15938.657, 1232669.378]",*
942166.50902854,"(885939.816, 1077881.375]","(938062.754, 1139513.606]","(15938.657, 997577.135]","(15938.657, 1077881.375]","(15938.657, 1232669.378]",*
942397.0664762192,"(885939.816, 1077881.375]","(938062.754, 1139513.606]","(15938.657, 997577.135]","(15938.657, 1077881.375]","(15938.657, 1232669.378]",*
942508.962238668,"(885939.816, 1077881.375]","(938062.754, 1139513.606]","(15938.657, 997577.135]","(15938.657, 1077881.375]","(15938.657, 1232669.378]",*
942663.9415375702,"(885939.816, 1077881.375]","(938062.754, 1139513.606]","(15938.657, 997577.135]","(15938.657, 1077881.375]","(15938.657, 1232669.378]",*
942838.1647218134,"(885939.816, 1077881.375]","(938062.754, 1139513.606]","(15938.657, 997577.135]","(15938.657, 1077881.375]","(15938.657, 1232669.378]",*
943309.4486039542,"(885939.816, 1077881.375]","(938062.754, 1139513.606]","(15938.657, 997577.135]","(15938.657, 1077881.375]","(15938.657, 1232669.378]",*
943404.2390412588,"(885939.816, 1077881.375]","(938062.754, 1139513.606]","(15938.657, 997577.135]","(15938.657, 1077881.375]","(15938.657, 1232669.378]",*
943469.8080245096,"(885939.816, 1077881.375]","(938062.754, 1139513.606]","(15938.657, 997577.135]","(15938.657, 1077881.375]","(15938.657, 1232669.378]",*
943485.047267782,"(885939.816, 1077881.375]","(938062.754, 1139513.606]","(15938.657, 997577.135]","(15938.657, 1077881.375]","(15938.657, 1232669.378]",*
943575.130695582,"(885939.816, 1077881.375]","(938062.754, 1139513.606]","(15938.657, 997577.135]","(15938.657, 1077881.375]","(15938.657, 1232669.378]",*
943668.4823796288,"(885939.816, 1077881.375]","(938062.754, 1139513.606]","(15938.657, 997577.135]","(15938.657, 1077881.375]","(15938.657, 1232669.378]",*
943854.7278973316,"(885939.816, 1077881.375]","(938062.754, 1139513.606]","(15938.657, 997577.135]","(15938.657, 1077881.375]","(15938.657, 1232669.378]",*
944001.5583308408,"(885939.816, 1077881.375]","(938062.754, 1139513.606]","(15938.657, 997577.135]","(15938.657, 1077881.375]","(15938.657, 1232669.378]",*
944032.477262609,"(885939.816, 1077881.375]","(938062.754, 1139513.606]","(15938.657, 997577.135]","(15938.657, 1077881.375]","(15938.657, 1232669.378]",*
944186.159068424,"(885939.816, 1077881.375]","(938062.754, 1139513.606]","(15938.657, 997577.135]","(15938.657, 1077881.375]","(15938.657, 1232669.378]",*
944288.9110136192,"(885939.816, 1077881.375]","(938062.754, 1139513.606]","(15938.657, 997577.135]","(15938.657, 1077881.375]","(15938.657, 1232669.378]",*
944491.0395552134,"(885939.816, 1077881.375]","(938062.754, 1139513.606]","(15938.657, 997577.135]","(15938.657, 1077881.375]","(15938.657, 1232669.378]",*
944590.1588346952,"(885939.816, 1077881.375]","(938062.754, 1139513.606]","(15938.657, 997577.135]","(15938.657, 1077881.375]","(15938.657, 1232669.378]",*
944979.0094316948,"(885939.816, 1077881.375]","(938062.754, 1139513.606]","(15938.657, 997577.135]","(15938.657, 1077881.375]","(15938.657, 1232669.378]",*
945057.3183830888,"(885939.816, 1077881.375]","(938062.754, 1139513.606]","(15938.657, 997577.135]","(15938.657, 1077881.375]","(15938.657, 1232669.378]",*
945079.5323020808,"(885939.816, 1077881.375]","(938062.754, 1139513.606]","(15938.657, 997577.135]","(15938.657, 1077881.375]","(15938.657, 1232669.378]",*
945252.1918038172,"(885939.816, 1077881.375]","(938062.754, 1139513.606]","(15938.657, 997577.135]","(15938.657, 1077881.375]","(15938.657, 1232669.378]",*
945551.14893088,"(885939.816, 1077881.375]","(938062.754, 1139513.606]","(15938.657, 997577.135]","(15938.657, 1077881.375]","(15938.657, 1232669.378]",*
945614.5659127636,"(885939.816, 1077881.375]","(938062.754, 1139513.606]","(15938.657, 997577.135]","(15938.657, 1077881.375]","(15938.657, 1232669.378]",*
945831.1862992597,"(885939.816, 1077881.375]","(938062.754, 1139513.606]","(15938.657, 997577.135]","(15938.657, 1077881.375]","(15938.657, 1232669.378]",*
945833.1891229402,"(885939.816, 1077881.375]","(938062.754, 1139513.606]","(15938.657, 997577.135]","(15938.657, 1077881.375]","(15938.657, 1232669.378]",*
945931.1936264844,"(885939.816, 1077881.375]","(938062.754, 1139513.606]","(15938.657, 997577.135]","(15938.657, 1077881.375]","(15938.657, 1232669.378]",*
945981.5296322836,"(885939.816, 1077881.375]","(938062.754, 1139513.606]","(15938.657, 997577.135]","(15938.657, 1077881.375]","(15938.657, 1232669.378]",*
946182.0501766272,"(885939.816, 1077881.375]","(938062.754, 1139513.606]","(15938.657, 997577.135]","(15938.657, 1077881.375]","(15938.657, 1232669.378]",*
946479.234861472,"(885939.816, 1077881.375]","(938062.754, 1139513.606]","(15938.657, 997577.135]","(15938.657, 1077881.375]","(15938.657, 1232669.378]",*
946556.2636948556,"(885939.816, 1077881.375]","(938062.754, 1139513.606]","(15938.657, 997577.135]","(15938.657, 1077881.375]","(15938.657, 1232669.378]",*
946821.3369458668,"(885939.816, 1077881.375]","(938062.754, 1139513.606]","(15938.657, 997577.135]","(15938.657, 1077881.375]","(15938.657, 1232669.378]",*
946943.0362171356,"(885939.816, 1077881.375]","(938062.754, 1139513.606]","(15938.657, 997577.135]","(15938.657, 1077881.375]","(15938.657, 1232669.378]",*
947355.9700864508,"(885939.816, 1077881.375]","(938062.754, 1139513.606]","(15938.657, 997577.135]","(15938.657, 1077881.375]","(15938.657, 1232669.378]",*
948054.0086787434,"(885939.816, 1077881.375]","(938062.754, 1139513.606]","(15938.657, 997577.135]","(15938.657, 1077881.375]","(15938.657, 1232669.378]",*
948279.9393794067,"(885939.816, 1077881.375]","(938062.754, 1139513.606]","(15938.657, 997577.135]","(15938.657, 1077881.375]","(15938.657, 1232669.378]",*
948366.9678974455,"(885939.816, 1077881.375]","(938062.754, 1139513.606]","(15938.657, 997577.135]","(15938.657, 1077881.375]","(15938.657, 1232669.378]",*
948788.2757094484,"(885939.816, 1077881.375]","(938062.754, 1139513.606]","(15938.657, 997577.135]","(15938.657, 1077881.375]","(15938.657, 1232669.378]",*
949072.2495954648,"(885939.816, 1077881.375]","(938062.754, 1139513.606]","(15938.657, 997577.135]","(15938.657, 1077881.375]","(15938.657, 1232669.378]",*
949684.4101807602,"(885939.816, 1077881.375]","(938062.754, 1139513.606]","(15938.657, 997577.135]","(15938.657, 1077881.375]","(15938.657, 1232669.378]",*
949879.9338885004,"(885939.816, 1077881.375]","(938062.754, 1139513.606]","(15938.657, 997577.135]","(15938.657, 1077881.375]","(15938.657, 1232669.378]",*
949892.5313701816,"(885939.816, 1077881.375]","(938062.754, 1139513.606]","(15938.657, 997577.135]","(15938.657, 1077881.375]","(15938.657, 1232669.378]",*
950121.5621065242,"(885939.816, 1077881.375]","(938062.754, 1139513.606]","(15938.657, 997577.135]","(15938.657, 1077881.375]","(15938.657, 1232669.378]",*
951243.854076582,"(885939.816, 1077881.375]","(938062.754, 1139513.606]","(15938.657, 997577.135]","(15938.657, 1077881.375]","(15938.657, 1232669.378]",*
951781.3078080096,"(885939.816, 1077881.375]","(938062.754, 1139513.606]","(15938.657, 997577.135]","(15938.657, 1077881.375]","(15938.657, 1232669.378]",*
952439.6621570892,"(885939.816, 1077881.375]","(938062.754, 1139513.606]","(15938.657, 997577.135]","(15938.657, 1077881.375]","(15938.657, 1232669.378]",*
952533.5781735644,"(885939.816, 1077881.375]","(938062.754, 1139513.606]","(15938.657, 997577.135]","(15938.657, 1077881.375]","(15938.657, 1232669.378]",*
952912.2012461232,"(885939.816, 1077881.375]","(938062.754, 1139513.606]","(15938.657, 997577.135]","(15938.657, 1077881.375]","(15938.657, 1232669.378]",*
953261.9162022916,"(885939.816, 1077881.375]","(938062.754, 1139513.606]","(15938.657, 997577.135]","(15938.657, 1077881.375]","(15938.657, 1232669.378]",*
953819.2095536962,"(885939.816, 1077881.375]","(938062.754, 1139513.606]","(15938.657, 997577.135]","(15938.657, 1077881.375]","(15938.657, 1232669.378]",*
953840.6976020308,"(885939.816, 1077881.375]","(938062.754, 1139513.606]","(15938.657, 997577.135]","(15938.657, 1077881.375]","(15938.657, 1232669.378]",*
953939.3299056444,"(885939.816, 1077881.375]","(938062.754, 1139513.606]","(15938.657, 997577.135]","(15938.657, 1077881.375]","(15938.657, 1232669.378]",*
954114.5439535476,"(885939.816, 1077881.375]","(938062.754, 1139513.606]","(15938.657, 997577.135]","(15938.657, 1077881.375]","(15938.657, 1232669.378]",*
954154.2068994228,"(885939.816, 1077881.375]","(938062.754, 1139513.606]","(15938.657, 997577.135]","(15938.657, 1077881.375]","(15938.657, 1232669.378]",*
954732.9038402882,"(885939.816, 1077881.375]","(938062.754, 1139513.606]","(15938.657, 997577.135]","(15938.657, 1077881.375]","(15938.657, 1232669.378]",*
954737.141064872,"(885939.816, 1077881.375]","(938062.754, 1139513.606]","(15938.657, 997577.135]","(15938.657, 1077881.375]","(15938.657, 1232669.378]",*
954746.5764328244,"(885939.816, 1077881.375]","(938062.754, 1139513.606]","(15938.657, 997577.135]","(15938.657, 1077881.375]","(15938.657, 1232669.378]",*
955165.6126001592,"(885939.816, 1077881.375]","(938062.754, 1139513.606]","(15938.657, 997577.135]","(15938.657, 1077881.375]","(15938.657, 1232669.378]",*
955445.853671163,"(885939.816, 1077881.375]","(938062.754, 1139513.606]","(15938.657, 997577.135]","(15938.657, 1077881.375]","(15938.657, 1232669.378]",*
955689.5329258528,"(885939.816, 1077881.375]","(938062.754, 1139513.606]","(15938.657, 997577.135]","(15938.657, 1077881.375]","(15938.657, 1232669.378]",*
955943.8090150156,"(885939.816, 1077881.375]","(938062.754, 1139513.606]","(15938.657, 997577.135]","(15938.657, 1077881.375]","(15938.657, 1232669.378]",*
956009.1436058292,"(885939.816, 1077881.375]","(938062.754, 1139513.606]","(15938.657, 997577.135]","(15938.657, 1077881.375]","(15938.657, 1232669.378]",*
956241.9912803004,"(885939.816, 1077881.375]","(938062.754, 1139513.606]","(15938.657, 997577.135]","(15938.657, 1077881.375]","(15938.657, 1232669.378]",*
956435.2633348468,"(885939.816, 1077881.375]","(938062.754, 1139513.606]","(15938.657, 997577.135]","(15938.657, 1077881.375]","(15938.657, 1232669.378]",*
956764.0140836356,"(885939.816, 1077881.375]","(938062.754, 1139513.606]","(15938.657, 997577.135]","(15938.657, 1077881.375]","(15938.657, 1232669.378]",*
957117.647167354,"(885939.816, 1077881.375]","(938062.754, 1139513.606]","(15938.657, 997577.135]","(15938.657, 1077881.375]","(15938.657, 1232669.378]",*
957283.65635498,"(885939.816, 1077881.375]","(938062.754, 1139513.606]","(15938.657, 997577.135]","(15938.657, 1077881.375]","(15938.657, 1232669.378]",*
957806.002679502,"(885939.816, 1077881.375]","(938062.754, 1139513.606]","(15938.657, 997577.135]","(15938.657, 1077881.375]","(15938.657, 1232669.378]",*
957814.6031436812,"(885939.816, 1077881.375]","(938062.754, 1139513.606]","(15938.657, 997577.135]","(15938.657, 1077881.375]","(15938.657, 1232669.378]",*
958909.193464849,"(885939.816, 1077881.375]","(938062.754, 1139513.606]","(15938.657, 997577.135]","(15938.657, 1077881.375]","(15938.657, 1232669.378]",*
959102.080987074,"(885939.816, 1077881.375]","(938062.754, 1139513.606]","(15938.657, 997577.135]","(15938.657, 1077881.375]","(15938.657, 1232669.378]",*
959243.6084487292,"(885939.816, 1077881.375]","(938062.754, 1139513.606]","(15938.657, 997577.135]","(15938.657, 1077881.375]","(15938.657, 1232669.378]",*
959416.4366620412,"(885939.816, 1077881.375]","(938062.754, 1139513.606]","(15938.657, 997577.135]","(15938.657, 1077881.375]","(15938.657, 1232669.378]",*
959625.5301771796,"(885939.816, 1077881.375]","(938062.754, 1139513.606]","(15938.657, 997577.135]","(15938.657, 1077881.375]","(15938.657, 1232669.378]",*
959734.8132979808,"(885939.816, 1077881.375]","(938062.754, 1139513.606]","(15938.657, 997577.135]","(15938.657, 1077881.375]","(15938.657, 1232669.378]",*
960083.9968510192,"(885939.816, 1077881.375]","(938062.754, 1139513.606]","(15938.657, 997577.135]","(15938.657, 1077881.375]","(15938.657, 1232669.378]",*
960808.291081754,"(885939.816, 1077881.375]","(938062.754, 1139513.606]","(15938.657, 997577.135]","(15938.657, 1077881.375]","(15938.657, 1232669.378]",*
960904.9953518584,"(885939.816, 1077881.375]","(938062.754, 1139513.606]","(15938.657, 997577.135]","(15938.657, 1077881.375]","(15938.657, 1232669.378]",*
960918.6584475788,"(885939.816, 1077881.375]","(938062.754, 1139513.606]","(15938.657, 997577.135]","(15938.657, 1077881.375]","(15938.657, 1232669.378]",*
961311.7291737748,"(885939.816, 1077881.375]","(938062.754, 1139513.606]","(15938.657, 997577.135]","(15938.657, 1077881.375]","(15938.657, 1232669.378]",*
961354.287727855,"(885939.816, 1077881.375]","(938062.754, 1139513.606]","(15938.657, 997577.135]","(15938.657, 1077881.375]","(15938.657, 1232669.378]",*
961495.0964457644,"(885939.816, 1077881.375]","(938062.754, 1139513.606]","(15938.657, 997577.135]","(15938.657, 1077881.375]","(15938.657, 1232669.378]",*
961539.0599236458,"(885939.816, 1077881.375]","(938062.754, 1139513.606]","(15938.657, 997577.135]","(15938.657, 1077881.375]","(15938.657, 1232669.378]",*
961727.46838822,"(885939.816, 1077881.375]","(938062.754, 1139513.606]","(15938.657, 997577.135]","(15938.657, 1077881.375]","(15938.657, 1232669.378]",*
962028.7007646448,"(885939.816, 1077881.375]","(938062.754, 1139513.606]","(15938.657, 997577.135]","(15938.657, 1077881.375]","(15938.657, 1232669.378]",*
962069.0020449392,"(885939.816, 1077881.375]","(938062.754, 1139513.606]","(15938.657, 997577.135]","(15938.657, 1077881.375]","(15938.657, 1232669.378]",*
962081.4199995697,"(885939.816, 1077881.375]","(938062.754, 1139513.606]","(15938.657, 997577.135]","(15938.657, 1077881.375]","(15938.657, 1232669.378]",*
962183.8029974956,"(885939.816, 1077881.375]","(938062.754, 1139513.606]","(15938.657, 997577.135]","(15938.657, 1077881.375]","(15938.657, 1232669.378]",*
962501.9015215624,"(885939.816, 1077881.375]","(938062.754, 1139513.606]","(15938.657, 997577.135]","(15938.657, 1077881.375]","(15938.657, 1232669.378]",*
962531.6648892356,"(885939.816, 1077881.375]","(938062.754, 1139513.606]","(15938.657, 997577.135]","(15938.657, 1077881.375]","(15938.657, 1232669.378]",*
962551.0371401922,"(885939.816, 1077881.375]","(938062.754, 1139513.606]","(15938.657, 997577.135]","(15938.657, 1077881.375]","(15938.657, 1232669.378]",*
962581.6883270744,"(885939.816, 1077881.375]","(938062.754, 1139513.606]","(15938.657, 997577.135]","(15938.657, 1077881.375]","(15938.657, 1232669.378]",*
962591.6565767032,"(885939.816, 1077881.375]","(938062.754, 1139513.606]","(15938.657, 997577.135]","(15938.657, 1077881.375]","(15938.657, 1232669.378]",*
962747.1638994686,"(885939.816, 1077881.375]","(938062.754, 1139513.606]","(15938.657, 997577.135]","(15938.657, 1077881.375]","(15938.657, 1232669.378]",*
963531.915230982,"(885939.816, 1077881.375]","(938062.754, 1139513.606]","(15938.657, 997577.135]","(15938.657, 1077881.375]","(15938.657, 1232669.378]",*
963655.5773858128,"(885939.816, 1077881.375]","(938062.754, 1139513.606]","(15938.657, 997577.135]","(15938.657, 1077881.375]","(15938.657, 1232669.378]",*
963934.0130108644,"(885939.816, 1077881.375]","(938062.754, 1139513.606]","(15938.657, 997577.135]","(15938.657, 1077881.375]","(15938.657, 1232669.378]",*
964596.749839928,"(885939.816, 1077881.375]","(938062.754, 1139513.606]","(15938.657, 997577.135]","(15938.657, 1077881.375]","(15938.657, 1232669.378]",*
964924.493260556,"(885939.816, 1077881.375]","(938062.754, 1139513.606]","(15938.657, 997577.135]","(15938.657, 1077881.375]","(15938.657, 1232669.378]",*
965074.8047437824,"(885939.816, 1077881.375]","(938062.754, 1139513.606]","(15938.657, 997577.135]","(15938.657, 1077881.375]","(15938.657, 1232669.378]",*
965136.3385167392,"(885939.816, 1077881.375]","(938062.754, 1139513.606]","(15938.657, 997577.135]","(15938.657, 1077881.375]","(15938.657, 1232669.378]",*
965318.6957876944,"(885939.816, 1077881.375]","(938062.754, 1139513.606]","(15938.657, 997577.135]","(15938.657, 1077881.375]","(15938.657, 1232669.378]",*
965491.8697951132,"(885939.816, 1077881.375]","(938062.754, 1139513.606]","(15938.657, 997577.135]","(15938.657, 1077881.375]","(15938.657, 1232669.378]",*
966084.4204303528,"(885939.816, 1077881.375]","(938062.754, 1139513.606]","(15938.657, 997577.135]","(15938.657, 1077881.375]","(15938.657, 1232669.378]",*
966576.020188316,"(885939.816, 1077881.375]","(938062.754, 1139513.606]","(15938.657, 997577.135]","(15938.657, 1077881.375]","(15938.657, 1232669.378]",*
966620.5141106972,"(885939.816, 1077881.375]","(938062.754, 1139513.606]","(15938.657, 997577.135]","(15938.657, 1077881.375]","(15938.657, 1232669.378]",*
967868.51456034,"(885939.816, 1077881.375]","(938062.754, 1139513.606]","(15938.657, 997577.135]","(15938.657, 1077881.375]","(15938.657, 1232669.378]",*
968045.4778354148,"(885939.816, 1077881.375]","(938062.754, 1139513.606]","(15938.657, 997577.135]","(15938.657, 1077881.375]","(15938.657, 1232669.378]",*
968082.1645233814,"(885939.816, 1077881.375]","(938062.754, 1139513.606]","(15938.657, 997577.135]","(15938.657, 1077881.375]","(15938.657, 1232669.378]",*
968280.5181238232,"(885939.816, 1077881.375]","(938062.754, 1139513.606]","(15938.657, 997577.135]","(15938.657, 1077881.375]","(15938.657, 1232669.378]",*
968360.5234030996,"(885939.816, 1077881.375]","(938062.754, 1139513.606]","(15938.657, 997577.135]","(15938.657, 1077881.375]","(15938.657, 1232669.378]",*
968411.6243946048,"(885939.816, 1077881.375]","(938062.754, 1139513.606]","(15938.657, 997577.135]","(15938.657, 1077881.375]","(15938.657, 1232669.378]",*
969323.4858200226,"(885939.816, 1077881.375]","(938062.754, 1139513.606]","(15938.657, 997577.135]","(15938.657, 1077881.375]","(15938.657, 1232669.378]",*
969678.5672887964,"(885939.816, 1077881.375]","(938062.754, 1139513.606]","(15938.657, 997577.135]","(15938.657, 1077881.375]","(15938.657, 1232669.378]",*
970044.6656400692,"(885939.816, 1077881.375]","(938062.754, 1139513.606]","(15938.657, 997577.135]","(15938.657, 1077881.375]","(15938.657, 1232669.378]",*
970177.1054222828,"(885939.816, 1077881.375]","(938062.754, 1139513.606]","(15938.657, 997577.135]","(15938.657, 1077881.375]","(15938.657, 1232669.378]",*
970825.596383976,"(885939.816, 1077881.375]","(938062.754, 1139513.606]","(15938.657, 997577.135]","(15938.657, 1077881.375]","(15938.657, 1232669.378]",*
971099.475398686,"(885939.816, 1077881.375]","(938062.754, 1139513.606]","(15938.657, 997577.135]","(15938.657, 1077881.375]","(15938.657, 1232669.378]",*
971174.9867792164,"(885939.816, 1077881.375]","(938062.754, 1139513.606]","(15938.657, 997577.135]","(15938.657, 1077881.375]","(15938.657, 1232669.378]",*
971200.2426272384,"(885939.816, 1077881.375]","(938062.754, 1139513.606]","(15938.657, 997577.135]","(15938.657, 1077881.375]","(15938.657, 1232669.378]",*
971928.9868990356,"(885939.816, 1077881.375]","(938062.754, 1139513.606]","(15938.657, 997577.135]","(15938.657, 1077881.375]","(15938.657, 1232669.378]",*
972079.5875536922,"(885939.816, 1077881.375]","(938062.754, 1139513.606]","(15938.657, 997577.135]","(15938.657, 1077881.375]","(15938.657, 1232669.378]",*
972417.8089132756,"(885939.816, 1077881.375]","(938062.754, 1139513.606]","(15938.657, 997577.135]","(15938.657, 1077881.375]","(15938.657, 1232669.378]",*
972536.6627723586,"(885939.816, 1077881.375]","(938062.754, 1139513.606]","(15938.657, 997577.135]","(15938.657, 1077881.375]","(15938.657, 1232669.378]",*
972670.8133224328,"(885939.816, 1077881.375]","(938062.754, 1139513.606]","(15938.657, 997577.135]","(15938.657, 1077881.375]","(15938.657, 1232669.378]",*
973068.5570349528,"(885939.816, 1077881.375]","(938062.754, 1139513.606]","(15938.657, 997577.135]","(15938.657, 1077881.375]","(15938.657, 1232669.378]",*
973096.358177584,"(885939.816, 1077881.375]","(938062.754, 1139513.606]","(15938.657, 997577.135]","(15938.657, 1077881.375]","(15938.657, 1232669.378]",*
973197.775347568,"(885939.816, 1077881.375]","(938062.754, 1139513.606]","(15938.657, 997577.135]","(15938.657, 1077881.375]","(15938.657, 1232669.378]",*
973299.8617887148,"(885939.816, 1077881.375]","(938062.754, 1139513.606]","(15938.657, 997577.135]","(15938.657, 1077881.375]","(15938.657, 1232669.378]",*
973688.7554994224,"(885939.816, 1077881.375]","(938062.754, 1139513.606]","(15938.657, 997577.135]","(15938.657, 1077881.375]","(15938.657, 1232669.378]",*
974599.9587641744,"(885939.816, 1077881.375]","(938062.754, 1139513.606]","(15938.657, 997577.135]","(15938.657, 1077881.375]","(15938.657, 1232669.378]",*
974805.9937128816,"(885939.816, 1077881.375]","(938062.754, 1139513.606]","(15938.657, 997577.135]","(15938.657, 1077881.375]","(15938.657, 1232669.378]",*
975005.7736603534,"(885939.816, 1077881.375]","(938062.754, 1139513.606]","(15938.657, 997577.135]","(15938.657, 1077881.375]","(15938.657, 1232669.378]",*
975054.5664011224,"(885939.816, 1077881.375]","(938062.754, 1139513.606]","(15938.657, 997577.135]","(15938.657, 1077881.375]","(15938.657, 1232669.378]",*
975384.1814220176,"(885939.816, 1077881.375]","(938062.754, 1139513.606]","(15938.657, 997577.135]","(15938.657, 1077881.375]","(15938.657, 1232669.378]",*
975385.5554017648,"(885939.816, 1077881.375]","(938062.754, 1139513.606]","(15938.657, 997577.135]","(15938.657, 1077881.375]","(15938.657, 1232669.378]",*
975429.4927929222,"(885939.816, 1077881.375]","(938062.754, 1139513.606]","(15938.657, 997577.135]","(15938.657, 1077881.375]","(15938.657, 1232669.378]",*
975913.105149714,"(885939.816, 1077881.375]","(938062.754, 1139513.606]","(15938.657, 997577.135]","(15938.657, 1077881.375]","(15938.657, 1232669.378]",*
975921.8633596773,"(885939.816, 1077881.375]","(938062.754, 1139513.606]","(15938.657, 997577.135]","(15938.657, 1077881.375]","(15938.657, 1232669.378]",*
976481.7168382952,"(885939.816, 1077881.375]","(938062.754, 1139513.606]","(15938.657, 997577.135]","(15938.657, 1077881.375]","(15938.657, 1232669.378]",*
976483.5805106072,"(885939.816, 1077881.375]","(938062.754, 1139513.606]","(15938.657, 997577.135]","(15938.657, 1077881.375]","(15938.657, 1232669.378]",*
976540.0985009592,"(885939.816, 1077881.375]","(938062.754, 1139513.606]","(15938.657, 997577.135]","(15938.657, 1077881.375]","(15938.657, 1232669.378]",*
976649.0166086608,"(885939.816, 1077881.375]","(938062.754, 1139513.606]","(15938.657, 997577.135]","(15938.657, 1077881.375]","(15938.657, 1232669.378]",*
977024.1101963428,"(885939.816, 1077881.375]","(938062.754, 1139513.606]","(15938.657, 997577.135]","(15938.657, 1077881.375]","(15938.657, 1232669.378]",*
977135.885657804,"(885939.816, 1077881.375]","(938062.754, 1139513.606]","(15938.657, 997577.135]","(15938.657, 1077881.375]","(15938.657, 1232669.378]",*
977242.2697493643,"(885939.816, 1077881.375]","(938062.754, 1139513.606]","(15938.657, 997577.135]","(15938.657, 1077881.375]","(15938.657, 1232669.378]",*
977980.9211108278,"(885939.816, 1077881.375]","(938062.754, 1139513.606]","(15938.657, 997577.135]","(15938.657, 1077881.375]","(15938.657, 1232669.378]",*
978035.3447748432,"(885939.816, 1077881.375]","(938062.754, 1139513.606]","(15938.657, 997577.135]","(15938.657, 1077881.375]","(15938.657, 1232669.378]",*
978103.619246416,"(885939.816, 1077881.375]","(938062.754, 1139513.606]","(15938.657, 997577.135]","(15938.657, 1077881.375]","(15938.657, 1232669.378]",*
978241.2890513648,"(885939.816, 1077881.375]","(938062.754, 1139513.606]","(15938.657, 997577.135]","(15938.657, 1077881.375]","(15938.657, 1232669.378]",*
978312.7484191256,"(885939.816, 1077881.375]","(938062.754, 1139513.606]","(15938.657, 997577.135]","(15938.657, 1077881.375]","(15938.657, 1232669.378]",*
978766.9138660992,"(885939.816, 1077881.375]","(938062.754, 1139513.606]","(15938.657, 997577.135]","(15938.657, 1077881.375]","(15938.657, 1232669.378]",*
978824.6016155628,"(885939.816, 1077881.375]","(938062.754, 1139513.606]","(15938.657, 997577.135]","(15938.657, 1077881.375]","(15938.657, 1232669.378]",*
979282.7630677487,"(885939.816, 1077881.375]","(938062.754, 1139513.606]","(15938.657, 997577.135]","(15938.657, 1077881.375]","(15938.657, 1232669.378]",*
979568.628541252,"(885939.816, 1077881.375]","(938062.754, 1139513.606]","(15938.657, 997577.135]","(15938.657, 1077881.375]","(15938.657, 1232669.378]",*
980049.3901359153,"(885939.816, 1077881.375]","(938062.754, 1139513.606]","(15938.657, 997577.135]","(15938.657, 1077881.375]","(15938.657, 1232669.378]",*
980141.2191076672,"(885939.816, 1077881.375]","(938062.754, 1139513.606]","(15938.657, 997577.135]","(15938.657, 1077881.375]","(15938.657, 1232669.378]",*
980145.782902982,"(885939.816, 1077881.375]","(938062.754, 1139513.606]","(15938.657, 997577.135]","(15938.657, 1077881.375]","(15938.657, 1232669.378]",*
980161.627409698,"(885939.816, 1077881.375]","(938062.754, 1139513.606]","(15938.657, 997577.135]","(15938.657, 1077881.375]","(15938.657, 1232669.378]",*
980177.3051371255,"(885939.816, 1077881.375]","(938062.754, 1139513.606]","(15938.657, 997577.135]","(15938.657, 1077881.375]","(15938.657, 1232669.378]",*
980231.2309341528,"(885939.816, 1077881.375]","(938062.754, 1139513.606]","(15938.657, 997577.135]","(15938.657, 1077881.375]","(15938.657, 1232669.378]",*
980274.069913861,"(885939.816, 1077881.375]","(938062.754, 1139513.606]","(15938.657, 997577.135]","(15938.657, 1077881.375]","(15938.657, 1232669.378]",*
980983.2109523584,"(885939.816, 1077881.375]","(938062.754, 1139513.606]","(15938.657, 997577.135]","(15938.657, 1077881.375]","(15938.657, 1232669.378]",*
981232.6123712712,"(885939.816, 1077881.375]","(938062.754, 1139513.606]","(15938.657, 997577.135]","(15938.657, 1077881.375]","(15938.657, 1232669.378]",*
981259.5641129232,"(885939.816, 1077881.375]","(938062.754, 1139513.606]","(15938.657, 997577.135]","(15938.657, 1077881.375]","(15938.657, 1232669.378]",*
981559.8116783198,"(885939.816, 1077881.375]","(938062.754, 1139513.606]","(15938.657, 997577.135]","(15938.657, 1077881.375]","(15938.657, 1232669.378]",*
981753.2384083712,"(885939.816, 1077881.375]","(938062.754, 1139513.606]","(15938.657, 997577.135]","(15938.657, 1077881.375]","(15938.657, 1232669.378]",*
981785.0591534552,"(885939.816, 1077881.375]","(938062.754, 1139513.606]","(15938.657, 997577.135]","(15938.657, 1077881.375]","(15938.657, 1232669.378]",*
982298.0365595416,"(885939.816, 1077881.375]","(938062.754, 1139513.606]","(15938.657, 997577.135]","(15938.657, 1077881.375]","(15938.657, 1232669.378]",*
982344.8120638996,"(885939.816, 1077881.375]","(938062.754, 1139513.606]","(15938.657, 997577.135]","(15938.657, 1077881.375]","(15938.657, 1232669.378]",*
982790.8710036384,"(885939.816, 1077881.375]","(938062.754, 1139513.606]","(15938.657, 997577.135]","(15938.657, 1077881.375]","(15938.657, 1232669.378]",*
983180.3746417832,"(885939.816, 1077881.375]","(938062.754, 1139513.606]","(15938.657, 997577.135]","(15938.657, 1077881.375]","(15938.657, 1232669.378]",*
983534.15000672,"(885939.816, 1077881.375]","(938062.754, 1139513.606]","(15938.657, 997577.135]","(15938.657, 1077881.375]","(15938.657, 1232669.378]",*
983537.5107792256,"(885939.816, 1077881.375]","(938062.754, 1139513.606]","(15938.657, 997577.135]","(15938.657, 1077881.375]","(15938.657, 1232669.378]",*
983994.2668686192,"(885939.816, 1077881.375]","(938062.754, 1139513.606]","(15938.657, 997577.135]","(15938.657, 1077881.375]","(15938.657, 1232669.378]",*
984010.7052899196,"(885939.816, 1077881.375]","(938062.754, 1139513.606]","(15938.657, 997577.135]","(15938.657, 1077881.375]","(15938.657, 1232669.378]",*
984311.774539692,"(885939.816, 1077881.375]","(938062.754, 1139513.606]","(15938.657, 997577.135]","(15938.657, 1077881.375]","(15938.657, 1232669.378]",*
984349.6141548756,"(885939.816, 1077881.375]","(938062.754, 1139513.606]","(15938.657, 997577.135]","(15938.657, 1077881.375]","(15938.657, 1232669.378]",*
984421.2252794616,"(885939.816, 1077881.375]","(938062.754, 1139513.606]","(15938.657, 997577.135]","(15938.657, 1077881.375]","(15938.657, 1232669.378]",*
984672.2998159366,"(885939.816, 1077881.375]","(938062.754, 1139513.606]","(15938.657, 997577.135]","(15938.657, 1077881.375]","(15938.657, 1232669.378]",*
985006.9861893156,"(885939.816, 1077881.375]","(938062.754, 1139513.606]","(15938.657, 997577.135]","(15938.657, 1077881.375]","(15938.657, 1232669.378]",*
985059.3058065888,"(885939.816, 1077881.375]","(938062.754, 1139513.606]","(15938.657, 997577.135]","(15938.657, 1077881.375]","(15938.657, 1232669.378]",*
985117.6289110236,"(885939.816, 1077881.375]","(938062.754, 1139513.606]","(15938.657, 997577.135]","(15938.657, 1077881.375]","(15938.657, 1232669.378]",*
985283.8815578348,"(885939.816, 1077881.375]","(938062.754, 1139513.606]","(15938.657, 997577.135]","(15938.657, 1077881.375]","(15938.657, 1232669.378]",*
985339.4738270298,"(885939.816, 1077881.375]","(938062.754, 1139513.606]","(15938.657, 997577.135]","(15938.657, 1077881.375]","(15938.657, 1232669.378]",*
985462.245460438,"(885939.816, 1077881.375]","(938062.754, 1139513.606]","(15938.657, 997577.135]","(15938.657, 1077881.375]","(15938.657, 1232669.378]",*
985749.787356535,"(885939.816, 1077881.375]","(938062.754, 1139513.606]","(15938.657, 997577.135]","(15938.657, 1077881.375]","(15938.657, 1232669.378]",*
985866.0316492678,"(885939.816, 1077881.375]","(938062.754, 1139513.606]","(15938.657, 997577.135]","(15938.657, 1077881.375]","(15938.657, 1232669.378]",*
986113.2394973056,"(885939.816, 1077881.375]","(938062.754, 1139513.606]","(15938.657, 997577.135]","(15938.657, 1077881.375]","(15938.657, 1232669.378]",*
986285.38185614,"(885939.816, 1077881.375]","(938062.754, 1139513.606]","(15938.657, 997577.135]","(15938.657, 1077881.375]","(15938.657, 1232669.378]",*
987004.0836743772,"(885939.816, 1077881.375]","(938062.754, 1139513.606]","(15938.657, 997577.135]","(15938.657, 1077881.375]","(15938.657, 1232669.378]",*
987026.3707410204,"(885939.816, 1077881.375]","(938062.754, 1139513.606]","(15938.657, 997577.135]","(15938.657, 1077881.375]","(15938.657, 1232669.378]",*
987355.96092124,"(885939.816, 1077881.375]","(938062.754, 1139513.606]","(15938.657, 997577.135]","(15938.657, 1077881.375]","(15938.657, 1232669.378]",*
987434.7498393512,"(885939.816, 1077881.375]","(938062.754, 1139513.606]","(15938.657, 997577.135]","(15938.657, 1077881.375]","(15938.657, 1232669.378]",*
987447.7774857914,"(885939.816, 1077881.375]","(938062.754, 1139513.606]","(15938.657, 997577.135]","(15938.657, 1077881.375]","(15938.657, 1232669.378]",*
987746.9239531008,"(885939.816, 1077881.375]","(938062.754, 1139513.606]","(15938.657, 997577.135]","(15938.657, 1077881.375]","(15938.657, 1232669.378]",*
987973.8927878812,"(885939.816, 1077881.375]","(938062.754, 1139513.606]","(15938.657, 997577.135]","(15938.657, 1077881.375]","(15938.657, 1232669.378]",*
988014.7560643204,"(885939.816, 1077881.375]","(938062.754, 1139513.606]","(15938.657, 997577.135]","(15938.657, 1077881.375]","(15938.657, 1232669.378]",*
988123.7553400168,"(885939.816, 1077881.375]","(938062.754, 1139513.606]","(15938.657, 997577.135]","(15938.657, 1077881.375]","(15938.657, 1232669.378]",*
988175.0073923124,"(885939.816, 1077881.375]","(938062.754, 1139513.606]","(15938.657, 997577.135]","(15938.657, 1077881.375]","(15938.657, 1232669.378]",*
988746.4205867316,"(885939.816, 1077881.375]","(938062.754, 1139513.606]","(15938.657, 997577.135]","(15938.657, 1077881.375]","(15938.657, 1232669.378]",*
989263.23661234,"(885939.816, 1077881.375]","(938062.754, 1139513.606]","(15938.657, 997577.135]","(15938.657, 1077881.375]","(15938.657, 1232669.378]",*
989643.0313890134,"(885939.816, 1077881.375]","(938062.754, 1139513.606]","(15938.657, 997577.135]","(15938.657, 1077881.375]","(15938.657, 1232669.378]",*
989903.6448048712,"(885939.816, 1077881.375]","(938062.754, 1139513.606]","(15938.657, 997577.135]","(15938.657, 1077881.375]","(15938.657, 1232669.378]",*
990004.730593988,"(885939.816, 1077881.375]","(938062.754, 1139513.606]","(15938.657, 997577.135]","(15938.657, 1077881.375]","(15938.657, 1232669.378]",*
990725.6517571053,"(885939.816, 1077881.375]","(938062.754, 1139513.606]","(15938.657, 997577.135]","(15938.657, 1077881.375]","(15938.657, 1232669.378]",*
990893.1600715704,"(885939.816, 1077881.375]","(938062.754, 1139513.606]","(15938.657, 997577.135]","(15938.657, 1077881.375]","(15938.657, 1232669.378]",*
990894.0536887128,"(885939.816, 1077881.375]","(938062.754, 1139513.606]","(15938.657, 997577.135]","(15938.657, 1077881.375]","(15938.657, 1232669.378]",*
991398.8218655172,"(885939.816, 1077881.375]","(938062.754, 1139513.606]","(15938.657, 997577.135]","(15938.657, 1077881.375]","(15938.657, 1232669.378]",*
991892.3174842466,"(885939.816, 1077881.375]","(938062.754, 1139513.606]","(15938.657, 997577.135]","(15938.657, 1077881.375]","(15938.657, 1232669.378]",*
991934.0653650308,"(885939.816, 1077881.375]","(938062.754, 1139513.606]","(15938.657, 997577.135]","(15938.657, 1077881.375]","(15938.657, 1232669.378]",*
992053.0502238964,"(885939.816, 1077881.375]","(938062.754, 1139513.606]","(15938.657, 997577.135]","(15938.657, 1077881.375]","(15938.657, 1232669.378]",*
992566.6232646884,"(885939.816, 1077881.375]","(938062.754, 1139513.606]","(15938.657, 997577.135]","(15938.657, 1077881.375]","(15938.657, 1232669.378]",*
992585.3823256808,"(885939.816, 1077881.375]","(938062.754, 1139513.606]","(15938.657, 997577.135]","(15938.657, 1077881.375]","(15938.657, 1232669.378]",*
992622.769267206,"(885939.816, 1077881.375]","(938062.754, 1139513.606]","(15938.657, 997577.135]","(15938.657, 1077881.375]","(15938.657, 1232669.378]",*
992773.7915703076,"(885939.816, 1077881.375]","(938062.754, 1139513.606]","(15938.657, 997577.135]","(15938.657, 1077881.375]","(15938.657, 1232669.378]",*
993637.089730268,"(885939.816, 1077881.375]","(938062.754, 1139513.606]","(15938.657, 997577.135]","(15938.657, 1077881.375]","(15938.657, 1232669.378]",*
993725.2171881604,"(885939.816, 1077881.375]","(938062.754, 1139513.606]","(15938.657, 997577.135]","(15938.657, 1077881.375]","(15938.657, 1232669.378]",*
994107.8898057408,"(885939.816, 1077881.375]","(938062.754, 1139513.606]","(15938.657, 997577.135]","(15938.657, 1077881.375]","(15938.657, 1232669.378]",*
994257.5352248872,"(885939.816, 1077881.375]","(938062.754, 1139513.606]","(15938.657, 997577.135]","(15938.657, 1077881.375]","(15938.657, 1232669.378]",*
994517.045335133,"(885939.816, 1077881.375]","(938062.754, 1139513.606]","(15938.657, 997577.135]","(15938.657, 1077881.375]","(15938.657, 1232669.378]",*
994654.4094247868,"(885939.816, 1077881.375]","(938062.754, 1139513.606]","(15938.657, 997577.135]","(15938.657, 1077881.375]","(15938.657, 1232669.378]",*
994897.1126378578,"(885939.816, 1077881.375]","(938062.754, 1139513.606]","(15938.657, 997577.135]","(15938.657, 1077881.375]","(15938.657, 1232669.378]",*
994897.7277644676,"(885939.816, 1077881.375]","(938062.754, 1139513.606]","(15938.657, 997577.135]","(15938.657, 1077881.375]","(15938.657, 1232669.378]",*
995137.2023937796,"(885939.816, 1077881.375]","(938062.754, 1139513.606]","(15938.657, 997577.135]","(15938.657, 1077881.375]","(15938.657, 1232669.378]",*
995144.1065832536,"(885939.816, 1077881.375]","(938062.754, 1139513.606]","(15938.657, 997577.135]","(15938.657, 1077881.375]","(15938.657, 1232669.378]",*
995721.6273979772,"(885939.816, 1077881.375]","(938062.754, 1139513.606]","(15938.657, 997577.135]","(15938.657, 1077881.375]","(15938.657, 1232669.378]",*
995783.1624832104,"(885939.816, 1077881.375]","(938062.754, 1139513.606]","(15938.657, 997577.135]","(15938.657, 1077881.375]","(15938.657, 1232669.378]",*
995813.2160648316,"(885939.816, 1077881.375]","(938062.754, 1139513.606]","(15938.657, 997577.135]","(15938.657, 1077881.375]","(15938.657, 1232669.378]",*
995849.7751098222,"(885939.816, 1077881.375]","(938062.754, 1139513.606]","(15938.657, 997577.135]","(15938.657, 1077881.375]","(15938.657, 1232669.378]",*
996243.424938816,"(885939.816, 1077881.375]","(938062.754, 1139513.606]","(15938.657, 997577.135]","(15938.657, 1077881.375]","(15938.657, 1232669.378]",*
996506.070885828,"(885939.816, 1077881.375]","(938062.754, 1139513.606]","(15938.657, 997577.135]","(15938.657, 1077881.375]","(15938.657, 1232669.378]",*
996771.2481507692,"(885939.816, 1077881.375]","(938062.754, 1139513.606]","(15938.657, 997577.135]","(15938.657, 1077881.375]","(15938.657, 1232669.378]",*
996924.6914267289,"(885939.816, 1077881.375]","(938062.754, 1139513.606]","(15938.657, 997577.135]","(15938.657, 1077881.375]","(15938.657, 1232669.378]",*
996996.3553855658,"(885939.816, 1077881.375]","(938062.754, 1139513.606]","(15938.657, 997577.135]","(15938.657, 1077881.375]","(15938.657, 1232669.378]",*
997239.7077553512,"(885939.816, 1077881.375]","(938062.754, 1139513.606]","(15938.657, 997577.135]","(15938.657, 1077881.375]","(15938.657, 1232669.378]",*
997448.7280769936,"(885939.816, 1077881.375]","(938062.754, 1139513.606]","(15938.657, 997577.135]","(15938.657, 1077881.375]","(15938.657, 1232669.378]",*
997452.5008867657,"(885939.816, 1077881.375]","(938062.754, 1139513.606]","(15938.657, 997577.135]","(15938.657, 1077881.375]","(15938.657, 1232669.378]",*
997618.6797694248,"(885939.816, 1077881.375]","(938062.754, 1139513.606]","(997577.135, 1232669.378]","(15938.657, 1077881.375]","(15938.657, 1232669.378]",*
997827.2537752064,"(885939.816, 1077881.375]","(938062.754, 1139513.606]","(997577.135, 1232669.378]","(15938.657, 1077881.375]","(15938.657, 1232669.378]",*
998240.8507856096,"(885939.816, 1077881.375]","(938062.754, 1139513.606]","(997577.135, 1232669.378]","(15938.657, 1077881.375]","(15938.657, 1232669.378]",*
998702.0371241436,"(885939.816, 1077881.375]","(938062.754, 1139513.606]","(997577.135, 1232669.378]","(15938.657, 1077881.375]","(15938.657, 1232669.378]",*
998773.9972584788,"(885939.816, 1077881.375]","(938062.754, 1139513.606]","(997577.135, 1232669.378]","(15938.657, 1077881.375]","(15938.657, 1232669.378]",*
998855.579912743,"(885939.816, 1077881.375]","(938062.754, 1139513.606]","(997577.135, 1232669.378]","(15938.657, 1077881.375]","(15938.657, 1232669.378]",*
999146.8693743936,"(885939.816, 1077881.375]","(938062.754, 1139513.606]","(997577.135, 1232669.378]","(15938.657, 1077881.375]","(15938.657, 1232669.378]",*
999244.6349647824,"(885939.816, 1077881.375]","(938062.754, 1139513.606]","(997577.135, 1232669.378]","(15938.657, 1077881.375]","(15938.657, 1232669.378]",*
999369.7983646088,"(885939.816, 1077881.375]","(938062.754, 1139513.606]","(997577.135, 1232669.378]","(15938.657, 1077881.375]","(15938.657, 1232669.378]",*
999408.251057222,"(885939.816, 1077881.375]","(938062.754, 1139513.606]","(997577.135, 1232669.378]","(15938.657, 1077881.375]","(15938.657, 1232669.378]",*
999814.8898140816,"(885939.816, 1077881.375]","(938062.754, 1139513.606]","(997577.135, 1232669.378]","(15938.657, 1077881.375]","(15938.657, 1232669.378]",*
999826.6092888176,"(885939.816, 1077881.375]","(938062.754, 1139513.606]","(997577.135, 1232669.378]","(15938.657, 1077881.375]","(15938.657, 1232669.378]",*
999970.67942849,"(885939.816, 1077881.375]","(938062.754, 1139513.606]","(997577.135, 1232669.378]","(15938.657, 1077881.375]","(15938.657, 1232669.378]",*
1000043.9033467688,"(885939.816, 1077881.375]","(938062.754, 1139513.606]","(997577.135, 1232669.378]","(15938.657, 1077881.375]","(15938.657, 1232669.378]",*
1000087.1206321408,"(885939.816, 1077881.375]","(938062.754, 1139513.606]","(997577.135, 1232669.378]","(15938.657, 1077881.375]","(15938.657, 1232669.378]",*
1000216.8576741072,"(885939.816, 1077881.375]","(938062.754, 1139513.606]","(997577.135, 1232669.378]","(15938.657, 1077881.375]","(15938.657, 1232669.378]",*
1000713.586327404,"(885939.816, 1077881.375]","(938062.754, 1139513.606]","(997577.135, 1232669.378]","(15938.657, 1077881.375]","(15938.657, 1232669.378]",*
1000842.1776144834,"(885939.816, 1077881.375]","(938062.754, 1139513.606]","(997577.135, 1232669.378]","(15938.657, 1077881.375]","(15938.657, 1232669.378]",*
1000892.046404376,"(885939.816, 1077881.375]","(938062.754, 1139513.606]","(997577.135, 1232669.378]","(15938.657, 1077881.375]","(15938.657, 1232669.378]",*
1001876.6061552516,"(885939.816, 1077881.375]","(938062.754, 1139513.606]","(997577.135, 1232669.378]","(15938.657, 1077881.375]","(15938.657, 1232669.378]",*
1002023.3582174428,"(885939.816, 1077881.375]","(938062.754, 1139513.606]","(997577.135, 1232669.378]","(15938.657, 1077881.375]","(15938.657, 1232669.378]",*
1002192.5820706816,"(885939.816, 1077881.375]","(938062.754, 1139513.606]","(997577.135, 1232669.378]","(15938.657, 1077881.375]","(15938.657, 1232669.378]",*
1002690.8993032306,"(885939.816, 1077881.375]","(938062.754, 1139513.606]","(997577.135, 1232669.378]","(15938.657, 1077881.375]","(15938.657, 1232669.378]",*
1002840.2285939913,"(885939.816, 1077881.375]","(938062.754, 1139513.606]","(997577.135, 1232669.378]","(15938.657, 1077881.375]","(15938.657, 1232669.378]",*
1002974.2146829072,"(885939.816, 1077881.375]","(938062.754, 1139513.606]","(997577.135, 1232669.378]","(15938.657, 1077881.375]","(15938.657, 1232669.378]",*
1003266.8762352668,"(885939.816, 1077881.375]","(938062.754, 1139513.606]","(997577.135, 1232669.378]","(15938.657, 1077881.375]","(15938.657, 1232669.378]",*
1003642.6274172928,"(885939.816, 1077881.375]","(938062.754, 1139513.606]","(997577.135, 1232669.378]","(15938.657, 1077881.375]","(15938.657, 1232669.378]",*
1003701.0495827476,"(885939.816, 1077881.375]","(938062.754, 1139513.606]","(997577.135, 1232669.378]","(15938.657, 1077881.375]","(15938.657, 1232669.378]",*
1003837.6670084944,"(885939.816, 1077881.375]","(938062.754, 1139513.606]","(997577.135, 1232669.378]","(15938.657, 1077881.375]","(15938.657, 1232669.378]",*
1003905.0595460528,"(885939.816, 1077881.375]","(938062.754, 1139513.606]","(997577.135, 1232669.378]","(15938.657, 1077881.375]","(15938.657, 1232669.378]",*
1003941.9288969066,"(885939.816, 1077881.375]","(938062.754, 1139513.606]","(997577.135, 1232669.378]","(15938.657, 1077881.375]","(15938.657, 1232669.378]",*
1004041.4348393112,"(885939.816, 1077881.375]","(938062.754, 1139513.606]","(997577.135, 1232669.378]","(15938.657, 1077881.375]","(15938.657, 1232669.378]",*
1004070.9982745504,"(885939.816, 1077881.375]","(938062.754, 1139513.606]","(997577.135, 1232669.378]","(15938.657, 1077881.375]","(15938.657, 1232669.378]",*
1004124.9090759716,"(885939.816, 1077881.375]","(938062.754, 1139513.606]","(997577.135, 1232669.378]","(15938.657, 1077881.375]","(15938.657, 1232669.378]",*
1004340.0359426616,"(885939.816, 1077881.375]","(938062.754, 1139513.606]","(997577.135, 1232669.378]","(15938.657, 1077881.375]","(15938.657, 1232669.378]",*
1004430.3243619604,"(885939.816, 1077881.375]","(938062.754, 1139513.606]","(997577.135, 1232669.378]","(15938.657, 1077881.375]","(15938.657, 1232669.378]",*
1004471.6608776528,"(885939.816, 1077881.375]","(938062.754, 1139513.606]","(997577.135, 1232669.378]","(15938.657, 1077881.375]","(15938.657, 1232669.378]",*
1005087.361039984,"(885939.816, 1077881.375]","(938062.754, 1139513.606]","(997577.135, 1232669.378]","(15938.657, 1077881.375]","(15938.657, 1232669.378]",*
1005089.893975332,"(885939.816, 1077881.375]","(938062.754, 1139513.606]","(997577.135, 1232669.378]","(15938.657, 1077881.375]","(15938.657, 1232669.378]",*
1005392.4185892516,"(885939.816, 1077881.375]","(938062.754, 1139513.606]","(997577.135, 1232669.378]","(15938.657, 1077881.375]","(15938.657, 1232669.378]",*
1005431.4512338168,"(885939.816, 1077881.375]","(938062.754, 1139513.606]","(997577.135, 1232669.378]","(15938.657, 1077881.375]","(15938.657, 1232669.378]",*
1005843.916993128,"(885939.816, 1077881.375]","(938062.754, 1139513.606]","(997577.135, 1232669.378]","(15938.657, 1077881.375]","(15938.657, 1232669.378]",*
1005946.7673244304,"(885939.816, 1077881.375]","(938062.754, 1139513.606]","(997577.135, 1232669.378]","(15938.657, 1077881.375]","(15938.657, 1232669.378]",*
1006227.5349955284,"(885939.816, 1077881.375]","(938062.754, 1139513.606]","(997577.135, 1232669.378]","(15938.657, 1077881.375]","(15938.657, 1232669.378]",*
1006544.5265988766,"(885939.816, 1077881.375]","(938062.754, 1139513.606]","(997577.135, 1232669.378]","(15938.657, 1077881.375]","(15938.657, 1232669.378]",*
1006580.4796598312,"(885939.816, 1077881.375]","(938062.754, 1139513.606]","(997577.135, 1232669.378]","(15938.657, 1077881.375]","(15938.657, 1232669.378]",*
1006687.3871388726,"(885939.816, 1077881.375]","(938062.754, 1139513.606]","(997577.135, 1232669.378]","(15938.657, 1077881.375]","(15938.657, 1232669.378]",*
1006885.8444127028,"(885939.816, 1077881.375]","(938062.754, 1139513.606]","(997577.135, 1232669.378]","(15938.657, 1077881.375]","(15938.657, 1232669.378]",*
1007224.9288462064,"(885939.816, 1077881.375]","(938062.754, 1139513.606]","(997577.135, 1232669.378]","(15938.657, 1077881.375]","(15938.657, 1232669.378]",*
1007478.7484311544,"(885939.816, 1077881.375]","(938062.754, 1139513.606]","(997577.135, 1232669.378]","(15938.657, 1077881.375]","(15938.657, 1232669.378]",*
1007596.0425748297,"(885939.816, 1077881.375]","(938062.754, 1139513.606]","(997577.135, 1232669.378]","(15938.657, 1077881.375]","(15938.657, 1232669.378]",*
1007856.266240042,"(885939.816, 1077881.375]","(938062.754, 1139513.606]","(997577.135, 1232669.378]","(15938.657, 1077881.375]","(15938.657, 1232669.378]",*
1008649.9293008102,"(885939.816, 1077881.375]","(938062.754, 1139513.606]","(997577.135, 1232669.378]","(15938.657, 1077881.375]","(15938.657, 1232669.378]",*
1008712.5750731864,"(885939.816, 1077881.375]","(938062.754, 1139513.606]","(997577.135, 1232669.378]","(15938.657, 1077881.375]","(15938.657, 1232669.378]",*
1009093.801510392,"(885939.816, 1077881.375]","(938062.754, 1139513.606]","(997577.135, 1232669.378]","(15938.657, 1077881.375]","(15938.657, 1232669.378]",*
1009142.3379740332,"(885939.816, 1077881.375]","(938062.754, 1139513.606]","(997577.135, 1232669.378]","(15938.657, 1077881.375]","(15938.657, 1232669.378]",*
1009606.2836331872,"(885939.816, 1077881.375]","(938062.754, 1139513.606]","(997577.135, 1232669.378]","(15938.657, 1077881.375]","(15938.657, 1232669.378]",*
1009769.0775382696,"(885939.816, 1077881.375]","(938062.754, 1139513.606]","(997577.135, 1232669.378]","(15938.657, 1077881.375]","(15938.657, 1232669.378]",*
1009809.9835965488,"(885939.816, 1077881.375]","(938062.754, 1139513.606]","(997577.135, 1232669.378]","(15938.657, 1077881.375]","(15938.657, 1232669.378]",*
1009831.1347769842,"(885939.816, 1077881.375]","(938062.754, 1139513.606]","(997577.135, 1232669.378]","(15938.657, 1077881.375]","(15938.657, 1232669.378]",*
1009854.70493643,"(885939.816, 1077881.375]","(938062.754, 1139513.606]","(997577.135, 1232669.378]","(15938.657, 1077881.375]","(15938.657, 1232669.378]",*
1009972.0834733574,"(885939.816, 1077881.375]","(938062.754, 1139513.606]","(997577.135, 1232669.378]","(15938.657, 1077881.375]","(15938.657, 1232669.378]",*
1010477.3921678592,"(885939.816, 1077881.375]","(938062.754, 1139513.606]","(997577.135, 1232669.378]","(15938.657, 1077881.375]","(15938.657, 1232669.378]",*
1010813.7090555576,"(885939.816, 1077881.375]","(938062.754, 1139513.606]","(997577.135, 1232669.378]","(15938.657, 1077881.375]","(15938.657, 1232669.378]",*
1011140.7992689414,"(885939.816, 1077881.375]","(938062.754, 1139513.606]","(997577.135, 1232669.378]","(15938.657, 1077881.375]","(15938.657, 1232669.378]",*
1011331.1636193402,"(885939.816, 1077881.375]","(938062.754, 1139513.606]","(997577.135, 1232669.378]","(15938.657, 1077881.375]","(15938.657, 1232669.378]",*
1011365.3649421224,"(885939.816, 1077881.375]","(938062.754, 1139513.606]","(997577.135, 1232669.378]","(15938.657, 1077881.375]","(15938.657, 1232669.378]",*
1011477.61428122,"(885939.816, 1077881.375]","(938062.754, 1139513.606]","(997577.135, 1232669.378]","(15938.657, 1077881.375]","(15938.657, 1232669.378]",*
1011909.6944313496,"(885939.816, 1077881.375]","(938062.754, 1139513.606]","(997577.135, 1232669.378]","(15938.657, 1077881.375]","(15938.657, 1232669.378]",*
1012023.3986385613,"(885939.816, 1077881.375]","(938062.754, 1139513.606]","(997577.135, 1232669.378]","(15938.657, 1077881.375]","(15938.657, 1232669.378]",*
1012262.7116594332,"(885939.816, 1077881.375]","(938062.754, 1139513.606]","(997577.135, 1232669.378]","(15938.657, 1077881.375]","(15938.657, 1232669.378]",*
1012269.4686781848,"(885939.816, 1077881.375]","(938062.754, 1139513.606]","(997577.135, 1232669.378]","(15938.657, 1077881.375]","(15938.657, 1232669.378]",*
1012269.8201046892,"(885939.816, 1077881.375]","(938062.754, 1139513.606]","(997577.135, 1232669.378]","(15938.657, 1077881.375]","(15938.657, 1232669.378]",*
1012321.5738436627,"(885939.816, 1077881.375]","(938062.754, 1139513.606]","(997577.135, 1232669.378]","(15938.657, 1077881.375]","(15938.657, 1232669.378]",*
1012545.4916159144,"(885939.816, 1077881.375]","(938062.754, 1139513.606]","(997577.135, 1232669.378]","(15938.657, 1077881.375]","(15938.657, 1232669.378]",*
1012768.7562290148,"(885939.816, 1077881.375]","(938062.754, 1139513.606]","(997577.135, 1232669.378]","(15938.657, 1077881.375]","(15938.657, 1232669.378]",*
1013252.2090460656,"(885939.816, 1077881.375]","(938062.754, 1139513.606]","(997577.135, 1232669.378]","(15938.657, 1077881.375]","(15938.657, 1232669.378]",*
1013443.43789406,"(885939.816, 1077881.375]","(938062.754, 1139513.606]","(997577.135, 1232669.378]","(15938.657, 1077881.375]","(15938.657, 1232669.378]",*
1014093.309964624,"(885939.816, 1077881.375]","(938062.754, 1139513.606]","(997577.135, 1232669.378]","(15938.657, 1077881.375]","(15938.657, 1232669.378]",*
1014226.2985707616,"(885939.816, 1077881.375]","(938062.754, 1139513.606]","(997577.135, 1232669.378]","(15938.657, 1077881.375]","(15938.657, 1232669.378]",*
1014430.120566306,"(885939.816, 1077881.375]","(938062.754, 1139513.606]","(997577.135, 1232669.378]","(15938.657, 1077881.375]","(15938.657, 1232669.378]",*
1014450.6537930904,"(885939.816, 1077881.375]","(938062.754, 1139513.606]","(997577.135, 1232669.378]","(15938.657, 1077881.375]","(15938.657, 1232669.378]",*
1014513.2095314314,"(885939.816, 1077881.375]","(938062.754, 1139513.606]","(997577.135, 1232669.378]","(15938.657, 1077881.375]","(15938.657, 1232669.378]",*
1014548.2326294322,"(885939.816, 1077881.375]","(938062.754, 1139513.606]","(997577.135, 1232669.378]","(15938.657, 1077881.375]","(15938.657, 1232669.378]",*
1015010.5384041036,"(885939.816, 1077881.375]","(938062.754, 1139513.606]","(997577.135, 1232669.378]","(15938.657, 1077881.375]","(15938.657, 1232669.378]",*
1015233.032262996,"(885939.816, 1077881.375]","(938062.754, 1139513.606]","(997577.135, 1232669.378]","(15938.657, 1077881.375]","(15938.657, 1232669.378]",*
1015546.3086072234,"(885939.816, 1077881.375]","(938062.754, 1139513.606]","(997577.135, 1232669.378]","(15938.657, 1077881.375]","(15938.657, 1232669.378]",*
1016163.176715182,"(885939.816, 1077881.375]","(938062.754, 1139513.606]","(997577.135, 1232669.378]","(15938.657, 1077881.375]","(15938.657, 1232669.378]",*
1016187.1036521762,"(885939.816, 1077881.375]","(938062.754, 1139513.606]","(997577.135, 1232669.378]","(15938.657, 1077881.375]","(15938.657, 1232669.378]",*
1016301.4433502624,"(885939.816, 1077881.375]","(938062.754, 1139513.606]","(997577.135, 1232669.378]","(15938.657, 1077881.375]","(15938.657, 1232669.378]",*
1016526.5937435456,"(885939.816, 1077881.375]","(938062.754, 1139513.606]","(997577.135, 1232669.378]","(15938.657, 1077881.375]","(15938.657, 1232669.378]",*
1016871.4149142244,"(885939.816, 1077881.375]","(938062.754, 1139513.606]","(997577.135, 1232669.378]","(15938.657, 1077881.375]","(15938.657, 1232669.378]",*
1016960.6547934016,"(885939.816, 1077881.375]","(938062.754, 1139513.606]","(997577.135, 1232669.378]","(15938.657, 1077881.375]","(15938.657, 1232669.378]",*
1017105.3708378994,"(885939.816, 1077881.375]","(938062.754, 1139513.606]","(997577.135, 1232669.378]","(15938.657, 1077881.375]","(15938.657, 1232669.378]",*
1017374.0233573732,"(885939.816, 1077881.375]","(938062.754, 1139513.606]","(997577.135, 1232669.378]","(15938.657, 1077881.375]","(15938.657, 1232669.378]",*
1017722.997568472,"(885939.816, 1077881.375]","(938062.754, 1139513.606]","(997577.135, 1232669.378]","(15938.657, 1077881.375]","(15938.657, 1232669.378]",*
1017775.5118270963,"(885939.816, 1077881.375]","(938062.754, 1139513.606]","(997577.135, 1232669.378]","(15938.657, 1077881.375]","(15938.657, 1232669.378]",*
1018173.7030639506,"(885939.816, 1077881.375]","(938062.754, 1139513.606]","(997577.135, 1232669.378]","(15938.657, 1077881.375]","(15938.657, 1232669.378]",*
1018457.9870522928,"(885939.816, 1077881.375]","(938062.754, 1139513.606]","(997577.135, 1232669.378]","(15938.657, 1077881.375]","(15938.657, 1232669.378]",*
1019127.7329514012,"(885939.816, 1077881.375]","(938062.754, 1139513.606]","(997577.135, 1232669.378]","(15938.657, 1077881.375]","(15938.657, 1232669.378]",*
1019425.9367578316,"(885939.816, 1077881.375]","(938062.754, 1139513.606]","(997577.135, 1232669.378]","(15938.657, 1077881.375]","(15938.657, 1232669.378]",*
1019880.6530541872,"(885939.816, 1077881.375]","(938062.754, 1139513.606]","(997577.135, 1232669.378]","(15938.657, 1077881.375]","(15938.657, 1232669.378]",*
1020041.7474392444,"(885939.816, 1077881.375]","(938062.754, 1139513.606]","(997577.135, 1232669.378]","(15938.657, 1077881.375]","(15938.657, 1232669.378]",*
1020095.9135555072,"(885939.816, 1077881.375]","(938062.754, 1139513.606]","(997577.135, 1232669.378]","(15938.657, 1077881.375]","(15938.657, 1232669.378]",*
1020098.0413818643,"(885939.816, 1077881.375]","(938062.754, 1139513.606]","(997577.135, 1232669.378]","(15938.657, 1077881.375]","(15938.657, 1232669.378]",*
1020145.9725180224,"(885939.816, 1077881.375]","(938062.754, 1139513.606]","(997577.135, 1232669.378]","(15938.657, 1077881.375]","(15938.657, 1232669.378]",*
1020268.8545436626,"(885939.816, 1077881.375]","(938062.754, 1139513.606]","(997577.135, 1232669.378]","(15938.657, 1077881.375]","(15938.657, 1232669.378]",*
1020336.8832747572,"(885939.816, 1077881.375]","(938062.754, 1139513.606]","(997577.135, 1232669.378]","(15938.657, 1077881.375]","(15938.657, 1232669.378]",*
1020536.1908295144,"(885939.816, 1077881.375]","(938062.754, 1139513.606]","(997577.135, 1232669.378]","(15938.657, 1077881.375]","(15938.657, 1232669.378]",*
1020842.5313524116,"(885939.816, 1077881.375]","(938062.754, 1139513.606]","(997577.135, 1232669.378]","(15938.657, 1077881.375]","(15938.657, 1232669.378]",*
1020861.3371364456,"(885939.816, 1077881.375]","(938062.754, 1139513.606]","(997577.135, 1232669.378]","(15938.657, 1077881.375]","(15938.657, 1232669.378]",*
1021122.0523475125,"(885939.816, 1077881.375]","(938062.754, 1139513.606]","(997577.135, 1232669.378]","(15938.657, 1077881.375]","(15938.657, 1232669.378]",*
1021126.682548102,"(885939.816, 1077881.375]","(938062.754, 1139513.606]","(997577.135, 1232669.378]","(15938.657, 1077881.375]","(15938.657, 1232669.378]",*
1022342.573636082,"(885939.816, 1077881.375]","(938062.754, 1139513.606]","(997577.135, 1232669.378]","(15938.657, 1077881.375]","(15938.657, 1232669.378]",*
1022408.9010463773,"(885939.816, 1077881.375]","(938062.754, 1139513.606]","(997577.135, 1232669.378]","(15938.657, 1077881.375]","(15938.657, 1232669.378]",*
1022709.6955066584,"(885939.816, 1077881.375]","(938062.754, 1139513.606]","(997577.135, 1232669.378]","(15938.657, 1077881.375]","(15938.657, 1232669.378]",*
1022781.1707429125,"(885939.816, 1077881.375]","(938062.754, 1139513.606]","(997577.135, 1232669.378]","(15938.657, 1077881.375]","(15938.657, 1232669.378]",*
1023162.9529066276,"(885939.816, 1077881.375]","(938062.754, 1139513.606]","(997577.135, 1232669.378]","(15938.657, 1077881.375]","(15938.657, 1232669.378]",*
1023205.0409895576,"(885939.816, 1077881.375]","(938062.754, 1139513.606]","(997577.135, 1232669.378]","(15938.657, 1077881.375]","(15938.657, 1232669.378]",*
1023595.112870682,"(885939.816, 1077881.375]","(938062.754, 1139513.606]","(997577.135, 1232669.378]","(15938.657, 1077881.375]","(15938.657, 1232669.378]",*
1023862.983752334,"(885939.816, 1077881.375]","(938062.754, 1139513.606]","(997577.135, 1232669.378]","(15938.657, 1077881.375]","(15938.657, 1232669.378]",*
1023943.7751242385,"(885939.816, 1077881.375]","(938062.754, 1139513.606]","(997577.135, 1232669.378]","(15938.657, 1077881.375]","(15938.657, 1232669.378]",*
1023965.4034107302,"(885939.816, 1077881.375]","(938062.754, 1139513.606]","(997577.135, 1232669.378]","(15938.657, 1077881.375]","(15938.657, 1232669.378]",*
1024601.5627539242,"(885939.816, 1077881.375]","(938062.754, 1139513.606]","(997577.135, 1232669.378]","(15938.657, 1077881.375]","(15938.657, 1232669.378]",*
1024738.2849269824,"(885939.816, 1077881.375]","(938062.754, 1139513.606]","(997577.135, 1232669.378]","(15938.657, 1077881.375]","(15938.657, 1232669.378]",*
1024787.9415573477,"(885939.816, 1077881.375]","(938062.754, 1139513.606]","(997577.135, 1232669.378]","(15938.657, 1077881.375]","(15938.657, 1232669.378]",*
1024907.9401935096,"(885939.816, 1077881.375]","(938062.754, 1139513.606]","(997577.135, 1232669.378]","(15938.657, 1077881.375]","(15938.657, 1232669.378]",*
1024973.1952142384,"(885939.816, 1077881.375]","(938062.754, 1139513.606]","(997577.135, 1232669.378]","(15938.657, 1077881.375]","(15938.657, 1232669.378]",*
1025417.8875194944,"(885939.816, 1077881.375]","(938062.754, 1139513.606]","(997577.135, 1232669.378]","(15938.657, 1077881.375]","(15938.657, 1232669.378]",*
1025439.4339352736,"(885939.816, 1077881.375]","(938062.754, 1139513.606]","(997577.135, 1232669.378]","(15938.657, 1077881.375]","(15938.657, 1232669.378]",*
1025461.1344276336,"(885939.816, 1077881.375]","(938062.754, 1139513.606]","(997577.135, 1232669.378]","(15938.657, 1077881.375]","(15938.657, 1232669.378]",*
1025701.5949167036,"(885939.816, 1077881.375]","(938062.754, 1139513.606]","(997577.135, 1232669.378]","(15938.657, 1077881.375]","(15938.657, 1232669.378]",*
1025705.1343197428,"(885939.816, 1077881.375]","(938062.754, 1139513.606]","(997577.135, 1232669.378]","(15938.657, 1077881.375]","(15938.657, 1232669.378]",*
1025908.9140528344,"(885939.816, 1077881.375]","(938062.754, 1139513.606]","(997577.135, 1232669.378]","(15938.657, 1077881.375]","(15938.657, 1232669.378]",*
1026126.5838267674,"(885939.816, 1077881.375]","(938062.754, 1139513.606]","(997577.135, 1232669.378]","(15938.657, 1077881.375]","(15938.657, 1232669.378]",*
1026271.795942856,"(885939.816, 1077881.375]","(938062.754, 1139513.606]","(997577.135, 1232669.378]","(15938.657, 1077881.375]","(15938.657, 1232669.378]",*
1026505.8205659144,"(885939.816, 1077881.375]","(938062.754, 1139513.606]","(997577.135, 1232669.378]","(15938.657, 1077881.375]","(15938.657, 1232669.378]",*
1026817.399788458,"(885939.816, 1077881.375]","(938062.754, 1139513.606]","(997577.135, 1232669.378]","(15938.657, 1077881.375]","(15938.657, 1232669.378]",*
1027191.0290126376,"(885939.816, 1077881.375]","(938062.754, 1139513.606]","(997577.135, 1232669.378]","(15938.657, 1077881.375]","(15938.657, 1232669.378]",*
1027311.507673405,"(885939.816, 1077881.375]","(938062.754, 1139513.606]","(997577.135, 1232669.378]","(15938.657, 1077881.375]","(15938.657, 1232669.378]",*
1027427.8619974016,"(885939.816, 1077881.375]","(938062.754, 1139513.606]","(997577.135, 1232669.378]","(15938.657, 1077881.375]","(15938.657, 1232669.378]",*
1028275.1039295372,"(885939.816, 1077881.375]","(938062.754, 1139513.606]","(997577.135, 1232669.378]","(15938.657, 1077881.375]","(15938.657, 1232669.378]",*
1028493.601458844,"(885939.816, 1077881.375]","(938062.754, 1139513.606]","(997577.135, 1232669.378]","(15938.657, 1077881.375]","(15938.657, 1232669.378]",*
1028636.4228705128,"(885939.816, 1077881.375]","(938062.754, 1139513.606]","(997577.135, 1232669.378]","(15938.657, 1077881.375]","(15938.657, 1232669.378]",*
1028650.5919845894,"(885939.816, 1077881.375]","(938062.754, 1139513.606]","(997577.135, 1232669.378]","(15938.657, 1077881.375]","(15938.657, 1232669.378]",*
1028683.0448748892,"(885939.816, 1077881.375]","(938062.754, 1139513.606]","(997577.135, 1232669.378]","(15938.657, 1077881.375]","(15938.657, 1232669.378]",*
1028760.4652352538,"(885939.816, 1077881.375]","(938062.754, 1139513.606]","(997577.135, 1232669.378]","(15938.657, 1077881.375]","(15938.657, 1232669.378]",*
1028914.3150464958,"(885939.816, 1077881.375]","(938062.754, 1139513.606]","(997577.135, 1232669.378]","(15938.657, 1077881.375]","(15938.657, 1232669.378]",*
1028964.4739347702,"(885939.816, 1077881.375]","(938062.754, 1139513.606]","(997577.135, 1232669.378]","(15938.657, 1077881.375]","(15938.657, 1232669.378]",*
1028966.367929272,"(885939.816, 1077881.375]","(938062.754, 1139513.606]","(997577.135, 1232669.378]","(15938.657, 1077881.375]","(15938.657, 1232669.378]",*
1029037.4291364508,"(885939.816, 1077881.375]","(938062.754, 1139513.606]","(997577.135, 1232669.378]","(15938.657, 1077881.375]","(15938.657, 1232669.378]",*
1029273.2785955656,"(885939.816, 1077881.375]","(938062.754, 1139513.606]","(997577.135, 1232669.378]","(15938.657, 1077881.375]","(15938.657, 1232669.378]",*
1029354.4948558316,"(885939.816, 1077881.375]","(938062.754, 1139513.606]","(997577.135, 1232669.378]","(15938.657, 1077881.375]","(15938.657, 1232669.378]",*
1029439.2338632896,"(885939.816, 1077881.375]","(938062.754, 1139513.606]","(997577.135, 1232669.378]","(15938.657, 1077881.375]","(15938.657, 1232669.378]",*
1029855.7140241184,"(885939.816, 1077881.375]","(938062.754, 1139513.606]","(997577.135, 1232669.378]","(15938.657, 1077881.375]","(15938.657, 1232669.378]",*
1029861.6229008453,"(885939.816, 1077881.375]","(938062.754, 1139513.606]","(997577.135, 1232669.378]","(15938.657, 1077881.375]","(15938.657, 1232669.378]",*
1029869.7636771862,"(885939.816, 1077881.375]","(938062.754, 1139513.606]","(997577.135, 1232669.378]","(15938.657, 1077881.375]","(15938.657, 1232669.378]",*
1029951.8096059486,"(885939.816, 1077881.375]","(938062.754, 1139513.606]","(997577.135, 1232669.378]","(15938.657, 1077881.375]","(15938.657, 1232669.378]",*
1030016.6447495208,"(885939.816, 1077881.375]","(938062.754, 1139513.606]","(997577.135, 1232669.378]","(15938.657, 1077881.375]","(15938.657, 1232669.378]",*
1030324.9189220024,"(885939.816, 1077881.375]","(938062.754, 1139513.606]","(997577.135, 1232669.378]","(15938.657, 1077881.375]","(15938.657, 1232669.378]",*
1030591.4292116084,"(885939.816, 1077881.375]","(938062.754, 1139513.606]","(997577.135, 1232669.378]","(15938.657, 1077881.375]","(15938.657, 1232669.378]",*
1030729.5831522896,"(885939.816, 1077881.375]","(938062.754, 1139513.606]","(997577.135, 1232669.378]","(15938.657, 1077881.375]","(15938.657, 1232669.378]",*
1030759.6998373716,"(885939.816, 1077881.375]","(938062.754, 1139513.606]","(997577.135, 1232669.378]","(15938.657, 1077881.375]","(15938.657, 1232669.378]",*
1030866.9517110016,"(885939.816, 1077881.375]","(938062.754, 1139513.606]","(997577.135, 1232669.378]","(15938.657, 1077881.375]","(15938.657, 1232669.378]",*
1031046.3654266484,"(885939.816, 1077881.375]","(938062.754, 1139513.606]","(997577.135, 1232669.378]","(15938.657, 1077881.375]","(15938.657, 1232669.378]",*
1031121.814457246,"(885939.816, 1077881.375]","(938062.754, 1139513.606]","(997577.135, 1232669.378]","(15938.657, 1077881.375]","(15938.657, 1232669.378]",*
1031146.7545545298,"(885939.816, 1077881.375]","(938062.754, 1139513.606]","(997577.135, 1232669.378]","(15938.657, 1077881.375]","(15938.657, 1232669.378]",*
1031367.588516485,"(885939.816, 1077881.375]","(938062.754, 1139513.606]","(997577.135, 1232669.378]","(15938.657, 1077881.375]","(15938.657, 1232669.378]",*
1031385.4548974172,"(885939.816, 1077881.375]","(938062.754, 1139513.606]","(997577.135, 1232669.378]","(15938.657, 1077881.375]","(15938.657, 1232669.378]",*
1031737.3848127612,"(885939.816, 1077881.375]","(938062.754, 1139513.606]","(997577.135, 1232669.378]","(15938.657, 1077881.375]","(15938.657, 1232669.378]",*
1031981.2829229428,"(885939.816, 1077881.375]","(938062.754, 1139513.606]","(997577.135, 1232669.378]","(15938.657, 1077881.375]","(15938.657, 1232669.378]",*
1032043.2117639716,"(885939.816, 1077881.375]","(938062.754, 1139513.606]","(997577.135, 1232669.378]","(15938.657, 1077881.375]","(15938.657, 1232669.378]",*
1032180.378259136,"(885939.816, 1077881.375]","(938062.754, 1139513.606]","(997577.135, 1232669.378]","(15938.657, 1077881.375]","(15938.657, 1232669.378]",*
1032346.8698248024,"(885939.816, 1077881.375]","(938062.754, 1139513.606]","(997577.135, 1232669.378]","(15938.657, 1077881.375]","(15938.657, 1232669.378]",*
1032663.0030779238,"(885939.816, 1077881.375]","(938062.754, 1139513.606]","(997577.135, 1232669.378]","(15938.657, 1077881.375]","(15938.657, 1232669.378]",*
1033155.3294570053,"(885939.816, 1077881.375]","(938062.754, 1139513.606]","(997577.135, 1232669.378]","(15938.657, 1077881.375]","(15938.657, 1232669.378]",*
1033290.9749004892,"(885939.816, 1077881.375]","(938062.754, 1139513.606]","(997577.135, 1232669.378]","(15938.657, 1077881.375]","(15938.657, 1232669.378]",*
1033450.1392811146,"(885939.816, 1077881.375]","(938062.754, 1139513.606]","(997577.135, 1232669.378]","(15938.657, 1077881.375]","(15938.657, 1232669.378]",*
1033475.6994679804,"(885939.816, 1077881.375]","(938062.754, 1139513.606]","(997577.135, 1232669.378]","(15938.657, 1077881.375]","(15938.657, 1232669.378]",*
1033626.4114965134,"(885939.816, 1077881.375]","(938062.754, 1139513.606]","(997577.135, 1232669.378]","(15938.657, 1077881.375]","(15938.657, 1232669.378]",*
1033864.6352881984,"(885939.816, 1077881.375]","(938062.754, 1139513.606]","(997577.135, 1232669.378]","(15938.657, 1077881.375]","(15938.657, 1232669.378]",*
1033881.1348005374,"(885939.816, 1077881.375]","(938062.754, 1139513.606]","(997577.135, 1232669.378]","(15938.657, 1077881.375]","(15938.657, 1232669.378]",*
1034180.9492611092,"(885939.816, 1077881.375]","(938062.754, 1139513.606]","(997577.135, 1232669.378]","(15938.657, 1077881.375]","(15938.657, 1232669.378]",*
1034218.4018590322,"(885939.816, 1077881.375]","(938062.754, 1139513.606]","(997577.135, 1232669.378]","(15938.657, 1077881.375]","(15938.657, 1232669.378]",*
1034366.7777318212,"(885939.816, 1077881.375]","(938062.754, 1139513.606]","(997577.135, 1232669.378]","(15938.657, 1077881.375]","(15938.657, 1232669.378]",*
1034539.8306178992,"(885939.816, 1077881.375]","(938062.754, 1139513.606]","(997577.135, 1232669.378]","(15938.657, 1077881.375]","(15938.657, 1232669.378]",*
1034760.0399469784,"(885939.816, 1077881.375]","(938062.754, 1139513.606]","(997577.135, 1232669.378]","(15938.657, 1077881.375]","(15938.657, 1232669.378]",*
1034779.1897331612,"(885939.816, 1077881.375]","(938062.754, 1139513.606]","(997577.135, 1232669.378]","(15938.657, 1077881.375]","(15938.657, 1232669.378]",*
1035125.8566511944,"(885939.816, 1077881.375]","(938062.754, 1139513.606]","(997577.135, 1232669.378]","(15938.657, 1077881.375]","(15938.657, 1232669.378]",*
1035171.059640798,"(885939.816, 1077881.375]","(938062.754, 1139513.606]","(997577.135, 1232669.378]","(15938.657, 1077881.375]","(15938.657, 1232669.378]",*
1035976.952869708,"(885939.816, 1077881.375]","(938062.754, 1139513.606]","(997577.135, 1232669.378]","(15938.657, 1077881.375]","(15938.657, 1232669.378]",*
1036277.0624632968,"(885939.816, 1077881.375]","(938062.754, 1139513.606]","(997577.135, 1232669.378]","(15938.657, 1077881.375]","(15938.657, 1232669.378]",*
1036338.2390135262,"(885939.816, 1077881.375]","(938062.754, 1139513.606]","(997577.135, 1232669.378]","(15938.657, 1077881.375]","(15938.657, 1232669.378]",*
1036382.7663054836,"(885939.816, 1077881.375]","(938062.754, 1139513.606]","(997577.135, 1232669.378]","(15938.657, 1077881.375]","(15938.657, 1232669.378]",*
1036685.2408148928,"(885939.816, 1077881.375]","(938062.754, 1139513.606]","(997577.135, 1232669.378]","(15938.657, 1077881.375]","(15938.657, 1232669.378]",*
1036704.6914584936,"(885939.816, 1077881.375]","(938062.754, 1139513.606]","(997577.135, 1232669.378]","(15938.657, 1077881.375]","(15938.657, 1232669.378]",*
1036782.2448843296,"(885939.816, 1077881.375]","(938062.754, 1139513.606]","(997577.135, 1232669.378]","(15938.657, 1077881.375]","(15938.657, 1232669.378]",*
1037033.0386214246,"(885939.816, 1077881.375]","(938062.754, 1139513.606]","(997577.135, 1232669.378]","(15938.657, 1077881.375]","(15938.657, 1232669.378]",*
1037147.4674024236,"(885939.816, 1077881.375]","(938062.754, 1139513.606]","(997577.135, 1232669.378]","(15938.657, 1077881.375]","(15938.657, 1232669.378]",*
1037382.57710349,"(885939.816, 1077881.375]","(938062.754, 1139513.606]","(997577.135, 1232669.378]","(15938.657, 1077881.375]","(15938.657, 1232669.378]",*
1037780.4795439028,"(885939.816, 1077881.375]","(938062.754, 1139513.606]","(997577.135, 1232669.378]","(15938.657, 1077881.375]","(15938.657, 1232669.378]",*
1038153.9487324572,"(885939.816, 1077881.375]","(938062.754, 1139513.606]","(997577.135, 1232669.378]","(15938.657, 1077881.375]","(15938.657, 1232669.378]",*
1038177.0447737094,"(885939.816, 1077881.375]","(938062.754, 1139513.606]","(997577.135, 1232669.378]","(15938.657, 1077881.375]","(15938.657, 1232669.378]",*
1038330.0389589404,"(885939.816, 1077881.375]","(938062.754, 1139513.606]","(997577.135, 1232669.378]","(15938.657, 1077881.375]","(15938.657, 1232669.378]",*
1038939.523246861,"(885939.816, 1077881.375]","(938062.754, 1139513.606]","(997577.135, 1232669.378]","(15938.657, 1077881.375]","(15938.657, 1232669.378]",*
1039107.3263056172,"(885939.816, 1077881.375]","(938062.754, 1139513.606]","(997577.135, 1232669.378]","(15938.657, 1077881.375]","(15938.657, 1232669.378]",*
1039332.667386882,"(885939.816, 1077881.375]","(938062.754, 1139513.606]","(997577.135, 1232669.378]","(15938.657, 1077881.375]","(15938.657, 1232669.378]",*
1039380.7224796106,"(885939.816, 1077881.375]","(938062.754, 1139513.606]","(997577.135, 1232669.378]","(15938.657, 1077881.375]","(15938.657, 1232669.378]",*
1039517.5335082016,"(885939.816, 1077881.375]","(938062.754, 1139513.606]","(997577.135, 1232669.378]","(15938.657, 1077881.375]","(15938.657, 1232669.378]",*
1039794.7674478192,"(885939.816, 1077881.375]","(938062.754, 1139513.606]","(997577.135, 1232669.378]","(15938.657, 1077881.375]","(15938.657, 1232669.378]",*
1039915.3412099368,"(885939.816, 1077881.375]","(938062.754, 1139513.606]","(997577.135, 1232669.378]","(15938.657, 1077881.375]","(15938.657, 1232669.378]",*
1040086.6640810242,"(885939.816, 1077881.375]","(938062.754, 1139513.606]","(997577.135, 1232669.378]","(15938.657, 1077881.375]","(15938.657, 1232669.378]",*
1040376.9951696122,"(885939.816, 1077881.375]","(938062.754, 1139513.606]","(997577.135, 1232669.378]","(15938.657, 1077881.375]","(15938.657, 1232669.378]",*
1040607.3120545676,"(885939.816, 1077881.375]","(938062.754, 1139513.606]","(997577.135, 1232669.378]","(15938.657, 1077881.375]","(15938.657, 1232669.378]",*
1040652.8389956212,"(885939.816, 1077881.375]","(938062.754, 1139513.606]","(997577.135, 1232669.378]","(15938.657, 1077881.375]","(15938.657, 1232669.378]",*
1040762.831883902,"(885939.816, 1077881.375]","(938062.754, 1139513.606]","(997577.135, 1232669.378]","(15938.657, 1077881.375]","(15938.657, 1232669.378]",*
1040781.7953593384,"(885939.816, 1077881.375]","(938062.754, 1139513.606]","(997577.135, 1232669.378]","(15938.657, 1077881.375]","(15938.657, 1232669.378]",*
1040782.4858810924,"(885939.816, 1077881.375]","(938062.754, 1139513.606]","(997577.135, 1232669.378]","(15938.657, 1077881.375]","(15938.657, 1232669.378]",*
1041237.8173865617,"(885939.816, 1077881.375]","(938062.754, 1139513.606]","(997577.135, 1232669.378]","(15938.657, 1077881.375]","(15938.657, 1232669.378]",*
1041896.8510574888,"(885939.816, 1077881.375]","(938062.754, 1139513.606]","(997577.135, 1232669.378]","(15938.657, 1077881.375]","(15938.657, 1232669.378]",*
1042144.2309165346,"(885939.816, 1077881.375]","(938062.754, 1139513.606]","(997577.135, 1232669.378]","(15938.657, 1077881.375]","(15938.657, 1232669.378]",*
1042243.7312719524,"(885939.816, 1077881.375]","(938062.754, 1139513.606]","(997577.135, 1232669.378]","(15938.657, 1077881.375]","(15938.657, 1232669.378]",*
1042373.5240960824,"(885939.816, 1077881.375]","(938062.754, 1139513.606]","(997577.135, 1232669.378]","(15938.657, 1077881.375]","(15938.657, 1232669.378]",*
1042814.0978200928,"(885939.816, 1077881.375]","(938062.754, 1139513.606]","(997577.135, 1232669.378]","(15938.657, 1077881.375]","(15938.657, 1232669.378]",*
1043281.2900746964,"(885939.816, 1077881.375]","(938062.754, 1139513.606]","(997577.135, 1232669.378]","(15938.657, 1077881.375]","(15938.657, 1232669.378]",*
1043415.992020972,"(885939.816, 1077881.375]","(938062.754, 1139513.606]","(997577.135, 1232669.378]","(15938.657, 1077881.375]","(15938.657, 1232669.378]",*
1043483.9151320348,"(885939.816, 1077881.375]","(938062.754, 1139513.606]","(997577.135, 1232669.378]","(15938.657, 1077881.375]","(15938.657, 1232669.378]",*
1043548.6091084076,"(885939.816, 1077881.375]","(938062.754, 1139513.606]","(997577.135, 1232669.378]","(15938.657, 1077881.375]","(15938.657, 1232669.378]",*
1043628.3703545422,"(885939.816, 1077881.375]","(938062.754, 1139513.606]","(997577.135, 1232669.378]","(15938.657, 1077881.375]","(15938.657, 1232669.378]",*
1043968.3994445396,"(885939.816, 1077881.375]","(938062.754, 1139513.606]","(997577.135, 1232669.378]","(15938.657, 1077881.375]","(15938.657, 1232669.378]",*
1044017.4316455174,"(885939.816, 1077881.375]","(938062.754, 1139513.606]","(997577.135, 1232669.378]","(15938.657, 1077881.375]","(15938.657, 1232669.378]",*
1044615.5216101496,"(885939.816, 1077881.375]","(938062.754, 1139513.606]","(997577.135, 1232669.378]","(15938.657, 1077881.375]","(15938.657, 1232669.378]",*
1044999.3428528216,"(885939.816, 1077881.375]","(938062.754, 1139513.606]","(997577.135, 1232669.378]","(15938.657, 1077881.375]","(15938.657, 1232669.378]",*
1045348.229953654,"(885939.816, 1077881.375]","(938062.754, 1139513.606]","(997577.135, 1232669.378]","(15938.657, 1077881.375]","(15938.657, 1232669.378]",*
1045395.3290485592,"(885939.816, 1077881.375]","(938062.754, 1139513.606]","(997577.135, 1232669.378]","(15938.657, 1077881.375]","(15938.657, 1232669.378]",*
1045704.700328456,"(885939.816, 1077881.375]","(938062.754, 1139513.606]","(997577.135, 1232669.378]","(15938.657, 1077881.375]","(15938.657, 1232669.378]",*
1046030.1142282496,"(885939.816, 1077881.375]","(938062.754, 1139513.606]","(997577.135, 1232669.378]","(15938.657, 1077881.375]","(15938.657, 1232669.378]",*
1046191.1649369912,"(885939.816, 1077881.375]","(938062.754, 1139513.606]","(997577.135, 1232669.378]","(15938.657, 1077881.375]","(15938.657, 1232669.378]",*
1046347.12078429,"(885939.816, 1077881.375]","(938062.754, 1139513.606]","(997577.135, 1232669.378]","(15938.657, 1077881.375]","(15938.657, 1232669.378]",*
1046442.6344741364,"(885939.816, 1077881.375]","(938062.754, 1139513.606]","(997577.135, 1232669.378]","(15938.657, 1077881.375]","(15938.657, 1232669.378]",*
1046627.052185562,"(885939.816, 1077881.375]","(938062.754, 1139513.606]","(997577.135, 1232669.378]","(15938.657, 1077881.375]","(15938.657, 1232669.378]",*
1046721.9761732472,"(885939.816, 1077881.375]","(938062.754, 1139513.606]","(997577.135, 1232669.378]","(15938.657, 1077881.375]","(15938.657, 1232669.378]",*
1046818.06975883,"(885939.816, 1077881.375]","(938062.754, 1139513.606]","(997577.135, 1232669.378]","(15938.657, 1077881.375]","(15938.657, 1232669.378]",*
1046943.498344274,"(885939.816, 1077881.375]","(938062.754, 1139513.606]","(997577.135, 1232669.378]","(15938.657, 1077881.375]","(15938.657, 1232669.378]",*
1046957.1170959196,"(885939.816, 1077881.375]","(938062.754, 1139513.606]","(997577.135, 1232669.378]","(15938.657, 1077881.375]","(15938.657, 1232669.378]",*
1047012.2705665716,"(885939.816, 1077881.375]","(938062.754, 1139513.606]","(997577.135, 1232669.378]","(15938.657, 1077881.375]","(15938.657, 1232669.378]",*
1047226.966817666,"(885939.816, 1077881.375]","(938062.754, 1139513.606]","(997577.135, 1232669.378]","(15938.657, 1077881.375]","(15938.657, 1232669.378]",*
1047280.1118709394,"(885939.816, 1077881.375]","(938062.754, 1139513.606]","(997577.135, 1232669.378]","(15938.657, 1077881.375]","(15938.657, 1232669.378]",*
1047452.5080813532,"(885939.816, 1077881.375]","(938062.754, 1139513.606]","(997577.135, 1232669.378]","(15938.657, 1077881.375]","(15938.657, 1232669.378]",*
1047689.2657463626,"(885939.816, 1077881.375]","(938062.754, 1139513.606]","(997577.135, 1232669.378]","(15938.657, 1077881.375]","(15938.657, 1232669.378]",*
1048135.7541761532,"(885939.816, 1077881.375]","(938062.754, 1139513.606]","(997577.135, 1232669.378]","(15938.657, 1077881.375]","(15938.657, 1232669.378]",*
1048302.4087843634,"(885939.816, 1077881.375]","(938062.754, 1139513.606]","(997577.135, 1232669.378]","(15938.657, 1077881.375]","(15938.657, 1232669.378]",*
1048350.6918200088,"(885939.816, 1077881.375]","(938062.754, 1139513.606]","(997577.135, 1232669.378]","(15938.657, 1077881.375]","(15938.657, 1232669.378]",*
1048639.7894974465,"(885939.816, 1077881.375]","(938062.754, 1139513.606]","(997577.135, 1232669.378]","(15938.657, 1077881.375]","(15938.657, 1232669.378]",*
1048647.1655575398,"(885939.816, 1077881.375]","(938062.754, 1139513.606]","(997577.135, 1232669.378]","(15938.657, 1077881.375]","(15938.657, 1232669.378]",*
1048800.6512755358,"(885939.816, 1077881.375]","(938062.754, 1139513.606]","(997577.135, 1232669.378]","(15938.657, 1077881.375]","(15938.657, 1232669.378]",*
1048818.2102501562,"(885939.816, 1077881.375]","(938062.754, 1139513.606]","(997577.135, 1232669.378]","(15938.657, 1077881.375]","(15938.657, 1232669.378]",*
1048969.4932738757,"(885939.816, 1077881.375]","(938062.754, 1139513.606]","(997577.135, 1232669.378]","(15938.657, 1077881.375]","(15938.657, 1232669.378]",*
1049007.0166559054,"(885939.816, 1077881.375]","(938062.754, 1139513.606]","(997577.135, 1232669.378]","(15938.657, 1077881.375]","(15938.657, 1232669.378]",*
1049632.1806835155,"(885939.816, 1077881.375]","(938062.754, 1139513.606]","(997577.135, 1232669.378]","(15938.657, 1077881.375]","(15938.657, 1232669.378]",*
1049661.038846639,"(885939.816, 1077881.375]","(938062.754, 1139513.606]","(997577.135, 1232669.378]","(15938.657, 1077881.375]","(15938.657, 1232669.378]",*
1049672.2486072308,"(885939.816, 1077881.375]","(938062.754, 1139513.606]","(997577.135, 1232669.378]","(15938.657, 1077881.375]","(15938.657, 1232669.378]",*
1049798.7849306162,"(885939.816, 1077881.375]","(938062.754, 1139513.606]","(997577.135, 1232669.378]","(15938.657, 1077881.375]","(15938.657, 1232669.378]",*
1049823.9959112804,"(885939.816, 1077881.375]","(938062.754, 1139513.606]","(997577.135, 1232669.378]","(15938.657, 1077881.375]","(15938.657, 1232669.378]",*
1049981.3515831316,"(885939.816, 1077881.375]","(938062.754, 1139513.606]","(997577.135, 1232669.378]","(15938.657, 1077881.375]","(15938.657, 1232669.378]",*
1050223.6675805135,"(885939.816, 1077881.375]","(938062.754, 1139513.606]","(997577.135, 1232669.378]","(15938.657, 1077881.375]","(15938.657, 1232669.378]",*
1050239.9038404576,"(885939.816, 1077881.375]","(938062.754, 1139513.606]","(997577.135, 1232669.378]","(15938.657, 1077881.375]","(15938.657, 1232669.378]",*
1050541.31394844,"(885939.816, 1077881.375]","(938062.754, 1139513.606]","(997577.135, 1232669.378]","(15938.657, 1077881.375]","(15938.657, 1232669.378]",*
1050838.7041572668,"(885939.816, 1077881.375]","(938062.754, 1139513.606]","(997577.135, 1232669.378]","(15938.657, 1077881.375]","(15938.657, 1232669.378]",*
1051123.8330999936,"(885939.816, 1077881.375]","(938062.754, 1139513.606]","(997577.135, 1232669.378]","(15938.657, 1077881.375]","(15938.657, 1232669.378]",*
1051173.464898884,"(885939.816, 1077881.375]","(938062.754, 1139513.606]","(997577.135, 1232669.378]","(15938.657, 1077881.375]","(15938.657, 1232669.378]",*
1051230.000578397,"(885939.816, 1077881.375]","(938062.754, 1139513.606]","(997577.135, 1232669.378]","(15938.657, 1077881.375]","(15938.657, 1232669.378]",*
1051519.065766143,"(885939.816, 1077881.375]","(938062.754, 1139513.606]","(997577.135, 1232669.378]","(15938.657, 1077881.375]","(15938.657, 1232669.378]",*
1051567.9457782458,"(885939.816, 1077881.375]","(938062.754, 1139513.606]","(997577.135, 1232669.378]","(15938.657, 1077881.375]","(15938.657, 1232669.378]",*
1051644.5540225492,"(885939.816, 1077881.375]","(938062.754, 1139513.606]","(997577.135, 1232669.378]","(15938.657, 1077881.375]","(15938.657, 1232669.378]",*
1052185.1759533966,"(885939.816, 1077881.375]","(938062.754, 1139513.606]","(997577.135, 1232669.378]","(15938.657, 1077881.375]","(15938.657, 1232669.378]",*
1052567.6986714758,"(885939.816, 1077881.375]","(938062.754, 1139513.606]","(997577.135, 1232669.378]","(15938.657, 1077881.375]","(15938.657, 1232669.378]",*
1053236.599854908,"(885939.816, 1077881.375]","(938062.754, 1139513.606]","(997577.135, 1232669.378]","(15938.657, 1077881.375]","(15938.657, 1232669.378]",*
1053338.5923717965,"(885939.816, 1077881.375]","(938062.754, 1139513.606]","(997577.135, 1232669.378]","(15938.657, 1077881.375]","(15938.657, 1232669.378]",*
1053484.8692001966,"(885939.816, 1077881.375]","(938062.754, 1139513.606]","(997577.135, 1232669.378]","(15938.657, 1077881.375]","(15938.657, 1232669.378]",*
1053815.0969096147,"(885939.816, 1077881.375]","(938062.754, 1139513.606]","(997577.135, 1232669.378]","(15938.657, 1077881.375]","(15938.657, 1232669.378]",*
1053891.644863874,"(885939.816, 1077881.375]","(938062.754, 1139513.606]","(997577.135, 1232669.378]","(15938.657, 1077881.375]","(15938.657, 1232669.378]",*
1053966.4254339284,"(885939.816, 1077881.375]","(938062.754, 1139513.606]","(997577.135, 1232669.378]","(15938.657, 1077881.375]","(15938.657, 1232669.378]",*
1054249.2065594809,"(885939.816, 1077881.375]","(938062.754, 1139513.606]","(997577.135, 1232669.378]","(15938.657, 1077881.375]","(15938.657, 1232669.378]",*
1054304.171728802,"(885939.816, 1077881.375]","(938062.754, 1139513.606]","(997577.135, 1232669.378]","(15938.657, 1077881.375]","(15938.657, 1232669.378]",*
1054606.9845532854,"(885939.816, 1077881.375]","(938062.754, 1139513.606]","(997577.135, 1232669.378]","(15938.657, 1077881.375]","(15938.657, 1232669.378]",*
1054732.600309668,"(885939.816, 1077881.375]","(938062.754, 1139513.606]","(997577.135, 1232669.378]","(15938.657, 1077881.375]","(15938.657, 1232669.378]",*
1054770.980647526,"(885939.816, 1077881.375]","(938062.754, 1139513.606]","(997577.135, 1232669.378]","(15938.657, 1077881.375]","(15938.657, 1232669.378]",*
1054856.0326670024,"(885939.816, 1077881.375]","(938062.754, 1139513.606]","(997577.135, 1232669.378]","(15938.657, 1077881.375]","(15938.657, 1232669.378]",*
1055153.3195092094,"(885939.816, 1077881.375]","(938062.754, 1139513.606]","(997577.135, 1232669.378]","(15938.657, 1077881.375]","(15938.657, 1232669.378]",*
1055417.6581404742,"(885939.816, 1077881.375]","(938062.754, 1139513.606]","(997577.135, 1232669.378]","(15938.657, 1077881.375]","(15938.657, 1232669.378]",*
1055484.373480787,"(885939.816, 1077881.375]","(938062.754, 1139513.606]","(997577.135, 1232669.378]","(15938.657, 1077881.375]","(15938.657, 1232669.378]",*
1055548.6757761142,"(885939.816, 1077881.375]","(938062.754, 1139513.606]","(997577.135, 1232669.378]","(15938.657, 1077881.375]","(15938.657, 1232669.378]",*
1055772.870780992,"(885939.816, 1077881.375]","(938062.754, 1139513.606]","(997577.135, 1232669.378]","(15938.657, 1077881.375]","(15938.657, 1232669.378]",*
1055930.2244413726,"(885939.816, 1077881.375]","(938062.754, 1139513.606]","(997577.135, 1232669.378]","(15938.657, 1077881.375]","(15938.657, 1232669.378]",*
1056225.6856011886,"(885939.816, 1077881.375]","(938062.754, 1139513.606]","(997577.135, 1232669.378]","(15938.657, 1077881.375]","(15938.657, 1232669.378]",*
1056518.913266355,"(885939.816, 1077881.375]","(938062.754, 1139513.606]","(997577.135, 1232669.378]","(15938.657, 1077881.375]","(15938.657, 1232669.378]",*
1056562.595142803,"(885939.816, 1077881.375]","(938062.754, 1139513.606]","(997577.135, 1232669.378]","(15938.657, 1077881.375]","(15938.657, 1232669.378]",*
1056976.974840432,"(885939.816, 1077881.375]","(938062.754, 1139513.606]","(997577.135, 1232669.378]","(15938.657, 1077881.375]","(15938.657, 1232669.378]",*
1056984.1817528317,"(885939.816, 1077881.375]","(938062.754, 1139513.606]","(997577.135, 1232669.378]","(15938.657, 1077881.375]","(15938.657, 1232669.378]",*
1056993.648597157,"(885939.816, 1077881.375]","(938062.754, 1139513.606]","(997577.135, 1232669.378]","(15938.657, 1077881.375]","(15938.657, 1232669.378]",*
1057125.8390858762,"(885939.816, 1077881.375]","(938062.754, 1139513.606]","(997577.135, 1232669.378]","(15938.657, 1077881.375]","(15938.657, 1232669.378]",*
1057252.5826211006,"(885939.816, 1077881.375]","(938062.754, 1139513.606]","(997577.135, 1232669.378]","(15938.657, 1077881.375]","(15938.657, 1232669.378]",*
1057308.2897956015,"(885939.816, 1077881.375]","(938062.754, 1139513.606]","(997577.135, 1232669.378]","(15938.657, 1077881.375]","(15938.657, 1232669.378]",*
1057347.1660527764,"(885939.816, 1077881.375]","(938062.754, 1139513.606]","(997577.135, 1232669.378]","(15938.657, 1077881.375]","(15938.657, 1232669.378]",*
1057697.7028297973,"(885939.816, 1077881.375]","(938062.754, 1139513.606]","(997577.135, 1232669.378]","(15938.657, 1077881.375]","(15938.657, 1232669.378]",*
1057799.2416354215,"(885939.816, 1077881.375]","(938062.754, 1139513.606]","(997577.135, 1232669.378]","(15938.657, 1077881.375]","(15938.657, 1232669.378]",*
1057838.4934225385,"(885939.816, 1077881.375]","(938062.754, 1139513.606]","(997577.135, 1232669.378]","(15938.657, 1077881.375]","(15938.657, 1232669.378]",*
1058269.0185703223,"(885939.816, 1077881.375]","(938062.754, 1139513.606]","(997577.135, 1232669.378]","(15938.657, 1077881.375]","(15938.657, 1232669.378]",*
1058356.1801034026,"(885939.816, 1077881.375]","(938062.754, 1139513.606]","(997577.135, 1232669.378]","(15938.657, 1077881.375]","(15938.657, 1232669.378]",*
1058517.809925588,"(885939.816, 1077881.375]","(938062.754, 1139513.606]","(997577.135, 1232669.378]","(15938.657, 1077881.375]","(15938.657, 1232669.378]",*
1058610.7520568708,"(885939.816, 1077881.375]","(938062.754, 1139513.606]","(997577.135, 1232669.378]","(15938.657, 1077881.375]","(15938.657, 1232669.378]",*
1058987.9878760849,"(885939.816, 1077881.375]","(938062.754, 1139513.606]","(997577.135, 1232669.378]","(15938.657, 1077881.375]","(15938.657, 1232669.378]",*
1059033.5578701235,"(885939.816, 1077881.375]","(938062.754, 1139513.606]","(997577.135, 1232669.378]","(15938.657, 1077881.375]","(15938.657, 1232669.378]",*
1059113.7212754686,"(885939.816, 1077881.375]","(938062.754, 1139513.606]","(997577.135, 1232669.378]","(15938.657, 1077881.375]","(15938.657, 1232669.378]",*
1059262.0393685936,"(885939.816, 1077881.375]","(938062.754, 1139513.606]","(997577.135, 1232669.378]","(15938.657, 1077881.375]","(15938.657, 1232669.378]",*
1059406.1303480302,"(885939.816, 1077881.375]","(938062.754, 1139513.606]","(997577.135, 1232669.378]","(15938.657, 1077881.375]","(15938.657, 1232669.378]",*
1059431.4512633595,"(885939.816, 1077881.375]","(938062.754, 1139513.606]","(997577.135, 1232669.378]","(15938.657, 1077881.375]","(15938.657, 1232669.378]",*
1059870.9648322463,"(885939.816, 1077881.375]","(938062.754, 1139513.606]","(997577.135, 1232669.378]","(15938.657, 1077881.375]","(15938.657, 1232669.378]",*
1060123.7295704826,"(885939.816, 1077881.375]","(938062.754, 1139513.606]","(997577.135, 1232669.378]","(15938.657, 1077881.375]","(15938.657, 1232669.378]",*
1060193.785884608,"(885939.816, 1077881.375]","(938062.754, 1139513.606]","(997577.135, 1232669.378]","(15938.657, 1077881.375]","(15938.657, 1232669.378]",*
1060241.1998264685,"(885939.816, 1077881.375]","(938062.754, 1139513.606]","(997577.135, 1232669.378]","(15938.657, 1077881.375]","(15938.657, 1232669.378]",*
1060440.595655847,"(885939.816, 1077881.375]","(938062.754, 1139513.606]","(997577.135, 1232669.378]","(15938.657, 1077881.375]","(15938.657, 1232669.378]",*
1060897.6894523955,"(885939.816, 1077881.375]","(938062.754, 1139513.606]","(997577.135, 1232669.378]","(15938.657, 1077881.375]","(15938.657, 1232669.378]",*
1060966.7414057308,"(885939.816, 1077881.375]","(938062.754, 1139513.606]","(997577.135, 1232669.378]","(15938.657, 1077881.375]","(15938.657, 1232669.378]",*
1061208.7061709536,"(885939.816, 1077881.375]","(938062.754, 1139513.606]","(997577.135, 1232669.378]","(15938.657, 1077881.375]","(15938.657, 1232669.378]",*
1061222.5368688365,"(885939.816, 1077881.375]","(938062.754, 1139513.606]","(997577.135, 1232669.378]","(15938.657, 1077881.375]","(15938.657, 1232669.378]",*
1061517.7094538829,"(885939.816, 1077881.375]","(938062.754, 1139513.606]","(997577.135, 1232669.378]","(15938.657, 1077881.375]","(15938.657, 1232669.378]",*
1061552.021890478,"(885939.816, 1077881.375]","(938062.754, 1139513.606]","(997577.135, 1232669.378]","(15938.657, 1077881.375]","(15938.657, 1232669.378]",*
1061785.5833805124,"(885939.816, 1077881.375]","(938062.754, 1139513.606]","(997577.135, 1232669.378]","(15938.657, 1077881.375]","(15938.657, 1232669.378]",*
1062095.467626749,"(885939.816, 1077881.375]","(938062.754, 1139513.606]","(997577.135, 1232669.378]","(15938.657, 1077881.375]","(15938.657, 1232669.378]",*
1062105.3081273877,"(885939.816, 1077881.375]","(938062.754, 1139513.606]","(997577.135, 1232669.378]","(15938.657, 1077881.375]","(15938.657, 1232669.378]",*
1062206.3209441437,"(885939.816, 1077881.375]","(938062.754, 1139513.606]","(997577.135, 1232669.378]","(15938.657, 1077881.375]","(15938.657, 1232669.378]",*
1062593.4832072696,"(885939.816, 1077881.375]","(938062.754, 1139513.606]","(997577.135, 1232669.378]","(15938.657, 1077881.375]","(15938.657, 1232669.378]",*
1062666.3663835817,"(885939.816, 1077881.375]","(938062.754, 1139513.606]","(997577.135, 1232669.378]","(15938.657, 1077881.375]","(15938.657, 1232669.378]",*
1062877.8829939002,"(885939.816, 1077881.375]","(938062.754, 1139513.606]","(997577.135, 1232669.378]","(15938.657, 1077881.375]","(15938.657, 1232669.378]",*
1063069.916425088,"(885939.816, 1077881.375]","(938062.754, 1139513.606]","(997577.135, 1232669.378]","(15938.657, 1077881.375]","(15938.657, 1232669.378]",*
1063130.9464812137,"(885939.816, 1077881.375]","(938062.754, 1139513.606]","(997577.135, 1232669.378]","(15938.657, 1077881.375]","(15938.657, 1232669.378]",*
1063182.696182345,"(885939.816, 1077881.375]","(938062.754, 1139513.606]","(997577.135, 1232669.378]","(15938.657, 1077881.375]","(15938.657, 1232669.378]",*
1063206.3779510346,"(885939.816, 1077881.375]","(938062.754, 1139513.606]","(997577.135, 1232669.378]","(15938.657, 1077881.375]","(15938.657, 1232669.378]",*
1063344.634927028,"(885939.816, 1077881.375]","(938062.754, 1139513.606]","(997577.135, 1232669.378]","(15938.657, 1077881.375]","(15938.657, 1232669.378]",*
1063399.2747829244,"(885939.816, 1077881.375]","(938062.754, 1139513.606]","(997577.135, 1232669.378]","(15938.657, 1077881.375]","(15938.657, 1232669.378]",*
1063423.0072648665,"(885939.816, 1077881.375]","(938062.754, 1139513.606]","(997577.135, 1232669.378]","(15938.657, 1077881.375]","(15938.657, 1232669.378]",*
1063491.81022042,"(885939.816, 1077881.375]","(938062.754, 1139513.606]","(997577.135, 1232669.378]","(15938.657, 1077881.375]","(15938.657, 1232669.378]",*
1063630.927500455,"(885939.816, 1077881.375]","(938062.754, 1139513.606]","(997577.135, 1232669.378]","(15938.657, 1077881.375]","(15938.657, 1232669.378]",*
1063743.4241658195,"(885939.816, 1077881.375]","(938062.754, 1139513.606]","(997577.135, 1232669.378]","(15938.657, 1077881.375]","(15938.657, 1232669.378]",*
1063964.287873947,"(885939.816, 1077881.375]","(938062.754, 1139513.606]","(997577.135, 1232669.378]","(15938.657, 1077881.375]","(15938.657, 1232669.378]",*
1064371.764120051,"(885939.816, 1077881.375]","(938062.754, 1139513.606]","(997577.135, 1232669.378]","(15938.657, 1077881.375]","(15938.657, 1232669.378]",*
1064509.5226208074,"(885939.816, 1077881.375]","(938062.754, 1139513.606]","(997577.135, 1232669.378]","(15938.657, 1077881.375]","(15938.657, 1232669.378]",*
1064569.6062282685,"(885939.816, 1077881.375]","(938062.754, 1139513.606]","(997577.135, 1232669.378]","(15938.657, 1077881.375]","(15938.657, 1232669.378]",*
1064685.698733535,"(885939.816, 1077881.375]","(938062.754, 1139513.606]","(997577.135, 1232669.378]","(15938.657, 1077881.375]","(15938.657, 1232669.378]",*
1064703.3052359354,"(885939.816, 1077881.375]","(938062.754, 1139513.606]","(997577.135, 1232669.378]","(15938.657, 1077881.375]","(15938.657, 1232669.378]",*
1064854.308940125,"(885939.816, 1077881.375]","(938062.754, 1139513.606]","(997577.135, 1232669.378]","(15938.657, 1077881.375]","(15938.657, 1232669.378]",*
1064939.5225198085,"(885939.816, 1077881.375]","(938062.754, 1139513.606]","(997577.135, 1232669.378]","(15938.657, 1077881.375]","(15938.657, 1232669.378]",*
1065150.786753825,"(885939.816, 1077881.375]","(938062.754, 1139513.606]","(997577.135, 1232669.378]","(15938.657, 1077881.375]","(15938.657, 1232669.378]",*
1065656.0234758626,"(885939.816, 1077881.375]","(938062.754, 1139513.606]","(997577.135, 1232669.378]","(15938.657, 1077881.375]","(15938.657, 1232669.378]",*
1065679.1208029888,"(885939.816, 1077881.375]","(938062.754, 1139513.606]","(997577.135, 1232669.378]","(15938.657, 1077881.375]","(15938.657, 1232669.378]",*
1065907.0809130038,"(885939.816, 1077881.375]","(938062.754, 1139513.606]","(997577.135, 1232669.378]","(15938.657, 1077881.375]","(15938.657, 1232669.378]",*
1065953.3760066594,"(885939.816, 1077881.375]","(938062.754, 1139513.606]","(997577.135, 1232669.378]","(15938.657, 1077881.375]","(15938.657, 1232669.378]",*
1066040.788657332,"(885939.816, 1077881.375]","(938062.754, 1139513.606]","(997577.135, 1232669.378]","(15938.657, 1077881.375]","(15938.657, 1232669.378]",*
1066279.8793433644,"(885939.816, 1077881.375]","(938062.754, 1139513.606]","(997577.135, 1232669.378]","(15938.657, 1077881.375]","(15938.657, 1232669.378]",*
1066659.3829883514,"(885939.816, 1077881.375]","(938062.754, 1139513.606]","(997577.135, 1232669.378]","(15938.657, 1077881.375]","(15938.657, 1232669.378]",*
1066768.0000586305,"(885939.816, 1077881.375]","(938062.754, 1139513.606]","(997577.135, 1232669.378]","(15938.657, 1077881.375]","(15938.657, 1232669.378]",*
1067000.3494773393,"(885939.816, 1077881.375]","(938062.754, 1139513.606]","(997577.135, 1232669.378]","(15938.657, 1077881.375]","(15938.657, 1232669.378]",*
1067191.979946472,"(885939.816, 1077881.375]","(938062.754, 1139513.606]","(997577.135, 1232669.378]","(15938.657, 1077881.375]","(15938.657, 1232669.378]",*
1067727.0946673383,"(885939.816, 1077881.375]","(938062.754, 1139513.606]","(997577.135, 1232669.378]","(15938.657, 1077881.375]","(15938.657, 1232669.378]",*
1067871.6867719097,"(885939.816, 1077881.375]","(938062.754, 1139513.606]","(997577.135, 1232669.378]","(15938.657, 1077881.375]","(15938.657, 1232669.378]",*
1068138.0743935304,"(885939.816, 1077881.375]","(938062.754, 1139513.606]","(997577.135, 1232669.378]","(15938.657, 1077881.375]","(15938.657, 1232669.378]",*
1068492.6129947894,"(885939.816, 1077881.375]","(938062.754, 1139513.606]","(997577.135, 1232669.378]","(15938.657, 1077881.375]","(15938.657, 1232669.378]",*
1068786.6717911256,"(885939.816, 1077881.375]","(938062.754, 1139513.606]","(997577.135, 1232669.378]","(15938.657, 1077881.375]","(15938.657, 1232669.378]",*
1068856.226748253,"(885939.816, 1077881.375]","(938062.754, 1139513.606]","(997577.135, 1232669.378]","(15938.657, 1077881.375]","(15938.657, 1232669.378]",*
1069238.4997052513,"(885939.816, 1077881.375]","(938062.754, 1139513.606]","(997577.135, 1232669.378]","(15938.657, 1077881.375]","(15938.657, 1232669.378]",*
1069292.3268591478,"(885939.816, 1077881.375]","(938062.754, 1139513.606]","(997577.135, 1232669.378]","(15938.657, 1077881.375]","(15938.657, 1232669.378]",*
1069827.806639154,"(885939.816, 1077881.375]","(938062.754, 1139513.606]","(997577.135, 1232669.378]","(15938.657, 1077881.375]","(15938.657, 1232669.378]",*
1069851.1616023437,"(885939.816, 1077881.375]","(938062.754, 1139513.606]","(997577.135, 1232669.378]","(15938.657, 1077881.375]","(15938.657, 1232669.378]",*
1070240.01962079,"(885939.816, 1077881.375]","(938062.754, 1139513.606]","(997577.135, 1232669.378]","(15938.657, 1077881.375]","(15938.657, 1232669.378]",*
1070318.8148959314,"(885939.816, 1077881.375]","(938062.754, 1139513.606]","(997577.135, 1232669.378]","(15938.657, 1077881.375]","(15938.657, 1232669.378]",*
1070720.058487742,"(885939.816, 1077881.375]","(938062.754, 1139513.606]","(997577.135, 1232669.378]","(15938.657, 1077881.375]","(15938.657, 1232669.378]",*
1070818.731368435,"(885939.816, 1077881.375]","(938062.754, 1139513.606]","(997577.135, 1232669.378]","(15938.657, 1077881.375]","(15938.657, 1232669.378]",*
1070868.0665304598,"(885939.816, 1077881.375]","(938062.754, 1139513.606]","(997577.135, 1232669.378]","(15938.657, 1077881.375]","(15938.657, 1232669.378]",*
1071013.257444501,"(885939.816, 1077881.375]","(938062.754, 1139513.606]","(997577.135, 1232669.378]","(15938.657, 1077881.375]","(15938.657, 1232669.378]",*
1071109.9165850952,"(885939.816, 1077881.375]","(938062.754, 1139513.606]","(997577.135, 1232669.378]","(15938.657, 1077881.375]","(15938.657, 1232669.378]",*
1071279.210244544,"(885939.816, 1077881.375]","(938062.754, 1139513.606]","(997577.135, 1232669.378]","(15938.657, 1077881.375]","(15938.657, 1232669.378]",*
1071537.3763820732,"(885939.816, 1077881.375]","(938062.754, 1139513.606]","(997577.135, 1232669.378]","(15938.657, 1077881.375]","(15938.657, 1232669.378]",*
1071596.1123723,"(885939.816, 1077881.375]","(938062.754, 1139513.606]","(997577.135, 1232669.378]","(15938.657, 1077881.375]","(15938.657, 1232669.378]",*
1072253.833655116,"(885939.816, 1077881.375]","(938062.754, 1139513.606]","(997577.135, 1232669.378]","(15938.657, 1077881.375]","(15938.657, 1232669.378]",*
1072503.237943672,"(885939.816, 1077881.375]","(938062.754, 1139513.606]","(997577.135, 1232669.378]","(15938.657, 1077881.375]","(15938.657, 1232669.378]",*
1072704.8902154437,"(885939.816, 1077881.375]","(938062.754, 1139513.606]","(997577.135, 1232669.378]","(15938.657, 1077881.375]","(15938.657, 1232669.378]",*
1072874.610216559,"(885939.816, 1077881.375]","(938062.754, 1139513.606]","(997577.135, 1232669.378]","(15938.657, 1077881.375]","(15938.657, 1232669.378]",*
1072891.0826067864,"(885939.816, 1077881.375]","(938062.754, 1139513.606]","(997577.135, 1232669.378]","(15938.657, 1077881.375]","(15938.657, 1232669.378]",*
1072914.996442404,"(885939.816, 1077881.375]","(938062.754, 1139513.606]","(997577.135, 1232669.378]","(15938.657, 1077881.375]","(15938.657, 1232669.378]",*
1073183.759841627,"(885939.816, 1077881.375]","(938062.754, 1139513.606]","(997577.135, 1232669.378]","(15938.657, 1077881.375]","(15938.657, 1232669.378]",*
1073254.1440631042,"(885939.816, 1077881.375]","(938062.754, 1139513.606]","(997577.135, 1232669.378]","(15938.657, 1077881.375]","(15938.657, 1232669.378]",*
1073347.545209808,"(885939.816, 1077881.375]","(938062.754, 1139513.606]","(997577.135, 1232669.378]","(15938.657, 1077881.375]","(15938.657, 1232669.378]",*
1073350.0443075988,"(885939.816, 1077881.375]","(938062.754, 1139513.606]","(997577.135, 1232669.378]","(15938.657, 1077881.375]","(15938.657, 1232669.378]",*
1073355.783703826,"(885939.816, 1077881.375]","(938062.754, 1139513.606]","(997577.135, 1232669.378]","(15938.657, 1077881.375]","(15938.657, 1232669.378]",*
1073857.0687590768,"(885939.816, 1077881.375]","(938062.754, 1139513.606]","(997577.135, 1232669.378]","(15938.657, 1077881.375]","(15938.657, 1232669.378]",*
1074263.3172363583,"(885939.816, 1077881.375]","(938062.754, 1139513.606]","(997577.135, 1232669.378]","(15938.657, 1077881.375]","(15938.657, 1232669.378]",*
1074296.7036450151,"(885939.816, 1077881.375]","(938062.754, 1139513.606]","(997577.135, 1232669.378]","(15938.657, 1077881.375]","(15938.657, 1232669.378]",*
1074369.7767178162,"(885939.816, 1077881.375]","(938062.754, 1139513.606]","(997577.135, 1232669.378]","(15938.657, 1077881.375]","(15938.657, 1232669.378]",*
1074456.402490409,"(885939.816, 1077881.375]","(938062.754, 1139513.606]","(997577.135, 1232669.378]","(15938.657, 1077881.375]","(15938.657, 1232669.378]",*
1074646.8653873352,"(885939.816, 1077881.375]","(938062.754, 1139513.606]","(997577.135, 1232669.378]","(15938.657, 1077881.375]","(15938.657, 1232669.378]",*
1074824.8164886816,"(885939.816, 1077881.375]","(938062.754, 1139513.606]","(997577.135, 1232669.378]","(15938.657, 1077881.375]","(15938.657, 1232669.378]",*
1075314.592721624,"(885939.816, 1077881.375]","(938062.754, 1139513.606]","(997577.135, 1232669.378]","(15938.657, 1077881.375]","(15938.657, 1232669.378]",*
1075550.2154757688,"(885939.816, 1077881.375]","(938062.754, 1139513.606]","(997577.135, 1232669.378]","(15938.657, 1077881.375]","(15938.657, 1232669.378]",*
1075596.5865851988,"(885939.816, 1077881.375]","(938062.754, 1139513.606]","(997577.135, 1232669.378]","(15938.657, 1077881.375]","(15938.657, 1232669.378]",*
1075675.1076300803,"(885939.816, 1077881.375]","(938062.754, 1139513.606]","(997577.135, 1232669.378]","(15938.657, 1077881.375]","(15938.657, 1232669.378]",*
1075723.5099143835,"(885939.816, 1077881.375]","(938062.754, 1139513.606]","(997577.135, 1232669.378]","(15938.657, 1077881.375]","(15938.657, 1232669.378]",*
1076032.5535246094,"(885939.816, 1077881.375]","(938062.754, 1139513.606]","(997577.135, 1232669.378]","(15938.657, 1077881.375]","(15938.657, 1232669.378]",*
1076334.1025455322,"(885939.816, 1077881.375]","(938062.754, 1139513.606]","(997577.135, 1232669.378]","(15938.657, 1077881.375]","(15938.657, 1232669.378]",*
1076438.9751434857,"(885939.816, 1077881.375]","(938062.754, 1139513.606]","(997577.135, 1232669.378]","(15938.657, 1077881.375]","(15938.657, 1232669.378]",*
1076602.187723606,"(885939.816, 1077881.375]","(938062.754, 1139513.606]","(997577.135, 1232669.378]","(15938.657, 1077881.375]","(15938.657, 1232669.378]",*
1076995.904067892,"(885939.816, 1077881.375]","(938062.754, 1139513.606]","(997577.135, 1232669.378]","(15938.657, 1077881.375]","(15938.657, 1232669.378]",*
1077059.155960404,"(885939.816, 1077881.375]","(938062.754, 1139513.606]","(997577.135, 1232669.378]","(15938.657, 1077881.375]","(15938.657, 1232669.378]",*
1077754.2259621231,"(885939.816, 1077881.375]","(938062.754, 1139513.606]","(997577.135, 1232669.378]","(15938.657, 1077881.375]","(15938.657, 1232669.378]",*
1077805.577726322,"(885939.816, 1077881.375]","(938062.754, 1139513.606]","(997577.135, 1232669.378]","(15938.657, 1077881.375]","(15938.657, 1232669.378]",*
1077813.592994645,"(885939.816, 1077881.375]","(938062.754, 1139513.606]","(997577.135, 1232669.378]","(15938.657, 1077881.375]","(15938.657, 1232669.378]",*
1078016.9396491002,"(1077881.375, 1232669.378]","(938062.754, 1139513.606]","(997577.135, 1232669.378]","(1077881.375, 1386197.064]","(15938.657, 1232669.378]",*
1078534.5530803995,"(1077881.375, 1232669.378]","(938062.754, 1139513.606]","(997577.135, 1232669.378]","(1077881.375, 1386197.064]","(15938.657, 1232669.378]",*
1078577.267042615,"(1077881.375, 1232669.378]","(938062.754, 1139513.606]","(997577.135, 1232669.378]","(1077881.375, 1386197.064]","(15938.657, 1232669.378]",*
1078713.2270293708,"(1077881.375, 1232669.378]","(938062.754, 1139513.606]","(997577.135, 1232669.378]","(1077881.375, 1386197.064]","(15938.657, 1232669.378]",*
1078779.497098722,"(1077881.375, 1232669.378]","(938062.754, 1139513.606]","(997577.135, 1232669.378]","(1077881.375, 1386197.064]","(15938.657, 1232669.378]",*
1079000.316267436,"(1077881.375, 1232669.378]","(938062.754, 1139513.606]","(997577.135, 1232669.378]","(1077881.375, 1386197.064]","(15938.657, 1232669.378]",*
1079158.6528522586,"(1077881.375, 1232669.378]","(938062.754, 1139513.606]","(997577.135, 1232669.378]","(1077881.375, 1386197.064]","(15938.657, 1232669.378]",*
1079408.5949822334,"(1077881.375, 1232669.378]","(938062.754, 1139513.606]","(997577.135, 1232669.378]","(1077881.375, 1386197.064]","(15938.657, 1232669.378]",*
1079745.1185021442,"(1077881.375, 1232669.378]","(938062.754, 1139513.606]","(997577.135, 1232669.378]","(1077881.375, 1386197.064]","(15938.657, 1232669.378]",*
1079951.1554316457,"(1077881.375, 1232669.378]","(938062.754, 1139513.606]","(997577.135, 1232669.378]","(1077881.375, 1386197.064]","(15938.657, 1232669.378]",*
1080170.906857998,"(1077881.375, 1232669.378]","(938062.754, 1139513.606]","(997577.135, 1232669.378]","(1077881.375, 1386197.064]","(15938.657, 1232669.378]",*
1080464.8516835258,"(1077881.375, 1232669.378]","(938062.754, 1139513.606]","(997577.135, 1232669.378]","(1077881.375, 1386197.064]","(15938.657, 1232669.378]",*
1080624.497165721,"(1077881.375, 1232669.378]","(938062.754, 1139513.606]","(997577.135, 1232669.378]","(1077881.375, 1386197.064]","(15938.657, 1232669.378]",*
1080735.9840692123,"(1077881.375, 1232669.378]","(938062.754, 1139513.606]","(997577.135, 1232669.378]","(1077881.375, 1386197.064]","(15938.657, 1232669.378]",*
1081150.1254838074,"(1077881.375, 1232669.378]","(938062.754, 1139513.606]","(997577.135, 1232669.378]","(1077881.375, 1386197.064]","(15938.657, 1232669.378]",*
1081497.277414754,"(1077881.375, 1232669.378]","(938062.754, 1139513.606]","(997577.135, 1232669.378]","(1077881.375, 1386197.064]","(15938.657, 1232669.378]",*
1081578.6194758175,"(1077881.375, 1232669.378]","(938062.754, 1139513.606]","(997577.135, 1232669.378]","(1077881.375, 1386197.064]","(15938.657, 1232669.378]",*
1082370.171189623,"(1077881.375, 1232669.378]","(938062.754, 1139513.606]","(997577.135, 1232669.378]","(1077881.375, 1386197.064]","(15938.657, 1232669.378]",*
1082455.0175112423,"(1077881.375, 1232669.378]","(938062.754, 1139513.606]","(997577.135, 1232669.378]","(1077881.375, 1386197.064]","(15938.657, 1232669.378]",*
1082486.679285127,"(1077881.375, 1232669.378]","(938062.754, 1139513.606]","(997577.135, 1232669.378]","(1077881.375, 1386197.064]","(15938.657, 1232669.378]",*
1082588.7273654498,"(1077881.375, 1232669.378]","(938062.754, 1139513.606]","(997577.135, 1232669.378]","(1077881.375, 1386197.064]","(15938.657, 1232669.378]",*
1082825.6379373989,"(1077881.375, 1232669.378]","(938062.754, 1139513.606]","(997577.135, 1232669.378]","(1077881.375, 1386197.064]","(15938.657, 1232669.378]",*
1083071.5598246271,"(1077881.375, 1232669.378]","(938062.754, 1139513.606]","(997577.135, 1232669.378]","(1077881.375, 1386197.064]","(15938.657, 1232669.378]",*
1083187.4267179,"(1077881.375, 1232669.378]","(938062.754, 1139513.606]","(997577.135, 1232669.378]","(1077881.375, 1386197.064]","(15938.657, 1232669.378]",*
1083745.371808771,"(1077881.375, 1232669.378]","(938062.754, 1139513.606]","(997577.135, 1232669.378]","(1077881.375, 1386197.064]","(15938.657, 1232669.378]",*
1084011.704468987,"(1077881.375, 1232669.378]","(938062.754, 1139513.606]","(997577.135, 1232669.378]","(1077881.375, 1386197.064]","(15938.657, 1232669.378]",*
1084013.7849062877,"(1077881.375, 1232669.378]","(938062.754, 1139513.606]","(997577.135, 1232669.378]","(1077881.375, 1386197.064]","(15938.657, 1232669.378]",*
1084063.6419882777,"(1077881.375, 1232669.378]","(938062.754, 1139513.606]","(997577.135, 1232669.378]","(1077881.375, 1386197.064]","(15938.657, 1232669.378]",*
1084255.6782722834,"(1077881.375, 1232669.378]","(938062.754, 1139513.606]","(997577.135, 1232669.378]","(1077881.375, 1386197.064]","(15938.657, 1232669.378]",*
1084408.439953593,"(1077881.375, 1232669.378]","(938062.754, 1139513.606]","(997577.135, 1232669.378]","(1077881.375, 1386197.064]","(15938.657, 1232669.378]",*
1084427.0929103177,"(1077881.375, 1232669.378]","(938062.754, 1139513.606]","(997577.135, 1232669.378]","(1077881.375, 1386197.064]","(15938.657, 1232669.378]",*
1084539.3870624043,"(1077881.375, 1232669.378]","(938062.754, 1139513.606]","(997577.135, 1232669.378]","(1077881.375, 1386197.064]","(15938.657, 1232669.378]",*
1084556.0291804066,"(1077881.375, 1232669.378]","(938062.754, 1139513.606]","(997577.135, 1232669.378]","(1077881.375, 1386197.064]","(15938.657, 1232669.378]",*
1084763.029661108,"(1077881.375, 1232669.378]","(938062.754, 1139513.606]","(997577.135, 1232669.378]","(1077881.375, 1386197.064]","(15938.657, 1232669.378]",*
1084945.3996676442,"(1077881.375, 1232669.378]","(938062.754, 1139513.606]","(997577.135, 1232669.378]","(1077881.375, 1386197.064]","(15938.657, 1232669.378]",*
1085101.324005708,"(1077881.375, 1232669.378]","(938062.754, 1139513.606]","(997577.135, 1232669.378]","(1077881.375, 1386197.064]","(15938.657, 1232669.378]",*
1085103.002972052,"(1077881.375, 1232669.378]","(938062.754, 1139513.606]","(997577.135, 1232669.378]","(1077881.375, 1386197.064]","(15938.657, 1232669.378]",*
1085113.4510746023,"(1077881.375, 1232669.378]","(938062.754, 1139513.606]","(997577.135, 1232669.378]","(1077881.375, 1386197.064]","(15938.657, 1232669.378]",*
1085218.858707077,"(1077881.375, 1232669.378]","(938062.754, 1139513.606]","(997577.135, 1232669.378]","(1077881.375, 1386197.064]","(15938.657, 1232669.378]",*
1085494.8201108652,"(1077881.375, 1232669.378]","(938062.754, 1139513.606]","(997577.135, 1232669.378]","(1077881.375, 1386197.064]","(15938.657, 1232669.378]",*
1085534.178573738,"(1077881.375, 1232669.378]","(938062.754, 1139513.606]","(997577.135, 1232669.378]","(1077881.375, 1386197.064]","(15938.657, 1232669.378]",*
1085943.0760246022,"(1077881.375, 1232669.378]","(938062.754, 1139513.606]","(997577.135, 1232669.378]","(1077881.375, 1386197.064]","(15938.657, 1232669.378]",*
1086072.0710614217,"(1077881.375, 1232669.378]","(938062.754, 1139513.606]","(997577.135, 1232669.378]","(1077881.375, 1386197.064]","(15938.657, 1232669.378]",*
1086181.7530789468,"(1077881.375, 1232669.378]","(938062.754, 1139513.606]","(997577.135, 1232669.378]","(1077881.375, 1386197.064]","(15938.657, 1232669.378]",*
1086186.4278047497,"(1077881.375, 1232669.378]","(938062.754, 1139513.606]","(997577.135, 1232669.378]","(1077881.375, 1386197.064]","(15938.657, 1232669.378]",*
1086447.5106632377,"(1077881.375, 1232669.378]","(938062.754, 1139513.606]","(997577.135, 1232669.378]","(1077881.375, 1386197.064]","(15938.657, 1232669.378]",*
1086708.6610426074,"(1077881.375, 1232669.378]","(938062.754, 1139513.606]","(997577.135, 1232669.378]","(1077881.375, 1386197.064]","(15938.657, 1232669.378]",*
1086716.795708651,"(1077881.375, 1232669.378]","(938062.754, 1139513.606]","(997577.135, 1232669.378]","(1077881.375, 1386197.064]","(15938.657, 1232669.378]",*
1086735.9127637602,"(1077881.375, 1232669.378]","(938062.754, 1139513.606]","(997577.135, 1232669.378]","(1077881.375, 1386197.064]","(15938.657, 1232669.378]",*
1086825.753933058,"(1077881.375, 1232669.378]","(938062.754, 1139513.606]","(997577.135, 1232669.378]","(1077881.375, 1386197.064]","(15938.657, 1232669.378]",*
1086829.2456326822,"(1077881.375, 1232669.378]","(938062.754, 1139513.606]","(997577.135, 1232669.378]","(1077881.375, 1386197.064]","(15938.657, 1232669.378]",*
1087802.8877692306,"(1077881.375, 1232669.378]","(938062.754, 1139513.606]","(997577.135, 1232669.378]","(1077881.375, 1386197.064]","(15938.657, 1232669.378]",*
1088176.2005164635,"(1077881.375, 1232669.378]","(938062.754, 1139513.606]","(997577.135, 1232669.378]","(1077881.375, 1386197.064]","(15938.657, 1232669.378]",*
1088222.4209022117,"(1077881.375, 1232669.378]","(938062.754, 1139513.606]","(997577.135, 1232669.378]","(1077881.375, 1386197.064]","(15938.657, 1232669.378]",*
1088548.8265538793,"(1077881.375, 1232669.378]","(938062.754, 1139513.606]","(997577.135, 1232669.378]","(1077881.375, 1386197.064]","(15938.657, 1232669.378]",*
1088634.962087134,"(1077881.375, 1232669.378]","(938062.754, 1139513.606]","(997577.135, 1232669.378]","(1077881.375, 1386197.064]","(15938.657, 1232669.378]",*
1088699.39928965,"(1077881.375, 1232669.378]","(938062.754, 1139513.606]","(997577.135, 1232669.378]","(1077881.375, 1386197.064]","(15938.657, 1232669.378]",*
1088834.2900883444,"(1077881.375, 1232669.378]","(938062.754, 1139513.606]","(997577.135, 1232669.378]","(1077881.375, 1386197.064]","(15938.657, 1232669.378]",*
1089601.88163052,"(1077881.375, 1232669.378]","(938062.754, 1139513.606]","(997577.135, 1232669.378]","(1077881.375, 1386197.064]","(15938.657, 1232669.378]",*
1090788.9812340653,"(1077881.375, 1232669.378]","(938062.754, 1139513.606]","(997577.135, 1232669.378]","(1077881.375, 1386197.064]","(15938.657, 1232669.378]",*
1090805.3740171348,"(1077881.375, 1232669.378]","(938062.754, 1139513.606]","(997577.135, 1232669.378]","(1077881.375, 1386197.064]","(15938.657, 1232669.378]",*
1090826.3744863127,"(1077881.375, 1232669.378]","(938062.754, 1139513.606]","(997577.135, 1232669.378]","(1077881.375, 1386197.064]","(15938.657, 1232669.378]",*
1090888.9630292277,"(1077881.375, 1232669.378]","(938062.754, 1139513.606]","(997577.135, 1232669.378]","(1077881.375, 1386197.064]","(15938.657, 1232669.378]",*
1090996.1430147758,"(1077881.375, 1232669.378]","(938062.754, 1139513.606]","(997577.135, 1232669.378]","(1077881.375, 1386197.064]","(15938.657, 1232669.378]",*
1091143.398762329,"(1077881.375, 1232669.378]","(938062.754, 1139513.606]","(997577.135, 1232669.378]","(1077881.375, 1386197.064]","(15938.657, 1232669.378]",*
1091479.5601322306,"(1077881.375, 1232669.378]","(938062.754, 1139513.606]","(997577.135, 1232669.378]","(1077881.375, 1386197.064]","(15938.657, 1232669.378]",*
1091928.6155307412,"(1077881.375, 1232669.378]","(938062.754, 1139513.606]","(997577.135, 1232669.378]","(1077881.375, 1386197.064]","(15938.657, 1232669.378]",*
1092130.9813980083,"(1077881.375, 1232669.378]","(938062.754, 1139513.606]","(997577.135, 1232669.378]","(1077881.375, 1386197.064]","(15938.657, 1232669.378]",*
1092649.7088299526,"(1077881.375, 1232669.378]","(938062.754, 1139513.606]","(997577.135, 1232669.378]","(1077881.375, 1386197.064]","(15938.657, 1232669.378]",*
1092701.392243675,"(1077881.375, 1232669.378]","(938062.754, 1139513.606]","(997577.135, 1232669.378]","(1077881.375, 1386197.064]","(15938.657, 1232669.378]",*
1092809.5966868077,"(1077881.375, 1232669.378]","(938062.754, 1139513.606]","(997577.135, 1232669.378]","(1077881.375, 1386197.064]","(15938.657, 1232669.378]",*
1092843.3004067922,"(1077881.375, 1232669.378]","(938062.754, 1139513.606]","(997577.135, 1232669.378]","(1077881.375, 1386197.064]","(15938.657, 1232669.378]",*
1093253.4909345591,"(1077881.375, 1232669.378]","(938062.754, 1139513.606]","(997577.135, 1232669.378]","(1077881.375, 1386197.064]","(15938.657, 1232669.378]",*
1093344.5765039409,"(1077881.375, 1232669.378]","(938062.754, 1139513.606]","(997577.135, 1232669.378]","(1077881.375, 1386197.064]","(15938.657, 1232669.378]",*
1093506.0142506592,"(1077881.375, 1232669.378]","(938062.754, 1139513.606]","(997577.135, 1232669.378]","(1077881.375, 1386197.064]","(15938.657, 1232669.378]",*
1093873.2913736606,"(1077881.375, 1232669.378]","(938062.754, 1139513.606]","(997577.135, 1232669.378]","(1077881.375, 1386197.064]","(15938.657, 1232669.378]",*
1094027.185790039,"(1077881.375, 1232669.378]","(938062.754, 1139513.606]","(997577.135, 1232669.378]","(1077881.375, 1386197.064]","(15938.657, 1232669.378]",*
1094069.7981215387,"(1077881.375, 1232669.378]","(938062.754, 1139513.606]","(997577.135, 1232669.378]","(1077881.375, 1386197.064]","(15938.657, 1232669.378]",*
1094321.8827550935,"(1077881.375, 1232669.378]","(938062.754, 1139513.606]","(997577.135, 1232669.378]","(1077881.375, 1386197.064]","(15938.657, 1232669.378]",*
1094347.9684030702,"(1077881.375, 1232669.378]","(938062.754, 1139513.606]","(997577.135, 1232669.378]","(1077881.375, 1386197.064]","(15938.657, 1232669.378]",*
1094574.185214063,"(1077881.375, 1232669.378]","(938062.754, 1139513.606]","(997577.135, 1232669.378]","(1077881.375, 1386197.064]","(15938.657, 1232669.378]",*
1094792.0032017026,"(1077881.375, 1232669.378]","(938062.754, 1139513.606]","(997577.135, 1232669.378]","(1077881.375, 1386197.064]","(15938.657, 1232669.378]",*
1094879.7734913756,"(1077881.375, 1232669.378]","(938062.754, 1139513.606]","(997577.135, 1232669.378]","(1077881.375, 1386197.064]","(15938.657, 1232669.378]",*
1095035.1060450382,"(1077881.375, 1232669.378]","(938062.754, 1139513.606]","(997577.135, 1232669.378]","(1077881.375, 1386197.064]","(15938.657, 1232669.378]",*
1095391.7986012583,"(1077881.375, 1232669.378]","(938062.754, 1139513.606]","(997577.135, 1232669.378]","(1077881.375, 1386197.064]","(15938.657, 1232669.378]",*
1095597.9438335,"(1077881.375, 1232669.378]","(938062.754, 1139513.606]","(997577.135, 1232669.378]","(1077881.375, 1386197.064]","(15938.657, 1232669.378]",*
1095727.6725883686,"(1077881.375, 1232669.378]","(938062.754, 1139513.606]","(997577.135, 1232669.378]","(1077881.375, 1386197.064]","(15938.657, 1232669.378]",*
1095768.7333528611,"(1077881.375, 1232669.378]","(938062.754, 1139513.606]","(997577.135, 1232669.378]","(1077881.375, 1386197.064]","(15938.657, 1232669.378]",*
1095794.165051065,"(1077881.375, 1232669.378]","(938062.754, 1139513.606]","(997577.135, 1232669.378]","(1077881.375, 1386197.064]","(15938.657, 1232669.378]",*
1095806.62594953,"(1077881.375, 1232669.378]","(938062.754, 1139513.606]","(997577.135, 1232669.378]","(1077881.375, 1386197.064]","(15938.657, 1232669.378]",*
1095879.4433997157,"(1077881.375, 1232669.378]","(938062.754, 1139513.606]","(997577.135, 1232669.378]","(1077881.375, 1386197.064]","(15938.657, 1232669.378]",*
1096052.8677200165,"(1077881.375, 1232669.378]","(938062.754, 1139513.606]","(997577.135, 1232669.378]","(1077881.375, 1386197.064]","(15938.657, 1232669.378]",*
1096069.2868773628,"(1077881.375, 1232669.378]","(938062.754, 1139513.606]","(997577.135, 1232669.378]","(1077881.375, 1386197.064]","(15938.657, 1232669.378]",*
1096173.1677853304,"(1077881.375, 1232669.378]","(938062.754, 1139513.606]","(997577.135, 1232669.378]","(1077881.375, 1386197.064]","(15938.657, 1232669.378]",*
1096543.3060608972,"(1077881.375, 1232669.378]","(938062.754, 1139513.606]","(997577.135, 1232669.378]","(1077881.375, 1386197.064]","(15938.657, 1232669.378]",*
1096846.0864932952,"(1077881.375, 1232669.378]","(938062.754, 1139513.606]","(997577.135, 1232669.378]","(1077881.375, 1386197.064]","(15938.657, 1232669.378]",*
1096912.0357985822,"(1077881.375, 1232669.378]","(938062.754, 1139513.606]","(997577.135, 1232669.378]","(1077881.375, 1386197.064]","(15938.657, 1232669.378]",*
1096938.4279098415,"(1077881.375, 1232669.378]","(938062.754, 1139513.606]","(997577.135, 1232669.378]","(1077881.375, 1386197.064]","(15938.657, 1232669.378]",*
1097701.9432920394,"(1077881.375, 1232669.378]","(938062.754, 1139513.606]","(997577.135, 1232669.378]","(1077881.375, 1386197.064]","(15938.657, 1232669.378]",*
1097918.41234679,"(1077881.375, 1232669.378]","(938062.754, 1139513.606]","(997577.135, 1232669.378]","(1077881.375, 1386197.064]","(15938.657, 1232669.378]",*
1098518.1336854908,"(1077881.375, 1232669.378]","(938062.754, 1139513.606]","(997577.135, 1232669.378]","(1077881.375, 1386197.064]","(15938.657, 1232669.378]",*
1099351.353851397,"(1077881.375, 1232669.378]","(938062.754, 1139513.606]","(997577.135, 1232669.378]","(1077881.375, 1386197.064]","(15938.657, 1232669.378]",*
1099725.2829094643,"(1077881.375, 1232669.378]","(938062.754, 1139513.606]","(997577.135, 1232669.378]","(1077881.375, 1386197.064]","(15938.657, 1232669.378]",*
1099788.6980318588,"(1077881.375, 1232669.378]","(938062.754, 1139513.606]","(997577.135, 1232669.378]","(1077881.375, 1386197.064]","(15938.657, 1232669.378]",*
1099917.4341665346,"(1077881.375, 1232669.378]","(938062.754, 1139513.606]","(997577.135, 1232669.378]","(1077881.375, 1386197.064]","(15938.657, 1232669.378]",*
1099959.6390124753,"(1077881.375, 1232669.378]","(938062.754, 1139513.606]","(997577.135, 1232669.378]","(1077881.375, 1386197.064]","(15938.657, 1232669.378]",*
1100093.909275263,"(1077881.375, 1232669.378]","(938062.754, 1139513.606]","(997577.135, 1232669.378]","(1077881.375, 1386197.064]","(15938.657, 1232669.378]",*
1100152.0877663638,"(1077881.375, 1232669.378]","(938062.754, 1139513.606]","(997577.135, 1232669.378]","(1077881.375, 1386197.064]","(15938.657, 1232669.378]",*
1100380.2606381516,"(1077881.375, 1232669.378]","(938062.754, 1139513.606]","(997577.135, 1232669.378]","(1077881.375, 1386197.064]","(15938.657, 1232669.378]",*
1100632.3911398223,"(1077881.375, 1232669.378]","(938062.754, 1139513.606]","(997577.135, 1232669.378]","(1077881.375, 1386197.064]","(15938.657, 1232669.378]",*
1101120.2587428256,"(1077881.375, 1232669.378]","(938062.754, 1139513.606]","(997577.135, 1232669.378]","(1077881.375, 1386197.064]","(15938.657, 1232669.378]",*
1101239.492185515,"(1077881.375, 1232669.378]","(938062.754, 1139513.606]","(997577.135, 1232669.378]","(1077881.375, 1386197.064]","(15938.657, 1232669.378]",*
1101341.1944382847,"(1077881.375, 1232669.378]","(938062.754, 1139513.606]","(997577.135, 1232669.378]","(1077881.375, 1386197.064]","(15938.657, 1232669.378]",*
1101826.3145402991,"(1077881.375, 1232669.378]","(938062.754, 1139513.606]","(997577.135, 1232669.378]","(1077881.375, 1386197.064]","(15938.657, 1232669.378]",*
1102062.0975742438,"(1077881.375, 1232669.378]","(938062.754, 1139513.606]","(997577.135, 1232669.378]","(1077881.375, 1386197.064]","(15938.657, 1232669.378]",*
1102259.5385569,"(1077881.375, 1232669.378]","(938062.754, 1139513.606]","(997577.135, 1232669.378]","(1077881.375, 1386197.064]","(15938.657, 1232669.378]",*
1102516.5838414284,"(1077881.375, 1232669.378]","(938062.754, 1139513.606]","(997577.135, 1232669.378]","(1077881.375, 1386197.064]","(15938.657, 1232669.378]",*
1102641.11402327,"(1077881.375, 1232669.378]","(938062.754, 1139513.606]","(997577.135, 1232669.378]","(1077881.375, 1386197.064]","(15938.657, 1232669.378]",*
1102821.4381808082,"(1077881.375, 1232669.378]","(938062.754, 1139513.606]","(997577.135, 1232669.378]","(1077881.375, 1386197.064]","(15938.657, 1232669.378]",*
1102943.3514449217,"(1077881.375, 1232669.378]","(938062.754, 1139513.606]","(997577.135, 1232669.378]","(1077881.375, 1386197.064]","(15938.657, 1232669.378]",*
1103021.383299933,"(1077881.375, 1232669.378]","(938062.754, 1139513.606]","(997577.135, 1232669.378]","(1077881.375, 1386197.064]","(15938.657, 1232669.378]",*
1103072.438661612,"(1077881.375, 1232669.378]","(938062.754, 1139513.606]","(997577.135, 1232669.378]","(1077881.375, 1386197.064]","(15938.657, 1232669.378]",*
1103206.75496809,"(1077881.375, 1232669.378]","(938062.754, 1139513.606]","(997577.135, 1232669.378]","(1077881.375, 1386197.064]","(15938.657, 1232669.378]",*
1103352.6009398182,"(1077881.375, 1232669.378]","(938062.754, 1139513.606]","(997577.135, 1232669.378]","(1077881.375, 1386197.064]","(15938.657, 1232669.378]",*
1103485.7072640855,"(1077881.375, 1232669.378]","(938062.754, 1139513.606]","(997577.135, 1232669.378]","(1077881.375, 1386197.064]","(15938.657, 1232669.378]",*
1103648.2877240828,"(1077881.375, 1232669.378]","(938062.754, 1139513.606]","(997577.135, 1232669.378]","(1077881.375, 1386197.064]","(15938.657, 1232669.378]",*
1104109.0350293606,"(1077881.375, 1232669.378]","(938062.754, 1139513.606]","(997577.135, 1232669.378]","(1077881.375, 1386197.064]","(15938.657, 1232669.378]",*
1104115.6927835557,"(1077881.375, 1232669.378]","(938062.754, 1139513.606]","(997577.135, 1232669.378]","(1077881.375, 1386197.064]","(15938.657, 1232669.378]",*
1104701.234420732,"(1077881.375, 1232669.378]","(938062.754, 1139513.606]","(997577.135, 1232669.378]","(1077881.375, 1386197.064]","(15938.657, 1232669.378]",*
1105024.4162669778,"(1077881.375, 1232669.378]","(938062.754, 1139513.606]","(997577.135, 1232669.378]","(1077881.375, 1386197.064]","(15938.657, 1232669.378]",*
1105105.053319637,"(1077881.375, 1232669.378]","(938062.754, 1139513.606]","(997577.135, 1232669.378]","(1077881.375, 1386197.064]","(15938.657, 1232669.378]",*
1105737.4615438494,"(1077881.375, 1232669.378]","(938062.754, 1139513.606]","(997577.135, 1232669.378]","(1077881.375, 1386197.064]","(15938.657, 1232669.378]",*
1105990.6937738706,"(1077881.375, 1232669.378]","(938062.754, 1139513.606]","(997577.135, 1232669.378]","(1077881.375, 1386197.064]","(15938.657, 1232669.378]",*
1106149.6856573927,"(1077881.375, 1232669.378]","(938062.754, 1139513.606]","(997577.135, 1232669.378]","(1077881.375, 1386197.064]","(15938.657, 1232669.378]",*
1106261.2737053018,"(1077881.375, 1232669.378]","(938062.754, 1139513.606]","(997577.135, 1232669.378]","(1077881.375, 1386197.064]","(15938.657, 1232669.378]",*
1106336.8383046896,"(1077881.375, 1232669.378]","(938062.754, 1139513.606]","(997577.135, 1232669.378]","(1077881.375, 1386197.064]","(15938.657, 1232669.378]",*
1106705.0110905366,"(1077881.375, 1232669.378]","(938062.754, 1139513.606]","(997577.135, 1232669.378]","(1077881.375, 1386197.064]","(15938.657, 1232669.378]",*
1106976.067467471,"(1077881.375, 1232669.378]","(938062.754, 1139513.606]","(997577.135, 1232669.378]","(1077881.375, 1386197.064]","(15938.657, 1232669.378]",*
1107031.2463494784,"(1077881.375, 1232669.378]","(938062.754, 1139513.606]","(997577.135, 1232669.378]","(1077881.375, 1386197.064]","(15938.657, 1232669.378]",*
1107067.804259093,"(1077881.375, 1232669.378]","(938062.754, 1139513.606]","(997577.135, 1232669.378]","(1077881.375, 1386197.064]","(15938.657, 1232669.378]",*
1107077.912966575,"(1077881.375, 1232669.378]","(938062.754, 1139513.606]","(997577.135, 1232669.378]","(1077881.375, 1386197.064]","(15938.657, 1232669.378]",*
1107159.7806059057,"(1077881.375, 1232669.378]","(938062.754, 1139513.606]","(997577.135, 1232669.378]","(1077881.375, 1386197.064]","(15938.657, 1232669.378]",*
1107286.972727985,"(1077881.375, 1232669.378]","(938062.754, 1139513.606]","(997577.135, 1232669.378]","(1077881.375, 1386197.064]","(15938.657, 1232669.378]",*
1107692.0033501994,"(1077881.375, 1232669.378]","(938062.754, 1139513.606]","(997577.135, 1232669.378]","(1077881.375, 1386197.064]","(15938.657, 1232669.378]",*
1108022.2823716998,"(1077881.375, 1232669.378]","(938062.754, 1139513.606]","(997577.135, 1232669.378]","(1077881.375, 1386197.064]","(15938.657, 1232669.378]",*
1108204.5868627557,"(1077881.375, 1232669.378]","(938062.754, 1139513.606]","(997577.135, 1232669.378]","(1077881.375, 1386197.064]","(15938.657, 1232669.378]",*
1108406.7859168318,"(1077881.375, 1232669.378]","(938062.754, 1139513.606]","(997577.135, 1232669.378]","(1077881.375, 1386197.064]","(15938.657, 1232669.378]",*
1108894.0032261622,"(1077881.375, 1232669.378]","(938062.754, 1139513.606]","(997577.135, 1232669.378]","(1077881.375, 1386197.064]","(15938.657, 1232669.378]",*
1108912.5146293468,"(1077881.375, 1232669.378]","(938062.754, 1139513.606]","(997577.135, 1232669.378]","(1077881.375, 1386197.064]","(15938.657, 1232669.378]",*
1109006.2873668086,"(1077881.375, 1232669.378]","(938062.754, 1139513.606]","(997577.135, 1232669.378]","(1077881.375, 1386197.064]","(15938.657, 1232669.378]",*
1109059.053626801,"(1077881.375, 1232669.378]","(938062.754, 1139513.606]","(997577.135, 1232669.378]","(1077881.375, 1386197.064]","(15938.657, 1232669.378]",*
1109260.8543058815,"(1077881.375, 1232669.378]","(938062.754, 1139513.606]","(997577.135, 1232669.378]","(1077881.375, 1386197.064]","(15938.657, 1232669.378]",*
1109559.8516026712,"(1077881.375, 1232669.378]","(938062.754, 1139513.606]","(997577.135, 1232669.378]","(1077881.375, 1386197.064]","(15938.657, 1232669.378]",*
1109586.4111945236,"(1077881.375, 1232669.378]","(938062.754, 1139513.606]","(997577.135, 1232669.378]","(1077881.375, 1386197.064]","(15938.657, 1232669.378]",*
1109588.380162506,"(1077881.375, 1232669.378]","(938062.754, 1139513.606]","(997577.135, 1232669.378]","(1077881.375, 1386197.064]","(15938.657, 1232669.378]",*
1109639.9956683936,"(1077881.375, 1232669.378]","(938062.754, 1139513.606]","(997577.135, 1232669.378]","(1077881.375, 1386197.064]","(15938.657, 1232669.378]",*
1109665.563403899,"(1077881.375, 1232669.378]","(938062.754, 1139513.606]","(997577.135, 1232669.378]","(1077881.375, 1386197.064]","(15938.657, 1232669.378]",*
1110114.2203447744,"(1077881.375, 1232669.378]","(938062.754, 1139513.606]","(997577.135, 1232669.378]","(1077881.375, 1386197.064]","(15938.657, 1232669.378]",*
1110394.025220747,"(1077881.375, 1232669.378]","(938062.754, 1139513.606]","(997577.135, 1232669.378]","(1077881.375, 1386197.064]","(15938.657, 1232669.378]",*
1110525.988673923,"(1077881.375, 1232669.378]","(938062.754, 1139513.606]","(997577.135, 1232669.378]","(1077881.375, 1386197.064]","(15938.657, 1232669.378]",*
1110598.7546988558,"(1077881.375, 1232669.378]","(938062.754, 1139513.606]","(997577.135, 1232669.378]","(1077881.375, 1386197.064]","(15938.657, 1232669.378]",*
1110827.8221612975,"(1077881.375, 1232669.378]","(938062.754, 1139513.606]","(997577.135, 1232669.378]","(1077881.375, 1386197.064]","(15938.657, 1232669.378]",*
1110931.8257023671,"(1077881.375, 1232669.378]","(938062.754, 1139513.606]","(997577.135, 1232669.378]","(1077881.375, 1386197.064]","(15938.657, 1232669.378]",*
1111085.0168910609,"(1077881.375, 1232669.378]","(938062.754, 1139513.606]","(997577.135, 1232669.378]","(1077881.375, 1386197.064]","(15938.657, 1232669.378]",*
1111108.5012185797,"(1077881.375, 1232669.378]","(938062.754, 1139513.606]","(997577.135, 1232669.378]","(1077881.375, 1386197.064]","(15938.657, 1232669.378]",*
1111148.947279386,"(1077881.375, 1232669.378]","(938062.754, 1139513.606]","(997577.135, 1232669.378]","(1077881.375, 1386197.064]","(15938.657, 1232669.378]",*
1111284.1605705975,"(1077881.375, 1232669.378]","(938062.754, 1139513.606]","(997577.135, 1232669.378]","(1077881.375, 1386197.064]","(15938.657, 1232669.378]",*
1111307.064545113,"(1077881.375, 1232669.378]","(938062.754, 1139513.606]","(997577.135, 1232669.378]","(1077881.375, 1386197.064]","(15938.657, 1232669.378]",*
1111360.3028116906,"(1077881.375, 1232669.378]","(938062.754, 1139513.606]","(997577.135, 1232669.378]","(1077881.375, 1386197.064]","(15938.657, 1232669.378]",*
1111580.0995746746,"(1077881.375, 1232669.378]","(938062.754, 1139513.606]","(997577.135, 1232669.378]","(1077881.375, 1386197.064]","(15938.657, 1232669.378]",*
1111655.9058386355,"(1077881.375, 1232669.378]","(938062.754, 1139513.606]","(997577.135, 1232669.378]","(1077881.375, 1386197.064]","(15938.657, 1232669.378]",*
1111710.900422078,"(1077881.375, 1232669.378]","(938062.754, 1139513.606]","(997577.135, 1232669.378]","(1077881.375, 1386197.064]","(15938.657, 1232669.378]",*
1112194.7521798655,"(1077881.375, 1232669.378]","(938062.754, 1139513.606]","(997577.135, 1232669.378]","(1077881.375, 1386197.064]","(15938.657, 1232669.378]",*
1112223.0080549058,"(1077881.375, 1232669.378]","(938062.754, 1139513.606]","(997577.135, 1232669.378]","(1077881.375, 1386197.064]","(15938.657, 1232669.378]",*
1112286.046385043,"(1077881.375, 1232669.378]","(938062.754, 1139513.606]","(997577.135, 1232669.378]","(1077881.375, 1386197.064]","(15938.657, 1232669.378]",*
1112294.776465661,"(1077881.375, 1232669.378]","(938062.754, 1139513.606]","(997577.135, 1232669.378]","(1077881.375, 1386197.064]","(15938.657, 1232669.378]",*
1112314.302911407,"(1077881.375, 1232669.378]","(938062.754, 1139513.606]","(997577.135, 1232669.378]","(1077881.375, 1386197.064]","(15938.657, 1232669.378]",*
1112548.478989689,"(1077881.375, 1232669.378]","(938062.754, 1139513.606]","(997577.135, 1232669.378]","(1077881.375, 1386197.064]","(15938.657, 1232669.378]",*
1113313.409218787,"(1077881.375, 1232669.378]","(938062.754, 1139513.606]","(997577.135, 1232669.378]","(1077881.375, 1386197.064]","(15938.657, 1232669.378]",*
1113314.6988738158,"(1077881.375, 1232669.378]","(938062.754, 1139513.606]","(997577.135, 1232669.378]","(1077881.375, 1386197.064]","(15938.657, 1232669.378]",*
1113373.5200017327,"(1077881.375, 1232669.378]","(938062.754, 1139513.606]","(997577.135, 1232669.378]","(1077881.375, 1386197.064]","(15938.657, 1232669.378]",*
1113570.8518884848,"(1077881.375, 1232669.378]","(938062.754, 1139513.606]","(997577.135, 1232669.378]","(1077881.375, 1386197.064]","(15938.657, 1232669.378]",*
1113647.870372066,"(1077881.375, 1232669.378]","(938062.754, 1139513.606]","(997577.135, 1232669.378]","(1077881.375, 1386197.064]","(15938.657, 1232669.378]",*
1113782.4678671532,"(1077881.375, 1232669.378]","(938062.754, 1139513.606]","(997577.135, 1232669.378]","(1077881.375, 1386197.064]","(15938.657, 1232669.378]",*
1113856.5433985677,"(1077881.375, 1232669.378]","(938062.754, 1139513.606]","(997577.135, 1232669.378]","(1077881.375, 1386197.064]","(15938.657, 1232669.378]",*
1113936.637831619,"(1077881.375, 1232669.378]","(938062.754, 1139513.606]","(997577.135, 1232669.378]","(1077881.375, 1386197.064]","(15938.657, 1232669.378]",*
1114128.470041262,"(1077881.375, 1232669.378]","(938062.754, 1139513.606]","(997577.135, 1232669.378]","(1077881.375, 1386197.064]","(15938.657, 1232669.378]",*
1114169.0373830055,"(1077881.375, 1232669.378]","(938062.754, 1139513.606]","(997577.135, 1232669.378]","(1077881.375, 1386197.064]","(15938.657, 1232669.378]",*
1114430.95342313,"(1077881.375, 1232669.378]","(938062.754, 1139513.606]","(997577.135, 1232669.378]","(1077881.375, 1386197.064]","(15938.657, 1232669.378]",*
1114667.2494865104,"(1077881.375, 1232669.378]","(938062.754, 1139513.606]","(997577.135, 1232669.378]","(1077881.375, 1386197.064]","(15938.657, 1232669.378]",*
1114729.7245235315,"(1077881.375, 1232669.378]","(938062.754, 1139513.606]","(997577.135, 1232669.378]","(1077881.375, 1386197.064]","(15938.657, 1232669.378]",*
1114779.246640951,"(1077881.375, 1232669.378]","(938062.754, 1139513.606]","(997577.135, 1232669.378]","(1077881.375, 1386197.064]","(15938.657, 1232669.378]",*
1114901.9726230132,"(1077881.375, 1232669.378]","(938062.754, 1139513.606]","(997577.135, 1232669.378]","(1077881.375, 1386197.064]","(15938.657, 1232669.378]",*
1114957.596869497,"(1077881.375, 1232669.378]","(938062.754, 1139513.606]","(997577.135, 1232669.378]","(1077881.375, 1386197.064]","(15938.657, 1232669.378]",*
1115013.1474517635,"(1077881.375, 1232669.378]","(938062.754, 1139513.606]","(997577.135, 1232669.378]","(1077881.375, 1386197.064]","(15938.657, 1232669.378]",*
1115080.6543461238,"(1077881.375, 1232669.378]","(938062.754, 1139513.606]","(997577.135, 1232669.378]","(1077881.375, 1386197.064]","(15938.657, 1232669.378]",*
1115323.0148424057,"(1077881.375, 1232669.378]","(938062.754, 1139513.606]","(997577.135, 1232669.378]","(1077881.375, 1386197.064]","(15938.657, 1232669.378]",*
1115394.393195597,"(1077881.375, 1232669.378]","(938062.754, 1139513.606]","(997577.135, 1232669.378]","(1077881.375, 1386197.064]","(15938.657, 1232669.378]",*
1115466.5850714108,"(1077881.375, 1232669.378]","(938062.754, 1139513.606]","(997577.135, 1232669.378]","(1077881.375, 1386197.064]","(15938.657, 1232669.378]",*
1115549.268055736,"(1077881.375, 1232669.378]","(938062.754, 1139513.606]","(997577.135, 1232669.378]","(1077881.375, 1386197.064]","(15938.657, 1232669.378]",*
1115627.780349525,"(1077881.375, 1232669.378]","(938062.754, 1139513.606]","(997577.135, 1232669.378]","(1077881.375, 1386197.064]","(15938.657, 1232669.378]",*
1115721.6869790882,"(1077881.375, 1232669.378]","(938062.754, 1139513.606]","(997577.135, 1232669.378]","(1077881.375, 1386197.064]","(15938.657, 1232669.378]",*
1115935.2774004806,"(1077881.375, 1232669.378]","(938062.754, 1139513.606]","(997577.135, 1232669.378]","(1077881.375, 1386197.064]","(15938.657, 1232669.378]",*
1116193.292966236,"(1077881.375, 1232669.378]","(938062.754, 1139513.606]","(997577.135, 1232669.378]","(1077881.375, 1386197.064]","(15938.657, 1232669.378]",*
1116351.7534385773,"(1077881.375, 1232669.378]","(938062.754, 1139513.606]","(997577.135, 1232669.378]","(1077881.375, 1386197.064]","(15938.657, 1232669.378]",*
1116487.3570941258,"(1077881.375, 1232669.378]","(938062.754, 1139513.606]","(997577.135, 1232669.378]","(1077881.375, 1386197.064]","(15938.657, 1232669.378]",*
1116680.146113037,"(1077881.375, 1232669.378]","(938062.754, 1139513.606]","(997577.135, 1232669.378]","(1077881.375, 1386197.064]","(15938.657, 1232669.378]",*
1116730.8669707328,"(1077881.375, 1232669.378]","(938062.754, 1139513.606]","(997577.135, 1232669.378]","(1077881.375, 1386197.064]","(15938.657, 1232669.378]",*
1116902.3448930443,"(1077881.375, 1232669.378]","(938062.754, 1139513.606]","(997577.135, 1232669.378]","(1077881.375, 1386197.064]","(15938.657, 1232669.378]",*
1117011.1061847066,"(1077881.375, 1232669.378]","(938062.754, 1139513.606]","(997577.135, 1232669.378]","(1077881.375, 1386197.064]","(15938.657, 1232669.378]",*
1117432.9800574498,"(1077881.375, 1232669.378]","(938062.754, 1139513.606]","(997577.135, 1232669.378]","(1077881.375, 1386197.064]","(15938.657, 1232669.378]",*
1117741.7573242227,"(1077881.375, 1232669.378]","(938062.754, 1139513.606]","(997577.135, 1232669.378]","(1077881.375, 1386197.064]","(15938.657, 1232669.378]",*
1118047.9912095168,"(1077881.375, 1232669.378]","(938062.754, 1139513.606]","(997577.135, 1232669.378]","(1077881.375, 1386197.064]","(15938.657, 1232669.378]",*
1118165.8661723498,"(1077881.375, 1232669.378]","(938062.754, 1139513.606]","(997577.135, 1232669.378]","(1077881.375, 1386197.064]","(15938.657, 1232669.378]",*
1118595.1189391278,"(1077881.375, 1232669.378]","(938062.754, 1139513.606]","(997577.135, 1232669.378]","(1077881.375, 1386197.064]","(15938.657, 1232669.378]",*
1119542.310608816,"(1077881.375, 1232669.378]","(938062.754, 1139513.606]","(997577.135, 1232669.378]","(1077881.375, 1386197.064]","(15938.657, 1232669.378]",*
1119992.6188354518,"(1077881.375, 1232669.378]","(938062.754, 1139513.606]","(997577.135, 1232669.378]","(1077881.375, 1386197.064]","(15938.657, 1232669.378]",*
1120349.773128633,"(1077881.375, 1232669.378]","(938062.754, 1139513.606]","(997577.135, 1232669.378]","(1077881.375, 1386197.064]","(15938.657, 1232669.378]",*
1120419.041886019,"(1077881.375, 1232669.378]","(938062.754, 1139513.606]","(997577.135, 1232669.378]","(1077881.375, 1386197.064]","(15938.657, 1232669.378]",*
1120439.365347112,"(1077881.375, 1232669.378]","(938062.754, 1139513.606]","(997577.135, 1232669.378]","(1077881.375, 1386197.064]","(15938.657, 1232669.378]",*
1120851.5194199637,"(1077881.375, 1232669.378]","(938062.754, 1139513.606]","(997577.135, 1232669.378]","(1077881.375, 1386197.064]","(15938.657, 1232669.378]",*
1120894.8041941738,"(1077881.375, 1232669.378]","(938062.754, 1139513.606]","(997577.135, 1232669.378]","(1077881.375, 1386197.064]","(15938.657, 1232669.378]",*
1120943.3385906045,"(1077881.375, 1232669.378]","(938062.754, 1139513.606]","(997577.135, 1232669.378]","(1077881.375, 1386197.064]","(15938.657, 1232669.378]",*
1121023.4370105471,"(1077881.375, 1232669.378]","(938062.754, 1139513.606]","(997577.135, 1232669.378]","(1077881.375, 1386197.064]","(15938.657, 1232669.378]",*
1121093.1745067632,"(1077881.375, 1232669.378]","(938062.754, 1139513.606]","(997577.135, 1232669.378]","(1077881.375, 1386197.064]","(15938.657, 1232669.378]",*
1122083.2511626473,"(1077881.375, 1232669.378]","(938062.754, 1139513.606]","(997577.135, 1232669.378]","(1077881.375, 1386197.064]","(15938.657, 1232669.378]",*
1122240.3639845713,"(1077881.375, 1232669.378]","(938062.754, 1139513.606]","(997577.135, 1232669.378]","(1077881.375, 1386197.064]","(15938.657, 1232669.378]",*
1122320.9326301892,"(1077881.375, 1232669.378]","(938062.754, 1139513.606]","(997577.135, 1232669.378]","(1077881.375, 1386197.064]","(15938.657, 1232669.378]",*
1122563.8194987655,"(1077881.375, 1232669.378]","(938062.754, 1139513.606]","(997577.135, 1232669.378]","(1077881.375, 1386197.064]","(15938.657, 1232669.378]",*
1122967.3851719948,"(1077881.375, 1232669.378]","(938062.754, 1139513.606]","(997577.135, 1232669.378]","(1077881.375, 1386197.064]","(15938.657, 1232669.378]",*
1123209.854692964,"(1077881.375, 1232669.378]","(938062.754, 1139513.606]","(997577.135, 1232669.378]","(1077881.375, 1386197.064]","(15938.657, 1232669.378]",*
1123386.5312002872,"(1077881.375, 1232669.378]","(938062.754, 1139513.606]","(997577.135, 1232669.378]","(1077881.375, 1386197.064]","(15938.657, 1232669.378]",*
1123753.7342014324,"(1077881.375, 1232669.378]","(938062.754, 1139513.606]","(997577.135, 1232669.378]","(1077881.375, 1386197.064]","(15938.657, 1232669.378]",*
1123765.3462531995,"(1077881.375, 1232669.378]","(938062.754, 1139513.606]","(997577.135, 1232669.378]","(1077881.375, 1386197.064]","(15938.657, 1232669.378]",*
1123851.141411446,"(1077881.375, 1232669.378]","(938062.754, 1139513.606]","(997577.135, 1232669.378]","(1077881.375, 1386197.064]","(15938.657, 1232669.378]",*
1123991.977280772,"(1077881.375, 1232669.378]","(938062.754, 1139513.606]","(997577.135, 1232669.378]","(1077881.375, 1386197.064]","(15938.657, 1232669.378]",*
1124042.9480980486,"(1077881.375, 1232669.378]","(938062.754, 1139513.606]","(997577.135, 1232669.378]","(1077881.375, 1386197.064]","(15938.657, 1232669.378]",*
1124125.9206489702,"(1077881.375, 1232669.378]","(938062.754, 1139513.606]","(997577.135, 1232669.378]","(1077881.375, 1386197.064]","(15938.657, 1232669.378]",*
1124396.2490127091,"(1077881.375, 1232669.378]","(938062.754, 1139513.606]","(997577.135, 1232669.378]","(1077881.375, 1386197.064]","(15938.657, 1232669.378]",*
1124424.9266629831,"(1077881.375, 1232669.378]","(938062.754, 1139513.606]","(997577.135, 1232669.378]","(1077881.375, 1386197.064]","(15938.657, 1232669.378]",*
1124463.0404031896,"(1077881.375, 1232669.378]","(938062.754, 1139513.606]","(997577.135, 1232669.378]","(1077881.375, 1386197.064]","(15938.657, 1232669.378]",*
1124635.9316285902,"(1077881.375, 1232669.378]","(938062.754, 1139513.606]","(997577.135, 1232669.378]","(1077881.375, 1386197.064]","(15938.657, 1232669.378]",*
1124719.4901653505,"(1077881.375, 1232669.378]","(938062.754, 1139513.606]","(997577.135, 1232669.378]","(1077881.375, 1386197.064]","(15938.657, 1232669.378]",*
1124800.0122577448,"(1077881.375, 1232669.378]","(938062.754, 1139513.606]","(997577.135, 1232669.378]","(1077881.375, 1386197.064]","(15938.657, 1232669.378]",*
1124818.114195813,"(1077881.375, 1232669.378]","(938062.754, 1139513.606]","(997577.135, 1232669.378]","(1077881.375, 1386197.064]","(15938.657, 1232669.378]",*
1125230.4502937691,"(1077881.375, 1232669.378]","(938062.754, 1139513.606]","(997577.135, 1232669.378]","(1077881.375, 1386197.064]","(15938.657, 1232669.378]",*
1125476.2017695494,"(1077881.375, 1232669.378]","(938062.754, 1139513.606]","(997577.135, 1232669.378]","(1077881.375, 1386197.064]","(15938.657, 1232669.378]",*
1125677.6043161764,"(1077881.375, 1232669.378]","(938062.754, 1139513.606]","(997577.135, 1232669.378]","(1077881.375, 1386197.064]","(15938.657, 1232669.378]",*
1125692.507295288,"(1077881.375, 1232669.378]","(938062.754, 1139513.606]","(997577.135, 1232669.378]","(1077881.375, 1386197.064]","(15938.657, 1232669.378]",*
1125696.862367818,"(1077881.375, 1232669.378]","(938062.754, 1139513.606]","(997577.135, 1232669.378]","(1077881.375, 1386197.064]","(15938.657, 1232669.378]",*
1125880.4873707383,"(1077881.375, 1232669.378]","(938062.754, 1139513.606]","(997577.135, 1232669.378]","(1077881.375, 1386197.064]","(15938.657, 1232669.378]",*
1126042.4049714075,"(1077881.375, 1232669.378]","(938062.754, 1139513.606]","(997577.135, 1232669.378]","(1077881.375, 1386197.064]","(15938.657, 1232669.378]",*
1126085.1389748787,"(1077881.375, 1232669.378]","(938062.754, 1139513.606]","(997577.135, 1232669.378]","(1077881.375, 1386197.064]","(15938.657, 1232669.378]",*
1126137.681408579,"(1077881.375, 1232669.378]","(938062.754, 1139513.606]","(997577.135, 1232669.378]","(1077881.375, 1386197.064]","(15938.657, 1232669.378]",*
1126450.4261744465,"(1077881.375, 1232669.378]","(938062.754, 1139513.606]","(997577.135, 1232669.378]","(1077881.375, 1386197.064]","(15938.657, 1232669.378]",*
1126778.414305291,"(1077881.375, 1232669.378]","(938062.754, 1139513.606]","(997577.135, 1232669.378]","(1077881.375, 1386197.064]","(15938.657, 1232669.378]",*
1126821.108811283,"(1077881.375, 1232669.378]","(938062.754, 1139513.606]","(997577.135, 1232669.378]","(1077881.375, 1386197.064]","(15938.657, 1232669.378]",*
1127082.1989417674,"(1077881.375, 1232669.378]","(938062.754, 1139513.606]","(997577.135, 1232669.378]","(1077881.375, 1386197.064]","(15938.657, 1232669.378]",*
1127174.7125458175,"(1077881.375, 1232669.378]","(938062.754, 1139513.606]","(997577.135, 1232669.378]","(1077881.375, 1386197.064]","(15938.657, 1232669.378]",*
1127248.610233683,"(1077881.375, 1232669.378]","(938062.754, 1139513.606]","(997577.135, 1232669.378]","(1077881.375, 1386197.064]","(15938.657, 1232669.378]",*
1127260.1257513668,"(1077881.375, 1232669.378]","(938062.754, 1139513.606]","(997577.135, 1232669.378]","(1077881.375, 1386197.064]","(15938.657, 1232669.378]",*
1127499.3837301766,"(1077881.375, 1232669.378]","(938062.754, 1139513.606]","(997577.135, 1232669.378]","(1077881.375, 1386197.064]","(15938.657, 1232669.378]",*
1127637.557366602,"(1077881.375, 1232669.378]","(938062.754, 1139513.606]","(997577.135, 1232669.378]","(1077881.375, 1386197.064]","(15938.657, 1232669.378]",*
1127873.5774725412,"(1077881.375, 1232669.378]","(938062.754, 1139513.606]","(997577.135, 1232669.378]","(1077881.375, 1386197.064]","(15938.657, 1232669.378]",*
1128045.1047880338,"(1077881.375, 1232669.378]","(938062.754, 1139513.606]","(997577.135, 1232669.378]","(1077881.375, 1386197.064]","(15938.657, 1232669.378]",*
1128252.8194117516,"(1077881.375, 1232669.378]","(938062.754, 1139513.606]","(997577.135, 1232669.378]","(1077881.375, 1386197.064]","(15938.657, 1232669.378]",*
1128403.366059227,"(1077881.375, 1232669.378]","(938062.754, 1139513.606]","(997577.135, 1232669.378]","(1077881.375, 1386197.064]","(15938.657, 1232669.378]",*
1128644.4616760088,"(1077881.375, 1232669.378]","(938062.754, 1139513.606]","(997577.135, 1232669.378]","(1077881.375, 1386197.064]","(15938.657, 1232669.378]",*
1128720.4195686004,"(1077881.375, 1232669.378]","(938062.754, 1139513.606]","(997577.135, 1232669.378]","(1077881.375, 1386197.064]","(15938.657, 1232669.378]",*
1128842.2090283502,"(1077881.375, 1232669.378]","(938062.754, 1139513.606]","(997577.135, 1232669.378]","(1077881.375, 1386197.064]","(15938.657, 1232669.378]",*
1128895.1249507668,"(1077881.375, 1232669.378]","(938062.754, 1139513.606]","(997577.135, 1232669.378]","(1077881.375, 1386197.064]","(15938.657, 1232669.378]",*
1128906.3392210985,"(1077881.375, 1232669.378]","(938062.754, 1139513.606]","(997577.135, 1232669.378]","(1077881.375, 1386197.064]","(15938.657, 1232669.378]",*
1129388.1229766756,"(1077881.375, 1232669.378]","(938062.754, 1139513.606]","(997577.135, 1232669.378]","(1077881.375, 1386197.064]","(15938.657, 1232669.378]",*
1129408.8701258716,"(1077881.375, 1232669.378]","(938062.754, 1139513.606]","(997577.135, 1232669.378]","(1077881.375, 1386197.064]","(15938.657, 1232669.378]",*
1129582.838422086,"(1077881.375, 1232669.378]","(938062.754, 1139513.606]","(997577.135, 1232669.378]","(1077881.375, 1386197.064]","(15938.657, 1232669.378]",*
1129613.0100203287,"(1077881.375, 1232669.378]","(938062.754, 1139513.606]","(997577.135, 1232669.378]","(1077881.375, 1386197.064]","(15938.657, 1232669.378]",*
1129798.3727253522,"(1077881.375, 1232669.378]","(938062.754, 1139513.606]","(997577.135, 1232669.378]","(1077881.375, 1386197.064]","(15938.657, 1232669.378]",*
1129975.8171178924,"(1077881.375, 1232669.378]","(938062.754, 1139513.606]","(997577.135, 1232669.378]","(1077881.375, 1386197.064]","(15938.657, 1232669.378]",*
1130108.0228452345,"(1077881.375, 1232669.378]","(938062.754, 1139513.606]","(997577.135, 1232669.378]","(1077881.375, 1386197.064]","(15938.657, 1232669.378]",*
1130221.2976257126,"(1077881.375, 1232669.378]","(938062.754, 1139513.606]","(997577.135, 1232669.378]","(1077881.375, 1386197.064]","(15938.657, 1232669.378]",*
1130293.596703484,"(1077881.375, 1232669.378]","(938062.754, 1139513.606]","(997577.135, 1232669.378]","(1077881.375, 1386197.064]","(15938.657, 1232669.378]",*
1130415.4095168563,"(1077881.375, 1232669.378]","(938062.754, 1139513.606]","(997577.135, 1232669.378]","(1077881.375, 1386197.064]","(15938.657, 1232669.378]",*
1130537.9927497513,"(1077881.375, 1232669.378]","(938062.754, 1139513.606]","(997577.135, 1232669.378]","(1077881.375, 1386197.064]","(15938.657, 1232669.378]",*
1130677.4658439818,"(1077881.375, 1232669.378]","(938062.754, 1139513.606]","(997577.135, 1232669.378]","(1077881.375, 1386197.064]","(15938.657, 1232669.378]",*
1130844.0293626525,"(1077881.375, 1232669.378]","(938062.754, 1139513.606]","(997577.135, 1232669.378]","(1077881.375, 1386197.064]","(15938.657, 1232669.378]",*
1131040.702324247,"(1077881.375, 1232669.378]","(938062.754, 1139513.606]","(997577.135, 1232669.378]","(1077881.375, 1386197.064]","(15938.657, 1232669.378]",*
1131154.5183654232,"(1077881.375, 1232669.378]","(938062.754, 1139513.606]","(997577.135, 1232669.378]","(1077881.375, 1386197.064]","(15938.657, 1232669.378]",*
1131225.759703263,"(1077881.375, 1232669.378]","(938062.754, 1139513.606]","(997577.135, 1232669.378]","(1077881.375, 1386197.064]","(15938.657, 1232669.378]",*
1131532.919437162,"(1077881.375, 1232669.378]","(938062.754, 1139513.606]","(997577.135, 1232669.378]","(1077881.375, 1386197.064]","(15938.657, 1232669.378]",*
1131533.5554094613,"(1077881.375, 1232669.378]","(938062.754, 1139513.606]","(997577.135, 1232669.378]","(1077881.375, 1386197.064]","(15938.657, 1232669.378]",*
1131618.9133648446,"(1077881.375, 1232669.378]","(938062.754, 1139513.606]","(997577.135, 1232669.378]","(1077881.375, 1386197.064]","(15938.657, 1232669.378]",*
1131698.2141953632,"(1077881.375, 1232669.378]","(938062.754, 1139513.606]","(997577.135, 1232669.378]","(1077881.375, 1386197.064]","(15938.657, 1232669.378]",*
1131887.7617860057,"(1077881.375, 1232669.378]","(938062.754, 1139513.606]","(997577.135, 1232669.378]","(1077881.375, 1386197.064]","(15938.657, 1232669.378]",*
1132146.3204353235,"(1077881.375, 1232669.378]","(938062.754, 1139513.606]","(997577.135, 1232669.378]","(1077881.375, 1386197.064]","(15938.657, 1232669.378]",*
1132522.9012947134,"(1077881.375, 1232669.378]","(938062.754, 1139513.606]","(997577.135, 1232669.378]","(1077881.375, 1386197.064]","(15938.657, 1232669.378]",*
1132662.2153922748,"(1077881.375, 1232669.378]","(938062.754, 1139513.606]","(997577.135, 1232669.378]","(1077881.375, 1386197.064]","(15938.657, 1232669.378]",*
1132779.8367625305,"(1077881.375, 1232669.378]","(938062.754, 1139513.606]","(997577.135, 1232669.378]","(1077881.375, 1386197.064]","(15938.657, 1232669.378]",*
1132983.9551551435,"(1077881.375, 1232669.378]","(938062.754, 1139513.606]","(997577.135, 1232669.378]","(1077881.375, 1386197.064]","(15938.657, 1232669.378]",*
1133084.3238238392,"(1077881.375, 1232669.378]","(938062.754, 1139513.606]","(997577.135, 1232669.378]","(1077881.375, 1386197.064]","(15938.657, 1232669.378]",*
1133126.4838613546,"(1077881.375, 1232669.378]","(938062.754, 1139513.606]","(997577.135, 1232669.378]","(1077881.375, 1386197.064]","(15938.657, 1232669.378]",*
1133139.9261763238,"(1077881.375, 1232669.378]","(938062.754, 1139513.606]","(997577.135, 1232669.378]","(1077881.375, 1386197.064]","(15938.657, 1232669.378]",*
1133814.077962921,"(1077881.375, 1232669.378]","(938062.754, 1139513.606]","(997577.135, 1232669.378]","(1077881.375, 1386197.064]","(15938.657, 1232669.378]",*
1133910.648443125,"(1077881.375, 1232669.378]","(938062.754, 1139513.606]","(997577.135, 1232669.378]","(1077881.375, 1386197.064]","(15938.657, 1232669.378]",*
1134055.4030579363,"(1077881.375, 1232669.378]","(938062.754, 1139513.606]","(997577.135, 1232669.378]","(1077881.375, 1386197.064]","(15938.657, 1232669.378]",*
1134125.645697823,"(1077881.375, 1232669.378]","(938062.754, 1139513.606]","(997577.135, 1232669.378]","(1077881.375, 1386197.064]","(15938.657, 1232669.378]",*
1134142.915960404,"(1077881.375, 1232669.378]","(938062.754, 1139513.606]","(997577.135, 1232669.378]","(1077881.375, 1386197.064]","(15938.657, 1232669.378]",*
1134246.50252595,"(1077881.375, 1232669.378]","(938062.754, 1139513.606]","(997577.135, 1232669.378]","(1077881.375, 1386197.064]","(15938.657, 1232669.378]",*
1134273.424521429,"(1077881.375, 1232669.378]","(938062.754, 1139513.606]","(997577.135, 1232669.378]","(1077881.375, 1386197.064]","(15938.657, 1232669.378]",*
1134397.7577153658,"(1077881.375, 1232669.378]","(938062.754, 1139513.606]","(997577.135, 1232669.378]","(1077881.375, 1386197.064]","(15938.657, 1232669.378]",*
1135030.6828346122,"(1077881.375, 1232669.378]","(938062.754, 1139513.606]","(997577.135, 1232669.378]","(1077881.375, 1386197.064]","(15938.657, 1232669.378]",*
1135079.3452920208,"(1077881.375, 1232669.378]","(938062.754, 1139513.606]","(997577.135, 1232669.378]","(1077881.375, 1386197.064]","(15938.657, 1232669.378]",*
1135465.473230903,"(1077881.375, 1232669.378]","(938062.754, 1139513.606]","(997577.135, 1232669.378]","(1077881.375, 1386197.064]","(15938.657, 1232669.378]",*
1135613.4318414163,"(1077881.375, 1232669.378]","(938062.754, 1139513.606]","(997577.135, 1232669.378]","(1077881.375, 1386197.064]","(15938.657, 1232669.378]",*
1135676.1831042888,"(1077881.375, 1232669.378]","(938062.754, 1139513.606]","(997577.135, 1232669.378]","(1077881.375, 1386197.064]","(15938.657, 1232669.378]",*
1136347.792319244,"(1077881.375, 1232669.378]","(938062.754, 1139513.606]","(997577.135, 1232669.378]","(1077881.375, 1386197.064]","(15938.657, 1232669.378]",*
1136448.408760456,"(1077881.375, 1232669.378]","(938062.754, 1139513.606]","(997577.135, 1232669.378]","(1077881.375, 1386197.064]","(15938.657, 1232669.378]",*
1137059.188484319,"(1077881.375, 1232669.378]","(938062.754, 1139513.606]","(997577.135, 1232669.378]","(1077881.375, 1386197.064]","(15938.657, 1232669.378]",*
1137060.0669853832,"(1077881.375, 1232669.378]","(938062.754, 1139513.606]","(997577.135, 1232669.378]","(1077881.375, 1386197.064]","(15938.657, 1232669.378]",*
1137069.30717901,"(1077881.375, 1232669.378]","(938062.754, 1139513.606]","(997577.135, 1232669.378]","(1077881.375, 1386197.064]","(15938.657, 1232669.378]",*
1137224.5754304302,"(1077881.375, 1232669.378]","(938062.754, 1139513.606]","(997577.135, 1232669.378]","(1077881.375, 1386197.064]","(15938.657, 1232669.378]",*
1137446.993396963,"(1077881.375, 1232669.378]","(938062.754, 1139513.606]","(997577.135, 1232669.378]","(1077881.375, 1386197.064]","(15938.657, 1232669.378]",*
1137465.335917054,"(1077881.375, 1232669.378]","(938062.754, 1139513.606]","(997577.135, 1232669.378]","(1077881.375, 1386197.064]","(15938.657, 1232669.378]",*
1137467.585767479,"(1077881.375, 1232669.378]","(938062.754, 1139513.606]","(997577.135, 1232669.378]","(1077881.375, 1386197.064]","(15938.657, 1232669.378]",*
1137523.110871686,"(1077881.375, 1232669.378]","(938062.754, 1139513.606]","(997577.135, 1232669.378]","(1077881.375, 1386197.064]","(15938.657, 1232669.378]",*
1137685.1162854831,"(1077881.375, 1232669.378]","(938062.754, 1139513.606]","(997577.135, 1232669.378]","(1077881.375, 1386197.064]","(15938.657, 1232669.378]",*
1137801.932711826,"(1077881.375, 1232669.378]","(938062.754, 1139513.606]","(997577.135, 1232669.378]","(1077881.375, 1386197.064]","(15938.657, 1232669.378]",*
1138036.5950419137,"(1077881.375, 1232669.378]","(938062.754, 1139513.606]","(997577.135, 1232669.378]","(1077881.375, 1386197.064]","(15938.657, 1232669.378]",*
1138609.172936965,"(1077881.375, 1232669.378]","(938062.754, 1139513.606]","(997577.135, 1232669.378]","(1077881.375, 1386197.064]","(15938.657, 1232669.378]",*
1138748.9643436885,"(1077881.375, 1232669.378]","(938062.754, 1139513.606]","(997577.135, 1232669.378]","(1077881.375, 1386197.064]","(15938.657, 1232669.378]",*
1138885.104005277,"(1077881.375, 1232669.378]","(938062.754, 1139513.606]","(997577.135, 1232669.378]","(1077881.375, 1386197.064]","(15938.657, 1232669.378]",*
1139014.1936481425,"(1077881.375, 1232669.378]","(938062.754, 1139513.606]","(997577.135, 1232669.378]","(1077881.375, 1386197.064]","(15938.657, 1232669.378]",*
1139072.7722894007,"(1077881.375, 1232669.378]","(938062.754, 1139513.606]","(997577.135, 1232669.378]","(1077881.375, 1386197.064]","(15938.657, 1232669.378]",*
1139360.434008341,"(1077881.375, 1232669.378]","(938062.754, 1139513.606]","(997577.135, 1232669.378]","(1077881.375, 1386197.064]","(15938.657, 1232669.378]",*
1139615.720123558,"(1077881.375, 1232669.378]","(1139513.606, 1323068.719]","(997577.135, 1232669.378]","(1077881.375, 1386197.064]","(15938.657, 1232669.378]",*
1139959.9327416266,"(1077881.375, 1232669.378]","(1139513.606, 1323068.719]","(997577.135, 1232669.378]","(1077881.375, 1386197.064]","(15938.657, 1232669.378]",*
1140126.1869431834,"(1077881.375, 1232669.378]","(1139513.606, 1323068.719]","(997577.135, 1232669.378]","(1077881.375, 1386197.064]","(15938.657, 1232669.378]",*
1140187.6814552995,"(1077881.375, 1232669.378]","(1139513.606, 1323068.719]","(997577.135, 1232669.378]","(1077881.375, 1386197.064]","(15938.657, 1232669.378]",*
1140209.0775234113,"(1077881.375, 1232669.378]","(1139513.606, 1323068.719]","(997577.135, 1232669.378]","(1077881.375, 1386197.064]","(15938.657, 1232669.378]",*
1140579.6178930926,"(1077881.375, 1232669.378]","(1139513.606, 1323068.719]","(997577.135, 1232669.378]","(1077881.375, 1386197.064]","(15938.657, 1232669.378]",*
1140918.805465924,"(1077881.375, 1232669.378]","(1139513.606, 1323068.719]","(997577.135, 1232669.378]","(1077881.375, 1386197.064]","(15938.657, 1232669.378]",*
1141916.5254388948,"(1077881.375, 1232669.378]","(1139513.606, 1323068.719]","(997577.135, 1232669.378]","(1077881.375, 1386197.064]","(15938.657, 1232669.378]",*
1142113.3841484515,"(1077881.375, 1232669.378]","(1139513.606, 1323068.719]","(997577.135, 1232669.378]","(1077881.375, 1386197.064]","(15938.657, 1232669.378]",*
1142127.8842701877,"(1077881.375, 1232669.378]","(1139513.606, 1323068.719]","(997577.135, 1232669.378]","(1077881.375, 1386197.064]","(15938.657, 1232669.378]",*
1142264.2476784117,"(1077881.375, 1232669.378]","(1139513.606, 1323068.719]","(997577.135, 1232669.378]","(1077881.375, 1386197.064]","(15938.657, 1232669.378]",*
1143203.0678656865,"(1077881.375, 1232669.378]","(1139513.606, 1323068.719]","(997577.135, 1232669.378]","(1077881.375, 1386197.064]","(15938.657, 1232669.378]",*
1143215.0294731287,"(1077881.375, 1232669.378]","(1139513.606, 1323068.719]","(997577.135, 1232669.378]","(1077881.375, 1386197.064]","(15938.657, 1232669.378]",*
1143377.601699577,"(1077881.375, 1232669.378]","(1139513.606, 1323068.719]","(997577.135, 1232669.378]","(1077881.375, 1386197.064]","(15938.657, 1232669.378]",*
1143621.3602567858,"(1077881.375, 1232669.378]","(1139513.606, 1323068.719]","(997577.135, 1232669.378]","(1077881.375, 1386197.064]","(15938.657, 1232669.378]",*
1143672.8254142758,"(1077881.375, 1232669.378]","(1139513.606, 1323068.719]","(997577.135, 1232669.378]","(1077881.375, 1386197.064]","(15938.657, 1232669.378]",*
1144137.6360216094,"(1077881.375, 1232669.378]","(1139513.606, 1323068.719]","(997577.135, 1232669.378]","(1077881.375, 1386197.064]","(15938.657, 1232669.378]",*
1144177.7760016783,"(1077881.375, 1232669.378]","(1139513.606, 1323068.719]","(997577.135, 1232669.378]","(1077881.375, 1386197.064]","(15938.657, 1232669.378]",*
1144319.075933622,"(1077881.375, 1232669.378]","(1139513.606, 1323068.719]","(997577.135, 1232669.378]","(1077881.375, 1386197.064]","(15938.657, 1232669.378]",*
1144477.8789563088,"(1077881.375, 1232669.378]","(1139513.606, 1323068.719]","(997577.135, 1232669.378]","(1077881.375, 1386197.064]","(15938.657, 1232669.378]",*
1144507.423229717,"(1077881.375, 1232669.378]","(1139513.606, 1323068.719]","(997577.135, 1232669.378]","(1077881.375, 1386197.064]","(15938.657, 1232669.378]",*
1144641.8194544462,"(1077881.375, 1232669.378]","(1139513.606, 1323068.719]","(997577.135, 1232669.378]","(1077881.375, 1386197.064]","(15938.657, 1232669.378]",*
1144711.1773279298,"(1077881.375, 1232669.378]","(1139513.606, 1323068.719]","(997577.135, 1232669.378]","(1077881.375, 1386197.064]","(15938.657, 1232669.378]",*
1144901.2657931254,"(1077881.375, 1232669.378]","(1139513.606, 1323068.719]","(997577.135, 1232669.378]","(1077881.375, 1386197.064]","(15938.657, 1232669.378]",*
1144937.6138049632,"(1077881.375, 1232669.378]","(1139513.606, 1323068.719]","(997577.135, 1232669.378]","(1077881.375, 1386197.064]","(15938.657, 1232669.378]",*
1145351.1612325564,"(1077881.375, 1232669.378]","(1139513.606, 1323068.719]","(997577.135, 1232669.378]","(1077881.375, 1386197.064]","(15938.657, 1232669.378]",*
1145804.269286555,"(1077881.375, 1232669.378]","(1139513.606, 1323068.719]","(997577.135, 1232669.378]","(1077881.375, 1386197.064]","(15938.657, 1232669.378]",*
1146321.5813992529,"(1077881.375, 1232669.378]","(1139513.606, 1323068.719]","(997577.135, 1232669.378]","(1077881.375, 1386197.064]","(15938.657, 1232669.378]",*
1146480.2135349663,"(1077881.375, 1232669.378]","(1139513.606, 1323068.719]","(997577.135, 1232669.378]","(1077881.375, 1386197.064]","(15938.657, 1232669.378]",*
1146532.4547405615,"(1077881.375, 1232669.378]","(1139513.606, 1323068.719]","(997577.135, 1232669.378]","(1077881.375, 1386197.064]","(15938.657, 1232669.378]",*
1146637.543843481,"(1077881.375, 1232669.378]","(1139513.606, 1323068.719]","(997577.135, 1232669.378]","(1077881.375, 1386197.064]","(15938.657, 1232669.378]",*
1146886.0930541083,"(1077881.375, 1232669.378]","(1139513.606, 1323068.719]","(997577.135, 1232669.378]","(1077881.375, 1386197.064]","(15938.657, 1232669.378]",*
1147313.019816137,"(1077881.375, 1232669.378]","(1139513.606, 1323068.719]","(997577.135, 1232669.378]","(1077881.375, 1386197.064]","(15938.657, 1232669.378]",*
1147442.9517715028,"(1077881.375, 1232669.378]","(1139513.606, 1323068.719]","(997577.135, 1232669.378]","(1077881.375, 1386197.064]","(15938.657, 1232669.378]",*
1147685.3005502543,"(1077881.375, 1232669.378]","(1139513.606, 1323068.719]","(997577.135, 1232669.378]","(1077881.375, 1386197.064]","(15938.657, 1232669.378]",*
1147908.5287110873,"(1077881.375, 1232669.378]","(1139513.606, 1323068.719]","(997577.135, 1232669.378]","(1077881.375, 1386197.064]","(15938.657, 1232669.378]",*
1148066.813058398,"(1077881.375, 1232669.378]","(1139513.606, 1323068.719]","(997577.135, 1232669.378]","(1077881.375, 1386197.064]","(15938.657, 1232669.378]",*
1148372.4014729378,"(1077881.375, 1232669.378]","(1139513.606, 1323068.719]","(997577.135, 1232669.378]","(1077881.375, 1386197.064]","(15938.657, 1232669.378]",*
1148416.90958571,"(1077881.375, 1232669.378]","(1139513.606, 1323068.719]","(997577.135, 1232669.378]","(1077881.375, 1386197.064]","(15938.657, 1232669.378]",*
1148508.0252525522,"(1077881.375, 1232669.378]","(1139513.606, 1323068.719]","(997577.135, 1232669.378]","(1077881.375, 1386197.064]","(15938.657, 1232669.378]",*
1148563.903581492,"(1077881.375, 1232669.378]","(1139513.606, 1323068.719]","(997577.135, 1232669.378]","(1077881.375, 1386197.064]","(15938.657, 1232669.378]",*
1148720.9050037193,"(1077881.375, 1232669.378]","(1139513.606, 1323068.719]","(997577.135, 1232669.378]","(1077881.375, 1386197.064]","(15938.657, 1232669.378]",*
1148749.9333118591,"(1077881.375, 1232669.378]","(1139513.606, 1323068.719]","(997577.135, 1232669.378]","(1077881.375, 1386197.064]","(15938.657, 1232669.378]",*
1149327.6559655145,"(1077881.375, 1232669.378]","(1139513.606, 1323068.719]","(997577.135, 1232669.378]","(1077881.375, 1386197.064]","(15938.657, 1232669.378]",*
1149524.698591107,"(1077881.375, 1232669.378]","(1139513.606, 1323068.719]","(997577.135, 1232669.378]","(1077881.375, 1386197.064]","(15938.657, 1232669.378]",*
1149694.034260802,"(1077881.375, 1232669.378]","(1139513.606, 1323068.719]","(997577.135, 1232669.378]","(1077881.375, 1386197.064]","(15938.657, 1232669.378]",*
1150093.8888661466,"(1077881.375, 1232669.378]","(1139513.606, 1323068.719]","(997577.135, 1232669.378]","(1077881.375, 1386197.064]","(15938.657, 1232669.378]",*
1150438.9494932448,"(1077881.375, 1232669.378]","(1139513.606, 1323068.719]","(997577.135, 1232669.378]","(1077881.375, 1386197.064]","(15938.657, 1232669.378]",*
1150658.59516312,"(1077881.375, 1232669.378]","(1139513.606, 1323068.719]","(997577.135, 1232669.378]","(1077881.375, 1386197.064]","(15938.657, 1232669.378]",*
1150877.735443249,"(1077881.375, 1232669.378]","(1139513.606, 1323068.719]","(997577.135, 1232669.378]","(1077881.375, 1386197.064]","(15938.657, 1232669.378]",*
1151006.077527774,"(1077881.375, 1232669.378]","(1139513.606, 1323068.719]","(997577.135, 1232669.378]","(1077881.375, 1386197.064]","(15938.657, 1232669.378]",*
1151128.9154600538,"(1077881.375, 1232669.378]","(1139513.606, 1323068.719]","(997577.135, 1232669.378]","(1077881.375, 1386197.064]","(15938.657, 1232669.378]",*
1151189.6422095394,"(1077881.375, 1232669.378]","(1139513.606, 1323068.719]","(997577.135, 1232669.378]","(1077881.375, 1386197.064]","(15938.657, 1232669.378]",*
1151211.9086728864,"(1077881.375, 1232669.378]","(1139513.606, 1323068.719]","(997577.135, 1232669.378]","(1077881.375, 1386197.064]","(15938.657, 1232669.378]",*
1151233.0954609383,"(1077881.375, 1232669.378]","(1139513.606, 1323068.719]","(997577.135, 1232669.378]","(1077881.375, 1386197.064]","(15938.657, 1232669.378]",*
1151281.847495203,"(1077881.375, 1232669.378]","(1139513.606, 1323068.719]","(997577.135, 1232669.378]","(1077881.375, 1386197.064]","(15938.657, 1232669.378]",*
1151341.850204358,"(1077881.375, 1232669.378]","(1139513.606, 1323068.719]","(997577.135, 1232669.378]","(1077881.375, 1386197.064]","(15938.657, 1232669.378]",*
1151406.784332849,"(1077881.375, 1232669.378]","(1139513.606, 1323068.719]","(997577.135, 1232669.378]","(1077881.375, 1386197.064]","(15938.657, 1232669.378]",*
1151741.154590957,"(1077881.375, 1232669.378]","(1139513.606, 1323068.719]","(997577.135, 1232669.378]","(1077881.375, 1386197.064]","(15938.657, 1232669.378]",*
1152046.592394497,"(1077881.375, 1232669.378]","(1139513.606, 1323068.719]","(997577.135, 1232669.378]","(1077881.375, 1386197.064]","(15938.657, 1232669.378]",*
1152145.9120119002,"(1077881.375, 1232669.378]","(1139513.606, 1323068.719]","(997577.135, 1232669.378]","(1077881.375, 1386197.064]","(15938.657, 1232669.378]",*
1152269.4307673892,"(1077881.375, 1232669.378]","(1139513.606, 1323068.719]","(997577.135, 1232669.378]","(1077881.375, 1386197.064]","(15938.657, 1232669.378]",*
1152604.1415174222,"(1077881.375, 1232669.378]","(1139513.606, 1323068.719]","(997577.135, 1232669.378]","(1077881.375, 1386197.064]","(15938.657, 1232669.378]",*
1152798.578967208,"(1077881.375, 1232669.378]","(1139513.606, 1323068.719]","(997577.135, 1232669.378]","(1077881.375, 1386197.064]","(15938.657, 1232669.378]",*
1153029.6157198593,"(1077881.375, 1232669.378]","(1139513.606, 1323068.719]","(997577.135, 1232669.378]","(1077881.375, 1386197.064]","(15938.657, 1232669.378]",*
1153135.2202940069,"(1077881.375, 1232669.378]","(1139513.606, 1323068.719]","(997577.135, 1232669.378]","(1077881.375, 1386197.064]","(15938.657, 1232669.378]",*
1153233.2406400938,"(1077881.375, 1232669.378]","(1139513.606, 1323068.719]","(997577.135, 1232669.378]","(1077881.375, 1386197.064]","(15938.657, 1232669.378]",*
1153321.6041498005,"(1077881.375, 1232669.378]","(1139513.606, 1323068.719]","(997577.135, 1232669.378]","(1077881.375, 1386197.064]","(15938.657, 1232669.378]",*
1153433.0812821975,"(1077881.375, 1232669.378]","(1139513.606, 1323068.719]","(997577.135, 1232669.378]","(1077881.375, 1386197.064]","(15938.657, 1232669.378]",*
1153435.0923530154,"(1077881.375, 1232669.378]","(1139513.606, 1323068.719]","(997577.135, 1232669.378]","(1077881.375, 1386197.064]","(15938.657, 1232669.378]",*
1153470.4397478565,"(1077881.375, 1232669.378]","(1139513.606, 1323068.719]","(997577.135, 1232669.378]","(1077881.375, 1386197.064]","(15938.657, 1232669.378]",*
1153516.9190034647,"(1077881.375, 1232669.378]","(1139513.606, 1323068.719]","(997577.135, 1232669.378]","(1077881.375, 1386197.064]","(15938.657, 1232669.378]",*
1153605.0312831493,"(1077881.375, 1232669.378]","(1139513.606, 1323068.719]","(997577.135, 1232669.378]","(1077881.375, 1386197.064]","(15938.657, 1232669.378]",*
1153680.146027995,"(1077881.375, 1232669.378]","(1139513.606, 1323068.719]","(997577.135, 1232669.378]","(1077881.375, 1386197.064]","(15938.657, 1232669.378]",*
1153871.4695016337,"(1077881.375, 1232669.378]","(1139513.606, 1323068.719]","(997577.135, 1232669.378]","(1077881.375, 1386197.064]","(15938.657, 1232669.378]",*
1154126.215688569,"(1077881.375, 1232669.378]","(1139513.606, 1323068.719]","(997577.135, 1232669.378]","(1077881.375, 1386197.064]","(15938.657, 1232669.378]",*
1154270.48491612,"(1077881.375, 1232669.378]","(1139513.606, 1323068.719]","(997577.135, 1232669.378]","(1077881.375, 1386197.064]","(15938.657, 1232669.378]",*
1154883.2876026726,"(1077881.375, 1232669.378]","(1139513.606, 1323068.719]","(997577.135, 1232669.378]","(1077881.375, 1386197.064]","(15938.657, 1232669.378]",*
1154917.3936116383,"(1077881.375, 1232669.378]","(1139513.606, 1323068.719]","(997577.135, 1232669.378]","(1077881.375, 1386197.064]","(15938.657, 1232669.378]",*
1155077.1310055435,"(1077881.375, 1232669.378]","(1139513.606, 1323068.719]","(997577.135, 1232669.378]","(1077881.375, 1386197.064]","(15938.657, 1232669.378]",*
1155513.1752000046,"(1077881.375, 1232669.378]","(1139513.606, 1323068.719]","(997577.135, 1232669.378]","(1077881.375, 1386197.064]","(15938.657, 1232669.378]",*
1155681.8670825171,"(1077881.375, 1232669.378]","(1139513.606, 1323068.719]","(997577.135, 1232669.378]","(1077881.375, 1386197.064]","(15938.657, 1232669.378]",*
1155752.7447402594,"(1077881.375, 1232669.378]","(1139513.606, 1323068.719]","(997577.135, 1232669.378]","(1077881.375, 1386197.064]","(15938.657, 1232669.378]",*
1155801.2529854416,"(1077881.375, 1232669.378]","(1139513.606, 1323068.719]","(997577.135, 1232669.378]","(1077881.375, 1386197.064]","(15938.657, 1232669.378]",*
1156308.16875631,"(1077881.375, 1232669.378]","(1139513.606, 1323068.719]","(997577.135, 1232669.378]","(1077881.375, 1386197.064]","(15938.657, 1232669.378]",*
1156329.2740497622,"(1077881.375, 1232669.378]","(1139513.606, 1323068.719]","(997577.135, 1232669.378]","(1077881.375, 1386197.064]","(15938.657, 1232669.378]",*
1156786.0838810971,"(1077881.375, 1232669.378]","(1139513.606, 1323068.719]","(997577.135, 1232669.378]","(1077881.375, 1386197.064]","(15938.657, 1232669.378]",*
1156853.3645122452,"(1077881.375, 1232669.378]","(1139513.606, 1323068.719]","(997577.135, 1232669.378]","(1077881.375, 1386197.064]","(15938.657, 1232669.378]",*
1156979.9154217213,"(1077881.375, 1232669.378]","(1139513.606, 1323068.719]","(997577.135, 1232669.378]","(1077881.375, 1386197.064]","(15938.657, 1232669.378]",*
1157189.4377037785,"(1077881.375, 1232669.378]","(1139513.606, 1323068.719]","(997577.135, 1232669.378]","(1077881.375, 1386197.064]","(15938.657, 1232669.378]",*
1157759.4645471931,"(1077881.375, 1232669.378]","(1139513.606, 1323068.719]","(997577.135, 1232669.378]","(1077881.375, 1386197.064]","(15938.657, 1232669.378]",*
1158171.72512284,"(1077881.375, 1232669.378]","(1139513.606, 1323068.719]","(997577.135, 1232669.378]","(1077881.375, 1386197.064]","(15938.657, 1232669.378]",*
1158677.2019706806,"(1077881.375, 1232669.378]","(1139513.606, 1323068.719]","(997577.135, 1232669.378]","(1077881.375, 1386197.064]","(15938.657, 1232669.378]",*
1158697.5999860524,"(1077881.375, 1232669.378]","(1139513.606, 1323068.719]","(997577.135, 1232669.378]","(1077881.375, 1386197.064]","(15938.657, 1232669.378]",*
1158742.829939291,"(1077881.375, 1232669.378]","(1139513.606, 1323068.719]","(997577.135, 1232669.378]","(1077881.375, 1386197.064]","(15938.657, 1232669.378]",*
1159147.1091195084,"(1077881.375, 1232669.378]","(1139513.606, 1323068.719]","(997577.135, 1232669.378]","(1077881.375, 1386197.064]","(15938.657, 1232669.378]",*
1159207.0846165894,"(1077881.375, 1232669.378]","(1139513.606, 1323068.719]","(997577.135, 1232669.378]","(1077881.375, 1386197.064]","(15938.657, 1232669.378]",*
1159526.154206157,"(1077881.375, 1232669.378]","(1139513.606, 1323068.719]","(997577.135, 1232669.378]","(1077881.375, 1386197.064]","(15938.657, 1232669.378]",*
1159596.518619623,"(1077881.375, 1232669.378]","(1139513.606, 1323068.719]","(997577.135, 1232669.378]","(1077881.375, 1386197.064]","(15938.657, 1232669.378]",*
1159699.9657200286,"(1077881.375, 1232669.378]","(1139513.606, 1323068.719]","(997577.135, 1232669.378]","(1077881.375, 1386197.064]","(15938.657, 1232669.378]",*
1159749.0902788169,"(1077881.375, 1232669.378]","(1139513.606, 1323068.719]","(997577.135, 1232669.378]","(1077881.375, 1386197.064]","(15938.657, 1232669.378]",*
1159841.8313392492,"(1077881.375, 1232669.378]","(1139513.606, 1323068.719]","(997577.135, 1232669.378]","(1077881.375, 1386197.064]","(15938.657, 1232669.378]",*
1159953.5929204985,"(1077881.375, 1232669.378]","(1139513.606, 1323068.719]","(997577.135, 1232669.378]","(1077881.375, 1386197.064]","(15938.657, 1232669.378]",*
1160146.171270086,"(1077881.375, 1232669.378]","(1139513.606, 1323068.719]","(997577.135, 1232669.378]","(1077881.375, 1386197.064]","(15938.657, 1232669.378]",*
1160246.7296611145,"(1077881.375, 1232669.378]","(1139513.606, 1323068.719]","(997577.135, 1232669.378]","(1077881.375, 1386197.064]","(15938.657, 1232669.378]",*
1160397.8217300237,"(1077881.375, 1232669.378]","(1139513.606, 1323068.719]","(997577.135, 1232669.378]","(1077881.375, 1386197.064]","(15938.657, 1232669.378]",*
1160526.0577474134,"(1077881.375, 1232669.378]","(1139513.606, 1323068.719]","(997577.135, 1232669.378]","(1077881.375, 1386197.064]","(15938.657, 1232669.378]",*
1161232.657462014,"(1077881.375, 1232669.378]","(1139513.606, 1323068.719]","(997577.135, 1232669.378]","(1077881.375, 1386197.064]","(15938.657, 1232669.378]",*
1161457.8482887049,"(1077881.375, 1232669.378]","(1139513.606, 1323068.719]","(997577.135, 1232669.378]","(1077881.375, 1386197.064]","(15938.657, 1232669.378]",*
1161742.677446362,"(1077881.375, 1232669.378]","(1139513.606, 1323068.719]","(997577.135, 1232669.378]","(1077881.375, 1386197.064]","(15938.657, 1232669.378]",*
1161995.7281770946,"(1077881.375, 1232669.378]","(1139513.606, 1323068.719]","(997577.135, 1232669.378]","(1077881.375, 1386197.064]","(15938.657, 1232669.378]",*
1162191.7910290756,"(1077881.375, 1232669.378]","(1139513.606, 1323068.719]","(997577.135, 1232669.378]","(1077881.375, 1386197.064]","(15938.657, 1232669.378]",*
1162469.8869158158,"(1077881.375, 1232669.378]","(1139513.606, 1323068.719]","(997577.135, 1232669.378]","(1077881.375, 1386197.064]","(15938.657, 1232669.378]",*
1162735.2719242666,"(1077881.375, 1232669.378]","(1139513.606, 1323068.719]","(997577.135, 1232669.378]","(1077881.375, 1386197.064]","(15938.657, 1232669.378]",*
1162746.6210813588,"(1077881.375, 1232669.378]","(1139513.606, 1323068.719]","(997577.135, 1232669.378]","(1077881.375, 1386197.064]","(15938.657, 1232669.378]",*
1162854.5519412763,"(1077881.375, 1232669.378]","(1139513.606, 1323068.719]","(997577.135, 1232669.378]","(1077881.375, 1386197.064]","(15938.657, 1232669.378]",*
1162949.6789860271,"(1077881.375, 1232669.378]","(1139513.606, 1323068.719]","(997577.135, 1232669.378]","(1077881.375, 1386197.064]","(15938.657, 1232669.378]",*
1163559.4710512878,"(1077881.375, 1232669.378]","(1139513.606, 1323068.719]","(997577.135, 1232669.378]","(1077881.375, 1386197.064]","(15938.657, 1232669.378]",*
1163741.658300815,"(1077881.375, 1232669.378]","(1139513.606, 1323068.719]","(997577.135, 1232669.378]","(1077881.375, 1386197.064]","(15938.657, 1232669.378]",*
1164209.6193771297,"(1077881.375, 1232669.378]","(1139513.606, 1323068.719]","(997577.135, 1232669.378]","(1077881.375, 1386197.064]","(15938.657, 1232669.378]",*
1164497.0193326313,"(1077881.375, 1232669.378]","(1139513.606, 1323068.719]","(997577.135, 1232669.378]","(1077881.375, 1386197.064]","(15938.657, 1232669.378]",*
1164615.9678425193,"(1077881.375, 1232669.378]","(1139513.606, 1323068.719]","(997577.135, 1232669.378]","(1077881.375, 1386197.064]","(15938.657, 1232669.378]",*
1164968.8766317505,"(1077881.375, 1232669.378]","(1139513.606, 1323068.719]","(997577.135, 1232669.378]","(1077881.375, 1386197.064]","(15938.657, 1232669.378]",*
1165240.1780106246,"(1077881.375, 1232669.378]","(1139513.606, 1323068.719]","(997577.135, 1232669.378]","(1077881.375, 1386197.064]","(15938.657, 1232669.378]",*
1165253.0327180624,"(1077881.375, 1232669.378]","(1139513.606, 1323068.719]","(997577.135, 1232669.378]","(1077881.375, 1386197.064]","(15938.657, 1232669.378]",*
1165875.3063766025,"(1077881.375, 1232669.378]","(1139513.606, 1323068.719]","(997577.135, 1232669.378]","(1077881.375, 1386197.064]","(15938.657, 1232669.378]",*
1165877.6686129526,"(1077881.375, 1232669.378]","(1139513.606, 1323068.719]","(997577.135, 1232669.378]","(1077881.375, 1386197.064]","(15938.657, 1232669.378]",*
1165990.6036967745,"(1077881.375, 1232669.378]","(1139513.606, 1323068.719]","(997577.135, 1232669.378]","(1077881.375, 1386197.064]","(15938.657, 1232669.378]",*
1166158.1846876713,"(1077881.375, 1232669.378]","(1139513.606, 1323068.719]","(997577.135, 1232669.378]","(1077881.375, 1386197.064]","(15938.657, 1232669.378]",*
1166198.115612074,"(1077881.375, 1232669.378]","(1139513.606, 1323068.719]","(997577.135, 1232669.378]","(1077881.375, 1386197.064]","(15938.657, 1232669.378]",*
1166333.8865033598,"(1077881.375, 1232669.378]","(1139513.606, 1323068.719]","(997577.135, 1232669.378]","(1077881.375, 1386197.064]","(15938.657, 1232669.378]",*
1166336.2592978398,"(1077881.375, 1232669.378]","(1139513.606, 1323068.719]","(997577.135, 1232669.378]","(1077881.375, 1386197.064]","(15938.657, 1232669.378]",*
1166399.6717979263,"(1077881.375, 1232669.378]","(1139513.606, 1323068.719]","(997577.135, 1232669.378]","(1077881.375, 1386197.064]","(15938.657, 1232669.378]",*
1166558.3735827007,"(1077881.375, 1232669.378]","(1139513.606, 1323068.719]","(997577.135, 1232669.378]","(1077881.375, 1386197.064]","(15938.657, 1232669.378]",*
1166600.4566258276,"(1077881.375, 1232669.378]","(1139513.606, 1323068.719]","(997577.135, 1232669.378]","(1077881.375, 1386197.064]","(15938.657, 1232669.378]",*
1166602.407817117,"(1077881.375, 1232669.378]","(1139513.606, 1323068.719]","(997577.135, 1232669.378]","(1077881.375, 1386197.064]","(15938.657, 1232669.378]",*
1166673.195064525,"(1077881.375, 1232669.378]","(1139513.606, 1323068.719]","(997577.135, 1232669.378]","(1077881.375, 1386197.064]","(15938.657, 1232669.378]",*
1166750.3128596384,"(1077881.375, 1232669.378]","(1139513.606, 1323068.719]","(997577.135, 1232669.378]","(1077881.375, 1386197.064]","(15938.657, 1232669.378]",*
1166925.1461488248,"(1077881.375, 1232669.378]","(1139513.606, 1323068.719]","(997577.135, 1232669.378]","(1077881.375, 1386197.064]","(15938.657, 1232669.378]",*
1167119.1088366588,"(1077881.375, 1232669.378]","(1139513.606, 1323068.719]","(997577.135, 1232669.378]","(1077881.375, 1386197.064]","(15938.657, 1232669.378]",*
1167421.7390277584,"(1077881.375, 1232669.378]","(1139513.606, 1323068.719]","(997577.135, 1232669.378]","(1077881.375, 1386197.064]","(15938.657, 1232669.378]",*
1167449.9898697317,"(1077881.375, 1232669.378]","(1139513.606, 1323068.719]","(997577.135, 1232669.378]","(1077881.375, 1386197.064]","(15938.657, 1232669.378]",*
1167621.046449695,"(1077881.375, 1232669.378]","(1139513.606, 1323068.719]","(997577.135, 1232669.378]","(1077881.375, 1386197.064]","(15938.657, 1232669.378]",*
1167626.7358808988,"(1077881.375, 1232669.378]","(1139513.606, 1323068.719]","(997577.135, 1232669.378]","(1077881.375, 1386197.064]","(15938.657, 1232669.378]",*
1167918.058868265,"(1077881.375, 1232669.378]","(1139513.606, 1323068.719]","(997577.135, 1232669.378]","(1077881.375, 1386197.064]","(15938.657, 1232669.378]",*
1168126.2128760514,"(1077881.375, 1232669.378]","(1139513.606, 1323068.719]","(997577.135, 1232669.378]","(1077881.375, 1386197.064]","(15938.657, 1232669.378]",*
1168355.3197896334,"(1077881.375, 1232669.378]","(1139513.606, 1323068.719]","(997577.135, 1232669.378]","(1077881.375, 1386197.064]","(15938.657, 1232669.378]",*
1168444.88222469,"(1077881.375, 1232669.378]","(1139513.606, 1323068.719]","(997577.135, 1232669.378]","(1077881.375, 1386197.064]","(15938.657, 1232669.378]",*
1168574.665599605,"(1077881.375, 1232669.378]","(1139513.606, 1323068.719]","(997577.135, 1232669.378]","(1077881.375, 1386197.064]","(15938.657, 1232669.378]",*
1168588.0313207726,"(1077881.375, 1232669.378]","(1139513.606, 1323068.719]","(997577.135, 1232669.378]","(1077881.375, 1386197.064]","(15938.657, 1232669.378]",*
1168627.6508344968,"(1077881.375, 1232669.378]","(1139513.606, 1323068.719]","(997577.135, 1232669.378]","(1077881.375, 1386197.064]","(15938.657, 1232669.378]",*
1168760.4276857057,"(1077881.375, 1232669.378]","(1139513.606, 1323068.719]","(997577.135, 1232669.378]","(1077881.375, 1386197.064]","(15938.657, 1232669.378]",*
1168822.8173240784,"(1077881.375, 1232669.378]","(1139513.606, 1323068.719]","(997577.135, 1232669.378]","(1077881.375, 1386197.064]","(15938.657, 1232669.378]",*
1168845.8151736828,"(1077881.375, 1232669.378]","(1139513.606, 1323068.719]","(997577.135, 1232669.378]","(1077881.375, 1386197.064]","(15938.657, 1232669.378]",*
1168859.1171821957,"(1077881.375, 1232669.378]","(1139513.606, 1323068.719]","(997577.135, 1232669.378]","(1077881.375, 1386197.064]","(15938.657, 1232669.378]",*
1168887.4593327818,"(1077881.375, 1232669.378]","(1139513.606, 1323068.719]","(997577.135, 1232669.378]","(1077881.375, 1386197.064]","(15938.657, 1232669.378]",*
1168919.40079419,"(1077881.375, 1232669.378]","(1139513.606, 1323068.719]","(997577.135, 1232669.378]","(1077881.375, 1386197.064]","(15938.657, 1232669.378]",*
1168993.737583562,"(1077881.375, 1232669.378]","(1139513.606, 1323068.719]","(997577.135, 1232669.378]","(1077881.375, 1386197.064]","(15938.657, 1232669.378]",*
1168993.7588005515,"(1077881.375, 1232669.378]","(1139513.606, 1323068.719]","(997577.135, 1232669.378]","(1077881.375, 1386197.064]","(15938.657, 1232669.378]",*
1169050.984825398,"(1077881.375, 1232669.378]","(1139513.606, 1323068.719]","(997577.135, 1232669.378]","(1077881.375, 1386197.064]","(15938.657, 1232669.378]",*
1169166.9894781034,"(1077881.375, 1232669.378]","(1139513.606, 1323068.719]","(997577.135, 1232669.378]","(1077881.375, 1386197.064]","(15938.657, 1232669.378]",*
1169265.146218866,"(1077881.375, 1232669.378]","(1139513.606, 1323068.719]","(997577.135, 1232669.378]","(1077881.375, 1386197.064]","(15938.657, 1232669.378]",*
1169547.521182793,"(1077881.375, 1232669.378]","(1139513.606, 1323068.719]","(997577.135, 1232669.378]","(1077881.375, 1386197.064]","(15938.657, 1232669.378]",*
1169640.3243033246,"(1077881.375, 1232669.378]","(1139513.606, 1323068.719]","(997577.135, 1232669.378]","(1077881.375, 1386197.064]","(15938.657, 1232669.378]",*
1169653.821377547,"(1077881.375, 1232669.378]","(1139513.606, 1323068.719]","(997577.135, 1232669.378]","(1077881.375, 1386197.064]","(15938.657, 1232669.378]",*
1169736.791123088,"(1077881.375, 1232669.378]","(1139513.606, 1323068.719]","(997577.135, 1232669.378]","(1077881.375, 1386197.064]","(15938.657, 1232669.378]",*
1169944.2477587468,"(1077881.375, 1232669.378]","(1139513.606, 1323068.719]","(997577.135, 1232669.378]","(1077881.375, 1386197.064]","(15938.657, 1232669.378]",*
1170169.2592077083,"(1077881.375, 1232669.378]","(1139513.606, 1323068.719]","(997577.135, 1232669.378]","(1077881.375, 1386197.064]","(15938.657, 1232669.378]",*
1170204.3390991166,"(1077881.375, 1232669.378]","(1139513.606, 1323068.719]","(997577.135, 1232669.378]","(1077881.375, 1386197.064]","(15938.657, 1232669.378]",*
1170573.7698636418,"(1077881.375, 1232669.378]","(1139513.606, 1323068.719]","(997577.135, 1232669.378]","(1077881.375, 1386197.064]","(15938.657, 1232669.378]",*
1170705.1662407718,"(1077881.375, 1232669.378]","(1139513.606, 1323068.719]","(997577.135, 1232669.378]","(1077881.375, 1386197.064]","(15938.657, 1232669.378]",*
1170720.893654292,"(1077881.375, 1232669.378]","(1139513.606, 1323068.719]","(997577.135, 1232669.378]","(1077881.375, 1386197.064]","(15938.657, 1232669.378]",*
1170892.9796549894,"(1077881.375, 1232669.378]","(1139513.606, 1323068.719]","(997577.135, 1232669.378]","(1077881.375, 1386197.064]","(15938.657, 1232669.378]",*
1170959.5262846122,"(1077881.375, 1232669.378]","(1139513.606, 1323068.719]","(997577.135, 1232669.378]","(1077881.375, 1386197.064]","(15938.657, 1232669.378]",*
1171989.7178084098,"(1077881.375, 1232669.378]","(1139513.606, 1323068.719]","(997577.135, 1232669.378]","(1077881.375, 1386197.064]","(15938.657, 1232669.378]",*
1172133.4868414924,"(1077881.375, 1232669.378]","(1139513.606, 1323068.719]","(997577.135, 1232669.378]","(1077881.375, 1386197.064]","(15938.657, 1232669.378]",*
1172188.1935091391,"(1077881.375, 1232669.378]","(1139513.606, 1323068.719]","(997577.135, 1232669.378]","(1077881.375, 1386197.064]","(15938.657, 1232669.378]",*
1172385.8977045629,"(1077881.375, 1232669.378]","(1139513.606, 1323068.719]","(997577.135, 1232669.378]","(1077881.375, 1386197.064]","(15938.657, 1232669.378]",*
1172413.196960207,"(1077881.375, 1232669.378]","(1139513.606, 1323068.719]","(997577.135, 1232669.378]","(1077881.375, 1386197.064]","(15938.657, 1232669.378]",*
1172514.722473985,"(1077881.375, 1232669.378]","(1139513.606, 1323068.719]","(997577.135, 1232669.378]","(1077881.375, 1386197.064]","(15938.657, 1232669.378]",*
1172619.5970591358,"(1077881.375, 1232669.378]","(1139513.606, 1323068.719]","(997577.135, 1232669.378]","(1077881.375, 1386197.064]","(15938.657, 1232669.378]",*
1172730.155769318,"(1077881.375, 1232669.378]","(1139513.606, 1323068.719]","(997577.135, 1232669.378]","(1077881.375, 1386197.064]","(15938.657, 1232669.378]",*
1173201.5189552563,"(1077881.375, 1232669.378]","(1139513.606, 1323068.719]","(997577.135, 1232669.378]","(1077881.375, 1386197.064]","(15938.657, 1232669.378]",*
1173413.5499918016,"(1077881.375, 1232669.378]","(1139513.606, 1323068.719]","(997577.135, 1232669.378]","(1077881.375, 1386197.064]","(15938.657, 1232669.378]",*
1173474.3788373224,"(1077881.375, 1232669.378]","(1139513.606, 1323068.719]","(997577.135, 1232669.378]","(1077881.375, 1386197.064]","(15938.657, 1232669.378]",*
1173695.2918510274,"(1077881.375, 1232669.378]","(1139513.606, 1323068.719]","(997577.135, 1232669.378]","(1077881.375, 1386197.064]","(15938.657, 1232669.378]",*
1174289.0805683718,"(1077881.375, 1232669.378]","(1139513.606, 1323068.719]","(997577.135, 1232669.378]","(1077881.375, 1386197.064]","(15938.657, 1232669.378]",*
1174311.5559111224,"(1077881.375, 1232669.378]","(1139513.606, 1323068.719]","(997577.135, 1232669.378]","(1077881.375, 1386197.064]","(15938.657, 1232669.378]",*
1174481.0664142738,"(1077881.375, 1232669.378]","(1139513.606, 1323068.719]","(997577.135, 1232669.378]","(1077881.375, 1386197.064]","(15938.657, 1232669.378]",*
1174747.5505841346,"(1077881.375, 1232669.378]","(1139513.606, 1323068.719]","(997577.135, 1232669.378]","(1077881.375, 1386197.064]","(15938.657, 1232669.378]",*
1174779.157761556,"(1077881.375, 1232669.378]","(1139513.606, 1323068.719]","(997577.135, 1232669.378]","(1077881.375, 1386197.064]","(15938.657, 1232669.378]",*
1174949.860790675,"(1077881.375, 1232669.378]","(1139513.606, 1323068.719]","(997577.135, 1232669.378]","(1077881.375, 1386197.064]","(15938.657, 1232669.378]",*
1175190.6729764738,"(1077881.375, 1232669.378]","(1139513.606, 1323068.719]","(997577.135, 1232669.378]","(1077881.375, 1386197.064]","(15938.657, 1232669.378]",*
1175289.1605114085,"(1077881.375, 1232669.378]","(1139513.606, 1323068.719]","(997577.135, 1232669.378]","(1077881.375, 1386197.064]","(15938.657, 1232669.378]",*
1175504.48633204,"(1077881.375, 1232669.378]","(1139513.606, 1323068.719]","(997577.135, 1232669.378]","(1077881.375, 1386197.064]","(15938.657, 1232669.378]",*
1175781.4175700566,"(1077881.375, 1232669.378]","(1139513.606, 1323068.719]","(997577.135, 1232669.378]","(1077881.375, 1386197.064]","(15938.657, 1232669.378]",*
1175868.9992109209,"(1077881.375, 1232669.378]","(1139513.606, 1323068.719]","(997577.135, 1232669.378]","(1077881.375, 1386197.064]","(15938.657, 1232669.378]",*
1176021.3754618713,"(1077881.375, 1232669.378]","(1139513.606, 1323068.719]","(997577.135, 1232669.378]","(1077881.375, 1386197.064]","(15938.657, 1232669.378]",*
1176111.78829563,"(1077881.375, 1232669.378]","(1139513.606, 1323068.719]","(997577.135, 1232669.378]","(1077881.375, 1386197.064]","(15938.657, 1232669.378]",*
1176420.5593819122,"(1077881.375, 1232669.378]","(1139513.606, 1323068.719]","(997577.135, 1232669.378]","(1077881.375, 1386197.064]","(15938.657, 1232669.378]",*
1176437.9189888744,"(1077881.375, 1232669.378]","(1139513.606, 1323068.719]","(997577.135, 1232669.378]","(1077881.375, 1386197.064]","(15938.657, 1232669.378]",*
1176655.0853813165,"(1077881.375, 1232669.378]","(1139513.606, 1323068.719]","(997577.135, 1232669.378]","(1077881.375, 1386197.064]","(15938.657, 1232669.378]",*
1177289.88620479,"(1077881.375, 1232669.378]","(1139513.606, 1323068.719]","(997577.135, 1232669.378]","(1077881.375, 1386197.064]","(15938.657, 1232669.378]",*
1177744.973092636,"(1077881.375, 1232669.378]","(1139513.606, 1323068.719]","(997577.135, 1232669.378]","(1077881.375, 1386197.064]","(15938.657, 1232669.378]",*
1178272.2974772786,"(1077881.375, 1232669.378]","(1139513.606, 1323068.719]","(997577.135, 1232669.378]","(1077881.375, 1386197.064]","(15938.657, 1232669.378]",*
1178553.6161792604,"(1077881.375, 1232669.378]","(1139513.606, 1323068.719]","(997577.135, 1232669.378]","(1077881.375, 1386197.064]","(15938.657, 1232669.378]",*
1178600.6477851174,"(1077881.375, 1232669.378]","(1139513.606, 1323068.719]","(997577.135, 1232669.378]","(1077881.375, 1386197.064]","(15938.657, 1232669.378]",*
1178846.0658152937,"(1077881.375, 1232669.378]","(1139513.606, 1323068.719]","(997577.135, 1232669.378]","(1077881.375, 1386197.064]","(15938.657, 1232669.378]",*
1179278.0943348084,"(1077881.375, 1232669.378]","(1139513.606, 1323068.719]","(997577.135, 1232669.378]","(1077881.375, 1386197.064]","(15938.657, 1232669.378]",*
1179440.832253225,"(1077881.375, 1232669.378]","(1139513.606, 1323068.719]","(997577.135, 1232669.378]","(1077881.375, 1386197.064]","(15938.657, 1232669.378]",*
1179983.4416351905,"(1077881.375, 1232669.378]","(1139513.606, 1323068.719]","(997577.135, 1232669.378]","(1077881.375, 1386197.064]","(15938.657, 1232669.378]",*
1179987.3238175,"(1077881.375, 1232669.378]","(1139513.606, 1323068.719]","(997577.135, 1232669.378]","(1077881.375, 1386197.064]","(15938.657, 1232669.378]",*
1179992.288675164,"(1077881.375, 1232669.378]","(1139513.606, 1323068.719]","(997577.135, 1232669.378]","(1077881.375, 1386197.064]","(15938.657, 1232669.378]",*
1180091.4978196998,"(1077881.375, 1232669.378]","(1139513.606, 1323068.719]","(997577.135, 1232669.378]","(1077881.375, 1386197.064]","(15938.657, 1232669.378]",*
1180325.4987802666,"(1077881.375, 1232669.378]","(1139513.606, 1323068.719]","(997577.135, 1232669.378]","(1077881.375, 1386197.064]","(15938.657, 1232669.378]",*
1180903.43393502,"(1077881.375, 1232669.378]","(1139513.606, 1323068.719]","(997577.135, 1232669.378]","(1077881.375, 1386197.064]","(15938.657, 1232669.378]",*
1180967.734958887,"(1077881.375, 1232669.378]","(1139513.606, 1323068.719]","(997577.135, 1232669.378]","(1077881.375, 1386197.064]","(15938.657, 1232669.378]",*
1180989.3240263455,"(1077881.375, 1232669.378]","(1139513.606, 1323068.719]","(997577.135, 1232669.378]","(1077881.375, 1386197.064]","(15938.657, 1232669.378]",*
1181338.1609886792,"(1077881.375, 1232669.378]","(1139513.606, 1323068.719]","(997577.135, 1232669.378]","(1077881.375, 1386197.064]","(15938.657, 1232669.378]",*
1181630.6251696383,"(1077881.375, 1232669.378]","(1139513.606, 1323068.719]","(997577.135, 1232669.378]","(1077881.375, 1386197.064]","(15938.657, 1232669.378]",*
1181637.9493143407,"(1077881.375, 1232669.378]","(1139513.606, 1323068.719]","(997577.135, 1232669.378]","(1077881.375, 1386197.064]","(15938.657, 1232669.378]",*
1181663.4835711485,"(1077881.375, 1232669.378]","(1139513.606, 1323068.719]","(997577.135, 1232669.378]","(1077881.375, 1386197.064]","(15938.657, 1232669.378]",*
1181877.1832375266,"(1077881.375, 1232669.378]","(1139513.606, 1323068.719]","(997577.135, 1232669.378]","(1077881.375, 1386197.064]","(15938.657, 1232669.378]",*
1181995.430504778,"(1077881.375, 1232669.378]","(1139513.606, 1323068.719]","(997577.135, 1232669.378]","(1077881.375, 1386197.064]","(15938.657, 1232669.378]",*
1182335.6796501088,"(1077881.375, 1232669.378]","(1139513.606, 1323068.719]","(997577.135, 1232669.378]","(1077881.375, 1386197.064]","(15938.657, 1232669.378]",*
1182459.7716636744,"(1077881.375, 1232669.378]","(1139513.606, 1323068.719]","(997577.135, 1232669.378]","(1077881.375, 1386197.064]","(15938.657, 1232669.378]",*
1182670.135034575,"(1077881.375, 1232669.378]","(1139513.606, 1323068.719]","(997577.135, 1232669.378]","(1077881.375, 1386197.064]","(15938.657, 1232669.378]",*
1182887.997321352,"(1077881.375, 1232669.378]","(1139513.606, 1323068.719]","(997577.135, 1232669.378]","(1077881.375, 1386197.064]","(15938.657, 1232669.378]",*
1182980.6042717127,"(1077881.375, 1232669.378]","(1139513.606, 1323068.719]","(997577.135, 1232669.378]","(1077881.375, 1386197.064]","(15938.657, 1232669.378]",*
1183014.5086739515,"(1077881.375, 1232669.378]","(1139513.606, 1323068.719]","(997577.135, 1232669.378]","(1077881.375, 1386197.064]","(15938.657, 1232669.378]",*
1183272.5108070918,"(1077881.375, 1232669.378]","(1139513.606, 1323068.719]","(997577.135, 1232669.378]","(1077881.375, 1386197.064]","(15938.657, 1232669.378]",*
1183343.566493446,"(1077881.375, 1232669.378]","(1139513.606, 1323068.719]","(997577.135, 1232669.378]","(1077881.375, 1386197.064]","(15938.657, 1232669.378]",*
1183884.005068762,"(1077881.375, 1232669.378]","(1139513.606, 1323068.719]","(997577.135, 1232669.378]","(1077881.375, 1386197.064]","(15938.657, 1232669.378]",*
1184462.319944161,"(1077881.375, 1232669.378]","(1139513.606, 1323068.719]","(997577.135, 1232669.378]","(1077881.375, 1386197.064]","(15938.657, 1232669.378]",*
1184527.3743972029,"(1077881.375, 1232669.378]","(1139513.606, 1323068.719]","(997577.135, 1232669.378]","(1077881.375, 1386197.064]","(15938.657, 1232669.378]",*
1184614.087024015,"(1077881.375, 1232669.378]","(1139513.606, 1323068.719]","(997577.135, 1232669.378]","(1077881.375, 1386197.064]","(15938.657, 1232669.378]",*
1184758.8422742756,"(1077881.375, 1232669.378]","(1139513.606, 1323068.719]","(997577.135, 1232669.378]","(1077881.375, 1386197.064]","(15938.657, 1232669.378]",*
1184799.2714969371,"(1077881.375, 1232669.378]","(1139513.606, 1323068.719]","(997577.135, 1232669.378]","(1077881.375, 1386197.064]","(15938.657, 1232669.378]",*
1184893.5601850909,"(1077881.375, 1232669.378]","(1139513.606, 1323068.719]","(997577.135, 1232669.378]","(1077881.375, 1386197.064]","(15938.657, 1232669.378]",*
1185160.8610785818,"(1077881.375, 1232669.378]","(1139513.606, 1323068.719]","(997577.135, 1232669.378]","(1077881.375, 1386197.064]","(15938.657, 1232669.378]",*
1185226.6173301823,"(1077881.375, 1232669.378]","(1139513.606, 1323068.719]","(997577.135, 1232669.378]","(1077881.375, 1386197.064]","(15938.657, 1232669.378]",*
1185310.2673441938,"(1077881.375, 1232669.378]","(1139513.606, 1323068.719]","(997577.135, 1232669.378]","(1077881.375, 1386197.064]","(15938.657, 1232669.378]",*
1185616.3400142193,"(1077881.375, 1232669.378]","(1139513.606, 1323068.719]","(997577.135, 1232669.378]","(1077881.375, 1386197.064]","(15938.657, 1232669.378]",*
1185734.9581772955,"(1077881.375, 1232669.378]","(1139513.606, 1323068.719]","(997577.135, 1232669.378]","(1077881.375, 1386197.064]","(15938.657, 1232669.378]",*
1185743.8241796806,"(1077881.375, 1232669.378]","(1139513.606, 1323068.719]","(997577.135, 1232669.378]","(1077881.375, 1386197.064]","(15938.657, 1232669.378]",*
1185935.6413659677,"(1077881.375, 1232669.378]","(1139513.606, 1323068.719]","(997577.135, 1232669.378]","(1077881.375, 1386197.064]","(15938.657, 1232669.378]",*
1186019.796113567,"(1077881.375, 1232669.378]","(1139513.606, 1323068.719]","(997577.135, 1232669.378]","(1077881.375, 1386197.064]","(15938.657, 1232669.378]",*
1186025.9508770336,"(1077881.375, 1232669.378]","(1139513.606, 1323068.719]","(997577.135, 1232669.378]","(1077881.375, 1386197.064]","(15938.657, 1232669.378]",*
1186357.179044665,"(1077881.375, 1232669.378]","(1139513.606, 1323068.719]","(997577.135, 1232669.378]","(1077881.375, 1386197.064]","(15938.657, 1232669.378]",*
1186372.1785061008,"(1077881.375, 1232669.378]","(1139513.606, 1323068.719]","(997577.135, 1232669.378]","(1077881.375, 1386197.064]","(15938.657, 1232669.378]",*
1186441.756443983,"(1077881.375, 1232669.378]","(1139513.606, 1323068.719]","(997577.135, 1232669.378]","(1077881.375, 1386197.064]","(15938.657, 1232669.378]",*
1186662.5142254874,"(1077881.375, 1232669.378]","(1139513.606, 1323068.719]","(997577.135, 1232669.378]","(1077881.375, 1386197.064]","(15938.657, 1232669.378]",*
1186688.505938349,"(1077881.375, 1232669.378]","(1139513.606, 1323068.719]","(997577.135, 1232669.378]","(1077881.375, 1386197.064]","(15938.657, 1232669.378]",*
1187044.0528088156,"(1077881.375, 1232669.378]","(1139513.606, 1323068.719]","(997577.135, 1232669.378]","(1077881.375, 1386197.064]","(15938.657, 1232669.378]",*
1187090.9480935708,"(1077881.375, 1232669.378]","(1139513.606, 1323068.719]","(997577.135, 1232669.378]","(1077881.375, 1386197.064]","(15938.657, 1232669.378]",*
1187113.826180701,"(1077881.375, 1232669.378]","(1139513.606, 1323068.719]","(997577.135, 1232669.378]","(1077881.375, 1386197.064]","(15938.657, 1232669.378]",*
1187454.6724878063,"(1077881.375, 1232669.378]","(1139513.606, 1323068.719]","(997577.135, 1232669.378]","(1077881.375, 1386197.064]","(15938.657, 1232669.378]",*
1187609.1222876178,"(1077881.375, 1232669.378]","(1139513.606, 1323068.719]","(997577.135, 1232669.378]","(1077881.375, 1386197.064]","(15938.657, 1232669.378]",*
1188196.881911283,"(1077881.375, 1232669.378]","(1139513.606, 1323068.719]","(997577.135, 1232669.378]","(1077881.375, 1386197.064]","(15938.657, 1232669.378]",*
1188255.081499023,"(1077881.375, 1232669.378]","(1139513.606, 1323068.719]","(997577.135, 1232669.378]","(1077881.375, 1386197.064]","(15938.657, 1232669.378]",*
1188416.8057158843,"(1077881.375, 1232669.378]","(1139513.606, 1323068.719]","(997577.135, 1232669.378]","(1077881.375, 1386197.064]","(15938.657, 1232669.378]",*
1188761.3202272817,"(1077881.375, 1232669.378]","(1139513.606, 1323068.719]","(997577.135, 1232669.378]","(1077881.375, 1386197.064]","(15938.657, 1232669.378]",*
1189069.1046909408,"(1077881.375, 1232669.378]","(1139513.606, 1323068.719]","(997577.135, 1232669.378]","(1077881.375, 1386197.064]","(15938.657, 1232669.378]",*
1189466.7143340828,"(1077881.375, 1232669.378]","(1139513.606, 1323068.719]","(997577.135, 1232669.378]","(1077881.375, 1386197.064]","(15938.657, 1232669.378]",*
1189981.4023509473,"(1077881.375, 1232669.378]","(1139513.606, 1323068.719]","(997577.135, 1232669.378]","(1077881.375, 1386197.064]","(15938.657, 1232669.378]",*
1190213.5129050135,"(1077881.375, 1232669.378]","(1139513.606, 1323068.719]","(997577.135, 1232669.378]","(1077881.375, 1386197.064]","(15938.657, 1232669.378]",*
1190442.1227402529,"(1077881.375, 1232669.378]","(1139513.606, 1323068.719]","(997577.135, 1232669.378]","(1077881.375, 1386197.064]","(15938.657, 1232669.378]",*
1190867.437364912,"(1077881.375, 1232669.378]","(1139513.606, 1323068.719]","(997577.135, 1232669.378]","(1077881.375, 1386197.064]","(15938.657, 1232669.378]",*
1191261.8686796485,"(1077881.375, 1232669.378]","(1139513.606, 1323068.719]","(997577.135, 1232669.378]","(1077881.375, 1386197.064]","(15938.657, 1232669.378]",*
1191340.825875469,"(1077881.375, 1232669.378]","(1139513.606, 1323068.719]","(997577.135, 1232669.378]","(1077881.375, 1386197.064]","(15938.657, 1232669.378]",*
1191564.199934324,"(1077881.375, 1232669.378]","(1139513.606, 1323068.719]","(997577.135, 1232669.378]","(1077881.375, 1386197.064]","(15938.657, 1232669.378]",*
1191625.4399627368,"(1077881.375, 1232669.378]","(1139513.606, 1323068.719]","(997577.135, 1232669.378]","(1077881.375, 1386197.064]","(15938.657, 1232669.378]",*
1191968.5200498789,"(1077881.375, 1232669.378]","(1139513.606, 1323068.719]","(997577.135, 1232669.378]","(1077881.375, 1386197.064]","(15938.657, 1232669.378]",*
1192672.333818048,"(1077881.375, 1232669.378]","(1139513.606, 1323068.719]","(997577.135, 1232669.378]","(1077881.375, 1386197.064]","(15938.657, 1232669.378]",*
1192677.550021043,"(1077881.375, 1232669.378]","(1139513.606, 1323068.719]","(997577.135, 1232669.378]","(1077881.375, 1386197.064]","(15938.657, 1232669.378]",*
1193021.3116128664,"(1077881.375, 1232669.378]","(1139513.606, 1323068.719]","(997577.135, 1232669.378]","(1077881.375, 1386197.064]","(15938.657, 1232669.378]",*
1193106.940198023,"(1077881.375, 1232669.378]","(1139513.606, 1323068.719]","(997577.135, 1232669.378]","(1077881.375, 1386197.064]","(15938.657, 1232669.378]",*
1193253.801043337,"(1077881.375, 1232669.378]","(1139513.606, 1323068.719]","(997577.135, 1232669.378]","(1077881.375, 1386197.064]","(15938.657, 1232669.378]",*
1193482.5030929646,"(1077881.375, 1232669.378]","(1139513.606, 1323068.719]","(997577.135, 1232669.378]","(1077881.375, 1386197.064]","(15938.657, 1232669.378]",*
1193519.5083805996,"(1077881.375, 1232669.378]","(1139513.606, 1323068.719]","(997577.135, 1232669.378]","(1077881.375, 1386197.064]","(15938.657, 1232669.378]",*
1193687.1806123066,"(1077881.375, 1232669.378]","(1139513.606, 1323068.719]","(997577.135, 1232669.378]","(1077881.375, 1386197.064]","(15938.657, 1232669.378]",*
1194083.2472498536,"(1077881.375, 1232669.378]","(1139513.606, 1323068.719]","(997577.135, 1232669.378]","(1077881.375, 1386197.064]","(15938.657, 1232669.378]",*
1194113.6937494338,"(1077881.375, 1232669.378]","(1139513.606, 1323068.719]","(997577.135, 1232669.378]","(1077881.375, 1386197.064]","(15938.657, 1232669.378]",*
1194191.8785113744,"(1077881.375, 1232669.378]","(1139513.606, 1323068.719]","(997577.135, 1232669.378]","(1077881.375, 1386197.064]","(15938.657, 1232669.378]",*
1194357.4059239507,"(1077881.375, 1232669.378]","(1139513.606, 1323068.719]","(997577.135, 1232669.378]","(1077881.375, 1386197.064]","(15938.657, 1232669.378]",*
1194440.286317711,"(1077881.375, 1232669.378]","(1139513.606, 1323068.719]","(997577.135, 1232669.378]","(1077881.375, 1386197.064]","(15938.657, 1232669.378]",*
1194515.3380966587,"(1077881.375, 1232669.378]","(1139513.606, 1323068.719]","(997577.135, 1232669.378]","(1077881.375, 1386197.064]","(15938.657, 1232669.378]",*
1194594.988366492,"(1077881.375, 1232669.378]","(1139513.606, 1323068.719]","(997577.135, 1232669.378]","(1077881.375, 1386197.064]","(15938.657, 1232669.378]",*
1194709.6278581591,"(1077881.375, 1232669.378]","(1139513.606, 1323068.719]","(997577.135, 1232669.378]","(1077881.375, 1386197.064]","(15938.657, 1232669.378]",*
1195601.9623484935,"(1077881.375, 1232669.378]","(1139513.606, 1323068.719]","(997577.135, 1232669.378]","(1077881.375, 1386197.064]","(15938.657, 1232669.378]",*
1195897.7405229155,"(1077881.375, 1232669.378]","(1139513.606, 1323068.719]","(997577.135, 1232669.378]","(1077881.375, 1386197.064]","(15938.657, 1232669.378]",*
1195986.2988348743,"(1077881.375, 1232669.378]","(1139513.606, 1323068.719]","(997577.135, 1232669.378]","(1077881.375, 1386197.064]","(15938.657, 1232669.378]",*
1196064.3299441882,"(1077881.375, 1232669.378]","(1139513.606, 1323068.719]","(997577.135, 1232669.378]","(1077881.375, 1386197.064]","(15938.657, 1232669.378]",*
1196204.8862624606,"(1077881.375, 1232669.378]","(1139513.606, 1323068.719]","(997577.135, 1232669.378]","(1077881.375, 1386197.064]","(15938.657, 1232669.378]",*
1196254.1180677337,"(1077881.375, 1232669.378]","(1139513.606, 1323068.719]","(997577.135, 1232669.378]","(1077881.375, 1386197.064]","(15938.657, 1232669.378]",*
1196643.3845282209,"(1077881.375, 1232669.378]","(1139513.606, 1323068.719]","(997577.135, 1232669.378]","(1077881.375, 1386197.064]","(15938.657, 1232669.378]",*
1196687.6867665497,"(1077881.375, 1232669.378]","(1139513.606, 1323068.719]","(997577.135, 1232669.378]","(1077881.375, 1386197.064]","(15938.657, 1232669.378]",*
1196996.6810854594,"(1077881.375, 1232669.378]","(1139513.606, 1323068.719]","(997577.135, 1232669.378]","(1077881.375, 1386197.064]","(15938.657, 1232669.378]",*
1197069.26419774,"(1077881.375, 1232669.378]","(1139513.606, 1323068.719]","(997577.135, 1232669.378]","(1077881.375, 1386197.064]","(15938.657, 1232669.378]",*
1197073.4448150082,"(1077881.375, 1232669.378]","(1139513.606, 1323068.719]","(997577.135, 1232669.378]","(1077881.375, 1386197.064]","(15938.657, 1232669.378]",*
1197307.146008132,"(1077881.375, 1232669.378]","(1139513.606, 1323068.719]","(997577.135, 1232669.378]","(1077881.375, 1386197.064]","(15938.657, 1232669.378]",*
1197437.3440681112,"(1077881.375, 1232669.378]","(1139513.606, 1323068.719]","(997577.135, 1232669.378]","(1077881.375, 1386197.064]","(15938.657, 1232669.378]",*
1197515.4542248368,"(1077881.375, 1232669.378]","(1139513.606, 1323068.719]","(997577.135, 1232669.378]","(1077881.375, 1386197.064]","(15938.657, 1232669.378]",*
1197740.916766395,"(1077881.375, 1232669.378]","(1139513.606, 1323068.719]","(997577.135, 1232669.378]","(1077881.375, 1386197.064]","(15938.657, 1232669.378]",*
1197929.7431864964,"(1077881.375, 1232669.378]","(1139513.606, 1323068.719]","(997577.135, 1232669.378]","(1077881.375, 1386197.064]","(15938.657, 1232669.378]",*
1197975.0854702406,"(1077881.375, 1232669.378]","(1139513.606, 1323068.719]","(997577.135, 1232669.378]","(1077881.375, 1386197.064]","(15938.657, 1232669.378]",*
1198313.5980997651,"(1077881.375, 1232669.378]","(1139513.606, 1323068.719]","(997577.135, 1232669.378]","(1077881.375, 1386197.064]","(15938.657, 1232669.378]",*
1198572.866300251,"(1077881.375, 1232669.378]","(1139513.606, 1323068.719]","(997577.135, 1232669.378]","(1077881.375, 1386197.064]","(15938.657, 1232669.378]",*
1198656.8724076871,"(1077881.375, 1232669.378]","(1139513.606, 1323068.719]","(997577.135, 1232669.378]","(1077881.375, 1386197.064]","(15938.657, 1232669.378]",*
1198678.9842989913,"(1077881.375, 1232669.378]","(1139513.606, 1323068.719]","(997577.135, 1232669.378]","(1077881.375, 1386197.064]","(15938.657, 1232669.378]",*
1198725.4871449017,"(1077881.375, 1232669.378]","(1139513.606, 1323068.719]","(997577.135, 1232669.378]","(1077881.375, 1386197.064]","(15938.657, 1232669.378]",*
1198915.942820417,"(1077881.375, 1232669.378]","(1139513.606, 1323068.719]","(997577.135, 1232669.378]","(1077881.375, 1386197.064]","(15938.657, 1232669.378]",*
1199128.4035644634,"(1077881.375, 1232669.378]","(1139513.606, 1323068.719]","(997577.135, 1232669.378]","(1077881.375, 1386197.064]","(15938.657, 1232669.378]",*
1199144.7879332034,"(1077881.375, 1232669.378]","(1139513.606, 1323068.719]","(997577.135, 1232669.378]","(1077881.375, 1386197.064]","(15938.657, 1232669.378]",*
1199193.8313295112,"(1077881.375, 1232669.378]","(1139513.606, 1323068.719]","(997577.135, 1232669.378]","(1077881.375, 1386197.064]","(15938.657, 1232669.378]",*
1199618.942666095,"(1077881.375, 1232669.378]","(1139513.606, 1323068.719]","(997577.135, 1232669.378]","(1077881.375, 1386197.064]","(15938.657, 1232669.378]",*
1199760.291716345,"(1077881.375, 1232669.378]","(1139513.606, 1323068.719]","(997577.135, 1232669.378]","(1077881.375, 1386197.064]","(15938.657, 1232669.378]",*
1200060.6620374117,"(1077881.375, 1232669.378]","(1139513.606, 1323068.719]","(997577.135, 1232669.378]","(1077881.375, 1386197.064]","(15938.657, 1232669.378]",*
1200125.4471192514,"(1077881.375, 1232669.378]","(1139513.606, 1323068.719]","(997577.135, 1232669.378]","(1077881.375, 1386197.064]","(15938.657, 1232669.378]",*
1200401.9889419326,"(1077881.375, 1232669.378]","(1139513.606, 1323068.719]","(997577.135, 1232669.378]","(1077881.375, 1386197.064]","(15938.657, 1232669.378]",*
1200539.361167783,"(1077881.375, 1232669.378]","(1139513.606, 1323068.719]","(997577.135, 1232669.378]","(1077881.375, 1386197.064]","(15938.657, 1232669.378]",*
1200653.345481142,"(1077881.375, 1232669.378]","(1139513.606, 1323068.719]","(997577.135, 1232669.378]","(1077881.375, 1386197.064]","(15938.657, 1232669.378]",*
1200764.8442004516,"(1077881.375, 1232669.378]","(1139513.606, 1323068.719]","(997577.135, 1232669.378]","(1077881.375, 1386197.064]","(15938.657, 1232669.378]",*
1200888.772691148,"(1077881.375, 1232669.378]","(1139513.606, 1323068.719]","(997577.135, 1232669.378]","(1077881.375, 1386197.064]","(15938.657, 1232669.378]",*
1200961.8209226294,"(1077881.375, 1232669.378]","(1139513.606, 1323068.719]","(997577.135, 1232669.378]","(1077881.375, 1386197.064]","(15938.657, 1232669.378]",*
1201110.2943628735,"(1077881.375, 1232669.378]","(1139513.606, 1323068.719]","(997577.135, 1232669.378]","(1077881.375, 1386197.064]","(15938.657, 1232669.378]",*
1201785.6666717983,"(1077881.375, 1232669.378]","(1139513.606, 1323068.719]","(997577.135, 1232669.378]","(1077881.375, 1386197.064]","(15938.657, 1232669.378]",*
1202050.5842604076,"(1077881.375, 1232669.378]","(1139513.606, 1323068.719]","(997577.135, 1232669.378]","(1077881.375, 1386197.064]","(15938.657, 1232669.378]",*
1202227.9566643513,"(1077881.375, 1232669.378]","(1139513.606, 1323068.719]","(997577.135, 1232669.378]","(1077881.375, 1386197.064]","(15938.657, 1232669.378]",*
1202452.7282114923,"(1077881.375, 1232669.378]","(1139513.606, 1323068.719]","(997577.135, 1232669.378]","(1077881.375, 1386197.064]","(15938.657, 1232669.378]",*
1202574.3530388088,"(1077881.375, 1232669.378]","(1139513.606, 1323068.719]","(997577.135, 1232669.378]","(1077881.375, 1386197.064]","(15938.657, 1232669.378]",*
1202621.178416139,"(1077881.375, 1232669.378]","(1139513.606, 1323068.719]","(997577.135, 1232669.378]","(1077881.375, 1386197.064]","(15938.657, 1232669.378]",*
1202844.3737125816,"(1077881.375, 1232669.378]","(1139513.606, 1323068.719]","(997577.135, 1232669.378]","(1077881.375, 1386197.064]","(15938.657, 1232669.378]",*
1202987.8293471355,"(1077881.375, 1232669.378]","(1139513.606, 1323068.719]","(997577.135, 1232669.378]","(1077881.375, 1386197.064]","(15938.657, 1232669.378]",*
1202992.8841231456,"(1077881.375, 1232669.378]","(1139513.606, 1323068.719]","(997577.135, 1232669.378]","(1077881.375, 1386197.064]","(15938.657, 1232669.378]",*
1203089.9890176975,"(1077881.375, 1232669.378]","(1139513.606, 1323068.719]","(997577.135, 1232669.378]","(1077881.375, 1386197.064]","(15938.657, 1232669.378]",*
1203094.0899540265,"(1077881.375, 1232669.378]","(1139513.606, 1323068.719]","(997577.135, 1232669.378]","(1077881.375, 1386197.064]","(15938.657, 1232669.378]",*
1203247.8901339215,"(1077881.375, 1232669.378]","(1139513.606, 1323068.719]","(997577.135, 1232669.378]","(1077881.375, 1386197.064]","(15938.657, 1232669.378]",*
1203623.8408419904,"(1077881.375, 1232669.378]","(1139513.606, 1323068.719]","(997577.135, 1232669.378]","(1077881.375, 1386197.064]","(15938.657, 1232669.378]",*
1203850.1042760182,"(1077881.375, 1232669.378]","(1139513.606, 1323068.719]","(997577.135, 1232669.378]","(1077881.375, 1386197.064]","(15938.657, 1232669.378]",*
1204103.0865989951,"(1077881.375, 1232669.378]","(1139513.606, 1323068.719]","(997577.135, 1232669.378]","(1077881.375, 1386197.064]","(15938.657, 1232669.378]",*
1204117.4186541142,"(1077881.375, 1232669.378]","(1139513.606, 1323068.719]","(997577.135, 1232669.378]","(1077881.375, 1386197.064]","(15938.657, 1232669.378]",*
1204137.3233669451,"(1077881.375, 1232669.378]","(1139513.606, 1323068.719]","(997577.135, 1232669.378]","(1077881.375, 1386197.064]","(15938.657, 1232669.378]",*
1204214.030496833,"(1077881.375, 1232669.378]","(1139513.606, 1323068.719]","(997577.135, 1232669.378]","(1077881.375, 1386197.064]","(15938.657, 1232669.378]",*
1204372.295219665,"(1077881.375, 1232669.378]","(1139513.606, 1323068.719]","(997577.135, 1232669.378]","(1077881.375, 1386197.064]","(15938.657, 1232669.378]",*
1204400.6157420955,"(1077881.375, 1232669.378]","(1139513.606, 1323068.719]","(997577.135, 1232669.378]","(1077881.375, 1386197.064]","(15938.657, 1232669.378]",*
1204598.0374631258,"(1077881.375, 1232669.378]","(1139513.606, 1323068.719]","(997577.135, 1232669.378]","(1077881.375, 1386197.064]","(15938.657, 1232669.378]",*
1204753.0020550108,"(1077881.375, 1232669.378]","(1139513.606, 1323068.719]","(997577.135, 1232669.378]","(1077881.375, 1386197.064]","(15938.657, 1232669.378]",*
1204939.9039192782,"(1077881.375, 1232669.378]","(1139513.606, 1323068.719]","(997577.135, 1232669.378]","(1077881.375, 1386197.064]","(15938.657, 1232669.378]",*
1205114.2302070523,"(1077881.375, 1232669.378]","(1139513.606, 1323068.719]","(997577.135, 1232669.378]","(1077881.375, 1386197.064]","(15938.657, 1232669.378]",*
1205138.1806132866,"(1077881.375, 1232669.378]","(1139513.606, 1323068.719]","(997577.135, 1232669.378]","(1077881.375, 1386197.064]","(15938.657, 1232669.378]",*
1205212.2919847155,"(1077881.375, 1232669.378]","(1139513.606, 1323068.719]","(997577.135, 1232669.378]","(1077881.375, 1386197.064]","(15938.657, 1232669.378]",*
1205377.9110484202,"(1077881.375, 1232669.378]","(1139513.606, 1323068.719]","(997577.135, 1232669.378]","(1077881.375, 1386197.064]","(15938.657, 1232669.378]",*
1205568.3665622354,"(1077881.375, 1232669.378]","(1139513.606, 1323068.719]","(997577.135, 1232669.378]","(1077881.375, 1386197.064]","(15938.657, 1232669.378]",*
1205706.714723642,"(1077881.375, 1232669.378]","(1139513.606, 1323068.719]","(997577.135, 1232669.378]","(1077881.375, 1386197.064]","(15938.657, 1232669.378]",*
1205750.231944608,"(1077881.375, 1232669.378]","(1139513.606, 1323068.719]","(997577.135, 1232669.378]","(1077881.375, 1386197.064]","(15938.657, 1232669.378]",*
1205878.7696221636,"(1077881.375, 1232669.378]","(1139513.606, 1323068.719]","(997577.135, 1232669.378]","(1077881.375, 1386197.064]","(15938.657, 1232669.378]",*
1205962.994953347,"(1077881.375, 1232669.378]","(1139513.606, 1323068.719]","(997577.135, 1232669.378]","(1077881.375, 1386197.064]","(15938.657, 1232669.378]",*
1206020.384558566,"(1077881.375, 1232669.378]","(1139513.606, 1323068.719]","(997577.135, 1232669.378]","(1077881.375, 1386197.064]","(15938.657, 1232669.378]",*
1206250.647750387,"(1077881.375, 1232669.378]","(1139513.606, 1323068.719]","(997577.135, 1232669.378]","(1077881.375, 1386197.064]","(15938.657, 1232669.378]",*
1206393.1814995254,"(1077881.375, 1232669.378]","(1139513.606, 1323068.719]","(997577.135, 1232669.378]","(1077881.375, 1386197.064]","(15938.657, 1232669.378]",*
1206539.6659618984,"(1077881.375, 1232669.378]","(1139513.606, 1323068.719]","(997577.135, 1232669.378]","(1077881.375, 1386197.064]","(15938.657, 1232669.378]",*
1206931.6504526157,"(1077881.375, 1232669.378]","(1139513.606, 1323068.719]","(997577.135, 1232669.378]","(1077881.375, 1386197.064]","(15938.657, 1232669.378]",*
1206937.31561416,"(1077881.375, 1232669.378]","(1139513.606, 1323068.719]","(997577.135, 1232669.378]","(1077881.375, 1386197.064]","(15938.657, 1232669.378]",*
1206986.885234283,"(1077881.375, 1232669.378]","(1139513.606, 1323068.719]","(997577.135, 1232669.378]","(1077881.375, 1386197.064]","(15938.657, 1232669.378]",*
1208458.2463001548,"(1077881.375, 1232669.378]","(1139513.606, 1323068.719]","(997577.135, 1232669.378]","(1077881.375, 1386197.064]","(15938.657, 1232669.378]",*
1208664.8633815448,"(1077881.375, 1232669.378]","(1139513.606, 1323068.719]","(997577.135, 1232669.378]","(1077881.375, 1386197.064]","(15938.657, 1232669.378]",*
1208761.0558371514,"(1077881.375, 1232669.378]","(1139513.606, 1323068.719]","(997577.135, 1232669.378]","(1077881.375, 1386197.064]","(15938.657, 1232669.378]",*
1208843.2767307777,"(1077881.375, 1232669.378]","(1139513.606, 1323068.719]","(997577.135, 1232669.378]","(1077881.375, 1386197.064]","(15938.657, 1232669.378]",*
1208875.0835810225,"(1077881.375, 1232669.378]","(1139513.606, 1323068.719]","(997577.135, 1232669.378]","(1077881.375, 1386197.064]","(15938.657, 1232669.378]",*
1209287.535497026,"(1077881.375, 1232669.378]","(1139513.606, 1323068.719]","(997577.135, 1232669.378]","(1077881.375, 1386197.064]","(15938.657, 1232669.378]",*
1209445.2203735302,"(1077881.375, 1232669.378]","(1139513.606, 1323068.719]","(997577.135, 1232669.378]","(1077881.375, 1386197.064]","(15938.657, 1232669.378]",*
1209571.072413582,"(1077881.375, 1232669.378]","(1139513.606, 1323068.719]","(997577.135, 1232669.378]","(1077881.375, 1386197.064]","(15938.657, 1232669.378]",*
1209797.5798096356,"(1077881.375, 1232669.378]","(1139513.606, 1323068.719]","(997577.135, 1232669.378]","(1077881.375, 1386197.064]","(15938.657, 1232669.378]",*
1209964.35233124,"(1077881.375, 1232669.378]","(1139513.606, 1323068.719]","(997577.135, 1232669.378]","(1077881.375, 1386197.064]","(15938.657, 1232669.378]",*
1210026.0312604236,"(1077881.375, 1232669.378]","(1139513.606, 1323068.719]","(997577.135, 1232669.378]","(1077881.375, 1386197.064]","(15938.657, 1232669.378]",*
1210046.7408283,"(1077881.375, 1232669.378]","(1139513.606, 1323068.719]","(997577.135, 1232669.378]","(1077881.375, 1386197.064]","(15938.657, 1232669.378]",*
1210161.0704941228,"(1077881.375, 1232669.378]","(1139513.606, 1323068.719]","(997577.135, 1232669.378]","(1077881.375, 1386197.064]","(15938.657, 1232669.378]",*
1210184.01761757,"(1077881.375, 1232669.378]","(1139513.606, 1323068.719]","(997577.135, 1232669.378]","(1077881.375, 1386197.064]","(15938.657, 1232669.378]",*
1210366.528822683,"(1077881.375, 1232669.378]","(1139513.606, 1323068.719]","(997577.135, 1232669.378]","(1077881.375, 1386197.064]","(15938.657, 1232669.378]",*
1210400.1269547315,"(1077881.375, 1232669.378]","(1139513.606, 1323068.719]","(997577.135, 1232669.378]","(1077881.375, 1386197.064]","(15938.657, 1232669.378]",*
1210431.683897847,"(1077881.375, 1232669.378]","(1139513.606, 1323068.719]","(997577.135, 1232669.378]","(1077881.375, 1386197.064]","(15938.657, 1232669.378]",*
1210496.6250449277,"(1077881.375, 1232669.378]","(1139513.606, 1323068.719]","(997577.135, 1232669.378]","(1077881.375, 1386197.064]","(15938.657, 1232669.378]",*
1210573.8552657485,"(1077881.375, 1232669.378]","(1139513.606, 1323068.719]","(997577.135, 1232669.378]","(1077881.375, 1386197.064]","(15938.657, 1232669.378]",*
1210610.162569622,"(1077881.375, 1232669.378]","(1139513.606, 1323068.719]","(997577.135, 1232669.378]","(1077881.375, 1386197.064]","(15938.657, 1232669.378]",*
1210826.7732818108,"(1077881.375, 1232669.378]","(1139513.606, 1323068.719]","(997577.135, 1232669.378]","(1077881.375, 1386197.064]","(15938.657, 1232669.378]",*
1211102.210889241,"(1077881.375, 1232669.378]","(1139513.606, 1323068.719]","(997577.135, 1232669.378]","(1077881.375, 1386197.064]","(15938.657, 1232669.378]",*
1211110.0840824863,"(1077881.375, 1232669.378]","(1139513.606, 1323068.719]","(997577.135, 1232669.378]","(1077881.375, 1386197.064]","(15938.657, 1232669.378]",*
1211442.9407654293,"(1077881.375, 1232669.378]","(1139513.606, 1323068.719]","(997577.135, 1232669.378]","(1077881.375, 1386197.064]","(15938.657, 1232669.378]",*
1211655.3054900412,"(1077881.375, 1232669.378]","(1139513.606, 1323068.719]","(997577.135, 1232669.378]","(1077881.375, 1386197.064]","(15938.657, 1232669.378]",*
1211899.6662200813,"(1077881.375, 1232669.378]","(1139513.606, 1323068.719]","(997577.135, 1232669.378]","(1077881.375, 1386197.064]","(15938.657, 1232669.378]",*
1212205.340652621,"(1077881.375, 1232669.378]","(1139513.606, 1323068.719]","(997577.135, 1232669.378]","(1077881.375, 1386197.064]","(15938.657, 1232669.378]",*
1212276.3574996628,"(1077881.375, 1232669.378]","(1139513.606, 1323068.719]","(997577.135, 1232669.378]","(1077881.375, 1386197.064]","(15938.657, 1232669.378]",*
1212440.289762945,"(1077881.375, 1232669.378]","(1139513.606, 1323068.719]","(997577.135, 1232669.378]","(1077881.375, 1386197.064]","(15938.657, 1232669.378]",*
1212461.5263719282,"(1077881.375, 1232669.378]","(1139513.606, 1323068.719]","(997577.135, 1232669.378]","(1077881.375, 1386197.064]","(15938.657, 1232669.378]",*
1212899.2186562717,"(1077881.375, 1232669.378]","(1139513.606, 1323068.719]","(997577.135, 1232669.378]","(1077881.375, 1386197.064]","(15938.657, 1232669.378]",*
1212939.953517593,"(1077881.375, 1232669.378]","(1139513.606, 1323068.719]","(997577.135, 1232669.378]","(1077881.375, 1386197.064]","(15938.657, 1232669.378]",*
1213351.6322268366,"(1077881.375, 1232669.378]","(1139513.606, 1323068.719]","(997577.135, 1232669.378]","(1077881.375, 1386197.064]","(15938.657, 1232669.378]",*
1213382.2226364696,"(1077881.375, 1232669.378]","(1139513.606, 1323068.719]","(997577.135, 1232669.378]","(1077881.375, 1386197.064]","(15938.657, 1232669.378]",*
1213530.8498658694,"(1077881.375, 1232669.378]","(1139513.606, 1323068.719]","(997577.135, 1232669.378]","(1077881.375, 1386197.064]","(15938.657, 1232669.378]",*
1213852.4729847636,"(1077881.375, 1232669.378]","(1139513.606, 1323068.719]","(997577.135, 1232669.378]","(1077881.375, 1386197.064]","(15938.657, 1232669.378]",*
1214104.9338822474,"(1077881.375, 1232669.378]","(1139513.606, 1323068.719]","(997577.135, 1232669.378]","(1077881.375, 1386197.064]","(15938.657, 1232669.378]",*
1214262.6992737171,"(1077881.375, 1232669.378]","(1139513.606, 1323068.719]","(997577.135, 1232669.378]","(1077881.375, 1386197.064]","(15938.657, 1232669.378]",*
1214320.5743640617,"(1077881.375, 1232669.378]","(1139513.606, 1323068.719]","(997577.135, 1232669.378]","(1077881.375, 1386197.064]","(15938.657, 1232669.378]",*
1214334.973151577,"(1077881.375, 1232669.378]","(1139513.606, 1323068.719]","(997577.135, 1232669.378]","(1077881.375, 1386197.064]","(15938.657, 1232669.378]",*
1214482.378653457,"(1077881.375, 1232669.378]","(1139513.606, 1323068.719]","(997577.135, 1232669.378]","(1077881.375, 1386197.064]","(15938.657, 1232669.378]",*
1214563.1502187783,"(1077881.375, 1232669.378]","(1139513.606, 1323068.719]","(997577.135, 1232669.378]","(1077881.375, 1386197.064]","(15938.657, 1232669.378]",*
1214689.183704473,"(1077881.375, 1232669.378]","(1139513.606, 1323068.719]","(997577.135, 1232669.378]","(1077881.375, 1386197.064]","(15938.657, 1232669.378]",*
1214941.7617265822,"(1077881.375, 1232669.378]","(1139513.606, 1323068.719]","(997577.135, 1232669.378]","(1077881.375, 1386197.064]","(15938.657, 1232669.378]",*
1214986.885715444,"(1077881.375, 1232669.378]","(1139513.606, 1323068.719]","(997577.135, 1232669.378]","(1077881.375, 1386197.064]","(15938.657, 1232669.378]",*
1215288.4895118726,"(1077881.375, 1232669.378]","(1139513.606, 1323068.719]","(997577.135, 1232669.378]","(1077881.375, 1386197.064]","(15938.657, 1232669.378]",*
1215608.5310559657,"(1077881.375, 1232669.378]","(1139513.606, 1323068.719]","(997577.135, 1232669.378]","(1077881.375, 1386197.064]","(15938.657, 1232669.378]",*
1216307.1456612044,"(1077881.375, 1232669.378]","(1139513.606, 1323068.719]","(997577.135, 1232669.378]","(1077881.375, 1386197.064]","(15938.657, 1232669.378]",*
1216888.0202770547,"(1077881.375, 1232669.378]","(1139513.606, 1323068.719]","(997577.135, 1232669.378]","(1077881.375, 1386197.064]","(15938.657, 1232669.378]",*
1217021.518740754,"(1077881.375, 1232669.378]","(1139513.606, 1323068.719]","(997577.135, 1232669.378]","(1077881.375, 1386197.064]","(15938.657, 1232669.378]",*
1217061.2536475826,"(1077881.375, 1232669.378]","(1139513.606, 1323068.719]","(997577.135, 1232669.378]","(1077881.375, 1386197.064]","(15938.657, 1232669.378]",*
1217267.934024366,"(1077881.375, 1232669.378]","(1139513.606, 1323068.719]","(997577.135, 1232669.378]","(1077881.375, 1386197.064]","(15938.657, 1232669.378]",*
1217309.1294013518,"(1077881.375, 1232669.378]","(1139513.606, 1323068.719]","(997577.135, 1232669.378]","(1077881.375, 1386197.064]","(15938.657, 1232669.378]",*
1217320.7028266026,"(1077881.375, 1232669.378]","(1139513.606, 1323068.719]","(997577.135, 1232669.378]","(1077881.375, 1386197.064]","(15938.657, 1232669.378]",*
1218011.060787834,"(1077881.375, 1232669.378]","(1139513.606, 1323068.719]","(997577.135, 1232669.378]","(1077881.375, 1386197.064]","(15938.657, 1232669.378]",*
1218125.212270385,"(1077881.375, 1232669.378]","(1139513.606, 1323068.719]","(997577.135, 1232669.378]","(1077881.375, 1386197.064]","(15938.657, 1232669.378]",*
1218200.811508723,"(1077881.375, 1232669.378]","(1139513.606, 1323068.719]","(997577.135, 1232669.378]","(1077881.375, 1386197.064]","(15938.657, 1232669.378]",*
1218264.0208623344,"(1077881.375, 1232669.378]","(1139513.606, 1323068.719]","(997577.135, 1232669.378]","(1077881.375, 1386197.064]","(15938.657, 1232669.378]",*
1218509.1453244926,"(1077881.375, 1232669.378]","(1139513.606, 1323068.719]","(997577.135, 1232669.378]","(1077881.375, 1386197.064]","(15938.657, 1232669.378]",*
1218566.262361531,"(1077881.375, 1232669.378]","(1139513.606, 1323068.719]","(997577.135, 1232669.378]","(1077881.375, 1386197.064]","(15938.657, 1232669.378]",*
1218635.851406522,"(1077881.375, 1232669.378]","(1139513.606, 1323068.719]","(997577.135, 1232669.378]","(1077881.375, 1386197.064]","(15938.657, 1232669.378]",*
1219154.4031595571,"(1077881.375, 1232669.378]","(1139513.606, 1323068.719]","(997577.135, 1232669.378]","(1077881.375, 1386197.064]","(15938.657, 1232669.378]",*
1219637.366518861,"(1077881.375, 1232669.378]","(1139513.606, 1323068.719]","(997577.135, 1232669.378]","(1077881.375, 1386197.064]","(15938.657, 1232669.378]",*
1219778.0342015522,"(1077881.375, 1232669.378]","(1139513.606, 1323068.719]","(997577.135, 1232669.378]","(1077881.375, 1386197.064]","(15938.657, 1232669.378]",*
1219846.9185098251,"(1077881.375, 1232669.378]","(1139513.606, 1323068.719]","(997577.135, 1232669.378]","(1077881.375, 1386197.064]","(15938.657, 1232669.378]",*
1220001.3342399488,"(1077881.375, 1232669.378]","(1139513.606, 1323068.719]","(997577.135, 1232669.378]","(1077881.375, 1386197.064]","(15938.657, 1232669.378]",*
1220133.3583303108,"(1077881.375, 1232669.378]","(1139513.606, 1323068.719]","(997577.135, 1232669.378]","(1077881.375, 1386197.064]","(15938.657, 1232669.378]",*
1220276.5513435022,"(1077881.375, 1232669.378]","(1139513.606, 1323068.719]","(997577.135, 1232669.378]","(1077881.375, 1386197.064]","(15938.657, 1232669.378]",*
1220591.006042053,"(1077881.375, 1232669.378]","(1139513.606, 1323068.719]","(997577.135, 1232669.378]","(1077881.375, 1386197.064]","(15938.657, 1232669.378]",*
1220700.6961370956,"(1077881.375, 1232669.378]","(1139513.606, 1323068.719]","(997577.135, 1232669.378]","(1077881.375, 1386197.064]","(15938.657, 1232669.378]",*
1220724.1772550123,"(1077881.375, 1232669.378]","(1139513.606, 1323068.719]","(997577.135, 1232669.378]","(1077881.375, 1386197.064]","(15938.657, 1232669.378]",*
1220987.0020716093,"(1077881.375, 1232669.378]","(1139513.606, 1323068.719]","(997577.135, 1232669.378]","(1077881.375, 1386197.064]","(15938.657, 1232669.378]",*
1221823.704469835,"(1077881.375, 1232669.378]","(1139513.606, 1323068.719]","(997577.135, 1232669.378]","(1077881.375, 1386197.064]","(15938.657, 1232669.378]",*
1221827.821998858,"(1077881.375, 1232669.378]","(1139513.606, 1323068.719]","(997577.135, 1232669.378]","(1077881.375, 1386197.064]","(15938.657, 1232669.378]",*
1222020.821335913,"(1077881.375, 1232669.378]","(1139513.606, 1323068.719]","(997577.135, 1232669.378]","(1077881.375, 1386197.064]","(15938.657, 1232669.378]",*
1222041.015832907,"(1077881.375, 1232669.378]","(1139513.606, 1323068.719]","(997577.135, 1232669.378]","(1077881.375, 1386197.064]","(15938.657, 1232669.378]",*
1222045.0908874616,"(1077881.375, 1232669.378]","(1139513.606, 1323068.719]","(997577.135, 1232669.378]","(1077881.375, 1386197.064]","(15938.657, 1232669.378]",*
1222277.0910204104,"(1077881.375, 1232669.378]","(1139513.606, 1323068.719]","(997577.135, 1232669.378]","(1077881.375, 1386197.064]","(15938.657, 1232669.378]",*
1222344.208499258,"(1077881.375, 1232669.378]","(1139513.606, 1323068.719]","(997577.135, 1232669.378]","(1077881.375, 1386197.064]","(15938.657, 1232669.378]",*
1222412.019854086,"(1077881.375, 1232669.378]","(1139513.606, 1323068.719]","(997577.135, 1232669.378]","(1077881.375, 1386197.064]","(15938.657, 1232669.378]",*
1222576.819715059,"(1077881.375, 1232669.378]","(1139513.606, 1323068.719]","(997577.135, 1232669.378]","(1077881.375, 1386197.064]","(15938.657, 1232669.378]",*
1222689.5233795908,"(1077881.375, 1232669.378]","(1139513.606, 1323068.719]","(997577.135, 1232669.378]","(1077881.375, 1386197.064]","(15938.657, 1232669.378]",*
1222701.0121116524,"(1077881.375, 1232669.378]","(1139513.606, 1323068.719]","(997577.135, 1232669.378]","(1077881.375, 1386197.064]","(15938.657, 1232669.378]",*
1222726.5643610675,"(1077881.375, 1232669.378]","(1139513.606, 1323068.719]","(997577.135, 1232669.378]","(1077881.375, 1386197.064]","(15938.657, 1232669.378]",*
1222760.8580467268,"(1077881.375, 1232669.378]","(1139513.606, 1323068.719]","(997577.135, 1232669.378]","(1077881.375, 1386197.064]","(15938.657, 1232669.378]",*
1222799.3397221712,"(1077881.375, 1232669.378]","(1139513.606, 1323068.719]","(997577.135, 1232669.378]","(1077881.375, 1386197.064]","(15938.657, 1232669.378]",*
1222887.1208418093,"(1077881.375, 1232669.378]","(1139513.606, 1323068.719]","(997577.135, 1232669.378]","(1077881.375, 1386197.064]","(15938.657, 1232669.378]",*
1223100.5424955578,"(1077881.375, 1232669.378]","(1139513.606, 1323068.719]","(997577.135, 1232669.378]","(1077881.375, 1386197.064]","(15938.657, 1232669.378]",*
1223261.46230481,"(1077881.375, 1232669.378]","(1139513.606, 1323068.719]","(997577.135, 1232669.378]","(1077881.375, 1386197.064]","(15938.657, 1232669.378]",*
1223432.8397755532,"(1077881.375, 1232669.378]","(1139513.606, 1323068.719]","(997577.135, 1232669.378]","(1077881.375, 1386197.064]","(15938.657, 1232669.378]",*
1223589.0460243686,"(1077881.375, 1232669.378]","(1139513.606, 1323068.719]","(997577.135, 1232669.378]","(1077881.375, 1386197.064]","(15938.657, 1232669.378]",*
1223777.4976237444,"(1077881.375, 1232669.378]","(1139513.606, 1323068.719]","(997577.135, 1232669.378]","(1077881.375, 1386197.064]","(15938.657, 1232669.378]",*
1223915.2526177592,"(1077881.375, 1232669.378]","(1139513.606, 1323068.719]","(997577.135, 1232669.378]","(1077881.375, 1386197.064]","(15938.657, 1232669.378]",*
1224001.870843812,"(1077881.375, 1232669.378]","(1139513.606, 1323068.719]","(997577.135, 1232669.378]","(1077881.375, 1386197.064]","(15938.657, 1232669.378]",*
1224186.6959259962,"(1077881.375, 1232669.378]","(1139513.606, 1323068.719]","(997577.135, 1232669.378]","(1077881.375, 1386197.064]","(15938.657, 1232669.378]",*
1224397.4272492656,"(1077881.375, 1232669.378]","(1139513.606, 1323068.719]","(997577.135, 1232669.378]","(1077881.375, 1386197.064]","(15938.657, 1232669.378]",*
1224454.5474260356,"(1077881.375, 1232669.378]","(1139513.606, 1323068.719]","(997577.135, 1232669.378]","(1077881.375, 1386197.064]","(15938.657, 1232669.378]",*
1224778.6227969725,"(1077881.375, 1232669.378]","(1139513.606, 1323068.719]","(997577.135, 1232669.378]","(1077881.375, 1386197.064]","(15938.657, 1232669.378]",*
1224792.356950685,"(1077881.375, 1232669.378]","(1139513.606, 1323068.719]","(997577.135, 1232669.378]","(1077881.375, 1386197.064]","(15938.657, 1232669.378]",*
1225612.762609846,"(1077881.375, 1232669.378]","(1139513.606, 1323068.719]","(997577.135, 1232669.378]","(1077881.375, 1386197.064]","(15938.657, 1232669.378]",*
1225796.4144416682,"(1077881.375, 1232669.378]","(1139513.606, 1323068.719]","(997577.135, 1232669.378]","(1077881.375, 1386197.064]","(15938.657, 1232669.378]",*
1226041.7830216552,"(1077881.375, 1232669.378]","(1139513.606, 1323068.719]","(997577.135, 1232669.378]","(1077881.375, 1386197.064]","(15938.657, 1232669.378]",*
1226067.3141602448,"(1077881.375, 1232669.378]","(1139513.606, 1323068.719]","(997577.135, 1232669.378]","(1077881.375, 1386197.064]","(15938.657, 1232669.378]",*
1226180.7679891768,"(1077881.375, 1232669.378]","(1139513.606, 1323068.719]","(997577.135, 1232669.378]","(1077881.375, 1386197.064]","(15938.657, 1232669.378]",*
1226440.2471062357,"(1077881.375, 1232669.378]","(1139513.606, 1323068.719]","(997577.135, 1232669.378]","(1077881.375, 1386197.064]","(15938.657, 1232669.378]",*
1226441.4792170248,"(1077881.375, 1232669.378]","(1139513.606, 1323068.719]","(997577.135, 1232669.378]","(1077881.375, 1386197.064]","(15938.657, 1232669.378]",*
1226586.921412926,"(1077881.375, 1232669.378]","(1139513.606, 1323068.719]","(997577.135, 1232669.378]","(1077881.375, 1386197.064]","(15938.657, 1232669.378]",*
1226992.9026520108,"(1077881.375, 1232669.378]","(1139513.606, 1323068.719]","(997577.135, 1232669.378]","(1077881.375, 1386197.064]","(15938.657, 1232669.378]",*
1227167.407601847,"(1077881.375, 1232669.378]","(1139513.606, 1323068.719]","(997577.135, 1232669.378]","(1077881.375, 1386197.064]","(15938.657, 1232669.378]",*
1227401.538986844,"(1077881.375, 1232669.378]","(1139513.606, 1323068.719]","(997577.135, 1232669.378]","(1077881.375, 1386197.064]","(15938.657, 1232669.378]",*
1227568.9580227917,"(1077881.375, 1232669.378]","(1139513.606, 1323068.719]","(997577.135, 1232669.378]","(1077881.375, 1386197.064]","(15938.657, 1232669.378]",*
1227659.7722645034,"(1077881.375, 1232669.378]","(1139513.606, 1323068.719]","(997577.135, 1232669.378]","(1077881.375, 1386197.064]","(15938.657, 1232669.378]",*
1228138.1291208954,"(1077881.375, 1232669.378]","(1139513.606, 1323068.719]","(997577.135, 1232669.378]","(1077881.375, 1386197.064]","(15938.657, 1232669.378]",*
1228323.224905942,"(1077881.375, 1232669.378]","(1139513.606, 1323068.719]","(997577.135, 1232669.378]","(1077881.375, 1386197.064]","(15938.657, 1232669.378]",*
1228362.746896066,"(1077881.375, 1232669.378]","(1139513.606, 1323068.719]","(997577.135, 1232669.378]","(1077881.375, 1386197.064]","(15938.657, 1232669.378]",*
1228517.2072076176,"(1077881.375, 1232669.378]","(1139513.606, 1323068.719]","(997577.135, 1232669.378]","(1077881.375, 1386197.064]","(15938.657, 1232669.378]",*
1228532.3008428714,"(1077881.375, 1232669.378]","(1139513.606, 1323068.719]","(997577.135, 1232669.378]","(1077881.375, 1386197.064]","(15938.657, 1232669.378]",*
1228810.7450455215,"(1077881.375, 1232669.378]","(1139513.606, 1323068.719]","(997577.135, 1232669.378]","(1077881.375, 1386197.064]","(15938.657, 1232669.378]",*
1228879.8670132514,"(1077881.375, 1232669.378]","(1139513.606, 1323068.719]","(997577.135, 1232669.378]","(1077881.375, 1386197.064]","(15938.657, 1232669.378]",*
1228978.2329648542,"(1077881.375, 1232669.378]","(1139513.606, 1323068.719]","(997577.135, 1232669.378]","(1077881.375, 1386197.064]","(15938.657, 1232669.378]",*
1229702.9483640655,"(1077881.375, 1232669.378]","(1139513.606, 1323068.719]","(997577.135, 1232669.378]","(1077881.375, 1386197.064]","(15938.657, 1232669.378]",*
1230097.450945007,"(1077881.375, 1232669.378]","(1139513.606, 1323068.719]","(997577.135, 1232669.378]","(1077881.375, 1386197.064]","(15938.657, 1232669.378]",*
1230149.136786441,"(1077881.375, 1232669.378]","(1139513.606, 1323068.719]","(997577.135, 1232669.378]","(1077881.375, 1386197.064]","(15938.657, 1232669.378]",*
1230363.2340835028,"(1077881.375, 1232669.378]","(1139513.606, 1323068.719]","(997577.135, 1232669.378]","(1077881.375, 1386197.064]","(15938.657, 1232669.378]",*
1230391.468297335,"(1077881.375, 1232669.378]","(1139513.606, 1323068.719]","(997577.135, 1232669.378]","(1077881.375, 1386197.064]","(15938.657, 1232669.378]",*
1230628.9859625204,"(1077881.375, 1232669.378]","(1139513.606, 1323068.719]","(997577.135, 1232669.378]","(1077881.375, 1386197.064]","(15938.657, 1232669.378]",*
1231157.2551474404,"(1077881.375, 1232669.378]","(1139513.606, 1323068.719]","(997577.135, 1232669.378]","(1077881.375, 1386197.064]","(15938.657, 1232669.378]",*
1231452.1888837516,"(1077881.375, 1232669.378]","(1139513.606, 1323068.719]","(997577.135, 1232669.378]","(1077881.375, 1386197.064]","(15938.657, 1232669.378]",*
1231511.931157747,"(1077881.375, 1232669.378]","(1139513.606, 1323068.719]","(997577.135, 1232669.378]","(1077881.375, 1386197.064]","(15938.657, 1232669.378]",*
1231779.1517088283,"(1077881.375, 1232669.378]","(1139513.606, 1323068.719]","(997577.135, 1232669.378]","(1077881.375, 1386197.064]","(15938.657, 1232669.378]",*
1232004.8298347492,"(1077881.375, 1232669.378]","(1139513.606, 1323068.719]","(997577.135, 1232669.378]","(1077881.375, 1386197.064]","(15938.657, 1232669.378]",*
1232014.5271086118,"(1077881.375, 1232669.378]","(1139513.606, 1323068.719]","(997577.135, 1232669.378]","(1077881.375, 1386197.064]","(15938.657, 1232669.378]",*
1232156.01224821,"(1077881.375, 1232669.378]","(1139513.606, 1323068.719]","(997577.135, 1232669.378]","(1077881.375, 1386197.064]","(15938.657, 1232669.378]",*
1232209.4762014195,"(1077881.375, 1232669.378]","(1139513.606, 1323068.719]","(997577.135, 1232669.378]","(1077881.375, 1386197.064]","(15938.657, 1232669.378]",*
1232466.3997601648,"(1077881.375, 1232669.378]","(1139513.606, 1323068.719]","(997577.135, 1232669.378]","(1077881.375, 1386197.064]","(15938.657, 1232669.378]",*
1232872.356171418,"(1232669.378, 1386197.064]","(1139513.606, 1323068.719]","(1232669.378, 1471210.204]","(1077881.375, 1386197.064]","(1232669.378, 2469065.594]",*
1232974.1420829988,"(1232669.378, 1386197.064]","(1139513.606, 1323068.719]","(1232669.378, 1471210.204]","(1077881.375, 1386197.064]","(1232669.378, 2469065.594]",*
1232992.8408057515,"(1232669.378, 1386197.064]","(1139513.606, 1323068.719]","(1232669.378, 1471210.204]","(1077881.375, 1386197.064]","(1232669.378, 2469065.594]",*
1233126.8356523872,"(1232669.378, 1386197.064]","(1139513.606, 1323068.719]","(1232669.378, 1471210.204]","(1077881.375, 1386197.064]","(1232669.378, 2469065.594]",*
1233205.1955834178,"(1232669.378, 1386197.064]","(1139513.606, 1323068.719]","(1232669.378, 1471210.204]","(1077881.375, 1386197.064]","(1232669.378, 2469065.594]",*
1233220.009477811,"(1232669.378, 1386197.064]","(1139513.606, 1323068.719]","(1232669.378, 1471210.204]","(1077881.375, 1386197.064]","(1232669.378, 2469065.594]",*
1233484.4765780976,"(1232669.378, 1386197.064]","(1139513.606, 1323068.719]","(1232669.378, 1471210.204]","(1077881.375, 1386197.064]","(1232669.378, 2469065.594]",*
1233882.5553029585,"(1232669.378, 1386197.064]","(1139513.606, 1323068.719]","(1232669.378, 1471210.204]","(1077881.375, 1386197.064]","(1232669.378, 2469065.594]",*
1233965.837378124,"(1232669.378, 1386197.064]","(1139513.606, 1323068.719]","(1232669.378, 1471210.204]","(1077881.375, 1386197.064]","(1232669.378, 2469065.594]",*
1234037.2359336603,"(1232669.378, 1386197.064]","(1139513.606, 1323068.719]","(1232669.378, 1471210.204]","(1077881.375, 1386197.064]","(1232669.378, 2469065.594]",*
1234531.6005033446,"(1232669.378, 1386197.064]","(1139513.606, 1323068.719]","(1232669.378, 1471210.204]","(1077881.375, 1386197.064]","(1232669.378, 2469065.594]",*
1234609.738908291,"(1232669.378, 1386197.064]","(1139513.606, 1323068.719]","(1232669.378, 1471210.204]","(1077881.375, 1386197.064]","(1232669.378, 2469065.594]",*
1234629.59549004,"(1232669.378, 1386197.064]","(1139513.606, 1323068.719]","(1232669.378, 1471210.204]","(1077881.375, 1386197.064]","(1232669.378, 2469065.594]",*
1234636.45181904,"(1232669.378, 1386197.064]","(1139513.606, 1323068.719]","(1232669.378, 1471210.204]","(1077881.375, 1386197.064]","(1232669.378, 2469065.594]",*
1234837.2060070026,"(1232669.378, 1386197.064]","(1139513.606, 1323068.719]","(1232669.378, 1471210.204]","(1077881.375, 1386197.064]","(1232669.378, 2469065.594]",*
1235144.0963772624,"(1232669.378, 1386197.064]","(1139513.606, 1323068.719]","(1232669.378, 1471210.204]","(1077881.375, 1386197.064]","(1232669.378, 2469065.594]",*
1235226.477832707,"(1232669.378, 1386197.064]","(1139513.606, 1323068.719]","(1232669.378, 1471210.204]","(1077881.375, 1386197.064]","(1232669.378, 2469065.594]",*
1235475.550019035,"(1232669.378, 1386197.064]","(1139513.606, 1323068.719]","(1232669.378, 1471210.204]","(1077881.375, 1386197.064]","(1232669.378, 2469065.594]",*
1235501.486170372,"(1232669.378, 1386197.064]","(1139513.606, 1323068.719]","(1232669.378, 1471210.204]","(1077881.375, 1386197.064]","(1232669.378, 2469065.594]",*
1235591.828348264,"(1232669.378, 1386197.064]","(1139513.606, 1323068.719]","(1232669.378, 1471210.204]","(1077881.375, 1386197.064]","(1232669.378, 2469065.594]",*
1235593.2765775274,"(1232669.378, 1386197.064]","(1139513.606, 1323068.719]","(1232669.378, 1471210.204]","(1077881.375, 1386197.064]","(1232669.378, 2469065.594]",*
1235681.7929598093,"(1232669.378, 1386197.064]","(1139513.606, 1323068.719]","(1232669.378, 1471210.204]","(1077881.375, 1386197.064]","(1232669.378, 2469065.594]",*
1235747.5115915618,"(1232669.378, 1386197.064]","(1139513.606, 1323068.719]","(1232669.378, 1471210.204]","(1077881.375, 1386197.064]","(1232669.378, 2469065.594]",*
1235750.6017170658,"(1232669.378, 1386197.064]","(1139513.606, 1323068.719]","(1232669.378, 1471210.204]","(1077881.375, 1386197.064]","(1232669.378, 2469065.594]",*
1236044.315553221,"(1232669.378, 1386197.064]","(1139513.606, 1323068.719]","(1232669.378, 1471210.204]","(1077881.375, 1386197.064]","(1232669.378, 2469065.594]",*
1236093.9143957258,"(1232669.378, 1386197.064]","(1139513.606, 1323068.719]","(1232669.378, 1471210.204]","(1077881.375, 1386197.064]","(1232669.378, 2469065.594]",*
1236258.07968267,"(1232669.378, 1386197.064]","(1139513.606, 1323068.719]","(1232669.378, 1471210.204]","(1077881.375, 1386197.064]","(1232669.378, 2469065.594]",*
1236308.2799445027,"(1232669.378, 1386197.064]","(1139513.606, 1323068.719]","(1232669.378, 1471210.204]","(1077881.375, 1386197.064]","(1232669.378, 2469065.594]",*
1236633.0865635795,"(1232669.378, 1386197.064]","(1139513.606, 1323068.719]","(1232669.378, 1471210.204]","(1077881.375, 1386197.064]","(1232669.378, 2469065.594]",*
1236874.809187995,"(1232669.378, 1386197.064]","(1139513.606, 1323068.719]","(1232669.378, 1471210.204]","(1077881.375, 1386197.064]","(1232669.378, 2469065.594]",*
1236931.7282626638,"(1232669.378, 1386197.064]","(1139513.606, 1323068.719]","(1232669.378, 1471210.204]","(1077881.375, 1386197.064]","(1232669.378, 2469065.594]",*
1237115.7413000904,"(1232669.378, 1386197.064]","(1139513.606, 1323068.719]","(1232669.378, 1471210.204]","(1077881.375, 1386197.064]","(1232669.378, 2469065.594]",*
1237224.8587518162,"(1232669.378, 1386197.064]","(1139513.606, 1323068.719]","(1232669.378, 1471210.204]","(1077881.375, 1386197.064]","(1232669.378, 2469065.594]",*
1237246.1448766096,"(1232669.378, 1386197.064]","(1139513.606, 1323068.719]","(1232669.378, 1471210.204]","(1077881.375, 1386197.064]","(1232669.378, 2469065.594]",*
1237360.7184158338,"(1232669.378, 1386197.064]","(1139513.606, 1323068.719]","(1232669.378, 1471210.204]","(1077881.375, 1386197.064]","(1232669.378, 2469065.594]",*
1237902.8200737466,"(1232669.378, 1386197.064]","(1139513.606, 1323068.719]","(1232669.378, 1471210.204]","(1077881.375, 1386197.064]","(1232669.378, 2469065.594]",*
1238396.412062526,"(1232669.378, 1386197.064]","(1139513.606, 1323068.719]","(1232669.378, 1471210.204]","(1077881.375, 1386197.064]","(1232669.378, 2469065.594]",*
1238406.1897839587,"(1232669.378, 1386197.064]","(1139513.606, 1323068.719]","(1232669.378, 1471210.204]","(1077881.375, 1386197.064]","(1232669.378, 2469065.594]",*
1238486.1702122071,"(1232669.378, 1386197.064]","(1139513.606, 1323068.719]","(1232669.378, 1471210.204]","(1077881.375, 1386197.064]","(1232669.378, 2469065.594]",*
1238708.7597381796,"(1232669.378, 1386197.064]","(1139513.606, 1323068.719]","(1232669.378, 1471210.204]","(1077881.375, 1386197.064]","(1232669.378, 2469065.594]",*
1238929.1100683312,"(1232669.378, 1386197.064]","(1139513.606, 1323068.719]","(1232669.378, 1471210.204]","(1077881.375, 1386197.064]","(1232669.378, 2469065.594]",*
1238938.2905319994,"(1232669.378, 1386197.064]","(1139513.606, 1323068.719]","(1232669.378, 1471210.204]","(1077881.375, 1386197.064]","(1232669.378, 2469065.594]",*
1239309.9147099557,"(1232669.378, 1386197.064]","(1139513.606, 1323068.719]","(1232669.378, 1471210.204]","(1077881.375, 1386197.064]","(1232669.378, 2469065.594]",*
1239318.1308763127,"(1232669.378, 1386197.064]","(1139513.606, 1323068.719]","(1232669.378, 1471210.204]","(1077881.375, 1386197.064]","(1232669.378, 2469065.594]",*
1239459.8148165469,"(1232669.378, 1386197.064]","(1139513.606, 1323068.719]","(1232669.378, 1471210.204]","(1077881.375, 1386197.064]","(1232669.378, 2469065.594]",*
1239940.0421668063,"(1232669.378, 1386197.064]","(1139513.606, 1323068.719]","(1232669.378, 1471210.204]","(1077881.375, 1386197.064]","(1232669.378, 2469065.594]",*
1240319.6922110629,"(1232669.378, 1386197.064]","(1139513.606, 1323068.719]","(1232669.378, 1471210.204]","(1077881.375, 1386197.064]","(1232669.378, 2469065.594]",*
1240380.4614059897,"(1232669.378, 1386197.064]","(1139513.606, 1323068.719]","(1232669.378, 1471210.204]","(1077881.375, 1386197.064]","(1232669.378, 2469065.594]",*
1240503.524121077,"(1232669.378, 1386197.064]","(1139513.606, 1323068.719]","(1232669.378, 1471210.204]","(1077881.375, 1386197.064]","(1232669.378, 2469065.594]",*
1240754.932046382,"(1232669.378, 1386197.064]","(1139513.606, 1323068.719]","(1232669.378, 1471210.204]","(1077881.375, 1386197.064]","(1232669.378, 2469065.594]",*
1240763.765571478,"(1232669.378, 1386197.064]","(1139513.606, 1323068.719]","(1232669.378, 1471210.204]","(1077881.375, 1386197.064]","(1232669.378, 2469065.594]",*
1240864.1544719306,"(1232669.378, 1386197.064]","(1139513.606, 1323068.719]","(1232669.378, 1471210.204]","(1077881.375, 1386197.064]","(1232669.378, 2469065.594]",*
1241182.8349670342,"(1232669.378, 1386197.064]","(1139513.606, 1323068.719]","(1232669.378, 1471210.204]","(1077881.375, 1386197.064]","(1232669.378, 2469065.594]",*
1241386.7369789924,"(1232669.378, 1386197.064]","(1139513.606, 1323068.719]","(1232669.378, 1471210.204]","(1077881.375, 1386197.064]","(1232669.378, 2469065.594]",*
1241483.6118732512,"(1232669.378, 1386197.064]","(1139513.606, 1323068.719]","(1232669.378, 1471210.204]","(1077881.375, 1386197.064]","(1232669.378, 2469065.594]",*
1241699.117121414,"(1232669.378, 1386197.064]","(1139513.606, 1323068.719]","(1232669.378, 1471210.204]","(1077881.375, 1386197.064]","(1232669.378, 2469065.594]",*
1242111.4283369773,"(1232669.378, 1386197.064]","(1139513.606, 1323068.719]","(1232669.378, 1471210.204]","(1077881.375, 1386197.064]","(1232669.378, 2469065.594]",*
1242114.1008793542,"(1232669.378, 1386197.064]","(1139513.606, 1323068.719]","(1232669.378, 1471210.204]","(1077881.375, 1386197.064]","(1232669.378, 2469065.594]",*
1242316.9909078022,"(1232669.378, 1386197.064]","(1139513.606, 1323068.719]","(1232669.378, 1471210.204]","(1077881.375, 1386197.064]","(1232669.378, 2469065.594]",*
1242421.532051086,"(1232669.378, 1386197.064]","(1139513.606, 1323068.719]","(1232669.378, 1471210.204]","(1077881.375, 1386197.064]","(1232669.378, 2469065.594]",*
1242979.1541040274,"(1232669.378, 1386197.064]","(1139513.606, 1323068.719]","(1232669.378, 1471210.204]","(1077881.375, 1386197.064]","(1232669.378, 2469065.594]",*
1243239.0034040422,"(1232669.378, 1386197.064]","(1139513.606, 1323068.719]","(1232669.378, 1471210.204]","(1077881.375, 1386197.064]","(1232669.378, 2469065.594]",*
1243491.5716775164,"(1232669.378, 1386197.064]","(1139513.606, 1323068.719]","(1232669.378, 1471210.204]","(1077881.375, 1386197.064]","(1232669.378, 2469065.594]",*
1243501.6508387062,"(1232669.378, 1386197.064]","(1139513.606, 1323068.719]","(1232669.378, 1471210.204]","(1077881.375, 1386197.064]","(1232669.378, 2469065.594]",*
1243748.1191462476,"(1232669.378, 1386197.064]","(1139513.606, 1323068.719]","(1232669.378, 1471210.204]","(1077881.375, 1386197.064]","(1232669.378, 2469065.594]",*
1243838.6342287173,"(1232669.378, 1386197.064]","(1139513.606, 1323068.719]","(1232669.378, 1471210.204]","(1077881.375, 1386197.064]","(1232669.378, 2469065.594]",*
1243879.8299386548,"(1232669.378, 1386197.064]","(1139513.606, 1323068.719]","(1232669.378, 1471210.204]","(1077881.375, 1386197.064]","(1232669.378, 2469065.594]",*
1243918.8107245015,"(1232669.378, 1386197.064]","(1139513.606, 1323068.719]","(1232669.378, 1471210.204]","(1077881.375, 1386197.064]","(1232669.378, 2469065.594]",*
1243981.9458579402,"(1232669.378, 1386197.064]","(1139513.606, 1323068.719]","(1232669.378, 1471210.204]","(1077881.375, 1386197.064]","(1232669.378, 2469065.594]",*
1244248.524945985,"(1232669.378, 1386197.064]","(1139513.606, 1323068.719]","(1232669.378, 1471210.204]","(1077881.375, 1386197.064]","(1232669.378, 2469065.594]",*
1244440.1347023242,"(1232669.378, 1386197.064]","(1139513.606, 1323068.719]","(1232669.378, 1471210.204]","(1077881.375, 1386197.064]","(1232669.378, 2469065.594]",*
1244563.274691745,"(1232669.378, 1386197.064]","(1139513.606, 1323068.719]","(1232669.378, 1471210.204]","(1077881.375, 1386197.064]","(1232669.378, 2469065.594]",*
1244630.997600002,"(1232669.378, 1386197.064]","(1139513.606, 1323068.719]","(1232669.378, 1471210.204]","(1077881.375, 1386197.064]","(1232669.378, 2469065.594]",*
1244631.5193582582,"(1232669.378, 1386197.064]","(1139513.606, 1323068.719]","(1232669.378, 1471210.204]","(1077881.375, 1386197.064]","(1232669.378, 2469065.594]",*
1244789.0220019894,"(1232669.378, 1386197.064]","(1139513.606, 1323068.719]","(1232669.378, 1471210.204]","(1077881.375, 1386197.064]","(1232669.378, 2469065.594]",*
1244881.3632416883,"(1232669.378, 1386197.064]","(1139513.606, 1323068.719]","(1232669.378, 1471210.204]","(1077881.375, 1386197.064]","(1232669.378, 2469065.594]",*
1244916.547543288,"(1232669.378, 1386197.064]","(1139513.606, 1323068.719]","(1232669.378, 1471210.204]","(1077881.375, 1386197.064]","(1232669.378, 2469065.594]",*
1244955.4607115337,"(1232669.378, 1386197.064]","(1139513.606, 1323068.719]","(1232669.378, 1471210.204]","(1077881.375, 1386197.064]","(1232669.378, 2469065.594]",*
1245053.4325274914,"(1232669.378, 1386197.064]","(1139513.606, 1323068.719]","(1232669.378, 1471210.204]","(1077881.375, 1386197.064]","(1232669.378, 2469065.594]",*
1245070.33791015,"(1232669.378, 1386197.064]","(1139513.606, 1323068.719]","(1232669.378, 1471210.204]","(1077881.375, 1386197.064]","(1232669.378, 2469065.594]",*
1245400.955310805,"(1232669.378, 1386197.064]","(1139513.606, 1323068.719]","(1232669.378, 1471210.204]","(1077881.375, 1386197.064]","(1232669.378, 2469065.594]",*
1245749.5943833694,"(1232669.378, 1386197.064]","(1139513.606, 1323068.719]","(1232669.378, 1471210.204]","(1077881.375, 1386197.064]","(1232669.378, 2469065.594]",*
1245785.0509590923,"(1232669.378, 1386197.064]","(1139513.606, 1323068.719]","(1232669.378, 1471210.204]","(1077881.375, 1386197.064]","(1232669.378, 2469065.594]",*
1245788.3028062156,"(1232669.378, 1386197.064]","(1139513.606, 1323068.719]","(1232669.378, 1471210.204]","(1077881.375, 1386197.064]","(1232669.378, 2469065.594]",*
1245947.1023549838,"(1232669.378, 1386197.064]","(1139513.606, 1323068.719]","(1232669.378, 1471210.204]","(1077881.375, 1386197.064]","(1232669.378, 2469065.594]",*
1245967.7994219903,"(1232669.378, 1386197.064]","(1139513.606, 1323068.719]","(1232669.378, 1471210.204]","(1077881.375, 1386197.064]","(1232669.378, 2469065.594]",*
1246015.2968581112,"(1232669.378, 1386197.064]","(1139513.606, 1323068.719]","(1232669.378, 1471210.204]","(1077881.375, 1386197.064]","(1232669.378, 2469065.594]",*
1246218.3100606224,"(1232669.378, 1386197.064]","(1139513.606, 1323068.719]","(1232669.378, 1471210.204]","(1077881.375, 1386197.064]","(1232669.378, 2469065.594]",*
1246246.8277597644,"(1232669.378, 1386197.064]","(1139513.606, 1323068.719]","(1232669.378, 1471210.204]","(1077881.375, 1386197.064]","(1232669.378, 2469065.594]",*
1246270.009685807,"(1232669.378, 1386197.064]","(1139513.606, 1323068.719]","(1232669.378, 1471210.204]","(1077881.375, 1386197.064]","(1232669.378, 2469065.594]",*
1246410.340577982,"(1232669.378, 1386197.064]","(1139513.606, 1323068.719]","(1232669.378, 1471210.204]","(1077881.375, 1386197.064]","(1232669.378, 2469065.594]",*
1246440.855634546,"(1232669.378, 1386197.064]","(1139513.606, 1323068.719]","(1232669.378, 1471210.204]","(1077881.375, 1386197.064]","(1232669.378, 2469065.594]",*
1246485.1835210803,"(1232669.378, 1386197.064]","(1139513.606, 1323068.719]","(1232669.378, 1471210.204]","(1077881.375, 1386197.064]","(1232669.378, 2469065.594]",*
1246509.1402311178,"(1232669.378, 1386197.064]","(1139513.606, 1323068.719]","(1232669.378, 1471210.204]","(1077881.375, 1386197.064]","(1232669.378, 2469065.594]",*
1246595.160288169,"(1232669.378, 1386197.064]","(1139513.606, 1323068.719]","(1232669.378, 1471210.204]","(1077881.375, 1386197.064]","(1232669.378, 2469065.594]",*
1246791.0287114407,"(1232669.378, 1386197.064]","(1139513.606, 1323068.719]","(1232669.378, 1471210.204]","(1077881.375, 1386197.064]","(1232669.378, 2469065.594]",*
1246830.1884286287,"(1232669.378, 1386197.064]","(1139513.606, 1323068.719]","(1232669.378, 1471210.204]","(1077881.375, 1386197.064]","(1232669.378, 2469065.594]",*
1246936.9457814738,"(1232669.378, 1386197.064]","(1139513.606, 1323068.719]","(1232669.378, 1471210.204]","(1077881.375, 1386197.064]","(1232669.378, 2469065.594]",*
1247002.1642628403,"(1232669.378, 1386197.064]","(1139513.606, 1323068.719]","(1232669.378, 1471210.204]","(1077881.375, 1386197.064]","(1232669.378, 2469065.594]",*
1247281.6983108672,"(1232669.378, 1386197.064]","(1139513.606, 1323068.719]","(1232669.378, 1471210.204]","(1077881.375, 1386197.064]","(1232669.378, 2469065.594]",*
1247289.4901993414,"(1232669.378, 1386197.064]","(1139513.606, 1323068.719]","(1232669.378, 1471210.204]","(1077881.375, 1386197.064]","(1232669.378, 2469065.594]",*
1247384.0849486168,"(1232669.378, 1386197.064]","(1139513.606, 1323068.719]","(1232669.378, 1471210.204]","(1077881.375, 1386197.064]","(1232669.378, 2469065.594]",*
1247557.6951939955,"(1232669.378, 1386197.064]","(1139513.606, 1323068.719]","(1232669.378, 1471210.204]","(1077881.375, 1386197.064]","(1232669.378, 2469065.594]",*
1247581.2116132637,"(1232669.378, 1386197.064]","(1139513.606, 1323068.719]","(1232669.378, 1471210.204]","(1077881.375, 1386197.064]","(1232669.378, 2469065.594]",*
1247645.409710813,"(1232669.378, 1386197.064]","(1139513.606, 1323068.719]","(1232669.378, 1471210.204]","(1077881.375, 1386197.064]","(1232669.378, 2469065.594]",*
1247660.9897520875,"(1232669.378, 1386197.064]","(1139513.606, 1323068.719]","(1232669.378, 1471210.204]","(1077881.375, 1386197.064]","(1232669.378, 2469065.594]",*
1248130.5205878613,"(1232669.378, 1386197.064]","(1139513.606, 1323068.719]","(1232669.378, 1471210.204]","(1077881.375, 1386197.064]","(1232669.378, 2469065.594]",*
1248689.6011870943,"(1232669.378, 1386197.064]","(1139513.606, 1323068.719]","(1232669.378, 1471210.204]","(1077881.375, 1386197.064]","(1232669.378, 2469065.594]",*
1248741.8646745014,"(1232669.378, 1386197.064]","(1139513.606, 1323068.719]","(1232669.378, 1471210.204]","(1077881.375, 1386197.064]","(1232669.378, 2469065.594]",*
1248845.2090319684,"(1232669.378, 1386197.064]","(1139513.606, 1323068.719]","(1232669.378, 1471210.204]","(1077881.375, 1386197.064]","(1232669.378, 2469065.594]",*
1249092.9279203585,"(1232669.378, 1386197.064]","(1139513.606, 1323068.719]","(1232669.378, 1471210.204]","(1077881.375, 1386197.064]","(1232669.378, 2469065.594]",*
1249173.6911755214,"(1232669.378, 1386197.064]","(1139513.606, 1323068.719]","(1232669.378, 1471210.204]","(1077881.375, 1386197.064]","(1232669.378, 2469065.594]",*
1249223.8310440492,"(1232669.378, 1386197.064]","(1139513.606, 1323068.719]","(1232669.378, 1471210.204]","(1077881.375, 1386197.064]","(1232669.378, 2469065.594]",*
1249331.4501907614,"(1232669.378, 1386197.064]","(1139513.606, 1323068.719]","(1232669.378, 1471210.204]","(1077881.375, 1386197.064]","(1232669.378, 2469065.594]",*
1249417.896552621,"(1232669.378, 1386197.064]","(1139513.606, 1323068.719]","(1232669.378, 1471210.204]","(1077881.375, 1386197.064]","(1232669.378, 2469065.594]",*
1249461.5616007491,"(1232669.378, 1386197.064]","(1139513.606, 1323068.719]","(1232669.378, 1471210.204]","(1077881.375, 1386197.064]","(1232669.378, 2469065.594]",*
1249669.6282565668,"(1232669.378, 1386197.064]","(1139513.606, 1323068.719]","(1232669.378, 1471210.204]","(1077881.375, 1386197.064]","(1232669.378, 2469065.594]",*
1249914.0785097177,"(1232669.378, 1386197.064]","(1139513.606, 1323068.719]","(1232669.378, 1471210.204]","(1077881.375, 1386197.064]","(1232669.378, 2469065.594]",*
1249914.394842537,"(1232669.378, 1386197.064]","(1139513.606, 1323068.719]","(1232669.378, 1471210.204]","(1077881.375, 1386197.064]","(1232669.378, 2469065.594]",*
1250144.0124389715,"(1232669.378, 1386197.064]","(1139513.606, 1323068.719]","(1232669.378, 1471210.204]","(1077881.375, 1386197.064]","(1232669.378, 2469065.594]",*
1250494.7397056855,"(1232669.378, 1386197.064]","(1139513.606, 1323068.719]","(1232669.378, 1471210.204]","(1077881.375, 1386197.064]","(1232669.378, 2469065.594]",*
1250866.566789625,"(1232669.378, 1386197.064]","(1139513.606, 1323068.719]","(1232669.378, 1471210.204]","(1077881.375, 1386197.064]","(1232669.378, 2469065.594]",*
1250882.2917570665,"(1232669.378, 1386197.064]","(1139513.606, 1323068.719]","(1232669.378, 1471210.204]","(1077881.375, 1386197.064]","(1232669.378, 2469065.594]",*
1250958.248014175,"(1232669.378, 1386197.064]","(1139513.606, 1323068.719]","(1232669.378, 1471210.204]","(1077881.375, 1386197.064]","(1232669.378, 2469065.594]",*
1251063.649954826,"(1232669.378, 1386197.064]","(1139513.606, 1323068.719]","(1232669.378, 1471210.204]","(1077881.375, 1386197.064]","(1232669.378, 2469065.594]",*
1251430.920318619,"(1232669.378, 1386197.064]","(1139513.606, 1323068.719]","(1232669.378, 1471210.204]","(1077881.375, 1386197.064]","(1232669.378, 2469065.594]",*
1251566.478453565,"(1232669.378, 1386197.064]","(1139513.606, 1323068.719]","(1232669.378, 1471210.204]","(1077881.375, 1386197.064]","(1232669.378, 2469065.594]",*
1251663.8512621766,"(1232669.378, 1386197.064]","(1139513.606, 1323068.719]","(1232669.378, 1471210.204]","(1077881.375, 1386197.064]","(1232669.378, 2469065.594]",*
1251688.6157028745,"(1232669.378, 1386197.064]","(1139513.606, 1323068.719]","(1232669.378, 1471210.204]","(1077881.375, 1386197.064]","(1232669.378, 2469065.594]",*
1251757.1930129784,"(1232669.378, 1386197.064]","(1139513.606, 1323068.719]","(1232669.378, 1471210.204]","(1077881.375, 1386197.064]","(1232669.378, 2469065.594]",*
1251794.178836864,"(1232669.378, 1386197.064]","(1139513.606, 1323068.719]","(1232669.378, 1471210.204]","(1077881.375, 1386197.064]","(1232669.378, 2469065.594]",*
1251873.6242326582,"(1232669.378, 1386197.064]","(1139513.606, 1323068.719]","(1232669.378, 1471210.204]","(1077881.375, 1386197.064]","(1232669.378, 2469065.594]",*
1252391.1798421678,"(1232669.378, 1386197.064]","(1139513.606, 1323068.719]","(1232669.378, 1471210.204]","(1077881.375, 1386197.064]","(1232669.378, 2469065.594]",*
1252416.6912618277,"(1232669.378, 1386197.064]","(1139513.606, 1323068.719]","(1232669.378, 1471210.204]","(1077881.375, 1386197.064]","(1232669.378, 2469065.594]",*
1252419.1963991649,"(1232669.378, 1386197.064]","(1139513.606, 1323068.719]","(1232669.378, 1471210.204]","(1077881.375, 1386197.064]","(1232669.378, 2469065.594]",*
1252663.6213763226,"(1232669.378, 1386197.064]","(1139513.606, 1323068.719]","(1232669.378, 1471210.204]","(1077881.375, 1386197.064]","(1232669.378, 2469065.594]",*
1252691.7928813468,"(1232669.378, 1386197.064]","(1139513.606, 1323068.719]","(1232669.378, 1471210.204]","(1077881.375, 1386197.064]","(1232669.378, 2469065.594]",*
1252723.429640374,"(1232669.378, 1386197.064]","(1139513.606, 1323068.719]","(1232669.378, 1471210.204]","(1077881.375, 1386197.064]","(1232669.378, 2469065.594]",*
1252733.0965516055,"(1232669.378, 1386197.064]","(1139513.606, 1323068.719]","(1232669.378, 1471210.204]","(1077881.375, 1386197.064]","(1232669.378, 2469065.594]",*
1253359.9540054663,"(1232669.378, 1386197.064]","(1139513.606, 1323068.719]","(1232669.378, 1471210.204]","(1077881.375, 1386197.064]","(1232669.378, 2469065.594]",*
1253370.1489213388,"(1232669.378, 1386197.064]","(1139513.606, 1323068.719]","(1232669.378, 1471210.204]","(1077881.375, 1386197.064]","(1232669.378, 2469065.594]",*
1253434.3975152122,"(1232669.378, 1386197.064]","(1139513.606, 1323068.719]","(1232669.378, 1471210.204]","(1077881.375, 1386197.064]","(1232669.378, 2469065.594]",*
1253609.7640408725,"(1232669.378, 1386197.064]","(1139513.606, 1323068.719]","(1232669.378, 1471210.204]","(1077881.375, 1386197.064]","(1232669.378, 2469065.594]",*
1253648.3243637006,"(1232669.378, 1386197.064]","(1139513.606, 1323068.719]","(1232669.378, 1471210.204]","(1077881.375, 1386197.064]","(1232669.378, 2469065.594]",*
1254912.4627296426,"(1232669.378, 1386197.064]","(1139513.606, 1323068.719]","(1232669.378, 1471210.204]","(1077881.375, 1386197.064]","(1232669.378, 2469065.594]",*
1254938.142307008,"(1232669.378, 1386197.064]","(1139513.606, 1323068.719]","(1232669.378, 1471210.204]","(1077881.375, 1386197.064]","(1232669.378, 2469065.594]",*
1255202.109838792,"(1232669.378, 1386197.064]","(1139513.606, 1323068.719]","(1232669.378, 1471210.204]","(1077881.375, 1386197.064]","(1232669.378, 2469065.594]",*
1255576.272954358,"(1232669.378, 1386197.064]","(1139513.606, 1323068.719]","(1232669.378, 1471210.204]","(1077881.375, 1386197.064]","(1232669.378, 2469065.594]",*
1255736.4085876248,"(1232669.378, 1386197.064]","(1139513.606, 1323068.719]","(1232669.378, 1471210.204]","(1077881.375, 1386197.064]","(1232669.378, 2469065.594]",*
1256086.507059112,"(1232669.378, 1386197.064]","(1139513.606, 1323068.719]","(1232669.378, 1471210.204]","(1077881.375, 1386197.064]","(1232669.378, 2469065.594]",*
1256469.641595803,"(1232669.378, 1386197.064]","(1139513.606, 1323068.719]","(1232669.378, 1471210.204]","(1077881.375, 1386197.064]","(1232669.378, 2469065.594]",*
1256599.1787555614,"(1232669.378, 1386197.064]","(1139513.606, 1323068.719]","(1232669.378, 1471210.204]","(1077881.375, 1386197.064]","(1232669.378, 2469065.594]",*
1257101.592892312,"(1232669.378, 1386197.064]","(1139513.606, 1323068.719]","(1232669.378, 1471210.204]","(1077881.375, 1386197.064]","(1232669.378, 2469065.594]",*
1257217.289710507,"(1232669.378, 1386197.064]","(1139513.606, 1323068.719]","(1232669.378, 1471210.204]","(1077881.375, 1386197.064]","(1232669.378, 2469065.594]",*
1257282.1585904048,"(1232669.378, 1386197.064]","(1139513.606, 1323068.719]","(1232669.378, 1471210.204]","(1077881.375, 1386197.064]","(1232669.378, 2469065.594]",*
1257376.1736885186,"(1232669.378, 1386197.064]","(1139513.606, 1323068.719]","(1232669.378, 1471210.204]","(1077881.375, 1386197.064]","(1232669.378, 2469065.594]",*
1257433.085604563,"(1232669.378, 1386197.064]","(1139513.606, 1323068.719]","(1232669.378, 1471210.204]","(1077881.375, 1386197.064]","(1232669.378, 2469065.594]",*
1257780.0670395987,"(1232669.378, 1386197.064]","(1139513.606, 1323068.719]","(1232669.378, 1471210.204]","(1077881.375, 1386197.064]","(1232669.378, 2469065.594]",*
1258178.804411881,"(1232669.378, 1386197.064]","(1139513.606, 1323068.719]","(1232669.378, 1471210.204]","(1077881.375, 1386197.064]","(1232669.378, 2469065.594]",*
1258563.8586458303,"(1232669.378, 1386197.064]","(1139513.606, 1323068.719]","(1232669.378, 1471210.204]","(1077881.375, 1386197.064]","(1232669.378, 2469065.594]",*
1258686.2857108044,"(1232669.378, 1386197.064]","(1139513.606, 1323068.719]","(1232669.378, 1471210.204]","(1077881.375, 1386197.064]","(1232669.378, 2469065.594]",*
1258957.6199939076,"(1232669.378, 1386197.064]","(1139513.606, 1323068.719]","(1232669.378, 1471210.204]","(1077881.375, 1386197.064]","(1232669.378, 2469065.594]",*
1259163.0652436588,"(1232669.378, 1386197.064]","(1139513.606, 1323068.719]","(1232669.378, 1471210.204]","(1077881.375, 1386197.064]","(1232669.378, 2469065.594]",*
1259190.7062030674,"(1232669.378, 1386197.064]","(1139513.606, 1323068.719]","(1232669.378, 1471210.204]","(1077881.375, 1386197.064]","(1232669.378, 2469065.594]",*
1259357.0232683488,"(1232669.378, 1386197.064]","(1139513.606, 1323068.719]","(1232669.378, 1471210.204]","(1077881.375, 1386197.064]","(1232669.378, 2469065.594]",*
1259665.602981643,"(1232669.378, 1386197.064]","(1139513.606, 1323068.719]","(1232669.378, 1471210.204]","(1077881.375, 1386197.064]","(1232669.378, 2469065.594]",*
1259733.6438110752,"(1232669.378, 1386197.064]","(1139513.606, 1323068.719]","(1232669.378, 1471210.204]","(1077881.375, 1386197.064]","(1232669.378, 2469065.594]",*
1259919.9826535122,"(1232669.378, 1386197.064]","(1139513.606, 1323068.719]","(1232669.378, 1471210.204]","(1077881.375, 1386197.064]","(1232669.378, 2469065.594]",*
1260241.3960622712,"(1232669.378, 1386197.064]","(1139513.606, 1323068.719]","(1232669.378, 1471210.204]","(1077881.375, 1386197.064]","(1232669.378, 2469065.594]",*
1260374.9663434993,"(1232669.378, 1386197.064]","(1139513.606, 1323068.719]","(1232669.378, 1471210.204]","(1077881.375, 1386197.064]","(1232669.378, 2469065.594]",*
1260484.4621029706,"(1232669.378, 1386197.064]","(1139513.606, 1323068.719]","(1232669.378, 1471210.204]","(1077881.375, 1386197.064]","(1232669.378, 2469065.594]",*
1260616.8066294468,"(1232669.378, 1386197.064]","(1139513.606, 1323068.719]","(1232669.378, 1471210.204]","(1077881.375, 1386197.064]","(1232669.378, 2469065.594]",*
1260814.4318730172,"(1232669.378, 1386197.064]","(1139513.606, 1323068.719]","(1232669.378, 1471210.204]","(1077881.375, 1386197.064]","(1232669.378, 2469065.594]",*
1260826.637997184,"(1232669.378, 1386197.064]","(1139513.606, 1323068.719]","(1232669.378, 1471210.204]","(1077881.375, 1386197.064]","(1232669.378, 2469065.594]",*
1261239.2721713646,"(1232669.378, 1386197.064]","(1139513.606, 1323068.719]","(1232669.378, 1471210.204]","(1077881.375, 1386197.064]","(1232669.378, 2469065.594]",*
1261491.4253835727,"(1232669.378, 1386197.064]","(1139513.606, 1323068.719]","(1232669.378, 1471210.204]","(1077881.375, 1386197.064]","(1232669.378, 2469065.594]",*
1261681.960817626,"(1232669.378, 1386197.064]","(1139513.606, 1323068.719]","(1232669.378, 1471210.204]","(1077881.375, 1386197.064]","(1232669.378, 2469065.594]",*
1261715.4616659957,"(1232669.378, 1386197.064]","(1139513.606, 1323068.719]","(1232669.378, 1471210.204]","(1077881.375, 1386197.064]","(1232669.378, 2469065.594]",*
1261761.2309397706,"(1232669.378, 1386197.064]","(1139513.606, 1323068.719]","(1232669.378, 1471210.204]","(1077881.375, 1386197.064]","(1232669.378, 2469065.594]",*
1261843.8443217382,"(1232669.378, 1386197.064]","(1139513.606, 1323068.719]","(1232669.378, 1471210.204]","(1077881.375, 1386197.064]","(1232669.378, 2469065.594]",*
1261927.418880633,"(1232669.378, 1386197.064]","(1139513.606, 1323068.719]","(1232669.378, 1471210.204]","(1077881.375, 1386197.064]","(1232669.378, 2469065.594]",*
1262012.9263482816,"(1232669.378, 1386197.064]","(1139513.606, 1323068.719]","(1232669.378, 1471210.204]","(1077881.375, 1386197.064]","(1232669.378, 2469065.594]",*
1262017.792059947,"(1232669.378, 1386197.064]","(1139513.606, 1323068.719]","(1232669.378, 1471210.204]","(1077881.375, 1386197.064]","(1232669.378, 2469065.594]",*
1262104.9263349092,"(1232669.378, 1386197.064]","(1139513.606, 1323068.719]","(1232669.378, 1471210.204]","(1077881.375, 1386197.064]","(1232669.378, 2469065.594]",*
1262187.0415469888,"(1232669.378, 1386197.064]","(1139513.606, 1323068.719]","(1232669.378, 1471210.204]","(1077881.375, 1386197.064]","(1232669.378, 2469065.594]",*
1262232.32130769,"(1232669.378, 1386197.064]","(1139513.606, 1323068.719]","(1232669.378, 1471210.204]","(1077881.375, 1386197.064]","(1232669.378, 2469065.594]",*
1262281.4856597355,"(1232669.378, 1386197.064]","(1139513.606, 1323068.719]","(1232669.378, 1471210.204]","(1077881.375, 1386197.064]","(1232669.378, 2469065.594]",*
1262465.9893029726,"(1232669.378, 1386197.064]","(1139513.606, 1323068.719]","(1232669.378, 1471210.204]","(1077881.375, 1386197.064]","(1232669.378, 2469065.594]",*
1262494.286828816,"(1232669.378, 1386197.064]","(1139513.606, 1323068.719]","(1232669.378, 1471210.204]","(1077881.375, 1386197.064]","(1232669.378, 2469065.594]",*
1262552.685917803,"(1232669.378, 1386197.064]","(1139513.606, 1323068.719]","(1232669.378, 1471210.204]","(1077881.375, 1386197.064]","(1232669.378, 2469065.594]",*
1262963.8612687287,"(1232669.378, 1386197.064]","(1139513.606, 1323068.719]","(1232669.378, 1471210.204]","(1077881.375, 1386197.064]","(1232669.378, 2469065.594]",*
1263018.1269889686,"(1232669.378, 1386197.064]","(1139513.606, 1323068.719]","(1232669.378, 1471210.204]","(1077881.375, 1386197.064]","(1232669.378, 2469065.594]",*
1263720.517856778,"(1232669.378, 1386197.064]","(1139513.606, 1323068.719]","(1232669.378, 1471210.204]","(1077881.375, 1386197.064]","(1232669.378, 2469065.594]",*
1263743.970748335,"(1232669.378, 1386197.064]","(1139513.606, 1323068.719]","(1232669.378, 1471210.204]","(1077881.375, 1386197.064]","(1232669.378, 2469065.594]",*
1264972.4420392748,"(1232669.378, 1386197.064]","(1139513.606, 1323068.719]","(1232669.378, 1471210.204]","(1077881.375, 1386197.064]","(1232669.378, 2469065.594]",*
1265180.9089164848,"(1232669.378, 1386197.064]","(1139513.606, 1323068.719]","(1232669.378, 1471210.204]","(1077881.375, 1386197.064]","(1232669.378, 2469065.594]",*
1265760.2002425168,"(1232669.378, 1386197.064]","(1139513.606, 1323068.719]","(1232669.378, 1471210.204]","(1077881.375, 1386197.064]","(1232669.378, 2469065.594]",*
1265927.359738196,"(1232669.378, 1386197.064]","(1139513.606, 1323068.719]","(1232669.378, 1471210.204]","(1077881.375, 1386197.064]","(1232669.378, 2469065.594]",*
1266209.7532091062,"(1232669.378, 1386197.064]","(1139513.606, 1323068.719]","(1232669.378, 1471210.204]","(1077881.375, 1386197.064]","(1232669.378, 2469065.594]",*
1266616.5467141946,"(1232669.378, 1386197.064]","(1139513.606, 1323068.719]","(1232669.378, 1471210.204]","(1077881.375, 1386197.064]","(1232669.378, 2469065.594]",*
1266747.8295374303,"(1232669.378, 1386197.064]","(1139513.606, 1323068.719]","(1232669.378, 1471210.204]","(1077881.375, 1386197.064]","(1232669.378, 2469065.594]",*
1266947.2639766412,"(1232669.378, 1386197.064]","(1139513.606, 1323068.719]","(1232669.378, 1471210.204]","(1077881.375, 1386197.064]","(1232669.378, 2469065.594]",*
1267150.8366871378,"(1232669.378, 1386197.064]","(1139513.606, 1323068.719]","(1232669.378, 1471210.204]","(1077881.375, 1386197.064]","(1232669.378, 2469065.594]",*
1267433.9085794506,"(1232669.378, 1386197.064]","(1139513.606, 1323068.719]","(1232669.378, 1471210.204]","(1077881.375, 1386197.064]","(1232669.378, 2469065.594]",*
1267443.3976117745,"(1232669.378, 1386197.064]","(1139513.606, 1323068.719]","(1232669.378, 1471210.204]","(1077881.375, 1386197.064]","(1232669.378, 2469065.594]",*
1267714.1492267174,"(1232669.378, 1386197.064]","(1139513.606, 1323068.719]","(1232669.378, 1471210.204]","(1077881.375, 1386197.064]","(1232669.378, 2469065.594]",*
1267803.3168403537,"(1232669.378, 1386197.064]","(1139513.606, 1323068.719]","(1232669.378, 1471210.204]","(1077881.375, 1386197.064]","(1232669.378, 2469065.594]",*
1267986.687523998,"(1232669.378, 1386197.064]","(1139513.606, 1323068.719]","(1232669.378, 1471210.204]","(1077881.375, 1386197.064]","(1232669.378, 2469065.594]",*
1268125.8377629935,"(1232669.378, 1386197.064]","(1139513.606, 1323068.719]","(1232669.378, 1471210.204]","(1077881.375, 1386197.064]","(1232669.378, 2469065.594]",*
1268134.9292279817,"(1232669.378, 1386197.064]","(1139513.606, 1323068.719]","(1232669.378, 1471210.204]","(1077881.375, 1386197.064]","(1232669.378, 2469065.594]",*
1268421.104189113,"(1232669.378, 1386197.064]","(1139513.606, 1323068.719]","(1232669.378, 1471210.204]","(1077881.375, 1386197.064]","(1232669.378, 2469065.594]",*
1268570.8085187648,"(1232669.378, 1386197.064]","(1139513.606, 1323068.719]","(1232669.378, 1471210.204]","(1077881.375, 1386197.064]","(1232669.378, 2469065.594]",*
1268600.3609331837,"(1232669.378, 1386197.064]","(1139513.606, 1323068.719]","(1232669.378, 1471210.204]","(1077881.375, 1386197.064]","(1232669.378, 2469065.594]",*
1268703.8107933956,"(1232669.378, 1386197.064]","(1139513.606, 1323068.719]","(1232669.378, 1471210.204]","(1077881.375, 1386197.064]","(1232669.378, 2469065.594]",*
1268964.7954015422,"(1232669.378, 1386197.064]","(1139513.606, 1323068.719]","(1232669.378, 1471210.204]","(1077881.375, 1386197.064]","(1232669.378, 2469065.594]",*
1269293.208736044,"(1232669.378, 1386197.064]","(1139513.606, 1323068.719]","(1232669.378, 1471210.204]","(1077881.375, 1386197.064]","(1232669.378, 2469065.594]",*
1269486.3372270886,"(1232669.378, 1386197.064]","(1139513.606, 1323068.719]","(1232669.378, 1471210.204]","(1077881.375, 1386197.064]","(1232669.378, 2469065.594]",*
1269811.089152703,"(1232669.378, 1386197.064]","(1139513.606, 1323068.719]","(1232669.378, 1471210.204]","(1077881.375, 1386197.064]","(1232669.378, 2469065.594]",*
1270047.528129398,"(1232669.378, 1386197.064]","(1139513.606, 1323068.719]","(1232669.378, 1471210.204]","(1077881.375, 1386197.064]","(1232669.378, 2469065.594]",*
1270297.5449310536,"(1232669.378, 1386197.064]","(1139513.606, 1323068.719]","(1232669.378, 1471210.204]","(1077881.375, 1386197.064]","(1232669.378, 2469065.594]",*
1270390.2484683355,"(1232669.378, 1386197.064]","(1139513.606, 1323068.719]","(1232669.378, 1471210.204]","(1077881.375, 1386197.064]","(1232669.378, 2469065.594]",*
1270432.3996253265,"(1232669.378, 1386197.064]","(1139513.606, 1323068.719]","(1232669.378, 1471210.204]","(1077881.375, 1386197.064]","(1232669.378, 2469065.594]",*
1270502.8705288451,"(1232669.378, 1386197.064]","(1139513.606, 1323068.719]","(1232669.378, 1471210.204]","(1077881.375, 1386197.064]","(1232669.378, 2469065.594]",*
1270543.4641944906,"(1232669.378, 1386197.064]","(1139513.606, 1323068.719]","(1232669.378, 1471210.204]","(1077881.375, 1386197.064]","(1232669.378, 2469065.594]",*
1270869.783171925,"(1232669.378, 1386197.064]","(1139513.606, 1323068.719]","(1232669.378, 1471210.204]","(1077881.375, 1386197.064]","(1232669.378, 2469065.594]",*
1270905.0203813943,"(1232669.378, 1386197.064]","(1139513.606, 1323068.719]","(1232669.378, 1471210.204]","(1077881.375, 1386197.064]","(1232669.378, 2469065.594]",*
1270928.0343699888,"(1232669.378, 1386197.064]","(1139513.606, 1323068.719]","(1232669.378, 1471210.204]","(1077881.375, 1386197.064]","(1232669.378, 2469065.594]",*
1270963.5632637104,"(1232669.378, 1386197.064]","(1139513.606, 1323068.719]","(1232669.378, 1471210.204]","(1077881.375, 1386197.064]","(1232669.378, 2469065.594]",*
1270999.9393805678,"(1232669.378, 1386197.064]","(1139513.606, 1323068.719]","(1232669.378, 1471210.204]","(1077881.375, 1386197.064]","(1232669.378, 2469065.594]",*
1271340.3814239912,"(1232669.378, 1386197.064]","(1139513.606, 1323068.719]","(1232669.378, 1471210.204]","(1077881.375, 1386197.064]","(1232669.378, 2469065.594]",*
1271396.518005975,"(1232669.378, 1386197.064]","(1139513.606, 1323068.719]","(1232669.378, 1471210.204]","(1077881.375, 1386197.064]","(1232669.378, 2469065.594]",*
1271518.964260625,"(1232669.378, 1386197.064]","(1139513.606, 1323068.719]","(1232669.378, 1471210.204]","(1077881.375, 1386197.064]","(1232669.378, 2469065.594]",*
1271752.4319501128,"(1232669.378, 1386197.064]","(1139513.606, 1323068.719]","(1232669.378, 1471210.204]","(1077881.375, 1386197.064]","(1232669.378, 2469065.594]",*
1272180.196538667,"(1232669.378, 1386197.064]","(1139513.606, 1323068.719]","(1232669.378, 1471210.204]","(1077881.375, 1386197.064]","(1232669.378, 2469065.594]",*
1272337.503505837,"(1232669.378, 1386197.064]","(1139513.606, 1323068.719]","(1232669.378, 1471210.204]","(1077881.375, 1386197.064]","(1232669.378, 2469065.594]",*
1272719.6318939514,"(1232669.378, 1386197.064]","(1139513.606, 1323068.719]","(1232669.378, 1471210.204]","(1077881.375, 1386197.064]","(1232669.378, 2469065.594]",*
1273067.036027562,"(1232669.378, 1386197.064]","(1139513.606, 1323068.719]","(1232669.378, 1471210.204]","(1077881.375, 1386197.064]","(1232669.378, 2469065.594]",*
1273120.2588270574,"(1232669.378, 1386197.064]","(1139513.606, 1323068.719]","(1232669.378, 1471210.204]","(1077881.375, 1386197.064]","(1232669.378, 2469065.594]",*
1273308.7102709203,"(1232669.378, 1386197.064]","(1139513.606, 1323068.719]","(1232669.378, 1471210.204]","(1077881.375, 1386197.064]","(1232669.378, 2469065.594]",*
1273518.7367614836,"(1232669.378, 1386197.064]","(1139513.606, 1323068.719]","(1232669.378, 1471210.204]","(1077881.375, 1386197.064]","(1232669.378, 2469065.594]",*
1273554.2778351835,"(1232669.378, 1386197.064]","(1139513.606, 1323068.719]","(1232669.378, 1471210.204]","(1077881.375, 1386197.064]","(1232669.378, 2469065.594]",*
1273629.1243166476,"(1232669.378, 1386197.064]","(1139513.606, 1323068.719]","(1232669.378, 1471210.204]","(1077881.375, 1386197.064]","(1232669.378, 2469065.594]",*
1273631.2670727102,"(1232669.378, 1386197.064]","(1139513.606, 1323068.719]","(1232669.378, 1471210.204]","(1077881.375, 1386197.064]","(1232669.378, 2469065.594]",*
1273868.0636587085,"(1232669.378, 1386197.064]","(1139513.606, 1323068.719]","(1232669.378, 1471210.204]","(1077881.375, 1386197.064]","(1232669.378, 2469065.594]",*
1273988.4829565596,"(1232669.378, 1386197.064]","(1139513.606, 1323068.719]","(1232669.378, 1471210.204]","(1077881.375, 1386197.064]","(1232669.378, 2469065.594]",*
1274053.63988823,"(1232669.378, 1386197.064]","(1139513.606, 1323068.719]","(1232669.378, 1471210.204]","(1077881.375, 1386197.064]","(1232669.378, 2469065.594]",*
1274474.5458934947,"(1232669.378, 1386197.064]","(1139513.606, 1323068.719]","(1232669.378, 1471210.204]","(1077881.375, 1386197.064]","(1232669.378, 2469065.594]",*
1274983.6480731445,"(1232669.378, 1386197.064]","(1139513.606, 1323068.719]","(1232669.378, 1471210.204]","(1077881.375, 1386197.064]","(1232669.378, 2469065.594]",*
1275143.1684079738,"(1232669.378, 1386197.064]","(1139513.606, 1323068.719]","(1232669.378, 1471210.204]","(1077881.375, 1386197.064]","(1232669.378, 2469065.594]",*
1275208.5770321414,"(1232669.378, 1386197.064]","(1139513.606, 1323068.719]","(1232669.378, 1471210.204]","(1077881.375, 1386197.064]","(1232669.378, 2469065.594]",*
1275318.5622062266,"(1232669.378, 1386197.064]","(1139513.606, 1323068.719]","(1232669.378, 1471210.204]","(1077881.375, 1386197.064]","(1232669.378, 2469065.594]",*
1275403.4641792628,"(1232669.378, 1386197.064]","(1139513.606, 1323068.719]","(1232669.378, 1471210.204]","(1077881.375, 1386197.064]","(1232669.378, 2469065.594]",*
1275497.1606266203,"(1232669.378, 1386197.064]","(1139513.606, 1323068.719]","(1232669.378, 1471210.204]","(1077881.375, 1386197.064]","(1232669.378, 2469065.594]",*
1275676.9813869123,"(1232669.378, 1386197.064]","(1139513.606, 1323068.719]","(1232669.378, 1471210.204]","(1077881.375, 1386197.064]","(1232669.378, 2469065.594]",*
1276259.0183221009,"(1232669.378, 1386197.064]","(1139513.606, 1323068.719]","(1232669.378, 1471210.204]","(1077881.375, 1386197.064]","(1232669.378, 2469065.594]",*
1276448.792042974,"(1232669.378, 1386197.064]","(1139513.606, 1323068.719]","(1232669.378, 1471210.204]","(1077881.375, 1386197.064]","(1232669.378, 2469065.594]",*
1276471.5809718044,"(1232669.378, 1386197.064]","(1139513.606, 1323068.719]","(1232669.378, 1471210.204]","(1077881.375, 1386197.064]","(1232669.378, 2469065.594]",*
1276494.7645634962,"(1232669.378, 1386197.064]","(1139513.606, 1323068.719]","(1232669.378, 1471210.204]","(1077881.375, 1386197.064]","(1232669.378, 2469065.594]",*
1276987.4919659288,"(1232669.378, 1386197.064]","(1139513.606, 1323068.719]","(1232669.378, 1471210.204]","(1077881.375, 1386197.064]","(1232669.378, 2469065.594]",*
1277112.116945467,"(1232669.378, 1386197.064]","(1139513.606, 1323068.719]","(1232669.378, 1471210.204]","(1077881.375, 1386197.064]","(1232669.378, 2469065.594]",*
1277148.9962932265,"(1232669.378, 1386197.064]","(1139513.606, 1323068.719]","(1232669.378, 1471210.204]","(1077881.375, 1386197.064]","(1232669.378, 2469065.594]",*
1277172.4757745827,"(1232669.378, 1386197.064]","(1139513.606, 1323068.719]","(1232669.378, 1471210.204]","(1077881.375, 1386197.064]","(1232669.378, 2469065.594]",*
1277297.48311534,"(1232669.378, 1386197.064]","(1139513.606, 1323068.719]","(1232669.378, 1471210.204]","(1077881.375, 1386197.064]","(1232669.378, 2469065.594]",*
1277380.5286085252,"(1232669.378, 1386197.064]","(1139513.606, 1323068.719]","(1232669.378, 1471210.204]","(1077881.375, 1386197.064]","(1232669.378, 2469065.594]",*
1277744.7389113496,"(1232669.378, 1386197.064]","(1139513.606, 1323068.719]","(1232669.378, 1471210.204]","(1077881.375, 1386197.064]","(1232669.378, 2469065.594]",*
1277780.5122094348,"(1232669.378, 1386197.064]","(1139513.606, 1323068.719]","(1232669.378, 1471210.204]","(1077881.375, 1386197.064]","(1232669.378, 2469065.594]",*
1278204.781562914,"(1232669.378, 1386197.064]","(1139513.606, 1323068.719]","(1232669.378, 1471210.204]","(1077881.375, 1386197.064]","(1232669.378, 2469065.594]",*
1278365.7674917756,"(1232669.378, 1386197.064]","(1139513.606, 1323068.719]","(1232669.378, 1471210.204]","(1077881.375, 1386197.064]","(1232669.378, 2469065.594]",*
1278618.6203141354,"(1232669.378, 1386197.064]","(1139513.606, 1323068.719]","(1232669.378, 1471210.204]","(1077881.375, 1386197.064]","(1232669.378, 2469065.594]",*
1278991.6886996122,"(1232669.378, 1386197.064]","(1139513.606, 1323068.719]","(1232669.378, 1471210.204]","(1077881.375, 1386197.064]","(1232669.378, 2469065.594]",*
1279051.6694156602,"(1232669.378, 1386197.064]","(1139513.606, 1323068.719]","(1232669.378, 1471210.204]","(1077881.375, 1386197.064]","(1232669.378, 2469065.594]",*
1279117.9650857162,"(1232669.378, 1386197.064]","(1139513.606, 1323068.719]","(1232669.378, 1471210.204]","(1077881.375, 1386197.064]","(1232669.378, 2469065.594]",*
1279160.9875854698,"(1232669.378, 1386197.064]","(1139513.606, 1323068.719]","(1232669.378, 1471210.204]","(1077881.375, 1386197.064]","(1232669.378, 2469065.594]",*
1279279.7998179044,"(1232669.378, 1386197.064]","(1139513.606, 1323068.719]","(1232669.378, 1471210.204]","(1077881.375, 1386197.064]","(1232669.378, 2469065.594]",*
1279353.9245121088,"(1232669.378, 1386197.064]","(1139513.606, 1323068.719]","(1232669.378, 1471210.204]","(1077881.375, 1386197.064]","(1232669.378, 2469065.594]",*
1279464.6466970122,"(1232669.378, 1386197.064]","(1139513.606, 1323068.719]","(1232669.378, 1471210.204]","(1077881.375, 1386197.064]","(1232669.378, 2469065.594]",*
1279681.154396593,"(1232669.378, 1386197.064]","(1139513.606, 1323068.719]","(1232669.378, 1471210.204]","(1077881.375, 1386197.064]","(1232669.378, 2469065.594]",*
1279777.3787882745,"(1232669.378, 1386197.064]","(1139513.606, 1323068.719]","(1232669.378, 1471210.204]","(1077881.375, 1386197.064]","(1232669.378, 2469065.594]",*
1279803.950080495,"(1232669.378, 1386197.064]","(1139513.606, 1323068.719]","(1232669.378, 1471210.204]","(1077881.375, 1386197.064]","(1232669.378, 2469065.594]",*
1279945.5101680192,"(1232669.378, 1386197.064]","(1139513.606, 1323068.719]","(1232669.378, 1471210.204]","(1077881.375, 1386197.064]","(1232669.378, 2469065.594]",*
1280199.2946554031,"(1232669.378, 1386197.064]","(1139513.606, 1323068.719]","(1232669.378, 1471210.204]","(1077881.375, 1386197.064]","(1232669.378, 2469065.594]",*
1280230.6253682314,"(1232669.378, 1386197.064]","(1139513.606, 1323068.719]","(1232669.378, 1471210.204]","(1077881.375, 1386197.064]","(1232669.378, 2469065.594]",*
1280276.4243760272,"(1232669.378, 1386197.064]","(1139513.606, 1323068.719]","(1232669.378, 1471210.204]","(1077881.375, 1386197.064]","(1232669.378, 2469065.594]",*
1280431.5736478446,"(1232669.378, 1386197.064]","(1139513.606, 1323068.719]","(1232669.378, 1471210.204]","(1077881.375, 1386197.064]","(1232669.378, 2469065.594]",*
1280548.0885839586,"(1232669.378, 1386197.064]","(1139513.606, 1323068.719]","(1232669.378, 1471210.204]","(1077881.375, 1386197.064]","(1232669.378, 2469065.594]",*
1280588.3418971745,"(1232669.378, 1386197.064]","(1139513.606, 1323068.719]","(1232669.378, 1471210.204]","(1077881.375, 1386197.064]","(1232669.378, 2469065.594]",*
1280669.8734660477,"(1232669.378, 1386197.064]","(1139513.606, 1323068.719]","(1232669.378, 1471210.204]","(1077881.375, 1386197.064]","(1232669.378, 2469065.594]",*
1280700.4032528442,"(1232669.378, 1386197.064]","(1139513.606, 1323068.719]","(1232669.378, 1471210.204]","(1077881.375, 1386197.064]","(1232669.378, 2469065.594]",*
1280910.189933004,"(1232669.378, 1386197.064]","(1139513.606, 1323068.719]","(1232669.378, 1471210.204]","(1077881.375, 1386197.064]","(1232669.378, 2469065.594]",*
1280995.5491585608,"(1232669.378, 1386197.064]","(1139513.606, 1323068.719]","(1232669.378, 1471210.204]","(1077881.375, 1386197.064]","(1232669.378, 2469065.594]",*
1281113.31524688,"(1232669.378, 1386197.064]","(1139513.606, 1323068.719]","(1232669.378, 1471210.204]","(1077881.375, 1386197.064]","(1232669.378, 2469065.594]",*
1281308.3316020842,"(1232669.378, 1386197.064]","(1139513.606, 1323068.719]","(1232669.378, 1471210.204]","(1077881.375, 1386197.064]","(1232669.378, 2469065.594]",*
1281378.1744748696,"(1232669.378, 1386197.064]","(1139513.606, 1323068.719]","(1232669.378, 1471210.204]","(1077881.375, 1386197.064]","(1232669.378, 2469065.594]",*
1281537.3681660516,"(1232669.378, 1386197.064]","(1139513.606, 1323068.719]","(1232669.378, 1471210.204]","(1077881.375, 1386197.064]","(1232669.378, 2469065.594]",*
1281741.1633804708,"(1232669.378, 1386197.064]","(1139513.606, 1323068.719]","(1232669.378, 1471210.204]","(1077881.375, 1386197.064]","(1232669.378, 2469065.594]",*
1281777.5811675105,"(1232669.378, 1386197.064]","(1139513.606, 1323068.719]","(1232669.378, 1471210.204]","(1077881.375, 1386197.064]","(1232669.378, 2469065.594]",*
1282258.0932930836,"(1232669.378, 1386197.064]","(1139513.606, 1323068.719]","(1232669.378, 1471210.204]","(1077881.375, 1386197.064]","(1232669.378, 2469065.594]",*
1282339.3498764976,"(1232669.378, 1386197.064]","(1139513.606, 1323068.719]","(1232669.378, 1471210.204]","(1077881.375, 1386197.064]","(1232669.378, 2469065.594]",*
1282365.4620236778,"(1232669.378, 1386197.064]","(1139513.606, 1323068.719]","(1232669.378, 1471210.204]","(1077881.375, 1386197.064]","(1232669.378, 2469065.594]",*
1282758.90307051,"(1232669.378, 1386197.064]","(1139513.606, 1323068.719]","(1232669.378, 1471210.204]","(1077881.375, 1386197.064]","(1232669.378, 2469065.594]",*
1283151.8016653536,"(1232669.378, 1386197.064]","(1139513.606, 1323068.719]","(1232669.378, 1471210.204]","(1077881.375, 1386197.064]","(1232669.378, 2469065.594]",*
1283208.8291335374,"(1232669.378, 1386197.064]","(1139513.606, 1323068.719]","(1232669.378, 1471210.204]","(1077881.375, 1386197.064]","(1232669.378, 2469065.594]",*
1283401.789251874,"(1232669.378, 1386197.064]","(1139513.606, 1323068.719]","(1232669.378, 1471210.204]","(1077881.375, 1386197.064]","(1232669.378, 2469065.594]",*
1283415.2655546074,"(1232669.378, 1386197.064]","(1139513.606, 1323068.719]","(1232669.378, 1471210.204]","(1077881.375, 1386197.064]","(1232669.378, 2469065.594]",*
1283480.4394007365,"(1232669.378, 1386197.064]","(1139513.606, 1323068.719]","(1232669.378, 1471210.204]","(1077881.375, 1386197.064]","(1232669.378, 2469065.594]",*
1283590.4588727625,"(1232669.378, 1386197.064]","(1139513.606, 1323068.719]","(1232669.378, 1471210.204]","(1077881.375, 1386197.064]","(1232669.378, 2469065.594]",*
1283764.7877560898,"(1232669.378, 1386197.064]","(1139513.606, 1323068.719]","(1232669.378, 1471210.204]","(1077881.375, 1386197.064]","(1232669.378, 2469065.594]",*
1283996.96848927,"(1232669.378, 1386197.064]","(1139513.606, 1323068.719]","(1232669.378, 1471210.204]","(1077881.375, 1386197.064]","(1232669.378, 2469065.594]",*
1285019.1365090108,"(1232669.378, 1386197.064]","(1139513.606, 1323068.719]","(1232669.378, 1471210.204]","(1077881.375, 1386197.064]","(1232669.378, 2469065.594]",*
1285098.6907913624,"(1232669.378, 1386197.064]","(1139513.606, 1323068.719]","(1232669.378, 1471210.204]","(1077881.375, 1386197.064]","(1232669.378, 2469065.594]",*
1285157.8695856398,"(1232669.378, 1386197.064]","(1139513.606, 1323068.719]","(1232669.378, 1471210.204]","(1077881.375, 1386197.064]","(1232669.378, 2469065.594]",*
1285202.33657612,"(1232669.378, 1386197.064]","(1139513.606, 1323068.719]","(1232669.378, 1471210.204]","(1077881.375, 1386197.064]","(1232669.378, 2469065.594]",*
1285312.24421709,"(1232669.378, 1386197.064]","(1139513.606, 1323068.719]","(1232669.378, 1471210.204]","(1077881.375, 1386197.064]","(1232669.378, 2469065.594]",*
1285399.5645622916,"(1232669.378, 1386197.064]","(1139513.606, 1323068.719]","(1232669.378, 1471210.204]","(1077881.375, 1386197.064]","(1232669.378, 2469065.594]",*
1285923.734211907,"(1232669.378, 1386197.064]","(1139513.606, 1323068.719]","(1232669.378, 1471210.204]","(1077881.375, 1386197.064]","(1232669.378, 2469065.594]",*
1285933.4084066823,"(1232669.378, 1386197.064]","(1139513.606, 1323068.719]","(1232669.378, 1471210.204]","(1077881.375, 1386197.064]","(1232669.378, 2469065.594]",*
1286400.915009066,"(1232669.378, 1386197.064]","(1139513.606, 1323068.719]","(1232669.378, 1471210.204]","(1077881.375, 1386197.064]","(1232669.378, 2469065.594]",*
1286477.3958779026,"(1232669.378, 1386197.064]","(1139513.606, 1323068.719]","(1232669.378, 1471210.204]","(1077881.375, 1386197.064]","(1232669.378, 2469065.594]",*
1286572.9785179656,"(1232669.378, 1386197.064]","(1139513.606, 1323068.719]","(1232669.378, 1471210.204]","(1077881.375, 1386197.064]","(1232669.378, 2469065.594]",*
1286974.6967228483,"(1232669.378, 1386197.064]","(1139513.606, 1323068.719]","(1232669.378, 1471210.204]","(1077881.375, 1386197.064]","(1232669.378, 2469065.594]",*
1286980.8074177934,"(1232669.378, 1386197.064]","(1139513.606, 1323068.719]","(1232669.378, 1471210.204]","(1077881.375, 1386197.064]","(1232669.378, 2469065.594]",*
1287030.9316908938,"(1232669.378, 1386197.064]","(1139513.606, 1323068.719]","(1232669.378, 1471210.204]","(1077881.375, 1386197.064]","(1232669.378, 2469065.594]",*
1287325.381856674,"(1232669.378, 1386197.064]","(1139513.606, 1323068.719]","(1232669.378, 1471210.204]","(1077881.375, 1386197.064]","(1232669.378, 2469065.594]",*
1287784.3040333614,"(1232669.378, 1386197.064]","(1139513.606, 1323068.719]","(1232669.378, 1471210.204]","(1077881.375, 1386197.064]","(1232669.378, 2469065.594]",*
1287903.352195353,"(1232669.378, 1386197.064]","(1139513.606, 1323068.719]","(1232669.378, 1471210.204]","(1077881.375, 1386197.064]","(1232669.378, 2469065.594]",*
1288069.226448916,"(1232669.378, 1386197.064]","(1139513.606, 1323068.719]","(1232669.378, 1471210.204]","(1077881.375, 1386197.064]","(1232669.378, 2469065.594]",*
1288122.6243460544,"(1232669.378, 1386197.064]","(1139513.606, 1323068.719]","(1232669.378, 1471210.204]","(1077881.375, 1386197.064]","(1232669.378, 2469065.594]",*
1288199.1527291734,"(1232669.378, 1386197.064]","(1139513.606, 1323068.719]","(1232669.378, 1471210.204]","(1077881.375, 1386197.064]","(1232669.378, 2469065.594]",*
1288426.6939028532,"(1232669.378, 1386197.064]","(1139513.606, 1323068.719]","(1232669.378, 1471210.204]","(1077881.375, 1386197.064]","(1232669.378, 2469065.594]",*
1288490.2684409255,"(1232669.378, 1386197.064]","(1139513.606, 1323068.719]","(1232669.378, 1471210.204]","(1077881.375, 1386197.064]","(1232669.378, 2469065.594]",*
1289008.216604162,"(1232669.378, 1386197.064]","(1139513.606, 1323068.719]","(1232669.378, 1471210.204]","(1077881.375, 1386197.064]","(1232669.378, 2469065.594]",*
1289042.121469333,"(1232669.378, 1386197.064]","(1139513.606, 1323068.719]","(1232669.378, 1471210.204]","(1077881.375, 1386197.064]","(1232669.378, 2469065.594]",*
1289082.3630250026,"(1232669.378, 1386197.064]","(1139513.606, 1323068.719]","(1232669.378, 1471210.204]","(1077881.375, 1386197.064]","(1232669.378, 2469065.594]",*
1289190.7626395207,"(1232669.378, 1386197.064]","(1139513.606, 1323068.719]","(1232669.378, 1471210.204]","(1077881.375, 1386197.064]","(1232669.378, 2469065.594]",*
1289201.390733304,"(1232669.378, 1386197.064]","(1139513.606, 1323068.719]","(1232669.378, 1471210.204]","(1077881.375, 1386197.064]","(1232669.378, 2469065.594]",*
1290043.366614489,"(1232669.378, 1386197.064]","(1139513.606, 1323068.719]","(1232669.378, 1471210.204]","(1077881.375, 1386197.064]","(1232669.378, 2469065.594]",*
1290324.6486199498,"(1232669.378, 1386197.064]","(1139513.606, 1323068.719]","(1232669.378, 1471210.204]","(1077881.375, 1386197.064]","(1232669.378, 2469065.594]",*
1290755.036070184,"(1232669.378, 1386197.064]","(1139513.606, 1323068.719]","(1232669.378, 1471210.204]","(1077881.375, 1386197.064]","(1232669.378, 2469065.594]",*
1290784.4908596615,"(1232669.378, 1386197.064]","(1139513.606, 1323068.719]","(1232669.378, 1471210.204]","(1077881.375, 1386197.064]","(1232669.378, 2469065.594]",*
1291331.5184858206,"(1232669.378, 1386197.064]","(1139513.606, 1323068.719]","(1232669.378, 1471210.204]","(1077881.375, 1386197.064]","(1232669.378, 2469065.594]",*
1291506.385764535,"(1232669.378, 1386197.064]","(1139513.606, 1323068.719]","(1232669.378, 1471210.204]","(1077881.375, 1386197.064]","(1232669.378, 2469065.594]",*
1291759.392660681,"(1232669.378, 1386197.064]","(1139513.606, 1323068.719]","(1232669.378, 1471210.204]","(1077881.375, 1386197.064]","(1232669.378, 2469065.594]",*
1292287.0948426991,"(1232669.378, 1386197.064]","(1139513.606, 1323068.719]","(1232669.378, 1471210.204]","(1077881.375, 1386197.064]","(1232669.378, 2469065.594]",*
1292592.392096719,"(1232669.378, 1386197.064]","(1139513.606, 1323068.719]","(1232669.378, 1471210.204]","(1077881.375, 1386197.064]","(1232669.378, 2469065.594]",*
1292643.5202523577,"(1232669.378, 1386197.064]","(1139513.606, 1323068.719]","(1232669.378, 1471210.204]","(1077881.375, 1386197.064]","(1232669.378, 2469065.594]",*
1292740.4464302254,"(1232669.378, 1386197.064]","(1139513.606, 1323068.719]","(1232669.378, 1471210.204]","(1077881.375, 1386197.064]","(1232669.378, 2469065.594]",*
1292979.3648119636,"(1232669.378, 1386197.064]","(1139513.606, 1323068.719]","(1232669.378, 1471210.204]","(1077881.375, 1386197.064]","(1232669.378, 2469065.594]",*
1293383.8900123087,"(1232669.378, 1386197.064]","(1139513.606, 1323068.719]","(1232669.378, 1471210.204]","(1077881.375, 1386197.064]","(1232669.378, 2469065.594]",*
1293461.7978863874,"(1232669.378, 1386197.064]","(1139513.606, 1323068.719]","(1232669.378, 1471210.204]","(1077881.375, 1386197.064]","(1232669.378, 2469065.594]",*
1293746.8758661628,"(1232669.378, 1386197.064]","(1139513.606, 1323068.719]","(1232669.378, 1471210.204]","(1077881.375, 1386197.064]","(1232669.378, 2469065.594]",*
1294069.5325034796,"(1232669.378, 1386197.064]","(1139513.606, 1323068.719]","(1232669.378, 1471210.204]","(1077881.375, 1386197.064]","(1232669.378, 2469065.594]",*
1294278.1178850965,"(1232669.378, 1386197.064]","(1139513.606, 1323068.719]","(1232669.378, 1471210.204]","(1077881.375, 1386197.064]","(1232669.378, 2469065.594]",*
1294615.007746152,"(1232669.378, 1386197.064]","(1139513.606, 1323068.719]","(1232669.378, 1471210.204]","(1077881.375, 1386197.064]","(1232669.378, 2469065.594]",*
1294647.589167185,"(1232669.378, 1386197.064]","(1139513.606, 1323068.719]","(1232669.378, 1471210.204]","(1077881.375, 1386197.064]","(1232669.378, 2469065.594]",*
1294685.158547012,"(1232669.378, 1386197.064]","(1139513.606, 1323068.719]","(1232669.378, 1471210.204]","(1077881.375, 1386197.064]","(1232669.378, 2469065.594]",*
1294750.3677643542,"(1232669.378, 1386197.064]","(1139513.606, 1323068.719]","(1232669.378, 1471210.204]","(1077881.375, 1386197.064]","(1232669.378, 2469065.594]",*
1294967.4107378754,"(1232669.378, 1386197.064]","(1139513.606, 1323068.719]","(1232669.378, 1471210.204]","(1077881.375, 1386197.064]","(1232669.378, 2469065.594]",*
1295014.6182810178,"(1232669.378, 1386197.064]","(1139513.606, 1323068.719]","(1232669.378, 1471210.204]","(1077881.375, 1386197.064]","(1232669.378, 2469065.594]",*
1295099.436777126,"(1232669.378, 1386197.064]","(1139513.606, 1323068.719]","(1232669.378, 1471210.204]","(1077881.375, 1386197.064]","(1232669.378, 2469065.594]",*
1295728.0882968723,"(1232669.378, 1386197.064]","(1139513.606, 1323068.719]","(1232669.378, 1471210.204]","(1077881.375, 1386197.064]","(1232669.378, 2469065.594]",*
1295901.4544655872,"(1232669.378, 1386197.064]","(1139513.606, 1323068.719]","(1232669.378, 1471210.204]","(1077881.375, 1386197.064]","(1232669.378, 2469065.594]",*
1295918.333133723,"(1232669.378, 1386197.064]","(1139513.606, 1323068.719]","(1232669.378, 1471210.204]","(1077881.375, 1386197.064]","(1232669.378, 2469065.594]",*
1295945.6168409942,"(1232669.378, 1386197.064]","(1139513.606, 1323068.719]","(1232669.378, 1471210.204]","(1077881.375, 1386197.064]","(1232669.378, 2469065.594]",*
1295967.3874154282,"(1232669.378, 1386197.064]","(1139513.606, 1323068.719]","(1232669.378, 1471210.204]","(1077881.375, 1386197.064]","(1232669.378, 2469065.594]",*
1296121.431916046,"(1232669.378, 1386197.064]","(1139513.606, 1323068.719]","(1232669.378, 1471210.204]","(1077881.375, 1386197.064]","(1232669.378, 2469065.594]",*
1296134.3945546895,"(1232669.378, 1386197.064]","(1139513.606, 1323068.719]","(1232669.378, 1471210.204]","(1077881.375, 1386197.064]","(1232669.378, 2469065.594]",*
1296146.938859657,"(1232669.378, 1386197.064]","(1139513.606, 1323068.719]","(1232669.378, 1471210.204]","(1077881.375, 1386197.064]","(1232669.378, 2469065.594]",*
1296223.7064925262,"(1232669.378, 1386197.064]","(1139513.606, 1323068.719]","(1232669.378, 1471210.204]","(1077881.375, 1386197.064]","(1232669.378, 2469065.594]",*
1296240.1123716342,"(1232669.378, 1386197.064]","(1139513.606, 1323068.719]","(1232669.378, 1471210.204]","(1077881.375, 1386197.064]","(1232669.378, 2469065.594]",*
1296432.7846447614,"(1232669.378, 1386197.064]","(1139513.606, 1323068.719]","(1232669.378, 1471210.204]","(1077881.375, 1386197.064]","(1232669.378, 2469065.594]",*
1296467.9936411472,"(1232669.378, 1386197.064]","(1139513.606, 1323068.719]","(1232669.378, 1471210.204]","(1077881.375, 1386197.064]","(1232669.378, 2469065.594]",*
1296610.5322899309,"(1232669.378, 1386197.064]","(1139513.606, 1323068.719]","(1232669.378, 1471210.204]","(1077881.375, 1386197.064]","(1232669.378, 2469065.594]",*
1296636.271092107,"(1232669.378, 1386197.064]","(1139513.606, 1323068.719]","(1232669.378, 1471210.204]","(1077881.375, 1386197.064]","(1232669.378, 2469065.594]",*
1296645.374940565,"(1232669.378, 1386197.064]","(1139513.606, 1323068.719]","(1232669.378, 1471210.204]","(1077881.375, 1386197.064]","(1232669.378, 2469065.594]",*
1296881.9713107832,"(1232669.378, 1386197.064]","(1139513.606, 1323068.719]","(1232669.378, 1471210.204]","(1077881.375, 1386197.064]","(1232669.378, 2469065.594]",*
1297619.3482987224,"(1232669.378, 1386197.064]","(1139513.606, 1323068.719]","(1232669.378, 1471210.204]","(1077881.375, 1386197.064]","(1232669.378, 2469065.594]",*
1297849.7636572844,"(1232669.378, 1386197.064]","(1139513.606, 1323068.719]","(1232669.378, 1471210.204]","(1077881.375, 1386197.064]","(1232669.378, 2469065.594]",*
1298108.0001318774,"(1232669.378, 1386197.064]","(1139513.606, 1323068.719]","(1232669.378, 1471210.204]","(1077881.375, 1386197.064]","(1232669.378, 2469065.594]",*
1298476.894637183,"(1232669.378, 1386197.064]","(1139513.606, 1323068.719]","(1232669.378, 1471210.204]","(1077881.375, 1386197.064]","(1232669.378, 2469065.594]",*
1298950.4802669554,"(1232669.378, 1386197.064]","(1139513.606, 1323068.719]","(1232669.378, 1471210.204]","(1077881.375, 1386197.064]","(1232669.378, 2469065.594]",*
1298980.8289499965,"(1232669.378, 1386197.064]","(1139513.606, 1323068.719]","(1232669.378, 1471210.204]","(1077881.375, 1386197.064]","(1232669.378, 2469065.594]",*
1299126.82985549,"(1232669.378, 1386197.064]","(1139513.606, 1323068.719]","(1232669.378, 1471210.204]","(1077881.375, 1386197.064]","(1232669.378, 2469065.594]",*
1299327.433109264,"(1232669.378, 1386197.064]","(1139513.606, 1323068.719]","(1232669.378, 1471210.204]","(1077881.375, 1386197.064]","(1232669.378, 2469065.594]",*
1299430.1759553957,"(1232669.378, 1386197.064]","(1139513.606, 1323068.719]","(1232669.378, 1471210.204]","(1077881.375, 1386197.064]","(1232669.378, 2469065.594]",*
1299673.741995338,"(1232669.378, 1386197.064]","(1139513.606, 1323068.719]","(1232669.378, 1471210.204]","(1077881.375, 1386197.064]","(1232669.378, 2469065.594]",*
1299924.7977382322,"(1232669.378, 1386197.064]","(1139513.606, 1323068.719]","(1232669.378, 1471210.204]","(1077881.375, 1386197.064]","(1232669.378, 2469065.594]",*
1299991.9508120096,"(1232669.378, 1386197.064]","(1139513.606, 1323068.719]","(1232669.378, 1471210.204]","(1077881.375, 1386197.064]","(1232669.378, 2469065.594]",*
1300031.2303332195,"(1232669.378, 1386197.064]","(1139513.606, 1323068.719]","(1232669.378, 1471210.204]","(1077881.375, 1386197.064]","(1232669.378, 2469065.594]",*
1300133.9667015576,"(1232669.378, 1386197.064]","(1139513.606, 1323068.719]","(1232669.378, 1471210.204]","(1077881.375, 1386197.064]","(1232669.378, 2469065.594]",*
1300265.2104154662,"(1232669.378, 1386197.064]","(1139513.606, 1323068.719]","(1232669.378, 1471210.204]","(1077881.375, 1386197.064]","(1232669.378, 2469065.594]",*
1300303.4071226972,"(1232669.378, 1386197.064]","(1139513.606, 1323068.719]","(1232669.378, 1471210.204]","(1077881.375, 1386197.064]","(1232669.378, 2469065.594]",*
1300362.0280723723,"(1232669.378, 1386197.064]","(1139513.606, 1323068.719]","(1232669.378, 1471210.204]","(1077881.375, 1386197.064]","(1232669.378, 2469065.594]",*
1300389.3508202112,"(1232669.378, 1386197.064]","(1139513.606, 1323068.719]","(1232669.378, 1471210.204]","(1077881.375, 1386197.064]","(1232669.378, 2469065.594]",*
1300433.5754203456,"(1232669.378, 1386197.064]","(1139513.606, 1323068.719]","(1232669.378, 1471210.204]","(1077881.375, 1386197.064]","(1232669.378, 2469065.594]",*
1300479.133270034,"(1232669.378, 1386197.064]","(1139513.606, 1323068.719]","(1232669.378, 1471210.204]","(1077881.375, 1386197.064]","(1232669.378, 2469065.594]",*
1301089.7115082329,"(1232669.378, 1386197.064]","(1139513.606, 1323068.719]","(1232669.378, 1471210.204]","(1077881.375, 1386197.064]","(1232669.378, 2469065.594]",*
1301486.6855460985,"(1232669.378, 1386197.064]","(1139513.606, 1323068.719]","(1232669.378, 1471210.204]","(1077881.375, 1386197.064]","(1232669.378, 2469065.594]",*
1301881.416528581,"(1232669.378, 1386197.064]","(1139513.606, 1323068.719]","(1232669.378, 1471210.204]","(1077881.375, 1386197.064]","(1232669.378, 2469065.594]",*
1301935.9200130317,"(1232669.378, 1386197.064]","(1139513.606, 1323068.719]","(1232669.378, 1471210.204]","(1077881.375, 1386197.064]","(1232669.378, 2469065.594]",*
1302029.0126435356,"(1232669.378, 1386197.064]","(1139513.606, 1323068.719]","(1232669.378, 1471210.204]","(1077881.375, 1386197.064]","(1232669.378, 2469065.594]",*
1302347.5735090529,"(1232669.378, 1386197.064]","(1139513.606, 1323068.719]","(1232669.378, 1471210.204]","(1077881.375, 1386197.064]","(1232669.378, 2469065.594]",*
1302664.417257956,"(1232669.378, 1386197.064]","(1139513.606, 1323068.719]","(1232669.378, 1471210.204]","(1077881.375, 1386197.064]","(1232669.378, 2469065.594]",*
1302748.857596481,"(1232669.378, 1386197.064]","(1139513.606, 1323068.719]","(1232669.378, 1471210.204]","(1077881.375, 1386197.064]","(1232669.378, 2469065.594]",*
1302814.48932942,"(1232669.378, 1386197.064]","(1139513.606, 1323068.719]","(1232669.378, 1471210.204]","(1077881.375, 1386197.064]","(1232669.378, 2469065.594]",*
1302933.247569278,"(1232669.378, 1386197.064]","(1139513.606, 1323068.719]","(1232669.378, 1471210.204]","(1077881.375, 1386197.064]","(1232669.378, 2469065.594]",*
1303091.9098629449,"(1232669.378, 1386197.064]","(1139513.606, 1323068.719]","(1232669.378, 1471210.204]","(1077881.375, 1386197.064]","(1232669.378, 2469065.594]",*
1303106.7871561598,"(1232669.378, 1386197.064]","(1139513.606, 1323068.719]","(1232669.378, 1471210.204]","(1077881.375, 1386197.064]","(1232669.378, 2469065.594]",*
1303542.2825080787,"(1232669.378, 1386197.064]","(1139513.606, 1323068.719]","(1232669.378, 1471210.204]","(1077881.375, 1386197.064]","(1232669.378, 2469065.594]",*
1304284.226006098,"(1232669.378, 1386197.064]","(1139513.606, 1323068.719]","(1232669.378, 1471210.204]","(1077881.375, 1386197.064]","(1232669.378, 2469065.594]",*
1304511.899068566,"(1232669.378, 1386197.064]","(1139513.606, 1323068.719]","(1232669.378, 1471210.204]","(1077881.375, 1386197.064]","(1232669.378, 2469065.594]",*
1304789.2625824716,"(1232669.378, 1386197.064]","(1139513.606, 1323068.719]","(1232669.378, 1471210.204]","(1077881.375, 1386197.064]","(1232669.378, 2469065.594]",*
1305070.0130524288,"(1232669.378, 1386197.064]","(1139513.606, 1323068.719]","(1232669.378, 1471210.204]","(1077881.375, 1386197.064]","(1232669.378, 2469065.594]",*
1305101.7743422429,"(1232669.378, 1386197.064]","(1139513.606, 1323068.719]","(1232669.378, 1471210.204]","(1077881.375, 1386197.064]","(1232669.378, 2469065.594]",*
1305127.336002346,"(1232669.378, 1386197.064]","(1139513.606, 1323068.719]","(1232669.378, 1471210.204]","(1077881.375, 1386197.064]","(1232669.378, 2469065.594]",*
1305185.544822347,"(1232669.378, 1386197.064]","(1139513.606, 1323068.719]","(1232669.378, 1471210.204]","(1077881.375, 1386197.064]","(1232669.378, 2469065.594]",*
1305210.264959531,"(1232669.378, 1386197.064]","(1139513.606, 1323068.719]","(1232669.378, 1471210.204]","(1077881.375, 1386197.064]","(1232669.378, 2469065.594]",*
1305219.5213491025,"(1232669.378, 1386197.064]","(1139513.606, 1323068.719]","(1232669.378, 1471210.204]","(1077881.375, 1386197.064]","(1232669.378, 2469065.594]",*
1305934.3248030248,"(1232669.378, 1386197.064]","(1139513.606, 1323068.719]","(1232669.378, 1471210.204]","(1077881.375, 1386197.064]","(1232669.378, 2469065.594]",*
1305972.219978079,"(1232669.378, 1386197.064]","(1139513.606, 1323068.719]","(1232669.378, 1471210.204]","(1077881.375, 1386197.064]","(1232669.378, 2469065.594]",*
1306056.5654300188,"(1232669.378, 1386197.064]","(1139513.606, 1323068.719]","(1232669.378, 1471210.204]","(1077881.375, 1386197.064]","(1232669.378, 2469065.594]",*
1306207.1106829576,"(1232669.378, 1386197.064]","(1139513.606, 1323068.719]","(1232669.378, 1471210.204]","(1077881.375, 1386197.064]","(1232669.378, 2469065.594]",*
1306288.2274582034,"(1232669.378, 1386197.064]","(1139513.606, 1323068.719]","(1232669.378, 1471210.204]","(1077881.375, 1386197.064]","(1232669.378, 2469065.594]",*
1306288.622680067,"(1232669.378, 1386197.064]","(1139513.606, 1323068.719]","(1232669.378, 1471210.204]","(1077881.375, 1386197.064]","(1232669.378, 2469065.594]",*
1306349.9922858966,"(1232669.378, 1386197.064]","(1139513.606, 1323068.719]","(1232669.378, 1471210.204]","(1077881.375, 1386197.064]","(1232669.378, 2469065.594]",*
1306367.8106375176,"(1232669.378, 1386197.064]","(1139513.606, 1323068.719]","(1232669.378, 1471210.204]","(1077881.375, 1386197.064]","(1232669.378, 2469065.594]",*
1306458.9058958818,"(1232669.378, 1386197.064]","(1139513.606, 1323068.719]","(1232669.378, 1471210.204]","(1077881.375, 1386197.064]","(1232669.378, 2469065.594]",*
1306674.6599511993,"(1232669.378, 1386197.064]","(1139513.606, 1323068.719]","(1232669.378, 1471210.204]","(1077881.375, 1386197.064]","(1232669.378, 2469065.594]",*
1307136.3345809835,"(1232669.378, 1386197.064]","(1139513.606, 1323068.719]","(1232669.378, 1471210.204]","(1077881.375, 1386197.064]","(1232669.378, 2469065.594]",*
1307173.871509329,"(1232669.378, 1386197.064]","(1139513.606, 1323068.719]","(1232669.378, 1471210.204]","(1077881.375, 1386197.064]","(1232669.378, 2469065.594]",*
1307506.565069192,"(1232669.378, 1386197.064]","(1139513.606, 1323068.719]","(1232669.378, 1471210.204]","(1077881.375, 1386197.064]","(1232669.378, 2469065.594]",*
1308017.3142391797,"(1232669.378, 1386197.064]","(1139513.606, 1323068.719]","(1232669.378, 1471210.204]","(1077881.375, 1386197.064]","(1232669.378, 2469065.594]",*
1308231.769411766,"(1232669.378, 1386197.064]","(1139513.606, 1323068.719]","(1232669.378, 1471210.204]","(1077881.375, 1386197.064]","(1232669.378, 2469065.594]",*
1308243.922235843,"(1232669.378, 1386197.064]","(1139513.606, 1323068.719]","(1232669.378, 1471210.204]","(1077881.375, 1386197.064]","(1232669.378, 2469065.594]",*
1308465.2400430096,"(1232669.378, 1386197.064]","(1139513.606, 1323068.719]","(1232669.378, 1471210.204]","(1077881.375, 1386197.064]","(1232669.378, 2469065.594]",*
1308508.1189828415,"(1232669.378, 1386197.064]","(1139513.606, 1323068.719]","(1232669.378, 1471210.204]","(1077881.375, 1386197.064]","(1232669.378, 2469065.594]",*
1308752.5044794169,"(1232669.378, 1386197.064]","(1139513.606, 1323068.719]","(1232669.378, 1471210.204]","(1077881.375, 1386197.064]","(1232669.378, 2469065.594]",*
1308773.0784993526,"(1232669.378, 1386197.064]","(1139513.606, 1323068.719]","(1232669.378, 1471210.204]","(1077881.375, 1386197.064]","(1232669.378, 2469065.594]",*
1308983.632164077,"(1232669.378, 1386197.064]","(1139513.606, 1323068.719]","(1232669.378, 1471210.204]","(1077881.375, 1386197.064]","(1232669.378, 2469065.594]",*
1309397.0494290392,"(1232669.378, 1386197.064]","(1139513.606, 1323068.719]","(1232669.378, 1471210.204]","(1077881.375, 1386197.064]","(1232669.378, 2469065.594]",*
1309768.1961093454,"(1232669.378, 1386197.064]","(1139513.606, 1323068.719]","(1232669.378, 1471210.204]","(1077881.375, 1386197.064]","(1232669.378, 2469065.594]",*
1309829.9356107984,"(1232669.378, 1386197.064]","(1139513.606, 1323068.719]","(1232669.378, 1471210.204]","(1077881.375, 1386197.064]","(1232669.378, 2469065.594]",*
1309860.0588041751,"(1232669.378, 1386197.064]","(1139513.606, 1323068.719]","(1232669.378, 1471210.204]","(1077881.375, 1386197.064]","(1232669.378, 2469065.594]",*
1309922.8541763353,"(1232669.378, 1386197.064]","(1139513.606, 1323068.719]","(1232669.378, 1471210.204]","(1077881.375, 1386197.064]","(1232669.378, 2469065.594]",*
1309937.3987664254,"(1232669.378, 1386197.064]","(1139513.606, 1323068.719]","(1232669.378, 1471210.204]","(1077881.375, 1386197.064]","(1232669.378, 2469065.594]",*
1309938.7671516752,"(1232669.378, 1386197.064]","(1139513.606, 1323068.719]","(1232669.378, 1471210.204]","(1077881.375, 1386197.064]","(1232669.378, 2469065.594]",*
1309985.886794079,"(1232669.378, 1386197.064]","(1139513.606, 1323068.719]","(1232669.378, 1471210.204]","(1077881.375, 1386197.064]","(1232669.378, 2469065.594]",*
1310207.133039433,"(1232669.378, 1386197.064]","(1139513.606, 1323068.719]","(1232669.378, 1471210.204]","(1077881.375, 1386197.064]","(1232669.378, 2469065.594]",*
1310764.111882944,"(1232669.378, 1386197.064]","(1139513.606, 1323068.719]","(1232669.378, 1471210.204]","(1077881.375, 1386197.064]","(1232669.378, 2469065.594]",*
1311067.4456660468,"(1232669.378, 1386197.064]","(1139513.606, 1323068.719]","(1232669.378, 1471210.204]","(1077881.375, 1386197.064]","(1232669.378, 2469065.594]",*
1311145.9682970897,"(1232669.378, 1386197.064]","(1139513.606, 1323068.719]","(1232669.378, 1471210.204]","(1077881.375, 1386197.064]","(1232669.378, 2469065.594]",*
1311379.5963119804,"(1232669.378, 1386197.064]","(1139513.606, 1323068.719]","(1232669.378, 1471210.204]","(1077881.375, 1386197.064]","(1232669.378, 2469065.594]",*
1311389.5758279422,"(1232669.378, 1386197.064]","(1139513.606, 1323068.719]","(1232669.378, 1471210.204]","(1077881.375, 1386197.064]","(1232669.378, 2469065.594]",*
1311432.388111685,"(1232669.378, 1386197.064]","(1139513.606, 1323068.719]","(1232669.378, 1471210.204]","(1077881.375, 1386197.064]","(1232669.378, 2469065.594]",*
1311473.3233082348,"(1232669.378, 1386197.064]","(1139513.606, 1323068.719]","(1232669.378, 1471210.204]","(1077881.375, 1386197.064]","(1232669.378, 2469065.594]",*
1311654.2628987662,"(1232669.378, 1386197.064]","(1139513.606, 1323068.719]","(1232669.378, 1471210.204]","(1077881.375, 1386197.064]","(1232669.378, 2469065.594]",*
1311681.4196841924,"(1232669.378, 1386197.064]","(1139513.606, 1323068.719]","(1232669.378, 1471210.204]","(1077881.375, 1386197.064]","(1232669.378, 2469065.594]",*
1311765.1414692528,"(1232669.378, 1386197.064]","(1139513.606, 1323068.719]","(1232669.378, 1471210.204]","(1077881.375, 1386197.064]","(1232669.378, 2469065.594]",*
1311902.5342296974,"(1232669.378, 1386197.064]","(1139513.606, 1323068.719]","(1232669.378, 1471210.204]","(1077881.375, 1386197.064]","(1232669.378, 2469065.594]",*
1312063.7561173777,"(1232669.378, 1386197.064]","(1139513.606, 1323068.719]","(1232669.378, 1471210.204]","(1077881.375, 1386197.064]","(1232669.378, 2469065.594]",*
1312093.3611953666,"(1232669.378, 1386197.064]","(1139513.606, 1323068.719]","(1232669.378, 1471210.204]","(1077881.375, 1386197.064]","(1232669.378, 2469065.594]",*
1312466.9735677736,"(1232669.378, 1386197.064]","(1139513.606, 1323068.719]","(1232669.378, 1471210.204]","(1077881.375, 1386197.064]","(1232669.378, 2469065.594]",*
1312637.2877509485,"(1232669.378, 1386197.064]","(1139513.606, 1323068.719]","(1232669.378, 1471210.204]","(1077881.375, 1386197.064]","(1232669.378, 2469065.594]",*
1313128.1378358635,"(1232669.378, 1386197.064]","(1139513.606, 1323068.719]","(1232669.378, 1471210.204]","(1077881.375, 1386197.064]","(1232669.378, 2469065.594]",*
1313304.5877362725,"(1232669.378, 1386197.064]","(1139513.606, 1323068.719]","(1232669.378, 1471210.204]","(1077881.375, 1386197.064]","(1232669.378, 2469065.594]",*
1314245.8199973232,"(1232669.378, 1386197.064]","(1139513.606, 1323068.719]","(1232669.378, 1471210.204]","(1077881.375, 1386197.064]","(1232669.378, 2469065.594]",*
1314348.6992100195,"(1232669.378, 1386197.064]","(1139513.606, 1323068.719]","(1232669.378, 1471210.204]","(1077881.375, 1386197.064]","(1232669.378, 2469065.594]",*
1314359.4543807416,"(1232669.378, 1386197.064]","(1139513.606, 1323068.719]","(1232669.378, 1471210.204]","(1077881.375, 1386197.064]","(1232669.378, 2469065.594]",*
1314387.4066411434,"(1232669.378, 1386197.064]","(1139513.606, 1323068.719]","(1232669.378, 1471210.204]","(1077881.375, 1386197.064]","(1232669.378, 2469065.594]",*
1314635.6896984542,"(1232669.378, 1386197.064]","(1139513.606, 1323068.719]","(1232669.378, 1471210.204]","(1077881.375, 1386197.064]","(1232669.378, 2469065.594]",*
1314770.4699493768,"(1232669.378, 1386197.064]","(1139513.606, 1323068.719]","(1232669.378, 1471210.204]","(1077881.375, 1386197.064]","(1232669.378, 2469065.594]",*
1315138.251016079,"(1232669.378, 1386197.064]","(1139513.606, 1323068.719]","(1232669.378, 1471210.204]","(1077881.375, 1386197.064]","(1232669.378, 2469065.594]",*
1315568.1643761364,"(1232669.378, 1386197.064]","(1139513.606, 1323068.719]","(1232669.378, 1471210.204]","(1077881.375, 1386197.064]","(1232669.378, 2469065.594]",*
1315666.8739232162,"(1232669.378, 1386197.064]","(1139513.606, 1323068.719]","(1232669.378, 1471210.204]","(1077881.375, 1386197.064]","(1232669.378, 2469065.594]",*
1315684.456665318,"(1232669.378, 1386197.064]","(1139513.606, 1323068.719]","(1232669.378, 1471210.204]","(1077881.375, 1386197.064]","(1232669.378, 2469065.594]",*
1315828.8598351076,"(1232669.378, 1386197.064]","(1139513.606, 1323068.719]","(1232669.378, 1471210.204]","(1077881.375, 1386197.064]","(1232669.378, 2469065.594]",*
1316129.3090572683,"(1232669.378, 1386197.064]","(1139513.606, 1323068.719]","(1232669.378, 1471210.204]","(1077881.375, 1386197.064]","(1232669.378, 2469065.594]",*
1316180.4935914932,"(1232669.378, 1386197.064]","(1139513.606, 1323068.719]","(1232669.378, 1471210.204]","(1077881.375, 1386197.064]","(1232669.378, 2469065.594]",*
1316206.246554098,"(1232669.378, 1386197.064]","(1139513.606, 1323068.719]","(1232669.378, 1471210.204]","(1077881.375, 1386197.064]","(1232669.378, 2469065.594]",*
1316793.5692341109,"(1232669.378, 1386197.064]","(1139513.606, 1323068.719]","(1232669.378, 1471210.204]","(1077881.375, 1386197.064]","(1232669.378, 2469065.594]",*
1317040.7373210003,"(1232669.378, 1386197.064]","(1139513.606, 1323068.719]","(1232669.378, 1471210.204]","(1077881.375, 1386197.064]","(1232669.378, 2469065.594]",*
1317160.4026229358,"(1232669.378, 1386197.064]","(1139513.606, 1323068.719]","(1232669.378, 1471210.204]","(1077881.375, 1386197.064]","(1232669.378, 2469065.594]",*
1317167.713293261,"(1232669.378, 1386197.064]","(1139513.606, 1323068.719]","(1232669.378, 1471210.204]","(1077881.375, 1386197.064]","(1232669.378, 2469065.594]",*
1317234.042879586,"(1232669.378, 1386197.064]","(1139513.606, 1323068.719]","(1232669.378, 1471210.204]","(1077881.375, 1386197.064]","(1232669.378, 2469065.594]",*
1317467.5820226492,"(1232669.378, 1386197.064]","(1139513.606, 1323068.719]","(1232669.378, 1471210.204]","(1077881.375, 1386197.064]","(1232669.378, 2469065.594]",*
1318058.0633455634,"(1232669.378, 1386197.064]","(1139513.606, 1323068.719]","(1232669.378, 1471210.204]","(1077881.375, 1386197.064]","(1232669.378, 2469065.594]",*
1318231.4182852104,"(1232669.378, 1386197.064]","(1139513.606, 1323068.719]","(1232669.378, 1471210.204]","(1077881.375, 1386197.064]","(1232669.378, 2469065.594]",*
1318597.714778656,"(1232669.378, 1386197.064]","(1139513.606, 1323068.719]","(1232669.378, 1471210.204]","(1077881.375, 1386197.064]","(1232669.378, 2469065.594]",*
1318681.0401821504,"(1232669.378, 1386197.064]","(1139513.606, 1323068.719]","(1232669.378, 1471210.204]","(1077881.375, 1386197.064]","(1232669.378, 2469065.594]",*
1319478.28736545,"(1232669.378, 1386197.064]","(1139513.606, 1323068.719]","(1232669.378, 1471210.204]","(1077881.375, 1386197.064]","(1232669.378, 2469065.594]",*
1320897.0134556554,"(1232669.378, 1386197.064]","(1139513.606, 1323068.719]","(1232669.378, 1471210.204]","(1077881.375, 1386197.064]","(1232669.378, 2469065.594]",*
1321008.5934856627,"(1232669.378, 1386197.064]","(1139513.606, 1323068.719]","(1232669.378, 1471210.204]","(1077881.375, 1386197.064]","(1232669.378, 2469065.594]",*
1321037.4136147692,"(1232669.378, 1386197.064]","(1139513.606, 1323068.719]","(1232669.378, 1471210.204]","(1077881.375, 1386197.064]","(1232669.378, 2469065.594]",*
1321257.2505720856,"(1232669.378, 1386197.064]","(1139513.606, 1323068.719]","(1232669.378, 1471210.204]","(1077881.375, 1386197.064]","(1232669.378, 2469065.594]",*
1321388.619330872,"(1232669.378, 1386197.064]","(1139513.606, 1323068.719]","(1232669.378, 1471210.204]","(1077881.375, 1386197.064]","(1232669.378, 2469065.594]",*
1321743.1661741682,"(1232669.378, 1386197.064]","(1139513.606, 1323068.719]","(1232669.378, 1471210.204]","(1077881.375, 1386197.064]","(1232669.378, 2469065.594]",*
1321888.2682999729,"(1232669.378, 1386197.064]","(1139513.606, 1323068.719]","(1232669.378, 1471210.204]","(1077881.375, 1386197.064]","(1232669.378, 2469065.594]",*
1322010.0566819045,"(1232669.378, 1386197.064]","(1139513.606, 1323068.719]","(1232669.378, 1471210.204]","(1077881.375, 1386197.064]","(1232669.378, 2469065.594]",*
1322439.1075564742,"(1232669.378, 1386197.064]","(1139513.606, 1323068.719]","(1232669.378, 1471210.204]","(1077881.375, 1386197.064]","(1232669.378, 2469065.594]",*
1322782.7602694822,"(1232669.378, 1386197.064]","(1139513.606, 1323068.719]","(1232669.378, 1471210.204]","(1077881.375, 1386197.064]","(1232669.378, 2469065.594]",*
1322914.0511137214,"(1232669.378, 1386197.064]","(1139513.606, 1323068.719]","(1232669.378, 1471210.204]","(1077881.375, 1386197.064]","(1232669.378, 2469065.594]",*
1323300.7199028442,"(1232669.378, 1386197.064]","(1323068.719, 1532652.289]","(1232669.378, 1471210.204]","(1077881.375, 1386197.064]","(1232669.378, 2469065.594]",*
1323326.402922148,"(1232669.378, 1386197.064]","(1323068.719, 1532652.289]","(1232669.378, 1471210.204]","(1077881.375, 1386197.064]","(1232669.378, 2469065.594]",*
1323952.027425176,"(1232669.378, 1386197.064]","(1323068.719, 1532652.289]","(1232669.378, 1471210.204]","(1077881.375, 1386197.064]","(1232669.378, 2469065.594]",*
1323959.799106813,"(1232669.378, 1386197.064]","(1323068.719, 1532652.289]","(1232669.378, 1471210.204]","(1077881.375, 1386197.064]","(1232669.378, 2469065.594]",*
1324022.0246243223,"(1232669.378, 1386197.064]","(1323068.719, 1532652.289]","(1232669.378, 1471210.204]","(1077881.375, 1386197.064]","(1232669.378, 2469065.594]",*
1324377.6087338962,"(1232669.378, 1386197.064]","(1323068.719, 1532652.289]","(1232669.378, 1471210.204]","(1077881.375, 1386197.064]","(1232669.378, 2469065.594]",*
1324382.1755828236,"(1232669.378, 1386197.064]","(1323068.719, 1532652.289]","(1232669.378, 1471210.204]","(1077881.375, 1386197.064]","(1232669.378, 2469065.594]",*
1324470.4414750012,"(1232669.378, 1386197.064]","(1323068.719, 1532652.289]","(1232669.378, 1471210.204]","(1077881.375, 1386197.064]","(1232669.378, 2469065.594]",*
1324845.863270578,"(1232669.378, 1386197.064]","(1323068.719, 1532652.289]","(1232669.378, 1471210.204]","(1077881.375, 1386197.064]","(1232669.378, 2469065.594]",*
1325149.919832771,"(1232669.378, 1386197.064]","(1323068.719, 1532652.289]","(1232669.378, 1471210.204]","(1077881.375, 1386197.064]","(1232669.378, 2469065.594]",*
1325294.1210921824,"(1232669.378, 1386197.064]","(1323068.719, 1532652.289]","(1232669.378, 1471210.204]","(1077881.375, 1386197.064]","(1232669.378, 2469065.594]",*
1325354.50823022,"(1232669.378, 1386197.064]","(1323068.719, 1532652.289]","(1232669.378, 1471210.204]","(1077881.375, 1386197.064]","(1232669.378, 2469065.594]",*
1325503.4540826778,"(1232669.378, 1386197.064]","(1323068.719, 1532652.289]","(1232669.378, 1471210.204]","(1077881.375, 1386197.064]","(1232669.378, 2469065.594]",*
1325531.154513243,"(1232669.378, 1386197.064]","(1323068.719, 1532652.289]","(1232669.378, 1471210.204]","(1077881.375, 1386197.064]","(1232669.378, 2469065.594]",*
1325706.9008561426,"(1232669.378, 1386197.064]","(1323068.719, 1532652.289]","(1232669.378, 1471210.204]","(1077881.375, 1386197.064]","(1232669.378, 2469065.594]",*
1325819.9131084683,"(1232669.378, 1386197.064]","(1323068.719, 1532652.289]","(1232669.378, 1471210.204]","(1077881.375, 1386197.064]","(1232669.378, 2469065.594]",*
1325860.533421939,"(1232669.378, 1386197.064]","(1323068.719, 1532652.289]","(1232669.378, 1471210.204]","(1077881.375, 1386197.064]","(1232669.378, 2469065.594]",*
1326481.6746851509,"(1232669.378, 1386197.064]","(1323068.719, 1532652.289]","(1232669.378, 1471210.204]","(1077881.375, 1386197.064]","(1232669.378, 2469065.594]",*
1326680.2444425127,"(1232669.378, 1386197.064]","(1323068.719, 1532652.289]","(1232669.378, 1471210.204]","(1077881.375, 1386197.064]","(1232669.378, 2469065.594]",*
1326837.455537671,"(1232669.378, 1386197.064]","(1323068.719, 1532652.289]","(1232669.378, 1471210.204]","(1077881.375, 1386197.064]","(1232669.378, 2469065.594]",*
1326846.6987356965,"(1232669.378, 1386197.064]","(1323068.719, 1532652.289]","(1232669.378, 1471210.204]","(1077881.375, 1386197.064]","(1232669.378, 2469065.594]",*
1326946.7250139455,"(1232669.378, 1386197.064]","(1323068.719, 1532652.289]","(1232669.378, 1471210.204]","(1077881.375, 1386197.064]","(1232669.378, 2469065.594]",*
1327718.3816666016,"(1232669.378, 1386197.064]","(1323068.719, 1532652.289]","(1232669.378, 1471210.204]","(1077881.375, 1386197.064]","(1232669.378, 2469065.594]",*
1327806.7288319168,"(1232669.378, 1386197.064]","(1323068.719, 1532652.289]","(1232669.378, 1471210.204]","(1077881.375, 1386197.064]","(1232669.378, 2469065.594]",*
1327811.34262042,"(1232669.378, 1386197.064]","(1323068.719, 1532652.289]","(1232669.378, 1471210.204]","(1077881.375, 1386197.064]","(1232669.378, 2469065.594]",*
1327961.0982193248,"(1232669.378, 1386197.064]","(1323068.719, 1532652.289]","(1232669.378, 1471210.204]","(1077881.375, 1386197.064]","(1232669.378, 2469065.594]",*
1327969.285872227,"(1232669.378, 1386197.064]","(1323068.719, 1532652.289]","(1232669.378, 1471210.204]","(1077881.375, 1386197.064]","(1232669.378, 2469065.594]",*
1327975.2487410752,"(1232669.378, 1386197.064]","(1323068.719, 1532652.289]","(1232669.378, 1471210.204]","(1077881.375, 1386197.064]","(1232669.378, 2469065.594]",*
1328525.0201962695,"(1232669.378, 1386197.064]","(1323068.719, 1532652.289]","(1232669.378, 1471210.204]","(1077881.375, 1386197.064]","(1232669.378, 2469065.594]",*
1328572.1905050843,"(1232669.378, 1386197.064]","(1323068.719, 1532652.289]","(1232669.378, 1471210.204]","(1077881.375, 1386197.064]","(1232669.378, 2469065.594]",*
1328586.2904618224,"(1232669.378, 1386197.064]","(1323068.719, 1532652.289]","(1232669.378, 1471210.204]","(1077881.375, 1386197.064]","(1232669.378, 2469065.594]",*
1328658.9110723843,"(1232669.378, 1386197.064]","(1323068.719, 1532652.289]","(1232669.378, 1471210.204]","(1077881.375, 1386197.064]","(1232669.378, 2469065.594]",*
1328701.1941356598,"(1232669.378, 1386197.064]","(1323068.719, 1532652.289]","(1232669.378, 1471210.204]","(1077881.375, 1386197.064]","(1232669.378, 2469065.594]",*
1329007.2034481545,"(1232669.378, 1386197.064]","(1323068.719, 1532652.289]","(1232669.378, 1471210.204]","(1077881.375, 1386197.064]","(1232669.378, 2469065.594]",*
1329273.2276498622,"(1232669.378, 1386197.064]","(1323068.719, 1532652.289]","(1232669.378, 1471210.204]","(1077881.375, 1386197.064]","(1232669.378, 2469065.594]",*
1329521.1389832832,"(1232669.378, 1386197.064]","(1323068.719, 1532652.289]","(1232669.378, 1471210.204]","(1077881.375, 1386197.064]","(1232669.378, 2469065.594]",*
1329800.0461904877,"(1232669.378, 1386197.064]","(1323068.719, 1532652.289]","(1232669.378, 1471210.204]","(1077881.375, 1386197.064]","(1232669.378, 2469065.594]",*
1330191.5217137851,"(1232669.378, 1386197.064]","(1323068.719, 1532652.289]","(1232669.378, 1471210.204]","(1077881.375, 1386197.064]","(1232669.378, 2469065.594]",*
1330929.4721535884,"(1232669.378, 1386197.064]","(1323068.719, 1532652.289]","(1232669.378, 1471210.204]","(1077881.375, 1386197.064]","(1232669.378, 2469065.594]",*
1331374.9476177315,"(1232669.378, 1386197.064]","(1323068.719, 1532652.289]","(1232669.378, 1471210.204]","(1077881.375, 1386197.064]","(1232669.378, 2469065.594]",*
1331656.4939736011,"(1232669.378, 1386197.064]","(1323068.719, 1532652.289]","(1232669.378, 1471210.204]","(1077881.375, 1386197.064]","(1232669.378, 2469065.594]",*
1331897.4568409575,"(1232669.378, 1386197.064]","(1323068.719, 1532652.289]","(1232669.378, 1471210.204]","(1077881.375, 1386197.064]","(1232669.378, 2469065.594]",*
1332042.9116713523,"(1232669.378, 1386197.064]","(1323068.719, 1532652.289]","(1232669.378, 1471210.204]","(1077881.375, 1386197.064]","(1232669.378, 2469065.594]",*
1332669.2347985206,"(1232669.378, 1386197.064]","(1323068.719, 1532652.289]","(1232669.378, 1471210.204]","(1077881.375, 1386197.064]","(1232669.378, 2469065.594]",*
1333014.9075833731,"(1232669.378, 1386197.064]","(1323068.719, 1532652.289]","(1232669.378, 1471210.204]","(1077881.375, 1386197.064]","(1232669.378, 2469065.594]",*
1333865.4377201414,"(1232669.378, 1386197.064]","(1323068.719, 1532652.289]","(1232669.378, 1471210.204]","(1077881.375, 1386197.064]","(1232669.378, 2469065.594]",*
1333995.8520983488,"(1232669.378, 1386197.064]","(1323068.719, 1532652.289]","(1232669.378, 1471210.204]","(1077881.375, 1386197.064]","(1232669.378, 2469065.594]",*
1334377.3074135566,"(1232669.378, 1386197.064]","(1323068.719, 1532652.289]","(1232669.378, 1471210.204]","(1077881.375, 1386197.064]","(1232669.378, 2469065.594]",*
1334537.4235594876,"(1232669.378, 1386197.064]","(1323068.719, 1532652.289]","(1232669.378, 1471210.204]","(1077881.375, 1386197.064]","(1232669.378, 2469065.594]",*
1334952.605118672,"(1232669.378, 1386197.064]","(1323068.719, 1532652.289]","(1232669.378, 1471210.204]","(1077881.375, 1386197.064]","(1232669.378, 2469065.594]",*
1335830.7924195908,"(1232669.378, 1386197.064]","(1323068.719, 1532652.289]","(1232669.378, 1471210.204]","(1077881.375, 1386197.064]","(1232669.378, 2469065.594]",*
1335848.3322776183,"(1232669.378, 1386197.064]","(1323068.719, 1532652.289]","(1232669.378, 1471210.204]","(1077881.375, 1386197.064]","(1232669.378, 2469065.594]",*
1335883.8311844517,"(1232669.378, 1386197.064]","(1323068.719, 1532652.289]","(1232669.378, 1471210.204]","(1077881.375, 1386197.064]","(1232669.378, 2469065.594]",*
1335904.5009155408,"(1232669.378, 1386197.064]","(1323068.719, 1532652.289]","(1232669.378, 1471210.204]","(1077881.375, 1386197.064]","(1232669.378, 2469065.594]",*
1336134.485882136,"(1232669.378, 1386197.064]","(1323068.719, 1532652.289]","(1232669.378, 1471210.204]","(1077881.375, 1386197.064]","(1232669.378, 2469065.594]",*
1336172.1940662728,"(1232669.378, 1386197.064]","(1323068.719, 1532652.289]","(1232669.378, 1471210.204]","(1077881.375, 1386197.064]","(1232669.378, 2469065.594]",*
1336356.2325639816,"(1232669.378, 1386197.064]","(1323068.719, 1532652.289]","(1232669.378, 1471210.204]","(1077881.375, 1386197.064]","(1232669.378, 2469065.594]",*
1336377.8252537115,"(1232669.378, 1386197.064]","(1323068.719, 1532652.289]","(1232669.378, 1471210.204]","(1077881.375, 1386197.064]","(1232669.378, 2469065.594]",*
1336743.3833950302,"(1232669.378, 1386197.064]","(1323068.719, 1532652.289]","(1232669.378, 1471210.204]","(1077881.375, 1386197.064]","(1232669.378, 2469065.594]",*
1336858.5103599608,"(1232669.378, 1386197.064]","(1323068.719, 1532652.289]","(1232669.378, 1471210.204]","(1077881.375, 1386197.064]","(1232669.378, 2469065.594]",*
1337472.085151686,"(1232669.378, 1386197.064]","(1323068.719, 1532652.289]","(1232669.378, 1471210.204]","(1077881.375, 1386197.064]","(1232669.378, 2469065.594]",*
1337966.9267592845,"(1232669.378, 1386197.064]","(1323068.719, 1532652.289]","(1232669.378, 1471210.204]","(1077881.375, 1386197.064]","(1232669.378, 2469065.594]",*
1337973.732015974,"(1232669.378, 1386197.064]","(1323068.719, 1532652.289]","(1232669.378, 1471210.204]","(1077881.375, 1386197.064]","(1232669.378, 2469065.594]",*
1338044.383312593,"(1232669.378, 1386197.064]","(1323068.719, 1532652.289]","(1232669.378, 1471210.204]","(1077881.375, 1386197.064]","(1232669.378, 2469065.594]",*
1338247.9300743623,"(1232669.378, 1386197.064]","(1323068.719, 1532652.289]","(1232669.378, 1471210.204]","(1077881.375, 1386197.064]","(1232669.378, 2469065.594]",*
1338424.7883671494,"(1232669.378, 1386197.064]","(1323068.719, 1532652.289]","(1232669.378, 1471210.204]","(1077881.375, 1386197.064]","(1232669.378, 2469065.594]",*
1339096.0772451318,"(1232669.378, 1386197.064]","(1323068.719, 1532652.289]","(1232669.378, 1471210.204]","(1077881.375, 1386197.064]","(1232669.378, 2469065.594]",*
1339142.80508292,"(1232669.378, 1386197.064]","(1323068.719, 1532652.289]","(1232669.378, 1471210.204]","(1077881.375, 1386197.064]","(1232669.378, 2469065.594]",*
1339254.7267992808,"(1232669.378, 1386197.064]","(1323068.719, 1532652.289]","(1232669.378, 1471210.204]","(1077881.375, 1386197.064]","(1232669.378, 2469065.594]",*
1339303.6569163986,"(1232669.378, 1386197.064]","(1323068.719, 1532652.289]","(1232669.378, 1471210.204]","(1077881.375, 1386197.064]","(1232669.378, 2469065.594]",*
1339636.1870255398,"(1232669.378, 1386197.064]","(1323068.719, 1532652.289]","(1232669.378, 1471210.204]","(1077881.375, 1386197.064]","(1232669.378, 2469065.594]",*
1340066.913084396,"(1232669.378, 1386197.064]","(1323068.719, 1532652.289]","(1232669.378, 1471210.204]","(1077881.375, 1386197.064]","(1232669.378, 2469065.594]",*
1340074.6529811826,"(1232669.378, 1386197.064]","(1323068.719, 1532652.289]","(1232669.378, 1471210.204]","(1077881.375, 1386197.064]","(1232669.378, 2469065.594]",*
1340094.9662054193,"(1232669.378, 1386197.064]","(1323068.719, 1532652.289]","(1232669.378, 1471210.204]","(1077881.375, 1386197.064]","(1232669.378, 2469065.594]",*
1340227.2768822638,"(1232669.378, 1386197.064]","(1323068.719, 1532652.289]","(1232669.378, 1471210.204]","(1077881.375, 1386197.064]","(1232669.378, 2469065.594]",*
1340343.8565188395,"(1232669.378, 1386197.064]","(1323068.719, 1532652.289]","(1232669.378, 1471210.204]","(1077881.375, 1386197.064]","(1232669.378, 2469065.594]",*
1340705.1192224375,"(1232669.378, 1386197.064]","(1323068.719, 1532652.289]","(1232669.378, 1471210.204]","(1077881.375, 1386197.064]","(1232669.378, 2469065.594]",*
1340769.767829137,"(1232669.378, 1386197.064]","(1323068.719, 1532652.289]","(1232669.378, 1471210.204]","(1077881.375, 1386197.064]","(1232669.378, 2469065.594]",*
1340909.7986568718,"(1232669.378, 1386197.064]","(1323068.719, 1532652.289]","(1232669.378, 1471210.204]","(1077881.375, 1386197.064]","(1232669.378, 2469065.594]",*
1340983.2503590283,"(1232669.378, 1386197.064]","(1323068.719, 1532652.289]","(1232669.378, 1471210.204]","(1077881.375, 1386197.064]","(1232669.378, 2469065.594]",*
1341069.1598099093,"(1232669.378, 1386197.064]","(1323068.719, 1532652.289]","(1232669.378, 1471210.204]","(1077881.375, 1386197.064]","(1232669.378, 2469065.594]",*
1341449.5715910238,"(1232669.378, 1386197.064]","(1323068.719, 1532652.289]","(1232669.378, 1471210.204]","(1077881.375, 1386197.064]","(1232669.378, 2469065.594]",*
1341722.8359691473,"(1232669.378, 1386197.064]","(1323068.719, 1532652.289]","(1232669.378, 1471210.204]","(1077881.375, 1386197.064]","(1232669.378, 2469065.594]",*
1341870.353786446,"(1232669.378, 1386197.064]","(1323068.719, 1532652.289]","(1232669.378, 1471210.204]","(1077881.375, 1386197.064]","(1232669.378, 2469065.594]",*
1342067.961421099,"(1232669.378, 1386197.064]","(1323068.719, 1532652.289]","(1232669.378, 1471210.204]","(1077881.375, 1386197.064]","(1232669.378, 2469065.594]",*
1342245.9687061738,"(1232669.378, 1386197.064]","(1323068.719, 1532652.289]","(1232669.378, 1471210.204]","(1077881.375, 1386197.064]","(1232669.378, 2469065.594]",*
1342506.9213707517,"(1232669.378, 1386197.064]","(1323068.719, 1532652.289]","(1232669.378, 1471210.204]","(1077881.375, 1386197.064]","(1232669.378, 2469065.594]",*
1342814.9485133728,"(1232669.378, 1386197.064]","(1323068.719, 1532652.289]","(1232669.378, 1471210.204]","(1077881.375, 1386197.064]","(1232669.378, 2469065.594]",*
1342818.6762798564,"(1232669.378, 1386197.064]","(1323068.719, 1532652.289]","(1232669.378, 1471210.204]","(1077881.375, 1386197.064]","(1232669.378, 2469065.594]",*
1342997.6449288395,"(1232669.378, 1386197.064]","(1323068.719, 1532652.289]","(1232669.378, 1471210.204]","(1077881.375, 1386197.064]","(1232669.378, 2469065.594]",*
1343162.6366221448,"(1232669.378, 1386197.064]","(1323068.719, 1532652.289]","(1232669.378, 1471210.204]","(1077881.375, 1386197.064]","(1232669.378, 2469065.594]",*
1343394.6343089922,"(1232669.378, 1386197.064]","(1323068.719, 1532652.289]","(1232669.378, 1471210.204]","(1077881.375, 1386197.064]","(1232669.378, 2469065.594]",*
1343484.7267360713,"(1232669.378, 1386197.064]","(1323068.719, 1532652.289]","(1232669.378, 1471210.204]","(1077881.375, 1386197.064]","(1232669.378, 2469065.594]",*
1343537.1784667335,"(1232669.378, 1386197.064]","(1323068.719, 1532652.289]","(1232669.378, 1471210.204]","(1077881.375, 1386197.064]","(1232669.378, 2469065.594]",*
1343605.8001820482,"(1232669.378, 1386197.064]","(1323068.719, 1532652.289]","(1232669.378, 1471210.204]","(1077881.375, 1386197.064]","(1232669.378, 2469065.594]",*
1343824.2151443197,"(1232669.378, 1386197.064]","(1323068.719, 1532652.289]","(1232669.378, 1471210.204]","(1077881.375, 1386197.064]","(1232669.378, 2469065.594]",*
1344406.9301585502,"(1232669.378, 1386197.064]","(1323068.719, 1532652.289]","(1232669.378, 1471210.204]","(1077881.375, 1386197.064]","(1232669.378, 2469065.594]",*
1344523.4084306443,"(1232669.378, 1386197.064]","(1323068.719, 1532652.289]","(1232669.378, 1471210.204]","(1077881.375, 1386197.064]","(1232669.378, 2469065.594]",*
1344651.5738711937,"(1232669.378, 1386197.064]","(1323068.719, 1532652.289]","(1232669.378, 1471210.204]","(1077881.375, 1386197.064]","(1232669.378, 2469065.594]",*
1344869.279706492,"(1232669.378, 1386197.064]","(1323068.719, 1532652.289]","(1232669.378, 1471210.204]","(1077881.375, 1386197.064]","(1232669.378, 2469065.594]",*
1345004.119756513,"(1232669.378, 1386197.064]","(1323068.719, 1532652.289]","(1232669.378, 1471210.204]","(1077881.375, 1386197.064]","(1232669.378, 2469065.594]",*
1345296.5544381766,"(1232669.378, 1386197.064]","(1323068.719, 1532652.289]","(1232669.378, 1471210.204]","(1077881.375, 1386197.064]","(1232669.378, 2469065.594]",*
1345962.9549885315,"(1232669.378, 1386197.064]","(1323068.719, 1532652.289]","(1232669.378, 1471210.204]","(1077881.375, 1386197.064]","(1232669.378, 2469065.594]",*
1346049.6558665014,"(1232669.378, 1386197.064]","(1323068.719, 1532652.289]","(1232669.378, 1471210.204]","(1077881.375, 1386197.064]","(1232669.378, 2469065.594]",*
1346379.9849433708,"(1232669.378, 1386197.064]","(1323068.719, 1532652.289]","(1232669.378, 1471210.204]","(1077881.375, 1386197.064]","(1232669.378, 2469065.594]",*
1346969.1027573668,"(1232669.378, 1386197.064]","(1323068.719, 1532652.289]","(1232669.378, 1471210.204]","(1077881.375, 1386197.064]","(1232669.378, 2469065.594]",*
1347083.0697067634,"(1232669.378, 1386197.064]","(1323068.719, 1532652.289]","(1232669.378, 1471210.204]","(1077881.375, 1386197.064]","(1232669.378, 2469065.594]",*
1347202.5775821644,"(1232669.378, 1386197.064]","(1323068.719, 1532652.289]","(1232669.378, 1471210.204]","(1077881.375, 1386197.064]","(1232669.378, 2469065.594]",*
1347210.0922549702,"(1232669.378, 1386197.064]","(1323068.719, 1532652.289]","(1232669.378, 1471210.204]","(1077881.375, 1386197.064]","(1232669.378, 2469065.594]",*
1347225.944669636,"(1232669.378, 1386197.064]","(1323068.719, 1532652.289]","(1232669.378, 1471210.204]","(1077881.375, 1386197.064]","(1232669.378, 2469065.594]",*
1347234.0930270965,"(1232669.378, 1386197.064]","(1323068.719, 1532652.289]","(1232669.378, 1471210.204]","(1077881.375, 1386197.064]","(1232669.378, 2469065.594]",*
1347279.207217475,"(1232669.378, 1386197.064]","(1323068.719, 1532652.289]","(1232669.378, 1471210.204]","(1077881.375, 1386197.064]","(1232669.378, 2469065.594]",*
1347578.5303379197,"(1232669.378, 1386197.064]","(1323068.719, 1532652.289]","(1232669.378, 1471210.204]","(1077881.375, 1386197.064]","(1232669.378, 2469065.594]",*
1347622.4830190958,"(1232669.378, 1386197.064]","(1323068.719, 1532652.289]","(1232669.378, 1471210.204]","(1077881.375, 1386197.064]","(1232669.378, 2469065.594]",*
1347904.3953006924,"(1232669.378, 1386197.064]","(1323068.719, 1532652.289]","(1232669.378, 1471210.204]","(1077881.375, 1386197.064]","(1232669.378, 2469065.594]",*
1348221.7652439892,"(1232669.378, 1386197.064]","(1323068.719, 1532652.289]","(1232669.378, 1471210.204]","(1077881.375, 1386197.064]","(1232669.378, 2469065.594]",*
1348251.5968379064,"(1232669.378, 1386197.064]","(1323068.719, 1532652.289]","(1232669.378, 1471210.204]","(1077881.375, 1386197.064]","(1232669.378, 2469065.594]",*
1348804.229340074,"(1232669.378, 1386197.064]","(1323068.719, 1532652.289]","(1232669.378, 1471210.204]","(1077881.375, 1386197.064]","(1232669.378, 2469065.594]",*
1348873.4268637958,"(1232669.378, 1386197.064]","(1323068.719, 1532652.289]","(1232669.378, 1471210.204]","(1077881.375, 1386197.064]","(1232669.378, 2469065.594]",*
1348883.321478542,"(1232669.378, 1386197.064]","(1323068.719, 1532652.289]","(1232669.378, 1471210.204]","(1077881.375, 1386197.064]","(1232669.378, 2469065.594]",*
1349743.1463910898,"(1232669.378, 1386197.064]","(1323068.719, 1532652.289]","(1232669.378, 1471210.204]","(1077881.375, 1386197.064]","(1232669.378, 2469065.594]",*
1349818.250162027,"(1232669.378, 1386197.064]","(1323068.719, 1532652.289]","(1232669.378, 1471210.204]","(1077881.375, 1386197.064]","(1232669.378, 2469065.594]",*
1349989.646728484,"(1232669.378, 1386197.064]","(1323068.719, 1532652.289]","(1232669.378, 1471210.204]","(1077881.375, 1386197.064]","(1232669.378, 2469065.594]",*
1350283.9965166692,"(1232669.378, 1386197.064]","(1323068.719, 1532652.289]","(1232669.378, 1471210.204]","(1077881.375, 1386197.064]","(1232669.378, 2469065.594]",*
1350459.1155681738,"(1232669.378, 1386197.064]","(1323068.719, 1532652.289]","(1232669.378, 1471210.204]","(1077881.375, 1386197.064]","(1232669.378, 2469065.594]",*
1351007.0408580992,"(1232669.378, 1386197.064]","(1323068.719, 1532652.289]","(1232669.378, 1471210.204]","(1077881.375, 1386197.064]","(1232669.378, 2469065.594]",*
1351541.4185628768,"(1232669.378, 1386197.064]","(1323068.719, 1532652.289]","(1232669.378, 1471210.204]","(1077881.375, 1386197.064]","(1232669.378, 2469065.594]",*
1351639.83872163,"(1232669.378, 1386197.064]","(1323068.719, 1532652.289]","(1232669.378, 1471210.204]","(1077881.375, 1386197.064]","(1232669.378, 2469065.594]",*
1352018.2535033796,"(1232669.378, 1386197.064]","(1323068.719, 1532652.289]","(1232669.378, 1471210.204]","(1077881.375, 1386197.064]","(1232669.378, 2469065.594]",*
1352096.0506802993,"(1232669.378, 1386197.064]","(1323068.719, 1532652.289]","(1232669.378, 1471210.204]","(1077881.375, 1386197.064]","(1232669.378, 2469065.594]",*
1352135.9672641808,"(1232669.378, 1386197.064]","(1323068.719, 1532652.289]","(1232669.378, 1471210.204]","(1077881.375, 1386197.064]","(1232669.378, 2469065.594]",*
1352547.6933606025,"(1232669.378, 1386197.064]","(1323068.719, 1532652.289]","(1232669.378, 1471210.204]","(1077881.375, 1386197.064]","(1232669.378, 2469065.594]",*
1352756.7526296007,"(1232669.378, 1386197.064]","(1323068.719, 1532652.289]","(1232669.378, 1471210.204]","(1077881.375, 1386197.064]","(1232669.378, 2469065.594]",*
1352917.1768613977,"(1232669.378, 1386197.064]","(1323068.719, 1532652.289]","(1232669.378, 1471210.204]","(1077881.375, 1386197.064]","(1232669.378, 2469065.594]",*
1352993.6247858482,"(1232669.378, 1386197.064]","(1323068.719, 1532652.289]","(1232669.378, 1471210.204]","(1077881.375, 1386197.064]","(1232669.378, 2469065.594]",*
1353182.4938991645,"(1232669.378, 1386197.064]","(1323068.719, 1532652.289]","(1232669.378, 1471210.204]","(1077881.375, 1386197.064]","(1232669.378, 2469065.594]",*
1353488.41646297,"(1232669.378, 1386197.064]","(1323068.719, 1532652.289]","(1232669.378, 1471210.204]","(1077881.375, 1386197.064]","(1232669.378, 2469065.594]",*
1353635.4103963175,"(1232669.378, 1386197.064]","(1323068.719, 1532652.289]","(1232669.378, 1471210.204]","(1077881.375, 1386197.064]","(1232669.378, 2469065.594]",*
1353729.53334886,"(1232669.378, 1386197.064]","(1323068.719, 1532652.289]","(1232669.378, 1471210.204]","(1077881.375, 1386197.064]","(1232669.378, 2469065.594]",*
1353854.4775205588,"(1232669.378, 1386197.064]","(1323068.719, 1532652.289]","(1232669.378, 1471210.204]","(1077881.375, 1386197.064]","(1232669.378, 2469065.594]",*
1354077.498237712,"(1232669.378, 1386197.064]","(1323068.719, 1532652.289]","(1232669.378, 1471210.204]","(1077881.375, 1386197.064]","(1232669.378, 2469065.594]",*
1354417.5627576166,"(1232669.378, 1386197.064]","(1323068.719, 1532652.289]","(1232669.378, 1471210.204]","(1077881.375, 1386197.064]","(1232669.378, 2469065.594]",*
1354609.2458295806,"(1232669.378, 1386197.064]","(1323068.719, 1532652.289]","(1232669.378, 1471210.204]","(1077881.375, 1386197.064]","(1232669.378, 2469065.594]",*
1354874.8372024396,"(1232669.378, 1386197.064]","(1323068.719, 1532652.289]","(1232669.378, 1471210.204]","(1077881.375, 1386197.064]","(1232669.378, 2469065.594]",*
1354928.9500961443,"(1232669.378, 1386197.064]","(1323068.719, 1532652.289]","(1232669.378, 1471210.204]","(1077881.375, 1386197.064]","(1232669.378, 2469065.594]",*
1354973.5534951242,"(1232669.378, 1386197.064]","(1323068.719, 1532652.289]","(1232669.378, 1471210.204]","(1077881.375, 1386197.064]","(1232669.378, 2469065.594]",*
1355022.282566689,"(1232669.378, 1386197.064]","(1323068.719, 1532652.289]","(1232669.378, 1471210.204]","(1077881.375, 1386197.064]","(1232669.378, 2469065.594]",*
1355362.955587261,"(1232669.378, 1386197.064]","(1323068.719, 1532652.289]","(1232669.378, 1471210.204]","(1077881.375, 1386197.064]","(1232669.378, 2469065.594]",*
1355545.587900736,"(1232669.378, 1386197.064]","(1323068.719, 1532652.289]","(1232669.378, 1471210.204]","(1077881.375, 1386197.064]","(1232669.378, 2469065.594]",*
1355556.9536497225,"(1232669.378, 1386197.064]","(1323068.719, 1532652.289]","(1232669.378, 1471210.204]","(1077881.375, 1386197.064]","(1232669.378, 2469065.594]",*
1356062.1044986642,"(1232669.378, 1386197.064]","(1323068.719, 1532652.289]","(1232669.378, 1471210.204]","(1077881.375, 1386197.064]","(1232669.378, 2469065.594]",*
1356146.2608426227,"(1232669.378, 1386197.064]","(1323068.719, 1532652.289]","(1232669.378, 1471210.204]","(1077881.375, 1386197.064]","(1232669.378, 2469065.594]",*
1356384.6675167023,"(1232669.378, 1386197.064]","(1323068.719, 1532652.289]","(1232669.378, 1471210.204]","(1077881.375, 1386197.064]","(1232669.378, 2469065.594]",*
1356539.5070872393,"(1232669.378, 1386197.064]","(1323068.719, 1532652.289]","(1232669.378, 1471210.204]","(1077881.375, 1386197.064]","(1232669.378, 2469065.594]",*
1356691.3872020654,"(1232669.378, 1386197.064]","(1323068.719, 1532652.289]","(1232669.378, 1471210.204]","(1077881.375, 1386197.064]","(1232669.378, 2469065.594]",*
1357208.2377392326,"(1232669.378, 1386197.064]","(1323068.719, 1532652.289]","(1232669.378, 1471210.204]","(1077881.375, 1386197.064]","(1232669.378, 2469065.594]",*
1357250.5712569577,"(1232669.378, 1386197.064]","(1323068.719, 1532652.289]","(1232669.378, 1471210.204]","(1077881.375, 1386197.064]","(1232669.378, 2469065.594]",*
1357366.5283162282,"(1232669.378, 1386197.064]","(1323068.719, 1532652.289]","(1232669.378, 1471210.204]","(1077881.375, 1386197.064]","(1232669.378, 2469065.594]",*
1357575.8516151062,"(1232669.378, 1386197.064]","(1323068.719, 1532652.289]","(1232669.378, 1471210.204]","(1077881.375, 1386197.064]","(1232669.378, 2469065.594]",*
1357710.964922556,"(1232669.378, 1386197.064]","(1323068.719, 1532652.289]","(1232669.378, 1471210.204]","(1077881.375, 1386197.064]","(1232669.378, 2469065.594]",*
1357797.9095238894,"(1232669.378, 1386197.064]","(1323068.719, 1532652.289]","(1232669.378, 1471210.204]","(1077881.375, 1386197.064]","(1232669.378, 2469065.594]",*
1358213.9061280591,"(1232669.378, 1386197.064]","(1323068.719, 1532652.289]","(1232669.378, 1471210.204]","(1077881.375, 1386197.064]","(1232669.378, 2469065.594]",*
1358350.39783993,"(1232669.378, 1386197.064]","(1323068.719, 1532652.289]","(1232669.378, 1471210.204]","(1077881.375, 1386197.064]","(1232669.378, 2469065.594]",*
1358526.7412621249,"(1232669.378, 1386197.064]","(1323068.719, 1532652.289]","(1232669.378, 1471210.204]","(1077881.375, 1386197.064]","(1232669.378, 2469065.594]",*
1358646.7462613978,"(1232669.378, 1386197.064]","(1323068.719, 1532652.289]","(1232669.378, 1471210.204]","(1077881.375, 1386197.064]","(1232669.378, 2469065.594]",*
1358899.686177901,"(1232669.378, 1386197.064]","(1323068.719, 1532652.289]","(1232669.378, 1471210.204]","(1077881.375, 1386197.064]","(1232669.378, 2469065.594]",*
1358983.4704786798,"(1232669.378, 1386197.064]","(1323068.719, 1532652.289]","(1232669.378, 1471210.204]","(1077881.375, 1386197.064]","(1232669.378, 2469065.594]",*
1359052.8457646829,"(1232669.378, 1386197.064]","(1323068.719, 1532652.289]","(1232669.378, 1471210.204]","(1077881.375, 1386197.064]","(1232669.378, 2469065.594]",*
1359762.6936754046,"(1232669.378, 1386197.064]","(1323068.719, 1532652.289]","(1232669.378, 1471210.204]","(1077881.375, 1386197.064]","(1232669.378, 2469065.594]",*
1359838.9985787438,"(1232669.378, 1386197.064]","(1323068.719, 1532652.289]","(1232669.378, 1471210.204]","(1077881.375, 1386197.064]","(1232669.378, 2469065.594]",*
1359978.159938887,"(1232669.378, 1386197.064]","(1323068.719, 1532652.289]","(1232669.378, 1471210.204]","(1077881.375, 1386197.064]","(1232669.378, 2469065.594]",*
1360100.7192439777,"(1232669.378, 1386197.064]","(1323068.719, 1532652.289]","(1232669.378, 1471210.204]","(1077881.375, 1386197.064]","(1232669.378, 2469065.594]",*
1360329.3586097115,"(1232669.378, 1386197.064]","(1323068.719, 1532652.289]","(1232669.378, 1471210.204]","(1077881.375, 1386197.064]","(1232669.378, 2469065.594]",*
1360502.2488120492,"(1232669.378, 1386197.064]","(1323068.719, 1532652.289]","(1232669.378, 1471210.204]","(1077881.375, 1386197.064]","(1232669.378, 2469065.594]",*
1360623.694456931,"(1232669.378, 1386197.064]","(1323068.719, 1532652.289]","(1232669.378, 1471210.204]","(1077881.375, 1386197.064]","(1232669.378, 2469065.594]",*
1360787.8712115514,"(1232669.378, 1386197.064]","(1323068.719, 1532652.289]","(1232669.378, 1471210.204]","(1077881.375, 1386197.064]","(1232669.378, 2469065.594]",*
1360908.3196200058,"(1232669.378, 1386197.064]","(1323068.719, 1532652.289]","(1232669.378, 1471210.204]","(1077881.375, 1386197.064]","(1232669.378, 2469065.594]",*
1360910.728339274,"(1232669.378, 1386197.064]","(1323068.719, 1532652.289]","(1232669.378, 1471210.204]","(1077881.375, 1386197.064]","(1232669.378, 2469065.594]",*
1360920.5303860817,"(1232669.378, 1386197.064]","(1323068.719, 1532652.289]","(1232669.378, 1471210.204]","(1077881.375, 1386197.064]","(1232669.378, 2469065.594]",*
1361007.561847115,"(1232669.378, 1386197.064]","(1323068.719, 1532652.289]","(1232669.378, 1471210.204]","(1077881.375, 1386197.064]","(1232669.378, 2469065.594]",*
1361219.30037656,"(1232669.378, 1386197.064]","(1323068.719, 1532652.289]","(1232669.378, 1471210.204]","(1077881.375, 1386197.064]","(1232669.378, 2469065.594]",*
1361230.1212351571,"(1232669.378, 1386197.064]","(1323068.719, 1532652.289]","(1232669.378, 1471210.204]","(1077881.375, 1386197.064]","(1232669.378, 2469065.594]",*
1361521.9829376258,"(1232669.378, 1386197.064]","(1323068.719, 1532652.289]","(1232669.378, 1471210.204]","(1077881.375, 1386197.064]","(1232669.378, 2469065.594]",*
1361828.8480482409,"(1232669.378, 1386197.064]","(1323068.719, 1532652.289]","(1232669.378, 1471210.204]","(1077881.375, 1386197.064]","(1232669.378, 2469065.594]",*
1361841.9517155087,"(1232669.378, 1386197.064]","(1323068.719, 1532652.289]","(1232669.378, 1471210.204]","(1077881.375, 1386197.064]","(1232669.378, 2469065.594]",*
1361872.2910159142,"(1232669.378, 1386197.064]","(1323068.719, 1532652.289]","(1232669.378, 1471210.204]","(1077881.375, 1386197.064]","(1232669.378, 2469065.594]",*
1362239.0535402829,"(1232669.378, 1386197.064]","(1323068.719, 1532652.289]","(1232669.378, 1471210.204]","(1077881.375, 1386197.064]","(1232669.378, 2469065.594]",*
1362436.153753944,"(1232669.378, 1386197.064]","(1323068.719, 1532652.289]","(1232669.378, 1471210.204]","(1077881.375, 1386197.064]","(1232669.378, 2469065.594]",*
1363086.9045325571,"(1232669.378, 1386197.064]","(1323068.719, 1532652.289]","(1232669.378, 1471210.204]","(1077881.375, 1386197.064]","(1232669.378, 2469065.594]",*
1363106.125282448,"(1232669.378, 1386197.064]","(1323068.719, 1532652.289]","(1232669.378, 1471210.204]","(1077881.375, 1386197.064]","(1232669.378, 2469065.594]",*
1363319.8464196029,"(1232669.378, 1386197.064]","(1323068.719, 1532652.289]","(1232669.378, 1471210.204]","(1077881.375, 1386197.064]","(1232669.378, 2469065.594]",*
1363623.0442083713,"(1232669.378, 1386197.064]","(1323068.719, 1532652.289]","(1232669.378, 1471210.204]","(1077881.375, 1386197.064]","(1232669.378, 2469065.594]",*
1363669.0689153152,"(1232669.378, 1386197.064]","(1323068.719, 1532652.289]","(1232669.378, 1471210.204]","(1077881.375, 1386197.064]","(1232669.378, 2469065.594]",*
1364029.16836528,"(1232669.378, 1386197.064]","(1323068.719, 1532652.289]","(1232669.378, 1471210.204]","(1077881.375, 1386197.064]","(1232669.378, 2469065.594]",*
1364194.9398179324,"(1232669.378, 1386197.064]","(1323068.719, 1532652.289]","(1232669.378, 1471210.204]","(1077881.375, 1386197.064]","(1232669.378, 2469065.594]",*
1364306.7686809986,"(1232669.378, 1386197.064]","(1323068.719, 1532652.289]","(1232669.378, 1471210.204]","(1077881.375, 1386197.064]","(1232669.378, 2469065.594]",*
1364363.3753658957,"(1232669.378, 1386197.064]","(1323068.719, 1532652.289]","(1232669.378, 1471210.204]","(1077881.375, 1386197.064]","(1232669.378, 2469065.594]",*
1364738.2962113786,"(1232669.378, 1386197.064]","(1323068.719, 1532652.289]","(1232669.378, 1471210.204]","(1077881.375, 1386197.064]","(1232669.378, 2469065.594]",*
1364832.003419123,"(1232669.378, 1386197.064]","(1323068.719, 1532652.289]","(1232669.378, 1471210.204]","(1077881.375, 1386197.064]","(1232669.378, 2469065.594]",*
1365036.083757255,"(1232669.378, 1386197.064]","(1323068.719, 1532652.289]","(1232669.378, 1471210.204]","(1077881.375, 1386197.064]","(1232669.378, 2469065.594]",*
1365081.1775398466,"(1232669.378, 1386197.064]","(1323068.719, 1532652.289]","(1232669.378, 1471210.204]","(1077881.375, 1386197.064]","(1232669.378, 2469065.594]",*
1365151.3942278114,"(1232669.378, 1386197.064]","(1323068.719, 1532652.289]","(1232669.378, 1471210.204]","(1077881.375, 1386197.064]","(1232669.378, 2469065.594]",*
1365437.489057367,"(1232669.378, 1386197.064]","(1323068.719, 1532652.289]","(1232669.378, 1471210.204]","(1077881.375, 1386197.064]","(1232669.378, 2469065.594]",*
1365496.8850918792,"(1232669.378, 1386197.064]","(1323068.719, 1532652.289]","(1232669.378, 1471210.204]","(1077881.375, 1386197.064]","(1232669.378, 2469065.594]",*
1365945.0827829945,"(1232669.378, 1386197.064]","(1323068.719, 1532652.289]","(1232669.378, 1471210.204]","(1077881.375, 1386197.064]","(1232669.378, 2469065.594]",*
1366000.5700998602,"(1232669.378, 1386197.064]","(1323068.719, 1532652.289]","(1232669.378, 1471210.204]","(1077881.375, 1386197.064]","(1232669.378, 2469065.594]",*
1366405.9719604012,"(1232669.378, 1386197.064]","(1323068.719, 1532652.289]","(1232669.378, 1471210.204]","(1077881.375, 1386197.064]","(1232669.378, 2469065.594]",*
1366668.1852883534,"(1232669.378, 1386197.064]","(1323068.719, 1532652.289]","(1232669.378, 1471210.204]","(1077881.375, 1386197.064]","(1232669.378, 2469065.594]",*
1366714.3755527297,"(1232669.378, 1386197.064]","(1323068.719, 1532652.289]","(1232669.378, 1471210.204]","(1077881.375, 1386197.064]","(1232669.378, 2469065.594]",*
1366727.6626961108,"(1232669.378, 1386197.064]","(1323068.719, 1532652.289]","(1232669.378, 1471210.204]","(1077881.375, 1386197.064]","(1232669.378, 2469065.594]",*
1366854.240506532,"(1232669.378, 1386197.064]","(1323068.719, 1532652.289]","(1232669.378, 1471210.204]","(1077881.375, 1386197.064]","(1232669.378, 2469065.594]",*
1366980.9098808763,"(1232669.378, 1386197.064]","(1323068.719, 1532652.289]","(1232669.378, 1471210.204]","(1077881.375, 1386197.064]","(1232669.378, 2469065.594]",*
1366988.2351681625,"(1232669.378, 1386197.064]","(1323068.719, 1532652.289]","(1232669.378, 1471210.204]","(1077881.375, 1386197.064]","(1232669.378, 2469065.594]",*
1367130.348227142,"(1232669.378, 1386197.064]","(1323068.719, 1532652.289]","(1232669.378, 1471210.204]","(1077881.375, 1386197.064]","(1232669.378, 2469065.594]",*
1367142.71669501,"(1232669.378, 1386197.064]","(1323068.719, 1532652.289]","(1232669.378, 1471210.204]","(1077881.375, 1386197.064]","(1232669.378, 2469065.594]",*
1367292.959858112,"(1232669.378, 1386197.064]","(1323068.719, 1532652.289]","(1232669.378, 1471210.204]","(1077881.375, 1386197.064]","(1232669.378, 2469065.594]",*
1367312.1320525082,"(1232669.378, 1386197.064]","(1323068.719, 1532652.289]","(1232669.378, 1471210.204]","(1077881.375, 1386197.064]","(1232669.378, 2469065.594]",*
1367586.277738016,"(1232669.378, 1386197.064]","(1323068.719, 1532652.289]","(1232669.378, 1471210.204]","(1077881.375, 1386197.064]","(1232669.378, 2469065.594]",*
1367619.9234428834,"(1232669.378, 1386197.064]","(1323068.719, 1532652.289]","(1232669.378, 1471210.204]","(1077881.375, 1386197.064]","(1232669.378, 2469065.594]",*
1367641.27038369,"(1232669.378, 1386197.064]","(1323068.719, 1532652.289]","(1232669.378, 1471210.204]","(1077881.375, 1386197.064]","(1232669.378, 2469065.594]",*
1368106.873217715,"(1232669.378, 1386197.064]","(1323068.719, 1532652.289]","(1232669.378, 1471210.204]","(1077881.375, 1386197.064]","(1232669.378, 2469065.594]",*
1368134.9976821383,"(1232669.378, 1386197.064]","(1323068.719, 1532652.289]","(1232669.378, 1471210.204]","(1077881.375, 1386197.064]","(1232669.378, 2469065.594]",*
1368670.2992131882,"(1232669.378, 1386197.064]","(1323068.719, 1532652.289]","(1232669.378, 1471210.204]","(1077881.375, 1386197.064]","(1232669.378, 2469065.594]",*
1368692.296870373,"(1232669.378, 1386197.064]","(1323068.719, 1532652.289]","(1232669.378, 1471210.204]","(1077881.375, 1386197.064]","(1232669.378, 2469065.594]",*
1369006.1148814352,"(1232669.378, 1386197.064]","(1323068.719, 1532652.289]","(1232669.378, 1471210.204]","(1077881.375, 1386197.064]","(1232669.378, 2469065.594]",*
1369016.7779001954,"(1232669.378, 1386197.064]","(1323068.719, 1532652.289]","(1232669.378, 1471210.204]","(1077881.375, 1386197.064]","(1232669.378, 2469065.594]",*
1369186.0702979171,"(1232669.378, 1386197.064]","(1323068.719, 1532652.289]","(1232669.378, 1471210.204]","(1077881.375, 1386197.064]","(1232669.378, 2469065.594]",*
1369582.5824914402,"(1232669.378, 1386197.064]","(1323068.719, 1532652.289]","(1232669.378, 1471210.204]","(1077881.375, 1386197.064]","(1232669.378, 2469065.594]",*
1369753.2817485817,"(1232669.378, 1386197.064]","(1323068.719, 1532652.289]","(1232669.378, 1471210.204]","(1077881.375, 1386197.064]","(1232669.378, 2469065.594]",*
1369970.613282539,"(1232669.378, 1386197.064]","(1323068.719, 1532652.289]","(1232669.378, 1471210.204]","(1077881.375, 1386197.064]","(1232669.378, 2469065.594]",*
1369976.5013014628,"(1232669.378, 1386197.064]","(1323068.719, 1532652.289]","(1232669.378, 1471210.204]","(1077881.375, 1386197.064]","(1232669.378, 2469065.594]",*
1370178.474136888,"(1232669.378, 1386197.064]","(1323068.719, 1532652.289]","(1232669.378, 1471210.204]","(1077881.375, 1386197.064]","(1232669.378, 2469065.594]",*
1370274.3873120216,"(1232669.378, 1386197.064]","(1323068.719, 1532652.289]","(1232669.378, 1471210.204]","(1077881.375, 1386197.064]","(1232669.378, 2469065.594]",*
1370367.787954931,"(1232669.378, 1386197.064]","(1323068.719, 1532652.289]","(1232669.378, 1471210.204]","(1077881.375, 1386197.064]","(1232669.378, 2469065.594]",*
1370505.8825642949,"(1232669.378, 1386197.064]","(1323068.719, 1532652.289]","(1232669.378, 1471210.204]","(1077881.375, 1386197.064]","(1232669.378, 2469065.594]",*
1370699.722372912,"(1232669.378, 1386197.064]","(1323068.719, 1532652.289]","(1232669.378, 1471210.204]","(1077881.375, 1386197.064]","(1232669.378, 2469065.594]",*
1370830.388597882,"(1232669.378, 1386197.064]","(1323068.719, 1532652.289]","(1232669.378, 1471210.204]","(1077881.375, 1386197.064]","(1232669.378, 2469065.594]",*
1370909.9519343053,"(1232669.378, 1386197.064]","(1323068.719, 1532652.289]","(1232669.378, 1471210.204]","(1077881.375, 1386197.064]","(1232669.378, 2469065.594]",*
1371298.4246050415,"(1232669.378, 1386197.064]","(1323068.719, 1532652.289]","(1232669.378, 1471210.204]","(1077881.375, 1386197.064]","(1232669.378, 2469065.594]",*
1371311.6162897868,"(1232669.378, 1386197.064]","(1323068.719, 1532652.289]","(1232669.378, 1471210.204]","(1077881.375, 1386197.064]","(1232669.378, 2469065.594]",*
1371521.619588533,"(1232669.378, 1386197.064]","(1323068.719, 1532652.289]","(1232669.378, 1471210.204]","(1077881.375, 1386197.064]","(1232669.378, 2469065.594]",*
1371527.327011824,"(1232669.378, 1386197.064]","(1323068.719, 1532652.289]","(1232669.378, 1471210.204]","(1077881.375, 1386197.064]","(1232669.378, 2469065.594]",*
1371640.9317114232,"(1232669.378, 1386197.064]","(1323068.719, 1532652.289]","(1232669.378, 1471210.204]","(1077881.375, 1386197.064]","(1232669.378, 2469065.594]",*
1371670.3893379816,"(1232669.378, 1386197.064]","(1323068.719, 1532652.289]","(1232669.378, 1471210.204]","(1077881.375, 1386197.064]","(1232669.378, 2469065.594]",*
1372549.7824922143,"(1232669.378, 1386197.064]","(1323068.719, 1532652.289]","(1232669.378, 1471210.204]","(1077881.375, 1386197.064]","(1232669.378, 2469065.594]",*
1372806.6163663396,"(1232669.378, 1386197.064]","(1323068.719, 1532652.289]","(1232669.378, 1471210.204]","(1077881.375, 1386197.064]","(1232669.378, 2469065.594]",*
1372878.5343937918,"(1232669.378, 1386197.064]","(1323068.719, 1532652.289]","(1232669.378, 1471210.204]","(1077881.375, 1386197.064]","(1232669.378, 2469065.594]",*
1372969.3107494302,"(1232669.378, 1386197.064]","(1323068.719, 1532652.289]","(1232669.378, 1471210.204]","(1077881.375, 1386197.064]","(1232669.378, 2469065.594]",*
1372994.2901084968,"(1232669.378, 1386197.064]","(1323068.719, 1532652.289]","(1232669.378, 1471210.204]","(1077881.375, 1386197.064]","(1232669.378, 2469065.594]",*
1373022.2444161566,"(1232669.378, 1386197.064]","(1323068.719, 1532652.289]","(1232669.378, 1471210.204]","(1077881.375, 1386197.064]","(1232669.378, 2469065.594]",*
1373048.09902299,"(1232669.378, 1386197.064]","(1323068.719, 1532652.289]","(1232669.378, 1471210.204]","(1077881.375, 1386197.064]","(1232669.378, 2469065.594]",*
1373106.5665929231,"(1232669.378, 1386197.064]","(1323068.719, 1532652.289]","(1232669.378, 1471210.204]","(1077881.375, 1386197.064]","(1232669.378, 2469065.594]",*
1373290.8607785418,"(1232669.378, 1386197.064]","(1323068.719, 1532652.289]","(1232669.378, 1471210.204]","(1077881.375, 1386197.064]","(1232669.378, 2469065.594]",*
1373512.3017761726,"(1232669.378, 1386197.064]","(1323068.719, 1532652.289]","(1232669.378, 1471210.204]","(1077881.375, 1386197.064]","(1232669.378, 2469065.594]",*
1373528.5581959272,"(1232669.378, 1386197.064]","(1323068.719, 1532652.289]","(1232669.378, 1471210.204]","(1077881.375, 1386197.064]","(1232669.378, 2469065.594]",*
1373589.8035017387,"(1232669.378, 1386197.064]","(1323068.719, 1532652.289]","(1232669.378, 1471210.204]","(1077881.375, 1386197.064]","(1232669.378, 2469065.594]",*
1374117.0672751863,"(1232669.378, 1386197.064]","(1323068.719, 1532652.289]","(1232669.378, 1471210.204]","(1077881.375, 1386197.064]","(1232669.378, 2469065.594]",*
1375057.08346865,"(1232669.378, 1386197.064]","(1323068.719, 1532652.289]","(1232669.378, 1471210.204]","(1077881.375, 1386197.064]","(1232669.378, 2469065.594]",*
1375105.3459220582,"(1232669.378, 1386197.064]","(1323068.719, 1532652.289]","(1232669.378, 1471210.204]","(1077881.375, 1386197.064]","(1232669.378, 2469065.594]",*
1375215.0615939235,"(1232669.378, 1386197.064]","(1323068.719, 1532652.289]","(1232669.378, 1471210.204]","(1077881.375, 1386197.064]","(1232669.378, 2469065.594]",*
1375467.2709967713,"(1232669.378, 1386197.064]","(1323068.719, 1532652.289]","(1232669.378, 1471210.204]","(1077881.375, 1386197.064]","(1232669.378, 2469065.594]",*
1375497.9729216115,"(1232669.378, 1386197.064]","(1323068.719, 1532652.289]","(1232669.378, 1471210.204]","(1077881.375, 1386197.064]","(1232669.378, 2469065.594]",*
1375633.3727060992,"(1232669.378, 1386197.064]","(1323068.719, 1532652.289]","(1232669.378, 1471210.204]","(1077881.375, 1386197.064]","(1232669.378, 2469065.594]",*
1375736.9565806843,"(1232669.378, 1386197.064]","(1323068.719, 1532652.289]","(1232669.378, 1471210.204]","(1077881.375, 1386197.064]","(1232669.378, 2469065.594]",*
1375771.1290372745,"(1232669.378, 1386197.064]","(1323068.719, 1532652.289]","(1232669.378, 1471210.204]","(1077881.375, 1386197.064]","(1232669.378, 2469065.594]",*
1375951.0644420425,"(1232669.378, 1386197.064]","(1323068.719, 1532652.289]","(1232669.378, 1471210.204]","(1077881.375, 1386197.064]","(1232669.378, 2469065.594]",*
1376146.8111116744,"(1232669.378, 1386197.064]","(1323068.719, 1532652.289]","(1232669.378, 1471210.204]","(1077881.375, 1386197.064]","(1232669.378, 2469065.594]",*
1376240.615299077,"(1232669.378, 1386197.064]","(1323068.719, 1532652.289]","(1232669.378, 1471210.204]","(1077881.375, 1386197.064]","(1232669.378, 2469065.594]",*
1376346.358964895,"(1232669.378, 1386197.064]","(1323068.719, 1532652.289]","(1232669.378, 1471210.204]","(1077881.375, 1386197.064]","(1232669.378, 2469065.594]",*
1376492.9247222256,"(1232669.378, 1386197.064]","(1323068.719, 1532652.289]","(1232669.378, 1471210.204]","(1077881.375, 1386197.064]","(1232669.378, 2469065.594]",*
1376637.5056241709,"(1232669.378, 1386197.064]","(1323068.719, 1532652.289]","(1232669.378, 1471210.204]","(1077881.375, 1386197.064]","(1232669.378, 2469065.594]",*
1376714.674198855,"(1232669.378, 1386197.064]","(1323068.719, 1532652.289]","(1232669.378, 1471210.204]","(1077881.375, 1386197.064]","(1232669.378, 2469065.594]",*
1376898.0583895228,"(1232669.378, 1386197.064]","(1323068.719, 1532652.289]","(1232669.378, 1471210.204]","(1077881.375, 1386197.064]","(1232669.378, 2469065.594]",*
1376969.9288002914,"(1232669.378, 1386197.064]","(1323068.719, 1532652.289]","(1232669.378, 1471210.204]","(1077881.375, 1386197.064]","(1232669.378, 2469065.594]",*
1377113.0261359508,"(1232669.378, 1386197.064]","(1323068.719, 1532652.289]","(1232669.378, 1471210.204]","(1077881.375, 1386197.064]","(1232669.378, 2469065.594]",*
1377275.1787725226,"(1232669.378, 1386197.064]","(1323068.719, 1532652.289]","(1232669.378, 1471210.204]","(1077881.375, 1386197.064]","(1232669.378, 2469065.594]",*
1377430.072170325,"(1232669.378, 1386197.064]","(1323068.719, 1532652.289]","(1232669.378, 1471210.204]","(1077881.375, 1386197.064]","(1232669.378, 2469065.594]",*
1377447.3485206584,"(1232669.378, 1386197.064]","(1323068.719, 1532652.289]","(1232669.378, 1471210.204]","(1077881.375, 1386197.064]","(1232669.378, 2469065.594]",*
1377671.2374844607,"(1232669.378, 1386197.064]","(1323068.719, 1532652.289]","(1232669.378, 1471210.204]","(1077881.375, 1386197.064]","(1232669.378, 2469065.594]",*
1377939.7745081235,"(1232669.378, 1386197.064]","(1323068.719, 1532652.289]","(1232669.378, 1471210.204]","(1077881.375, 1386197.064]","(1232669.378, 2469065.594]",*
1378269.5728225105,"(1232669.378, 1386197.064]","(1323068.719, 1532652.289]","(1232669.378, 1471210.204]","(1077881.375, 1386197.064]","(1232669.378, 2469065.594]",*
1378399.109063904,"(1232669.378, 1386197.064]","(1323068.719, 1532652.289]","(1232669.378, 1471210.204]","(1077881.375, 1386197.064]","(1232669.378, 2469065.594]",*
1378863.6883772104,"(1232669.378, 1386197.064]","(1323068.719, 1532652.289]","(1232669.378, 1471210.204]","(1077881.375, 1386197.064]","(1232669.378, 2469065.594]",*
1378937.877384443,"(1232669.378, 1386197.064]","(1323068.719, 1532652.289]","(1232669.378, 1471210.204]","(1077881.375, 1386197.064]","(1232669.378, 2469065.594]",*
1379169.4487306818,"(1232669.378, 1386197.064]","(1323068.719, 1532652.289]","(1232669.378, 1471210.204]","(1077881.375, 1386197.064]","(1232669.378, 2469065.594]",*
1379386.3829330024,"(1232669.378, 1386197.064]","(1323068.719, 1532652.289]","(1232669.378, 1471210.204]","(1077881.375, 1386197.064]","(1232669.378, 2469065.594]",*
1379456.0307108702,"(1232669.378, 1386197.064]","(1323068.719, 1532652.289]","(1232669.378, 1471210.204]","(1077881.375, 1386197.064]","(1232669.378, 2469065.594]",*
1379671.0747829855,"(1232669.378, 1386197.064]","(1323068.719, 1532652.289]","(1232669.378, 1471210.204]","(1077881.375, 1386197.064]","(1232669.378, 2469065.594]",*
1380070.450117897,"(1232669.378, 1386197.064]","(1323068.719, 1532652.289]","(1232669.378, 1471210.204]","(1077881.375, 1386197.064]","(1232669.378, 2469065.594]",*
1380215.5152247497,"(1232669.378, 1386197.064]","(1323068.719, 1532652.289]","(1232669.378, 1471210.204]","(1077881.375, 1386197.064]","(1232669.378, 2469065.594]",*
1380353.887598126,"(1232669.378, 1386197.064]","(1323068.719, 1532652.289]","(1232669.378, 1471210.204]","(1077881.375, 1386197.064]","(1232669.378, 2469065.594]",*
1380602.5555813394,"(1232669.378, 1386197.064]","(1323068.719, 1532652.289]","(1232669.378, 1471210.204]","(1077881.375, 1386197.064]","(1232669.378, 2469065.594]",*
1380715.3150239568,"(1232669.378, 1386197.064]","(1323068.719, 1532652.289]","(1232669.378, 1471210.204]","(1077881.375, 1386197.064]","(1232669.378, 2469065.594]",*
1381085.72928298,"(1232669.378, 1386197.064]","(1323068.719, 1532652.289]","(1232669.378, 1471210.204]","(1077881.375, 1386197.064]","(1232669.378, 2469065.594]",*
1381117.7013514298,"(1232669.378, 1386197.064]","(1323068.719, 1532652.289]","(1232669.378, 1471210.204]","(1077881.375, 1386197.064]","(1232669.378, 2469065.594]",*
1381272.8805665972,"(1232669.378, 1386197.064]","(1323068.719, 1532652.289]","(1232669.378, 1471210.204]","(1077881.375, 1386197.064]","(1232669.378, 2469065.594]",*
1381417.2495046626,"(1232669.378, 1386197.064]","(1323068.719, 1532652.289]","(1232669.378, 1471210.204]","(1077881.375, 1386197.064]","(1232669.378, 2469065.594]",*
1381430.630188794,"(1232669.378, 1386197.064]","(1323068.719, 1532652.289]","(1232669.378, 1471210.204]","(1077881.375, 1386197.064]","(1232669.378, 2469065.594]",*
1381442.7584597112,"(1232669.378, 1386197.064]","(1323068.719, 1532652.289]","(1232669.378, 1471210.204]","(1077881.375, 1386197.064]","(1232669.378, 2469065.594]",*
1381482.6850124071,"(1232669.378, 1386197.064]","(1323068.719, 1532652.289]","(1232669.378, 1471210.204]","(1077881.375, 1386197.064]","(1232669.378, 2469065.594]",*
1381536.933945742,"(1232669.378, 1386197.064]","(1323068.719, 1532652.289]","(1232669.378, 1471210.204]","(1077881.375, 1386197.064]","(1232669.378, 2469065.594]",*
1381830.779029103,"(1232669.378, 1386197.064]","(1323068.719, 1532652.289]","(1232669.378, 1471210.204]","(1077881.375, 1386197.064]","(1232669.378, 2469065.594]",*
1382110.278182302,"(1232669.378, 1386197.064]","(1323068.719, 1532652.289]","(1232669.378, 1471210.204]","(1077881.375, 1386197.064]","(1232669.378, 2469065.594]",*
1382172.2937066122,"(1232669.378, 1386197.064]","(1323068.719, 1532652.289]","(1232669.378, 1471210.204]","(1077881.375, 1386197.064]","(1232669.378, 2469065.594]",*
1382787.3245131264,"(1232669.378, 1386197.064]","(1323068.719, 1532652.289]","(1232669.378, 1471210.204]","(1077881.375, 1386197.064]","(1232669.378, 2469065.594]",*
1382810.7056157028,"(1232669.378, 1386197.064]","(1323068.719, 1532652.289]","(1232669.378, 1471210.204]","(1077881.375, 1386197.064]","(1232669.378, 2469065.594]",*
1382998.251065435,"(1232669.378, 1386197.064]","(1323068.719, 1532652.289]","(1232669.378, 1471210.204]","(1077881.375, 1386197.064]","(1232669.378, 2469065.594]",*
1383031.332366437,"(1232669.378, 1386197.064]","(1323068.719, 1532652.289]","(1232669.378, 1471210.204]","(1077881.375, 1386197.064]","(1232669.378, 2469065.594]",*
1383395.2874928915,"(1232669.378, 1386197.064]","(1323068.719, 1532652.289]","(1232669.378, 1471210.204]","(1077881.375, 1386197.064]","(1232669.378, 2469065.594]",*
1383508.061615121,"(1232669.378, 1386197.064]","(1323068.719, 1532652.289]","(1232669.378, 1471210.204]","(1077881.375, 1386197.064]","(1232669.378, 2469065.594]",*
1383563.5742572048,"(1232669.378, 1386197.064]","(1323068.719, 1532652.289]","(1232669.378, 1471210.204]","(1077881.375, 1386197.064]","(1232669.378, 2469065.594]",*
1383565.6961895288,"(1232669.378, 1386197.064]","(1323068.719, 1532652.289]","(1232669.378, 1471210.204]","(1077881.375, 1386197.064]","(1232669.378, 2469065.594]",*
1383651.8270781066,"(1232669.378, 1386197.064]","(1323068.719, 1532652.289]","(1232669.378, 1471210.204]","(1077881.375, 1386197.064]","(1232669.378, 2469065.594]",*
1383766.0819453795,"(1232669.378, 1386197.064]","(1323068.719, 1532652.289]","(1232669.378, 1471210.204]","(1077881.375, 1386197.064]","(1232669.378, 2469065.594]",*
1383783.9118326548,"(1232669.378, 1386197.064]","(1323068.719, 1532652.289]","(1232669.378, 1471210.204]","(1077881.375, 1386197.064]","(1232669.378, 2469065.594]",*
1383842.185059596,"(1232669.378, 1386197.064]","(1323068.719, 1532652.289]","(1232669.378, 1471210.204]","(1077881.375, 1386197.064]","(1232669.378, 2469065.594]",*
1383938.3667970055,"(1232669.378, 1386197.064]","(1323068.719, 1532652.289]","(1232669.378, 1471210.204]","(1077881.375, 1386197.064]","(1232669.378, 2469065.594]",*
1383967.4628174563,"(1232669.378, 1386197.064]","(1323068.719, 1532652.289]","(1232669.378, 1471210.204]","(1077881.375, 1386197.064]","(1232669.378, 2469065.594]",*
1384140.2270663455,"(1232669.378, 1386197.064]","(1323068.719, 1532652.289]","(1232669.378, 1471210.204]","(1077881.375, 1386197.064]","(1232669.378, 2469065.594]",*
1384328.1221885916,"(1232669.378, 1386197.064]","(1323068.719, 1532652.289]","(1232669.378, 1471210.204]","(1077881.375, 1386197.064]","(1232669.378, 2469065.594]",*
1384432.1532990958,"(1232669.378, 1386197.064]","(1323068.719, 1532652.289]","(1232669.378, 1471210.204]","(1077881.375, 1386197.064]","(1232669.378, 2469065.594]",*
1384466.4369129457,"(1232669.378, 1386197.064]","(1323068.719, 1532652.289]","(1232669.378, 1471210.204]","(1077881.375, 1386197.064]","(1232669.378, 2469065.594]",*
1384478.3045482538,"(1232669.378, 1386197.064]","(1323068.719, 1532652.289]","(1232669.378, 1471210.204]","(1077881.375, 1386197.064]","(1232669.378, 2469065.594]",*
1384787.457430071,"(1232669.378, 1386197.064]","(1323068.719, 1532652.289]","(1232669.378, 1471210.204]","(1077881.375, 1386197.064]","(1232669.378, 2469065.594]",*
1384798.0105584608,"(1232669.378, 1386197.064]","(1323068.719, 1532652.289]","(1232669.378, 1471210.204]","(1077881.375, 1386197.064]","(1232669.378, 2469065.594]",*
1384802.464205422,"(1232669.378, 1386197.064]","(1323068.719, 1532652.289]","(1232669.378, 1471210.204]","(1077881.375, 1386197.064]","(1232669.378, 2469065.594]",*
1384965.6541746578,"(1232669.378, 1386197.064]","(1323068.719, 1532652.289]","(1232669.378, 1471210.204]","(1077881.375, 1386197.064]","(1232669.378, 2469065.594]",*
1385400.4556730608,"(1232669.378, 1386197.064]","(1323068.719, 1532652.289]","(1232669.378, 1471210.204]","(1077881.375, 1386197.064]","(1232669.378, 2469065.594]",*
1385749.141348653,"(1232669.378, 1386197.064]","(1323068.719, 1532652.289]","(1232669.378, 1471210.204]","(1077881.375, 1386197.064]","(1232669.378, 2469065.594]",*
1385775.6667563657,"(1232669.378, 1386197.064]","(1323068.719, 1532652.289]","(1232669.378, 1471210.204]","(1077881.375, 1386197.064]","(1232669.378, 2469065.594]",*
1385776.5072172538,"(1232669.378, 1386197.064]","(1323068.719, 1532652.289]","(1232669.378, 1471210.204]","(1077881.375, 1386197.064]","(1232669.378, 2469065.594]",*
1385783.5170925185,"(1232669.378, 1386197.064]","(1323068.719, 1532652.289]","(1232669.378, 1471210.204]","(1077881.375, 1386197.064]","(1232669.378, 2469065.594]",*
1385978.9841198327,"(1232669.378, 1386197.064]","(1323068.719, 1532652.289]","(1232669.378, 1471210.204]","(1077881.375, 1386197.064]","(1232669.378, 2469065.594]",*
1386306.1033946618,"(1386197.064, 1573337.96]","(1323068.719, 1532652.289]","(1232669.378, 1471210.204]","(1386197.064, 2469065.594]","(1232669.378, 2469065.594]",*
1386351.1453039348,"(1386197.064, 1573337.96]","(1323068.719, 1532652.289]","(1232669.378, 1471210.204]","(1386197.064, 2469065.594]","(1232669.378, 2469065.594]",*
1386473.3653813817,"(1386197.064, 1573337.96]","(1323068.719, 1532652.289]","(1232669.378, 1471210.204]","(1386197.064, 2469065.594]","(1232669.378, 2469065.594]",*
1387114.4198675563,"(1386197.064, 1573337.96]","(1323068.719, 1532652.289]","(1232669.378, 1471210.204]","(1386197.064, 2469065.594]","(1232669.378, 2469065.594]",*
1387701.1110529576,"(1386197.064, 1573337.96]","(1323068.719, 1532652.289]","(1232669.378, 1471210.204]","(1386197.064, 2469065.594]","(1232669.378, 2469065.594]",*
1387864.8896270732,"(1386197.064, 1573337.96]","(1323068.719, 1532652.289]","(1232669.378, 1471210.204]","(1386197.064, 2469065.594]","(1232669.378, 2469065.594]",*
1387987.8030244834,"(1386197.064, 1573337.96]","(1323068.719, 1532652.289]","(1232669.378, 1471210.204]","(1386197.064, 2469065.594]","(1232669.378, 2469065.594]",*
1388209.2192993264,"(1386197.064, 1573337.96]","(1323068.719, 1532652.289]","(1232669.378, 1471210.204]","(1386197.064, 2469065.594]","(1232669.378, 2469065.594]",*
1388218.5294499428,"(1386197.064, 1573337.96]","(1323068.719, 1532652.289]","(1232669.378, 1471210.204]","(1386197.064, 2469065.594]","(1232669.378, 2469065.594]",*
1388530.1566836066,"(1386197.064, 1573337.96]","(1323068.719, 1532652.289]","(1232669.378, 1471210.204]","(1386197.064, 2469065.594]","(1232669.378, 2469065.594]",*
1388596.243304004,"(1386197.064, 1573337.96]","(1323068.719, 1532652.289]","(1232669.378, 1471210.204]","(1386197.064, 2469065.594]","(1232669.378, 2469065.594]",*
1388782.8874013545,"(1386197.064, 1573337.96]","(1323068.719, 1532652.289]","(1232669.378, 1471210.204]","(1386197.064, 2469065.594]","(1232669.378, 2469065.594]",*
1388840.1738697607,"(1386197.064, 1573337.96]","(1323068.719, 1532652.289]","(1232669.378, 1471210.204]","(1386197.064, 2469065.594]","(1232669.378, 2469065.594]",*
1389047.5577764665,"(1386197.064, 1573337.96]","(1323068.719, 1532652.289]","(1232669.378, 1471210.204]","(1386197.064, 2469065.594]","(1232669.378, 2469065.594]",*
1389223.6071214746,"(1386197.064, 1573337.96]","(1323068.719, 1532652.289]","(1232669.378, 1471210.204]","(1386197.064, 2469065.594]","(1232669.378, 2469065.594]",*
1389287.4738699936,"(1386197.064, 1573337.96]","(1323068.719, 1532652.289]","(1232669.378, 1471210.204]","(1386197.064, 2469065.594]","(1232669.378, 2469065.594]",*
1389366.7180879028,"(1386197.064, 1573337.96]","(1323068.719, 1532652.289]","(1232669.378, 1471210.204]","(1386197.064, 2469065.594]","(1232669.378, 2469065.594]",*
1389763.8215262156,"(1386197.064, 1573337.96]","(1323068.719, 1532652.289]","(1232669.378, 1471210.204]","(1386197.064, 2469065.594]","(1232669.378, 2469065.594]",*
1389773.8734894216,"(1386197.064, 1573337.96]","(1323068.719, 1532652.289]","(1232669.378, 1471210.204]","(1386197.064, 2469065.594]","(1232669.378, 2469065.594]",*
1390200.2242984471,"(1386197.064, 1573337.96]","(1323068.719, 1532652.289]","(1232669.378, 1471210.204]","(1386197.064, 2469065.594]","(1232669.378, 2469065.594]",*
1390251.419934081,"(1386197.064, 1573337.96]","(1323068.719, 1532652.289]","(1232669.378, 1471210.204]","(1386197.064, 2469065.594]","(1232669.378, 2469065.594]",*
1390377.3749361932,"(1386197.064, 1573337.96]","(1323068.719, 1532652.289]","(1232669.378, 1471210.204]","(1386197.064, 2469065.594]","(1232669.378, 2469065.594]",*
1390497.5661776802,"(1386197.064, 1573337.96]","(1323068.719, 1532652.289]","(1232669.378, 1471210.204]","(1386197.064, 2469065.594]","(1232669.378, 2469065.594]",*
1390620.1681542809,"(1386197.064, 1573337.96]","(1323068.719, 1532652.289]","(1232669.378, 1471210.204]","(1386197.064, 2469065.594]","(1232669.378, 2469065.594]",*
1390870.0954755268,"(1386197.064, 1573337.96]","(1323068.719, 1532652.289]","(1232669.378, 1471210.204]","(1386197.064, 2469065.594]","(1232669.378, 2469065.594]",*
1390990.849092237,"(1386197.064, 1573337.96]","(1323068.719, 1532652.289]","(1232669.378, 1471210.204]","(1386197.064, 2469065.594]","(1232669.378, 2469065.594]",*
1391159.433681266,"(1386197.064, 1573337.96]","(1323068.719, 1532652.289]","(1232669.378, 1471210.204]","(1386197.064, 2469065.594]","(1232669.378, 2469065.594]",*
1391232.526512257,"(1386197.064, 1573337.96]","(1323068.719, 1532652.289]","(1232669.378, 1471210.204]","(1386197.064, 2469065.594]","(1232669.378, 2469065.594]",*
1391303.7868712496,"(1386197.064, 1573337.96]","(1323068.719, 1532652.289]","(1232669.378, 1471210.204]","(1386197.064, 2469065.594]","(1232669.378, 2469065.594]",*
1391788.848669405,"(1386197.064, 1573337.96]","(1323068.719, 1532652.289]","(1232669.378, 1471210.204]","(1386197.064, 2469065.594]","(1232669.378, 2469065.594]",*
1392083.817875569,"(1386197.064, 1573337.96]","(1323068.719, 1532652.289]","(1232669.378, 1471210.204]","(1386197.064, 2469065.594]","(1232669.378, 2469065.594]",*
1392207.647768422,"(1386197.064, 1573337.96]","(1323068.719, 1532652.289]","(1232669.378, 1471210.204]","(1386197.064, 2469065.594]","(1232669.378, 2469065.594]",*
1392313.7261295563,"(1386197.064, 1573337.96]","(1323068.719, 1532652.289]","(1232669.378, 1471210.204]","(1386197.064, 2469065.594]","(1232669.378, 2469065.594]",*
1392537.290354905,"(1386197.064, 1573337.96]","(1323068.719, 1532652.289]","(1232669.378, 1471210.204]","(1386197.064, 2469065.594]","(1232669.378, 2469065.594]",*
1392685.2850780766,"(1386197.064, 1573337.96]","(1323068.719, 1532652.289]","(1232669.378, 1471210.204]","(1386197.064, 2469065.594]","(1232669.378, 2469065.594]",*
1392793.8142437506,"(1386197.064, 1573337.96]","(1323068.719, 1532652.289]","(1232669.378, 1471210.204]","(1386197.064, 2469065.594]","(1232669.378, 2469065.594]",*
1393100.4226061562,"(1386197.064, 1573337.96]","(1323068.719, 1532652.289]","(1232669.378, 1471210.204]","(1386197.064, 2469065.594]","(1232669.378, 2469065.594]",*
1393482.8496279658,"(1386197.064, 1573337.96]","(1323068.719, 1532652.289]","(1232669.378, 1471210.204]","(1386197.064, 2469065.594]","(1232669.378, 2469065.594]",*
1393746.760467427,"(1386197.064, 1573337.96]","(1323068.719, 1532652.289]","(1232669.378, 1471210.204]","(1386197.064, 2469065.594]","(1232669.378, 2469065.594]",*
1393897.3902198137,"(1386197.064, 1573337.96]","(1323068.719, 1532652.289]","(1232669.378, 1471210.204]","(1386197.064, 2469065.594]","(1232669.378, 2469065.594]",*
1393995.961828271,"(1386197.064, 1573337.96]","(1323068.719, 1532652.289]","(1232669.378, 1471210.204]","(1386197.064, 2469065.594]","(1232669.378, 2469065.594]",*
1394132.2413865472,"(1386197.064, 1573337.96]","(1323068.719, 1532652.289]","(1232669.378, 1471210.204]","(1386197.064, 2469065.594]","(1232669.378, 2469065.594]",*
1394423.555643988,"(1386197.064, 1573337.96]","(1323068.719, 1532652.289]","(1232669.378, 1471210.204]","(1386197.064, 2469065.594]","(1232669.378, 2469065.594]",*
1394518.4154676315,"(1386197.064, 1573337.96]","(1323068.719, 1532652.289]","(1232669.378, 1471210.204]","(1386197.064, 2469065.594]","(1232669.378, 2469065.594]",*
1394637.6499772295,"(1386197.064, 1573337.96]","(1323068.719, 1532652.289]","(1232669.378, 1471210.204]","(1386197.064, 2469065.594]","(1232669.378, 2469065.594]",*
1394840.5225002612,"(1386197.064, 1573337.96]","(1323068.719, 1532652.289]","(1232669.378, 1471210.204]","(1386197.064, 2469065.594]","(1232669.378, 2469065.594]",*
1394900.984583555,"(1386197.064, 1573337.96]","(1323068.719, 1532652.289]","(1232669.378, 1471210.204]","(1386197.064, 2469065.594]","(1232669.378, 2469065.594]",*
1394970.5985855695,"(1386197.064, 1573337.96]","(1323068.719, 1532652.289]","(1232669.378, 1471210.204]","(1386197.064, 2469065.594]","(1232669.378, 2469065.594]",*
1395218.5802629231,"(1386197.064, 1573337.96]","(1323068.719, 1532652.289]","(1232669.378, 1471210.204]","(1386197.064, 2469065.594]","(1232669.378, 2469065.594]",*
1395855.656281703,"(1386197.064, 1573337.96]","(1323068.719, 1532652.289]","(1232669.378, 1471210.204]","(1386197.064, 2469065.594]","(1232669.378, 2469065.594]",*
1396082.3520452469,"(1386197.064, 1573337.96]","(1323068.719, 1532652.289]","(1232669.378, 1471210.204]","(1386197.064, 2469065.594]","(1232669.378, 2469065.594]",*
1396241.1981041245,"(1386197.064, 1573337.96]","(1323068.719, 1532652.289]","(1232669.378, 1471210.204]","(1386197.064, 2469065.594]","(1232669.378, 2469065.594]",*
1396401.0215001125,"(1386197.064, 1573337.96]","(1323068.719, 1532652.289]","(1232669.378, 1471210.204]","(1386197.064, 2469065.594]","(1232669.378, 2469065.594]",*
1397341.8559937114,"(1386197.064, 1573337.96]","(1323068.719, 1532652.289]","(1232669.378, 1471210.204]","(1386197.064, 2469065.594]","(1232669.378, 2469065.594]",*
1397461.5525224116,"(1386197.064, 1573337.96]","(1323068.719, 1532652.289]","(1232669.378, 1471210.204]","(1386197.064, 2469065.594]","(1232669.378, 2469065.594]",*
1397564.1562824403,"(1386197.064, 1573337.96]","(1323068.719, 1532652.289]","(1232669.378, 1471210.204]","(1386197.064, 2469065.594]","(1232669.378, 2469065.594]",*
1397680.2412138034,"(1386197.064, 1573337.96]","(1323068.719, 1532652.289]","(1232669.378, 1471210.204]","(1386197.064, 2469065.594]","(1232669.378, 2469065.594]",*
1397943.5134157222,"(1386197.064, 1573337.96]","(1323068.719, 1532652.289]","(1232669.378, 1471210.204]","(1386197.064, 2469065.594]","(1232669.378, 2469065.594]",*
1397956.1956462348,"(1386197.064, 1573337.96]","(1323068.719, 1532652.289]","(1232669.378, 1471210.204]","(1386197.064, 2469065.594]","(1232669.378, 2469065.594]",*
1398310.2001422904,"(1386197.064, 1573337.96]","(1323068.719, 1532652.289]","(1232669.378, 1471210.204]","(1386197.064, 2469065.594]","(1232669.378, 2469065.594]",*
1398353.590664104,"(1386197.064, 1573337.96]","(1323068.719, 1532652.289]","(1232669.378, 1471210.204]","(1386197.064, 2469065.594]","(1232669.378, 2469065.594]",*
1398466.6278241158,"(1386197.064, 1573337.96]","(1323068.719, 1532652.289]","(1232669.378, 1471210.204]","(1386197.064, 2469065.594]","(1232669.378, 2469065.594]",*
1398760.046508387,"(1386197.064, 1573337.96]","(1323068.719, 1532652.289]","(1232669.378, 1471210.204]","(1386197.064, 2469065.594]","(1232669.378, 2469065.594]",*
1398979.2487082446,"(1386197.064, 1573337.96]","(1323068.719, 1532652.289]","(1232669.378, 1471210.204]","(1386197.064, 2469065.594]","(1232669.378, 2469065.594]",*
1399466.897763413,"(1386197.064, 1573337.96]","(1323068.719, 1532652.289]","(1232669.378, 1471210.204]","(1386197.064, 2469065.594]","(1232669.378, 2469065.594]",*
1399662.584467261,"(1386197.064, 1573337.96]","(1323068.719, 1532652.289]","(1232669.378, 1471210.204]","(1386197.064, 2469065.594]","(1232669.378, 2469065.594]",*
1399812.6127342363,"(1386197.064, 1573337.96]","(1323068.719, 1532652.289]","(1232669.378, 1471210.204]","(1386197.064, 2469065.594]","(1232669.378, 2469065.594]",*
1399892.255685736,"(1386197.064, 1573337.96]","(1323068.719, 1532652.289]","(1232669.378, 1471210.204]","(1386197.064, 2469065.594]","(1232669.378, 2469065.594]",*
1399906.4496455966,"(1386197.064, 1573337.96]","(1323068.719, 1532652.289]","(1232669.378, 1471210.204]","(1386197.064, 2469065.594]","(1232669.378, 2469065.594]",*
1399909.0486968765,"(1386197.064, 1573337.96]","(1323068.719, 1532652.289]","(1232669.378, 1471210.204]","(1386197.064, 2469065.594]","(1232669.378, 2469065.594]",*
1399979.6669529427,"(1386197.064, 1573337.96]","(1323068.719, 1532652.289]","(1232669.378, 1471210.204]","(1386197.064, 2469065.594]","(1232669.378, 2469065.594]",*
1400104.8707602615,"(1386197.064, 1573337.96]","(1323068.719, 1532652.289]","(1232669.378, 1471210.204]","(1386197.064, 2469065.594]","(1232669.378, 2469065.594]",*
1400111.496727653,"(1386197.064, 1573337.96]","(1323068.719, 1532652.289]","(1232669.378, 1471210.204]","(1386197.064, 2469065.594]","(1232669.378, 2469065.594]",*
1400268.1424739305,"(1386197.064, 1573337.96]","(1323068.719, 1532652.289]","(1232669.378, 1471210.204]","(1386197.064, 2469065.594]","(1232669.378, 2469065.594]",*
1400496.6554586324,"(1386197.064, 1573337.96]","(1323068.719, 1532652.289]","(1232669.378, 1471210.204]","(1386197.064, 2469065.594]","(1232669.378, 2469065.594]",*
1400498.2675747594,"(1386197.064, 1573337.96]","(1323068.719, 1532652.289]","(1232669.378, 1471210.204]","(1386197.064, 2469065.594]","(1232669.378, 2469065.594]",*
1400609.034078121,"(1386197.064, 1573337.96]","(1323068.719, 1532652.289]","(1232669.378, 1471210.204]","(1386197.064, 2469065.594]","(1232669.378, 2469065.594]",*
1400961.2787884492,"(1386197.064, 1573337.96]","(1323068.719, 1532652.289]","(1232669.378, 1471210.204]","(1386197.064, 2469065.594]","(1232669.378, 2469065.594]",*
1401560.9170354677,"(1386197.064, 1573337.96]","(1323068.719, 1532652.289]","(1232669.378, 1471210.204]","(1386197.064, 2469065.594]","(1232669.378, 2469065.594]",*
1401613.9197693218,"(1386197.064, 1573337.96]","(1323068.719, 1532652.289]","(1232669.378, 1471210.204]","(1386197.064, 2469065.594]","(1232669.378, 2469065.594]",*
1401767.9042517585,"(1386197.064, 1573337.96]","(1323068.719, 1532652.289]","(1232669.378, 1471210.204]","(1386197.064, 2469065.594]","(1232669.378, 2469065.594]",*
1402146.87334661,"(1386197.064, 1573337.96]","(1323068.719, 1532652.289]","(1232669.378, 1471210.204]","(1386197.064, 2469065.594]","(1232669.378, 2469065.594]",*
1402818.2101658515,"(1386197.064, 1573337.96]","(1323068.719, 1532652.289]","(1232669.378, 1471210.204]","(1386197.064, 2469065.594]","(1232669.378, 2469065.594]",*
1403176.4290876691,"(1386197.064, 1573337.96]","(1323068.719, 1532652.289]","(1232669.378, 1471210.204]","(1386197.064, 2469065.594]","(1232669.378, 2469065.594]",*
1403219.370573444,"(1386197.064, 1573337.96]","(1323068.719, 1532652.289]","(1232669.378, 1471210.204]","(1386197.064, 2469065.594]","(1232669.378, 2469065.594]",*
1403296.2576075103,"(1386197.064, 1573337.96]","(1323068.719, 1532652.289]","(1232669.378, 1471210.204]","(1386197.064, 2469065.594]","(1232669.378, 2469065.594]",*
1403802.5018906312,"(1386197.064, 1573337.96]","(1323068.719, 1532652.289]","(1232669.378, 1471210.204]","(1386197.064, 2469065.594]","(1232669.378, 2469065.594]",*
1404036.2656616531,"(1386197.064, 1573337.96]","(1323068.719, 1532652.289]","(1232669.378, 1471210.204]","(1386197.064, 2469065.594]","(1232669.378, 2469065.594]",*
1404435.504618393,"(1386197.064, 1573337.96]","(1323068.719, 1532652.289]","(1232669.378, 1471210.204]","(1386197.064, 2469065.594]","(1232669.378, 2469065.594]",*
1404540.75846632,"(1386197.064, 1573337.96]","(1323068.719, 1532652.289]","(1232669.378, 1471210.204]","(1386197.064, 2469065.594]","(1232669.378, 2469065.594]",*
1404622.0861056014,"(1386197.064, 1573337.96]","(1323068.719, 1532652.289]","(1232669.378, 1471210.204]","(1386197.064, 2469065.594]","(1232669.378, 2469065.594]",*
1404896.3763019629,"(1386197.064, 1573337.96]","(1323068.719, 1532652.289]","(1232669.378, 1471210.204]","(1386197.064, 2469065.594]","(1232669.378, 2469065.594]",*
1405059.641674222,"(1386197.064, 1573337.96]","(1323068.719, 1532652.289]","(1232669.378, 1471210.204]","(1386197.064, 2469065.594]","(1232669.378, 2469065.594]",*
1405399.8550982492,"(1386197.064, 1573337.96]","(1323068.719, 1532652.289]","(1232669.378, 1471210.204]","(1386197.064, 2469065.594]","(1232669.378, 2469065.594]",*
1405495.709974872,"(1386197.064, 1573337.96]","(1323068.719, 1532652.289]","(1232669.378, 1471210.204]","(1386197.064, 2469065.594]","(1232669.378, 2469065.594]",*
1405505.2437013972,"(1386197.064, 1573337.96]","(1323068.719, 1532652.289]","(1232669.378, 1471210.204]","(1386197.064, 2469065.594]","(1232669.378, 2469065.594]",*
1405933.0186992486,"(1386197.064, 1573337.96]","(1323068.719, 1532652.289]","(1232669.378, 1471210.204]","(1386197.064, 2469065.594]","(1232669.378, 2469065.594]",*
1406435.8062174402,"(1386197.064, 1573337.96]","(1323068.719, 1532652.289]","(1232669.378, 1471210.204]","(1386197.064, 2469065.594]","(1232669.378, 2469065.594]",*
1406437.6853738874,"(1386197.064, 1573337.96]","(1323068.719, 1532652.289]","(1232669.378, 1471210.204]","(1386197.064, 2469065.594]","(1232669.378, 2469065.594]",*
1406865.4945607523,"(1386197.064, 1573337.96]","(1323068.719, 1532652.289]","(1232669.378, 1471210.204]","(1386197.064, 2469065.594]","(1232669.378, 2469065.594]",*
1407123.7995305716,"(1386197.064, 1573337.96]","(1323068.719, 1532652.289]","(1232669.378, 1471210.204]","(1386197.064, 2469065.594]","(1232669.378, 2469065.594]",*
1407291.850814192,"(1386197.064, 1573337.96]","(1323068.719, 1532652.289]","(1232669.378, 1471210.204]","(1386197.064, 2469065.594]","(1232669.378, 2469065.594]",*
1408074.5302975378,"(1386197.064, 1573337.96]","(1323068.719, 1532652.289]","(1232669.378, 1471210.204]","(1386197.064, 2469065.594]","(1232669.378, 2469065.594]",*
1408347.4447394784,"(1386197.064, 1573337.96]","(1323068.719, 1532652.289]","(1232669.378, 1471210.204]","(1386197.064, 2469065.594]","(1232669.378, 2469065.594]",*
1408427.7584109262,"(1386197.064, 1573337.96]","(1323068.719, 1532652.289]","(1232669.378, 1471210.204]","(1386197.064, 2469065.594]","(1232669.378, 2469065.594]",*
1408550.416793052,"(1386197.064, 1573337.96]","(1323068.719, 1532652.289]","(1232669.378, 1471210.204]","(1386197.064, 2469065.594]","(1232669.378, 2469065.594]",*
1409033.070887529,"(1386197.064, 1573337.96]","(1323068.719, 1532652.289]","(1232669.378, 1471210.204]","(1386197.064, 2469065.594]","(1232669.378, 2469065.594]",*
1409038.9871176342,"(1386197.064, 1573337.96]","(1323068.719, 1532652.289]","(1232669.378, 1471210.204]","(1386197.064, 2469065.594]","(1232669.378, 2469065.594]",*
1409238.797596417,"(1386197.064, 1573337.96]","(1323068.719, 1532652.289]","(1232669.378, 1471210.204]","(1386197.064, 2469065.594]","(1232669.378, 2469065.594]",*
1409318.5774674288,"(1386197.064, 1573337.96]","(1323068.719, 1532652.289]","(1232669.378, 1471210.204]","(1386197.064, 2469065.594]","(1232669.378, 2469065.594]",*
1409439.0637651668,"(1386197.064, 1573337.96]","(1323068.719, 1532652.289]","(1232669.378, 1471210.204]","(1386197.064, 2469065.594]","(1232669.378, 2469065.594]",*
1409439.0758724706,"(1386197.064, 1573337.96]","(1323068.719, 1532652.289]","(1232669.378, 1471210.204]","(1386197.064, 2469065.594]","(1232669.378, 2469065.594]",*
1409684.4851189123,"(1386197.064, 1573337.96]","(1323068.719, 1532652.289]","(1232669.378, 1471210.204]","(1386197.064, 2469065.594]","(1232669.378, 2469065.594]",*
1409762.1194903017,"(1386197.064, 1573337.96]","(1323068.719, 1532652.289]","(1232669.378, 1471210.204]","(1386197.064, 2469065.594]","(1232669.378, 2469065.594]",*
1409824.6381964688,"(1386197.064, 1573337.96]","(1323068.719, 1532652.289]","(1232669.378, 1471210.204]","(1386197.064, 2469065.594]","(1232669.378, 2469065.594]",*
1409892.0897761208,"(1386197.064, 1573337.96]","(1323068.719, 1532652.289]","(1232669.378, 1471210.204]","(1386197.064, 2469065.594]","(1232669.378, 2469065.594]",*
1409943.302994841,"(1386197.064, 1573337.96]","(1323068.719, 1532652.289]","(1232669.378, 1471210.204]","(1386197.064, 2469065.594]","(1232669.378, 2469065.594]",*
1409977.1310957712,"(1386197.064, 1573337.96]","(1323068.719, 1532652.289]","(1232669.378, 1471210.204]","(1386197.064, 2469065.594]","(1232669.378, 2469065.594]",*
1410010.9940005562,"(1386197.064, 1573337.96]","(1323068.719, 1532652.289]","(1232669.378, 1471210.204]","(1386197.064, 2469065.594]","(1232669.378, 2469065.594]",*
1410264.404777016,"(1386197.064, 1573337.96]","(1323068.719, 1532652.289]","(1232669.378, 1471210.204]","(1386197.064, 2469065.594]","(1232669.378, 2469065.594]",*
1410331.8251379866,"(1386197.064, 1573337.96]","(1323068.719, 1532652.289]","(1232669.378, 1471210.204]","(1386197.064, 2469065.594]","(1232669.378, 2469065.594]",*
1410362.6130922115,"(1386197.064, 1573337.96]","(1323068.719, 1532652.289]","(1232669.378, 1471210.204]","(1386197.064, 2469065.594]","(1232669.378, 2469065.594]",*
1410814.9846924148,"(1386197.064, 1573337.96]","(1323068.719, 1532652.289]","(1232669.378, 1471210.204]","(1386197.064, 2469065.594]","(1232669.378, 2469065.594]",*
1411024.0439091795,"(1386197.064, 1573337.96]","(1323068.719, 1532652.289]","(1232669.378, 1471210.204]","(1386197.064, 2469065.594]","(1232669.378, 2469065.594]",*
1411054.3169406827,"(1386197.064, 1573337.96]","(1323068.719, 1532652.289]","(1232669.378, 1471210.204]","(1386197.064, 2469065.594]","(1232669.378, 2469065.594]",*
1411217.4928510934,"(1386197.064, 1573337.96]","(1323068.719, 1532652.289]","(1232669.378, 1471210.204]","(1386197.064, 2469065.594]","(1232669.378, 2469065.594]",*
1411266.4112796998,"(1386197.064, 1573337.96]","(1323068.719, 1532652.289]","(1232669.378, 1471210.204]","(1386197.064, 2469065.594]","(1232669.378, 2469065.594]",*
1411334.2194755576,"(1386197.064, 1573337.96]","(1323068.719, 1532652.289]","(1232669.378, 1471210.204]","(1386197.064, 2469065.594]","(1232669.378, 2469065.594]",*
1411730.4772588315,"(1386197.064, 1573337.96]","(1323068.719, 1532652.289]","(1232669.378, 1471210.204]","(1386197.064, 2469065.594]","(1232669.378, 2469065.594]",*
1411749.1072165458,"(1386197.064, 1573337.96]","(1323068.719, 1532652.289]","(1232669.378, 1471210.204]","(1386197.064, 2469065.594]","(1232669.378, 2469065.594]",*
1411756.6186345469,"(1386197.064, 1573337.96]","(1323068.719, 1532652.289]","(1232669.378, 1471210.204]","(1386197.064, 2469065.594]","(1232669.378, 2469065.594]",*
1412097.1767743204,"(1386197.064, 1573337.96]","(1323068.719, 1532652.289]","(1232669.378, 1471210.204]","(1386197.064, 2469065.594]","(1232669.378, 2469065.594]",*
1412144.508444236,"(1386197.064, 1573337.96]","(1323068.719, 1532652.289]","(1232669.378, 1471210.204]","(1386197.064, 2469065.594]","(1232669.378, 2469065.594]",*
1412242.7547273785,"(1386197.064, 1573337.96]","(1323068.719, 1532652.289]","(1232669.378, 1471210.204]","(1386197.064, 2469065.594]","(1232669.378, 2469065.594]",*
1412274.4860076832,"(1386197.064, 1573337.96]","(1323068.719, 1532652.289]","(1232669.378, 1471210.204]","(1386197.064, 2469065.594]","(1232669.378, 2469065.594]",*
1412449.478586824,"(1386197.064, 1573337.96]","(1323068.719, 1532652.289]","(1232669.378, 1471210.204]","(1386197.064, 2469065.594]","(1232669.378, 2469065.594]",*
1412501.2455075418,"(1386197.064, 1573337.96]","(1323068.719, 1532652.289]","(1232669.378, 1471210.204]","(1386197.064, 2469065.594]","(1232669.378, 2469065.594]",*
1412619.7099471306,"(1386197.064, 1573337.96]","(1323068.719, 1532652.289]","(1232669.378, 1471210.204]","(1386197.064, 2469065.594]","(1232669.378, 2469065.594]",*
1412626.5187417814,"(1386197.064, 1573337.96]","(1323068.719, 1532652.289]","(1232669.378, 1471210.204]","(1386197.064, 2469065.594]","(1232669.378, 2469065.594]",*
1412776.5771211844,"(1386197.064, 1573337.96]","(1323068.719, 1532652.289]","(1232669.378, 1471210.204]","(1386197.064, 2469065.594]","(1232669.378, 2469065.594]",*
1412806.285764952,"(1386197.064, 1573337.96]","(1323068.719, 1532652.289]","(1232669.378, 1471210.204]","(1386197.064, 2469065.594]","(1232669.378, 2469065.594]",*
1412881.7839693178,"(1386197.064, 1573337.96]","(1323068.719, 1532652.289]","(1232669.378, 1471210.204]","(1386197.064, 2469065.594]","(1232669.378, 2469065.594]",*
1413105.4948034876,"(1386197.064, 1573337.96]","(1323068.719, 1532652.289]","(1232669.378, 1471210.204]","(1386197.064, 2469065.594]","(1232669.378, 2469065.594]",*
1413579.8167508717,"(1386197.064, 1573337.96]","(1323068.719, 1532652.289]","(1232669.378, 1471210.204]","(1386197.064, 2469065.594]","(1232669.378, 2469065.594]",*
1413729.7574052191,"(1386197.064, 1573337.96]","(1323068.719, 1532652.289]","(1232669.378, 1471210.204]","(1386197.064, 2469065.594]","(1232669.378, 2469065.594]",*
1414259.775358291,"(1386197.064, 1573337.96]","(1323068.719, 1532652.289]","(1232669.378, 1471210.204]","(1386197.064, 2469065.594]","(1232669.378, 2469065.594]",*
1414286.7224241218,"(1386197.064, 1573337.96]","(1323068.719, 1532652.289]","(1232669.378, 1471210.204]","(1386197.064, 2469065.594]","(1232669.378, 2469065.594]",*
1414286.724494317,"(1386197.064, 1573337.96]","(1323068.719, 1532652.289]","(1232669.378, 1471210.204]","(1386197.064, 2469065.594]","(1232669.378, 2469065.594]",*
1414294.897975369,"(1386197.064, 1573337.96]","(1323068.719, 1532652.289]","(1232669.378, 1471210.204]","(1386197.064, 2469065.594]","(1232669.378, 2469065.594]",*
1414495.3431338137,"(1386197.064, 1573337.96]","(1323068.719, 1532652.289]","(1232669.378, 1471210.204]","(1386197.064, 2469065.594]","(1232669.378, 2469065.594]",*
1415073.6141811854,"(1386197.064, 1573337.96]","(1323068.719, 1532652.289]","(1232669.378, 1471210.204]","(1386197.064, 2469065.594]","(1232669.378, 2469065.594]",*
1415349.649667964,"(1386197.064, 1573337.96]","(1323068.719, 1532652.289]","(1232669.378, 1471210.204]","(1386197.064, 2469065.594]","(1232669.378, 2469065.594]",*
1415647.553437237,"(1386197.064, 1573337.96]","(1323068.719, 1532652.289]","(1232669.378, 1471210.204]","(1386197.064, 2469065.594]","(1232669.378, 2469065.594]",*
1416238.5774504088,"(1386197.064, 1573337.96]","(1323068.719, 1532652.289]","(1232669.378, 1471210.204]","(1386197.064, 2469065.594]","(1232669.378, 2469065.594]",*
1416408.249920881,"(1386197.064, 1573337.96]","(1323068.719, 1532652.289]","(1232669.378, 1471210.204]","(1386197.064, 2469065.594]","(1232669.378, 2469065.594]",*
1416648.297306375,"(1386197.064, 1573337.96]","(1323068.719, 1532652.289]","(1232669.378, 1471210.204]","(1386197.064, 2469065.594]","(1232669.378, 2469065.594]",*
1416965.9786882403,"(1386197.064, 1573337.96]","(1323068.719, 1532652.289]","(1232669.378, 1471210.204]","(1386197.064, 2469065.594]","(1232669.378, 2469065.594]",*
1417047.627110665,"(1386197.064, 1573337.96]","(1323068.719, 1532652.289]","(1232669.378, 1471210.204]","(1386197.064, 2469065.594]","(1232669.378, 2469065.594]",*
1417158.537395579,"(1386197.064, 1573337.96]","(1323068.719, 1532652.289]","(1232669.378, 1471210.204]","(1386197.064, 2469065.594]","(1232669.378, 2469065.594]",*
1417275.667232232,"(1386197.064, 1573337.96]","(1323068.719, 1532652.289]","(1232669.378, 1471210.204]","(1386197.064, 2469065.594]","(1232669.378, 2469065.594]",*
1417403.3118605698,"(1386197.064, 1573337.96]","(1323068.719, 1532652.289]","(1232669.378, 1471210.204]","(1386197.064, 2469065.594]","(1232669.378, 2469065.594]",*
1417691.112792915,"(1386197.064, 1573337.96]","(1323068.719, 1532652.289]","(1232669.378, 1471210.204]","(1386197.064, 2469065.594]","(1232669.378, 2469065.594]",*
1417819.740218086,"(1386197.064, 1573337.96]","(1323068.719, 1532652.289]","(1232669.378, 1471210.204]","(1386197.064, 2469065.594]","(1232669.378, 2469065.594]",*
1417870.982736731,"(1386197.064, 1573337.96]","(1323068.719, 1532652.289]","(1232669.378, 1471210.204]","(1386197.064, 2469065.594]","(1232669.378, 2469065.594]",*
1417957.9831817353,"(1386197.064, 1573337.96]","(1323068.719, 1532652.289]","(1232669.378, 1471210.204]","(1386197.064, 2469065.594]","(1232669.378, 2469065.594]",*
1418045.7187906946,"(1386197.064, 1573337.96]","(1323068.719, 1532652.289]","(1232669.378, 1471210.204]","(1386197.064, 2469065.594]","(1232669.378, 2469065.594]",*
1418310.0848390271,"(1386197.064, 1573337.96]","(1323068.719, 1532652.289]","(1232669.378, 1471210.204]","(1386197.064, 2469065.594]","(1232669.378, 2469065.594]",*
1418595.7271501643,"(1386197.064, 1573337.96]","(1323068.719, 1532652.289]","(1232669.378, 1471210.204]","(1386197.064, 2469065.594]","(1232669.378, 2469065.594]",*
1418723.656984229,"(1386197.064, 1573337.96]","(1323068.719, 1532652.289]","(1232669.378, 1471210.204]","(1386197.064, 2469065.594]","(1232669.378, 2469065.594]",*
1418977.8285825343,"(1386197.064, 1573337.96]","(1323068.719, 1532652.289]","(1232669.378, 1471210.204]","(1386197.064, 2469065.594]","(1232669.378, 2469065.594]",*
1419158.9590479657,"(1386197.064, 1573337.96]","(1323068.719, 1532652.289]","(1232669.378, 1471210.204]","(1386197.064, 2469065.594]","(1232669.378, 2469065.594]",*
1419345.6073025845,"(1386197.064, 1573337.96]","(1323068.719, 1532652.289]","(1232669.378, 1471210.204]","(1386197.064, 2469065.594]","(1232669.378, 2469065.594]",*
1419536.2589499224,"(1386197.064, 1573337.96]","(1323068.719, 1532652.289]","(1232669.378, 1471210.204]","(1386197.064, 2469065.594]","(1232669.378, 2469065.594]",*
1420070.0203998378,"(1386197.064, 1573337.96]","(1323068.719, 1532652.289]","(1232669.378, 1471210.204]","(1386197.064, 2469065.594]","(1232669.378, 2469065.594]",*
1420283.5588377572,"(1386197.064, 1573337.96]","(1323068.719, 1532652.289]","(1232669.378, 1471210.204]","(1386197.064, 2469065.594]","(1232669.378, 2469065.594]",*
1420469.7265189183,"(1386197.064, 1573337.96]","(1323068.719, 1532652.289]","(1232669.378, 1471210.204]","(1386197.064, 2469065.594]","(1232669.378, 2469065.594]",*
1420648.2808698171,"(1386197.064, 1573337.96]","(1323068.719, 1532652.289]","(1232669.378, 1471210.204]","(1386197.064, 2469065.594]","(1232669.378, 2469065.594]",*
1420858.8235858218,"(1386197.064, 1573337.96]","(1323068.719, 1532652.289]","(1232669.378, 1471210.204]","(1386197.064, 2469065.594]","(1232669.378, 2469065.594]",*
1420979.1842857092,"(1386197.064, 1573337.96]","(1323068.719, 1532652.289]","(1232669.378, 1471210.204]","(1386197.064, 2469065.594]","(1232669.378, 2469065.594]",*
1421047.6461369044,"(1386197.064, 1573337.96]","(1323068.719, 1532652.289]","(1232669.378, 1471210.204]","(1386197.064, 2469065.594]","(1232669.378, 2469065.594]",*
1421135.814954099,"(1386197.064, 1573337.96]","(1323068.719, 1532652.289]","(1232669.378, 1471210.204]","(1386197.064, 2469065.594]","(1232669.378, 2469065.594]",*
1421216.5044408585,"(1386197.064, 1573337.96]","(1323068.719, 1532652.289]","(1232669.378, 1471210.204]","(1386197.064, 2469065.594]","(1232669.378, 2469065.594]",*
1421518.6019075266,"(1386197.064, 1573337.96]","(1323068.719, 1532652.289]","(1232669.378, 1471210.204]","(1386197.064, 2469065.594]","(1232669.378, 2469065.594]",*
1421715.4153436075,"(1386197.064, 1573337.96]","(1323068.719, 1532652.289]","(1232669.378, 1471210.204]","(1386197.064, 2469065.594]","(1232669.378, 2469065.594]",*
1422004.0108999673,"(1386197.064, 1573337.96]","(1323068.719, 1532652.289]","(1232669.378, 1471210.204]","(1386197.064, 2469065.594]","(1232669.378, 2469065.594]",*
1422195.8794505682,"(1386197.064, 1573337.96]","(1323068.719, 1532652.289]","(1232669.378, 1471210.204]","(1386197.064, 2469065.594]","(1232669.378, 2469065.594]",*
1422230.9601239902,"(1386197.064, 1573337.96]","(1323068.719, 1532652.289]","(1232669.378, 1471210.204]","(1386197.064, 2469065.594]","(1232669.378, 2469065.594]",*
1422890.0208853702,"(1386197.064, 1573337.96]","(1323068.719, 1532652.289]","(1232669.378, 1471210.204]","(1386197.064, 2469065.594]","(1232669.378, 2469065.594]",*
1422916.8108158372,"(1386197.064, 1573337.96]","(1323068.719, 1532652.289]","(1232669.378, 1471210.204]","(1386197.064, 2469065.594]","(1232669.378, 2469065.594]",*
1423025.1014632925,"(1386197.064, 1573337.96]","(1323068.719, 1532652.289]","(1232669.378, 1471210.204]","(1386197.064, 2469065.594]","(1232669.378, 2469065.594]",*
1423125.5412697704,"(1386197.064, 1573337.96]","(1323068.719, 1532652.289]","(1232669.378, 1471210.204]","(1386197.064, 2469065.594]","(1232669.378, 2469065.594]",*
1423296.118000431,"(1386197.064, 1573337.96]","(1323068.719, 1532652.289]","(1232669.378, 1471210.204]","(1386197.064, 2469065.594]","(1232669.378, 2469065.594]",*
1423908.257928105,"(1386197.064, 1573337.96]","(1323068.719, 1532652.289]","(1232669.378, 1471210.204]","(1386197.064, 2469065.594]","(1232669.378, 2469065.594]",*
1424283.373183943,"(1386197.064, 1573337.96]","(1323068.719, 1532652.289]","(1232669.378, 1471210.204]","(1386197.064, 2469065.594]","(1232669.378, 2469065.594]",*
1424389.4833293157,"(1386197.064, 1573337.96]","(1323068.719, 1532652.289]","(1232669.378, 1471210.204]","(1386197.064, 2469065.594]","(1232669.378, 2469065.594]",*
1424786.5085126874,"(1386197.064, 1573337.96]","(1323068.719, 1532652.289]","(1232669.378, 1471210.204]","(1386197.064, 2469065.594]","(1232669.378, 2469065.594]",*
1424994.375415845,"(1386197.064, 1573337.96]","(1323068.719, 1532652.289]","(1232669.378, 1471210.204]","(1386197.064, 2469065.594]","(1232669.378, 2469065.594]",*
1425114.7177661485,"(1386197.064, 1573337.96]","(1323068.719, 1532652.289]","(1232669.378, 1471210.204]","(1386197.064, 2469065.594]","(1232669.378, 2469065.594]",*
1425366.413433149,"(1386197.064, 1573337.96]","(1323068.719, 1532652.289]","(1232669.378, 1471210.204]","(1386197.064, 2469065.594]","(1232669.378, 2469065.594]",*
1425603.4949813597,"(1386197.064, 1573337.96]","(1323068.719, 1532652.289]","(1232669.378, 1471210.204]","(1386197.064, 2469065.594]","(1232669.378, 2469065.594]",*
1425632.5419741997,"(1386197.064, 1573337.96]","(1323068.719, 1532652.289]","(1232669.378, 1471210.204]","(1386197.064, 2469065.594]","(1232669.378, 2469065.594]",*
1425745.297148296,"(1386197.064, 1573337.96]","(1323068.719, 1532652.289]","(1232669.378, 1471210.204]","(1386197.064, 2469065.594]","(1232669.378, 2469065.594]",*
1426402.8066054268,"(1386197.064, 1573337.96]","(1323068.719, 1532652.289]","(1232669.378, 1471210.204]","(1386197.064, 2469065.594]","(1232669.378, 2469065.594]",*
1426434.644374741,"(1386197.064, 1573337.96]","(1323068.719, 1532652.289]","(1232669.378, 1471210.204]","(1386197.064, 2469065.594]","(1232669.378, 2469065.594]",*
1426545.9673390274,"(1386197.064, 1573337.96]","(1323068.719, 1532652.289]","(1232669.378, 1471210.204]","(1386197.064, 2469065.594]","(1232669.378, 2469065.594]",*
1426682.1346372126,"(1386197.064, 1573337.96]","(1323068.719, 1532652.289]","(1232669.378, 1471210.204]","(1386197.064, 2469065.594]","(1232669.378, 2469065.594]",*
1426695.6863993006,"(1386197.064, 1573337.96]","(1323068.719, 1532652.289]","(1232669.378, 1471210.204]","(1386197.064, 2469065.594]","(1232669.378, 2469065.594]",*
1426832.048925821,"(1386197.064, 1573337.96]","(1323068.719, 1532652.289]","(1232669.378, 1471210.204]","(1386197.064, 2469065.594]","(1232669.378, 2469065.594]",*
1427026.945021006,"(1386197.064, 1573337.96]","(1323068.719, 1532652.289]","(1232669.378, 1471210.204]","(1386197.064, 2469065.594]","(1232669.378, 2469065.594]",*
1427108.5011545552,"(1386197.064, 1573337.96]","(1323068.719, 1532652.289]","(1232669.378, 1471210.204]","(1386197.064, 2469065.594]","(1232669.378, 2469065.594]",*
1427202.2785615397,"(1386197.064, 1573337.96]","(1323068.719, 1532652.289]","(1232669.378, 1471210.204]","(1386197.064, 2469065.594]","(1232669.378, 2469065.594]",*
1427551.1449668494,"(1386197.064, 1573337.96]","(1323068.719, 1532652.289]","(1232669.378, 1471210.204]","(1386197.064, 2469065.594]","(1232669.378, 2469065.594]",*
1427832.120659103,"(1386197.064, 1573337.96]","(1323068.719, 1532652.289]","(1232669.378, 1471210.204]","(1386197.064, 2469065.594]","(1232669.378, 2469065.594]",*
1427842.5062336754,"(1386197.064, 1573337.96]","(1323068.719, 1532652.289]","(1232669.378, 1471210.204]","(1386197.064, 2469065.594]","(1232669.378, 2469065.594]",*
1427890.046491724,"(1386197.064, 1573337.96]","(1323068.719, 1532652.289]","(1232669.378, 1471210.204]","(1386197.064, 2469065.594]","(1232669.378, 2469065.594]",*
1428212.0343628554,"(1386197.064, 1573337.96]","(1323068.719, 1532652.289]","(1232669.378, 1471210.204]","(1386197.064, 2469065.594]","(1232669.378, 2469065.594]",*
1428247.074184676,"(1386197.064, 1573337.96]","(1323068.719, 1532652.289]","(1232669.378, 1471210.204]","(1386197.064, 2469065.594]","(1232669.378, 2469065.594]",*
1428399.00213912,"(1386197.064, 1573337.96]","(1323068.719, 1532652.289]","(1232669.378, 1471210.204]","(1386197.064, 2469065.594]","(1232669.378, 2469065.594]",*
1428693.929893514,"(1386197.064, 1573337.96]","(1323068.719, 1532652.289]","(1232669.378, 1471210.204]","(1386197.064, 2469065.594]","(1232669.378, 2469065.594]",*
1428797.3718951428,"(1386197.064, 1573337.96]","(1323068.719, 1532652.289]","(1232669.378, 1471210.204]","(1386197.064, 2469065.594]","(1232669.378, 2469065.594]",*
1429383.3521743226,"(1386197.064, 1573337.96]","(1323068.719, 1532652.289]","(1232669.378, 1471210.204]","(1386197.064, 2469065.594]","(1232669.378, 2469065.594]",*
1429497.6171416596,"(1386197.064, 1573337.96]","(1323068.719, 1532652.289]","(1232669.378, 1471210.204]","(1386197.064, 2469065.594]","(1232669.378, 2469065.594]",*
1429529.6303333663,"(1386197.064, 1573337.96]","(1323068.719, 1532652.289]","(1232669.378, 1471210.204]","(1386197.064, 2469065.594]","(1232669.378, 2469065.594]",*
1429951.80389933,"(1386197.064, 1573337.96]","(1323068.719, 1532652.289]","(1232669.378, 1471210.204]","(1386197.064, 2469065.594]","(1232669.378, 2469065.594]",*
1430051.088487896,"(1386197.064, 1573337.96]","(1323068.719, 1532652.289]","(1232669.378, 1471210.204]","(1386197.064, 2469065.594]","(1232669.378, 2469065.594]",*
1430641.6323658398,"(1386197.064, 1573337.96]","(1323068.719, 1532652.289]","(1232669.378, 1471210.204]","(1386197.064, 2469065.594]","(1232669.378, 2469065.594]",*
1430796.7625697944,"(1386197.064, 1573337.96]","(1323068.719, 1532652.289]","(1232669.378, 1471210.204]","(1386197.064, 2469065.594]","(1232669.378, 2469065.594]",*
1430813.4128906224,"(1386197.064, 1573337.96]","(1323068.719, 1532652.289]","(1232669.378, 1471210.204]","(1386197.064, 2469065.594]","(1232669.378, 2469065.594]",*
1431386.814465111,"(1386197.064, 1573337.96]","(1323068.719, 1532652.289]","(1232669.378, 1471210.204]","(1386197.064, 2469065.594]","(1232669.378, 2469065.594]",*
1431406.512968221,"(1386197.064, 1573337.96]","(1323068.719, 1532652.289]","(1232669.378, 1471210.204]","(1386197.064, 2469065.594]","(1232669.378, 2469065.594]",*
1431507.6234279652,"(1386197.064, 1573337.96]","(1323068.719, 1532652.289]","(1232669.378, 1471210.204]","(1386197.064, 2469065.594]","(1232669.378, 2469065.594]",*
1431517.3576797748,"(1386197.064, 1573337.96]","(1323068.719, 1532652.289]","(1232669.378, 1471210.204]","(1386197.064, 2469065.594]","(1232669.378, 2469065.594]",*
1431517.43889219,"(1386197.064, 1573337.96]","(1323068.719, 1532652.289]","(1232669.378, 1471210.204]","(1386197.064, 2469065.594]","(1232669.378, 2469065.594]",*
1431915.977008168,"(1386197.064, 1573337.96]","(1323068.719, 1532652.289]","(1232669.378, 1471210.204]","(1386197.064, 2469065.594]","(1232669.378, 2469065.594]",*
1432012.8709221852,"(1386197.064, 1573337.96]","(1323068.719, 1532652.289]","(1232669.378, 1471210.204]","(1386197.064, 2469065.594]","(1232669.378, 2469065.594]",*
1432252.081073976,"(1386197.064, 1573337.96]","(1323068.719, 1532652.289]","(1232669.378, 1471210.204]","(1386197.064, 2469065.594]","(1232669.378, 2469065.594]",*
1432318.469639134,"(1386197.064, 1573337.96]","(1323068.719, 1532652.289]","(1232669.378, 1471210.204]","(1386197.064, 2469065.594]","(1232669.378, 2469065.594]",*
1432756.5170942058,"(1386197.064, 1573337.96]","(1323068.719, 1532652.289]","(1232669.378, 1471210.204]","(1386197.064, 2469065.594]","(1232669.378, 2469065.594]",*
1432902.752871875,"(1386197.064, 1573337.96]","(1323068.719, 1532652.289]","(1232669.378, 1471210.204]","(1386197.064, 2469065.594]","(1232669.378, 2469065.594]",*
1433006.6454214435,"(1386197.064, 1573337.96]","(1323068.719, 1532652.289]","(1232669.378, 1471210.204]","(1386197.064, 2469065.594]","(1232669.378, 2469065.594]",*
1433221.1223841012,"(1386197.064, 1573337.96]","(1323068.719, 1532652.289]","(1232669.378, 1471210.204]","(1386197.064, 2469065.594]","(1232669.378, 2469065.594]",*
1433260.2277418757,"(1386197.064, 1573337.96]","(1323068.719, 1532652.289]","(1232669.378, 1471210.204]","(1386197.064, 2469065.594]","(1232669.378, 2469065.594]",*
1433493.802219979,"(1386197.064, 1573337.96]","(1323068.719, 1532652.289]","(1232669.378, 1471210.204]","(1386197.064, 2469065.594]","(1232669.378, 2469065.594]",*
1433538.3208426803,"(1386197.064, 1573337.96]","(1323068.719, 1532652.289]","(1232669.378, 1471210.204]","(1386197.064, 2469065.594]","(1232669.378, 2469065.594]",*
1433542.021277525,"(1386197.064, 1573337.96]","(1323068.719, 1532652.289]","(1232669.378, 1471210.204]","(1386197.064, 2469065.594]","(1232669.378, 2469065.594]",*
1433614.966745886,"(1386197.064, 1573337.96]","(1323068.719, 1532652.289]","(1232669.378, 1471210.204]","(1386197.064, 2469065.594]","(1232669.378, 2469065.594]",*
1434015.0326303542,"(1386197.064, 1573337.96]","(1323068.719, 1532652.289]","(1232669.378, 1471210.204]","(1386197.064, 2469065.594]","(1232669.378, 2469065.594]",*
1434144.2608724642,"(1386197.064, 1573337.96]","(1323068.719, 1532652.289]","(1232669.378, 1471210.204]","(1386197.064, 2469065.594]","(1232669.378, 2469065.594]",*
1434240.3558561043,"(1386197.064, 1573337.96]","(1323068.719, 1532652.289]","(1232669.378, 1471210.204]","(1386197.064, 2469065.594]","(1232669.378, 2469065.594]",*
1434323.8251566691,"(1386197.064, 1573337.96]","(1323068.719, 1532652.289]","(1232669.378, 1471210.204]","(1386197.064, 2469065.594]","(1232669.378, 2469065.594]",*
1434575.1099082837,"(1386197.064, 1573337.96]","(1323068.719, 1532652.289]","(1232669.378, 1471210.204]","(1386197.064, 2469065.594]","(1232669.378, 2469065.594]",*
1434803.061308178,"(1386197.064, 1573337.96]","(1323068.719, 1532652.289]","(1232669.378, 1471210.204]","(1386197.064, 2469065.594]","(1232669.378, 2469065.594]",*
1434835.9531418546,"(1386197.064, 1573337.96]","(1323068.719, 1532652.289]","(1232669.378, 1471210.204]","(1386197.064, 2469065.594]","(1232669.378, 2469065.594]",*
1435261.9868170435,"(1386197.064, 1573337.96]","(1323068.719, 1532652.289]","(1232669.378, 1471210.204]","(1386197.064, 2469065.594]","(1232669.378, 2469065.594]",*
1435423.7077532832,"(1386197.064, 1573337.96]","(1323068.719, 1532652.289]","(1232669.378, 1471210.204]","(1386197.064, 2469065.594]","(1232669.378, 2469065.594]",*
1435769.7688373898,"(1386197.064, 1573337.96]","(1323068.719, 1532652.289]","(1232669.378, 1471210.204]","(1386197.064, 2469065.594]","(1232669.378, 2469065.594]",*
1435981.219914465,"(1386197.064, 1573337.96]","(1323068.719, 1532652.289]","(1232669.378, 1471210.204]","(1386197.064, 2469065.594]","(1232669.378, 2469065.594]",*
1436995.2004509894,"(1386197.064, 1573337.96]","(1323068.719, 1532652.289]","(1232669.378, 1471210.204]","(1386197.064, 2469065.594]","(1232669.378, 2469065.594]",*
1437053.5572016188,"(1386197.064, 1573337.96]","(1323068.719, 1532652.289]","(1232669.378, 1471210.204]","(1386197.064, 2469065.594]","(1232669.378, 2469065.594]",*
1437153.9585319315,"(1386197.064, 1573337.96]","(1323068.719, 1532652.289]","(1232669.378, 1471210.204]","(1386197.064, 2469065.594]","(1232669.378, 2469065.594]",*
1437458.3642017914,"(1386197.064, 1573337.96]","(1323068.719, 1532652.289]","(1232669.378, 1471210.204]","(1386197.064, 2469065.594]","(1232669.378, 2469065.594]",*
1437755.771785729,"(1386197.064, 1573337.96]","(1323068.719, 1532652.289]","(1232669.378, 1471210.204]","(1386197.064, 2469065.594]","(1232669.378, 2469065.594]",*
1437983.8247179326,"(1386197.064, 1573337.96]","(1323068.719, 1532652.289]","(1232669.378, 1471210.204]","(1386197.064, 2469065.594]","(1232669.378, 2469065.594]",*
1438290.8514259474,"(1386197.064, 1573337.96]","(1323068.719, 1532652.289]","(1232669.378, 1471210.204]","(1386197.064, 2469065.594]","(1232669.378, 2469065.594]",*
1439028.5209890238,"(1386197.064, 1573337.96]","(1323068.719, 1532652.289]","(1232669.378, 1471210.204]","(1386197.064, 2469065.594]","(1232669.378, 2469065.594]",*
1439431.4528896934,"(1386197.064, 1573337.96]","(1323068.719, 1532652.289]","(1232669.378, 1471210.204]","(1386197.064, 2469065.594]","(1232669.378, 2469065.594]",*
1439506.1015570092,"(1386197.064, 1573337.96]","(1323068.719, 1532652.289]","(1232669.378, 1471210.204]","(1386197.064, 2469065.594]","(1232669.378, 2469065.594]",*
1439714.2805609994,"(1386197.064, 1573337.96]","(1323068.719, 1532652.289]","(1232669.378, 1471210.204]","(1386197.064, 2469065.594]","(1232669.378, 2469065.594]",*
1439875.6398384804,"(1386197.064, 1573337.96]","(1323068.719, 1532652.289]","(1232669.378, 1471210.204]","(1386197.064, 2469065.594]","(1232669.378, 2469065.594]",*
1439892.6324951418,"(1386197.064, 1573337.96]","(1323068.719, 1532652.289]","(1232669.378, 1471210.204]","(1386197.064, 2469065.594]","(1232669.378, 2469065.594]",*
1440106.863891462,"(1386197.064, 1573337.96]","(1323068.719, 1532652.289]","(1232669.378, 1471210.204]","(1386197.064, 2469065.594]","(1232669.378, 2469065.594]",*
1440246.3298730918,"(1386197.064, 1573337.96]","(1323068.719, 1532652.289]","(1232669.378, 1471210.204]","(1386197.064, 2469065.594]","(1232669.378, 2469065.594]",*
1440317.7631070798,"(1386197.064, 1573337.96]","(1323068.719, 1532652.289]","(1232669.378, 1471210.204]","(1386197.064, 2469065.594]","(1232669.378, 2469065.594]",*
1440736.5832582822,"(1386197.064, 1573337.96]","(1323068.719, 1532652.289]","(1232669.378, 1471210.204]","(1386197.064, 2469065.594]","(1232669.378, 2469065.594]",*
1440738.4688912423,"(1386197.064, 1573337.96]","(1323068.719, 1532652.289]","(1232669.378, 1471210.204]","(1386197.064, 2469065.594]","(1232669.378, 2469065.594]",*
1440897.4124288629,"(1386197.064, 1573337.96]","(1323068.719, 1532652.289]","(1232669.378, 1471210.204]","(1386197.064, 2469065.594]","(1232669.378, 2469065.594]",*
1440909.0012831052,"(1386197.064, 1573337.96]","(1323068.719, 1532652.289]","(1232669.378, 1471210.204]","(1386197.064, 2469065.594]","(1232669.378, 2469065.594]",*
1440961.856944883,"(1386197.064, 1573337.96]","(1323068.719, 1532652.289]","(1232669.378, 1471210.204]","(1386197.064, 2469065.594]","(1232669.378, 2469065.594]",*
1441312.1682690796,"(1386197.064, 1573337.96]","(1323068.719, 1532652.289]","(1232669.378, 1471210.204]","(1386197.064, 2469065.594]","(1232669.378, 2469065.594]",*
1441376.393925549,"(1386197.064, 1573337.96]","(1323068.719, 1532652.289]","(1232669.378, 1471210.204]","(1386197.064, 2469065.594]","(1232669.378, 2469065.594]",*
1441421.912993609,"(1386197.064, 1573337.96]","(1323068.719, 1532652.289]","(1232669.378, 1471210.204]","(1386197.064, 2469065.594]","(1232669.378, 2469065.594]",*
1441526.8367587973,"(1386197.064, 1573337.96]","(1323068.719, 1532652.289]","(1232669.378, 1471210.204]","(1386197.064, 2469065.594]","(1232669.378, 2469065.594]",*
1441576.8467606597,"(1386197.064, 1573337.96]","(1323068.719, 1532652.289]","(1232669.378, 1471210.204]","(1386197.064, 2469065.594]","(1232669.378, 2469065.594]",*
1441736.7608375724,"(1386197.064, 1573337.96]","(1323068.719, 1532652.289]","(1232669.378, 1471210.204]","(1386197.064, 2469065.594]","(1232669.378, 2469065.594]",*
1441882.5217055138,"(1386197.064, 1573337.96]","(1323068.719, 1532652.289]","(1232669.378, 1471210.204]","(1386197.064, 2469065.594]","(1232669.378, 2469065.594]",*
1441956.2019363926,"(1386197.064, 1573337.96]","(1323068.719, 1532652.289]","(1232669.378, 1471210.204]","(1386197.064, 2469065.594]","(1232669.378, 2469065.594]",*
1442079.0573133938,"(1386197.064, 1573337.96]","(1323068.719, 1532652.289]","(1232669.378, 1471210.204]","(1386197.064, 2469065.594]","(1232669.378, 2469065.594]",*
1442128.7319147731,"(1386197.064, 1573337.96]","(1323068.719, 1532652.289]","(1232669.378, 1471210.204]","(1386197.064, 2469065.594]","(1232669.378, 2469065.594]",*
1442372.0436041143,"(1386197.064, 1573337.96]","(1323068.719, 1532652.289]","(1232669.378, 1471210.204]","(1386197.064, 2469065.594]","(1232669.378, 2469065.594]",*
1442632.5412265589,"(1386197.064, 1573337.96]","(1323068.719, 1532652.289]","(1232669.378, 1471210.204]","(1386197.064, 2469065.594]","(1232669.378, 2469065.594]",*
1442674.1845522542,"(1386197.064, 1573337.96]","(1323068.719, 1532652.289]","(1232669.378, 1471210.204]","(1386197.064, 2469065.594]","(1232669.378, 2469065.594]",*
1442945.1449720778,"(1386197.064, 1573337.96]","(1323068.719, 1532652.289]","(1232669.378, 1471210.204]","(1386197.064, 2469065.594]","(1232669.378, 2469065.594]",*
1443027.2630613688,"(1386197.064, 1573337.96]","(1323068.719, 1532652.289]","(1232669.378, 1471210.204]","(1386197.064, 2469065.594]","(1232669.378, 2469065.594]",*
1443228.288242824,"(1386197.064, 1573337.96]","(1323068.719, 1532652.289]","(1232669.378, 1471210.204]","(1386197.064, 2469065.594]","(1232669.378, 2469065.594]",*
1443470.037082047,"(1386197.064, 1573337.96]","(1323068.719, 1532652.289]","(1232669.378, 1471210.204]","(1386197.064, 2469065.594]","(1232669.378, 2469065.594]",*
1443816.9708963863,"(1386197.064, 1573337.96]","(1323068.719, 1532652.289]","(1232669.378, 1471210.204]","(1386197.064, 2469065.594]","(1232669.378, 2469065.594]",*
1443842.022648748,"(1386197.064, 1573337.96]","(1323068.719, 1532652.289]","(1232669.378, 1471210.204]","(1386197.064, 2469065.594]","(1232669.378, 2469065.594]",*
1443907.7473837263,"(1386197.064, 1573337.96]","(1323068.719, 1532652.289]","(1232669.378, 1471210.204]","(1386197.064, 2469065.594]","(1232669.378, 2469065.594]",*
1444403.6640510953,"(1386197.064, 1573337.96]","(1323068.719, 1532652.289]","(1232669.378, 1471210.204]","(1386197.064, 2469065.594]","(1232669.378, 2469065.594]",*
1444572.9714972137,"(1386197.064, 1573337.96]","(1323068.719, 1532652.289]","(1232669.378, 1471210.204]","(1386197.064, 2469065.594]","(1232669.378, 2469065.594]",*
1444701.3279198643,"(1386197.064, 1573337.96]","(1323068.719, 1532652.289]","(1232669.378, 1471210.204]","(1386197.064, 2469065.594]","(1232669.378, 2469065.594]",*
1445030.984450201,"(1386197.064, 1573337.96]","(1323068.719, 1532652.289]","(1232669.378, 1471210.204]","(1386197.064, 2469065.594]","(1232669.378, 2469065.594]",*
1445527.1366654434,"(1386197.064, 1573337.96]","(1323068.719, 1532652.289]","(1232669.378, 1471210.204]","(1386197.064, 2469065.594]","(1232669.378, 2469065.594]",*
1445731.6259433646,"(1386197.064, 1573337.96]","(1323068.719, 1532652.289]","(1232669.378, 1471210.204]","(1386197.064, 2469065.594]","(1232669.378, 2469065.594]",*
1445804.8316514797,"(1386197.064, 1573337.96]","(1323068.719, 1532652.289]","(1232669.378, 1471210.204]","(1386197.064, 2469065.594]","(1232669.378, 2469065.594]",*
1446155.1797020894,"(1386197.064, 1573337.96]","(1323068.719, 1532652.289]","(1232669.378, 1471210.204]","(1386197.064, 2469065.594]","(1232669.378, 2469065.594]",*
1446597.122057405,"(1386197.064, 1573337.96]","(1323068.719, 1532652.289]","(1232669.378, 1471210.204]","(1386197.064, 2469065.594]","(1232669.378, 2469065.594]",*
1446756.8627614232,"(1386197.064, 1573337.96]","(1323068.719, 1532652.289]","(1232669.378, 1471210.204]","(1386197.064, 2469065.594]","(1232669.378, 2469065.594]",*
1446978.8599043884,"(1386197.064, 1573337.96]","(1323068.719, 1532652.289]","(1232669.378, 1471210.204]","(1386197.064, 2469065.594]","(1232669.378, 2469065.594]",*
1446982.7614704303,"(1386197.064, 1573337.96]","(1323068.719, 1532652.289]","(1232669.378, 1471210.204]","(1386197.064, 2469065.594]","(1232669.378, 2469065.594]",*
1446983.542276461,"(1386197.064, 1573337.96]","(1323068.719, 1532652.289]","(1232669.378, 1471210.204]","(1386197.064, 2469065.594]","(1232669.378, 2469065.594]",*
1447181.8263121648,"(1386197.064, 1573337.96]","(1323068.719, 1532652.289]","(1232669.378, 1471210.204]","(1386197.064, 2469065.594]","(1232669.378, 2469065.594]",*
1447250.9990249784,"(1386197.064, 1573337.96]","(1323068.719, 1532652.289]","(1232669.378, 1471210.204]","(1386197.064, 2469065.594]","(1232669.378, 2469065.594]",*
1447325.6396977373,"(1386197.064, 1573337.96]","(1323068.719, 1532652.289]","(1232669.378, 1471210.204]","(1386197.064, 2469065.594]","(1232669.378, 2469065.594]",*
1447353.2638071163,"(1386197.064, 1573337.96]","(1323068.719, 1532652.289]","(1232669.378, 1471210.204]","(1386197.064, 2469065.594]","(1232669.378, 2469065.594]",*
1447492.964395294,"(1386197.064, 1573337.96]","(1323068.719, 1532652.289]","(1232669.378, 1471210.204]","(1386197.064, 2469065.594]","(1232669.378, 2469065.594]",*
1447671.6746821608,"(1386197.064, 1573337.96]","(1323068.719, 1532652.289]","(1232669.378, 1471210.204]","(1386197.064, 2469065.594]","(1232669.378, 2469065.594]",*
1447920.6803593482,"(1386197.064, 1573337.96]","(1323068.719, 1532652.289]","(1232669.378, 1471210.204]","(1386197.064, 2469065.594]","(1232669.378, 2469065.594]",*
1448081.251171976,"(1386197.064, 1573337.96]","(1323068.719, 1532652.289]","(1232669.378, 1471210.204]","(1386197.064, 2469065.594]","(1232669.378, 2469065.594]",*
1448573.8446779854,"(1386197.064, 1573337.96]","(1323068.719, 1532652.289]","(1232669.378, 1471210.204]","(1386197.064, 2469065.594]","(1232669.378, 2469065.594]",*
1448668.423840238,"(1386197.064, 1573337.96]","(1323068.719, 1532652.289]","(1232669.378, 1471210.204]","(1386197.064, 2469065.594]","(1232669.378, 2469065.594]",*
1448774.9705814288,"(1386197.064, 1573337.96]","(1323068.719, 1532652.289]","(1232669.378, 1471210.204]","(1386197.064, 2469065.594]","(1232669.378, 2469065.594]",*
1448995.1146448432,"(1386197.064, 1573337.96]","(1323068.719, 1532652.289]","(1232669.378, 1471210.204]","(1386197.064, 2469065.594]","(1232669.378, 2469065.594]",*
1449033.4322542483,"(1386197.064, 1573337.96]","(1323068.719, 1532652.289]","(1232669.378, 1471210.204]","(1386197.064, 2469065.594]","(1232669.378, 2469065.594]",*
1449409.4356042852,"(1386197.064, 1573337.96]","(1323068.719, 1532652.289]","(1232669.378, 1471210.204]","(1386197.064, 2469065.594]","(1232669.378, 2469065.594]",*
1449829.493750261,"(1386197.064, 1573337.96]","(1323068.719, 1532652.289]","(1232669.378, 1471210.204]","(1386197.064, 2469065.594]","(1232669.378, 2469065.594]",*
1450122.715015601,"(1386197.064, 1573337.96]","(1323068.719, 1532652.289]","(1232669.378, 1471210.204]","(1386197.064, 2469065.594]","(1232669.378, 2469065.594]",*
1450393.5304145708,"(1386197.064, 1573337.96]","(1323068.719, 1532652.289]","(1232669.378, 1471210.204]","(1386197.064, 2469065.594]","(1232669.378, 2469065.594]",*
1450619.4572830184,"(1386197.064, 1573337.96]","(1323068.719, 1532652.289]","(1232669.378, 1471210.204]","(1386197.064, 2469065.594]","(1232669.378, 2469065.594]",*
1450624.523999585,"(1386197.064, 1573337.96]","(1323068.719, 1532652.289]","(1232669.378, 1471210.204]","(1386197.064, 2469065.594]","(1232669.378, 2469065.594]",*
1450769.8409873634,"(1386197.064, 1573337.96]","(1323068.719, 1532652.289]","(1232669.378, 1471210.204]","(1386197.064, 2469065.594]","(1232669.378, 2469065.594]",*
1450786.775373464,"(1386197.064, 1573337.96]","(1323068.719, 1532652.289]","(1232669.378, 1471210.204]","(1386197.064, 2469065.594]","(1232669.378, 2469065.594]",*
1450996.0381792902,"(1386197.064, 1573337.96]","(1323068.719, 1532652.289]","(1232669.378, 1471210.204]","(1386197.064, 2469065.594]","(1232669.378, 2469065.594]",*
1451078.0931341348,"(1386197.064, 1573337.96]","(1323068.719, 1532652.289]","(1232669.378, 1471210.204]","(1386197.064, 2469065.594]","(1232669.378, 2469065.594]",*
1451658.8772407244,"(1386197.064, 1573337.96]","(1323068.719, 1532652.289]","(1232669.378, 1471210.204]","(1386197.064, 2469065.594]","(1232669.378, 2469065.594]",*
1451739.624652712,"(1386197.064, 1573337.96]","(1323068.719, 1532652.289]","(1232669.378, 1471210.204]","(1386197.064, 2469065.594]","(1232669.378, 2469065.594]",*
1451930.6312860253,"(1386197.064, 1573337.96]","(1323068.719, 1532652.289]","(1232669.378, 1471210.204]","(1386197.064, 2469065.594]","(1232669.378, 2469065.594]",*
1452153.8490584374,"(1386197.064, 1573337.96]","(1323068.719, 1532652.289]","(1232669.378, 1471210.204]","(1386197.064, 2469065.594]","(1232669.378, 2469065.594]",*
1452736.786962771,"(1386197.064, 1573337.96]","(1323068.719, 1532652.289]","(1232669.378, 1471210.204]","(1386197.064, 2469065.594]","(1232669.378, 2469065.594]",*
1453108.7938176685,"(1386197.064, 1573337.96]","(1323068.719, 1532652.289]","(1232669.378, 1471210.204]","(1386197.064, 2469065.594]","(1232669.378, 2469065.594]",*
1453312.4679297977,"(1386197.064, 1573337.96]","(1323068.719, 1532652.289]","(1232669.378, 1471210.204]","(1386197.064, 2469065.594]","(1232669.378, 2469065.594]",*
1453327.9163335168,"(1386197.064, 1573337.96]","(1323068.719, 1532652.289]","(1232669.378, 1471210.204]","(1386197.064, 2469065.594]","(1232669.378, 2469065.594]",*
1453381.624303107,"(1386197.064, 1573337.96]","(1323068.719, 1532652.289]","(1232669.378, 1471210.204]","(1386197.064, 2469065.594]","(1232669.378, 2469065.594]",*
1453597.5066767505,"(1386197.064, 1573337.96]","(1323068.719, 1532652.289]","(1232669.378, 1471210.204]","(1386197.064, 2469065.594]","(1232669.378, 2469065.594]",*
1453663.2517569226,"(1386197.064, 1573337.96]","(1323068.719, 1532652.289]","(1232669.378, 1471210.204]","(1386197.064, 2469065.594]","(1232669.378, 2469065.594]",*
1453974.505950872,"(1386197.064, 1573337.96]","(1323068.719, 1532652.289]","(1232669.378, 1471210.204]","(1386197.064, 2469065.594]","(1232669.378, 2469065.594]",*
1454035.0082315337,"(1386197.064, 1573337.96]","(1323068.719, 1532652.289]","(1232669.378, 1471210.204]","(1386197.064, 2469065.594]","(1232669.378, 2469065.594]",*
1454126.550991805,"(1386197.064, 1573337.96]","(1323068.719, 1532652.289]","(1232669.378, 1471210.204]","(1386197.064, 2469065.594]","(1232669.378, 2469065.594]",*
1454681.9367671097,"(1386197.064, 1573337.96]","(1323068.719, 1532652.289]","(1232669.378, 1471210.204]","(1386197.064, 2469065.594]","(1232669.378, 2469065.594]",*
1454699.2314104706,"(1386197.064, 1573337.96]","(1323068.719, 1532652.289]","(1232669.378, 1471210.204]","(1386197.064, 2469065.594]","(1232669.378, 2469065.594]",*
1454749.8065940435,"(1386197.064, 1573337.96]","(1323068.719, 1532652.289]","(1232669.378, 1471210.204]","(1386197.064, 2469065.594]","(1232669.378, 2469065.594]",*
1454834.9824772594,"(1386197.064, 1573337.96]","(1323068.719, 1532652.289]","(1232669.378, 1471210.204]","(1386197.064, 2469065.594]","(1232669.378, 2469065.594]",*
1454943.0736612405,"(1386197.064, 1573337.96]","(1323068.719, 1532652.289]","(1232669.378, 1471210.204]","(1386197.064, 2469065.594]","(1232669.378, 2469065.594]",*
1455107.4511125274,"(1386197.064, 1573337.96]","(1323068.719, 1532652.289]","(1232669.378, 1471210.204]","(1386197.064, 2469065.594]","(1232669.378, 2469065.594]",*
1455325.999509544,"(1386197.064, 1573337.96]","(1323068.719, 1532652.289]","(1232669.378, 1471210.204]","(1386197.064, 2469065.594]","(1232669.378, 2469065.594]",*
1455511.267365652,"(1386197.064, 1573337.96]","(1323068.719, 1532652.289]","(1232669.378, 1471210.204]","(1386197.064, 2469065.594]","(1232669.378, 2469065.594]",*
1455554.8290921585,"(1386197.064, 1573337.96]","(1323068.719, 1532652.289]","(1232669.378, 1471210.204]","(1386197.064, 2469065.594]","(1232669.378, 2469065.594]",*
1455556.4656425468,"(1386197.064, 1573337.96]","(1323068.719, 1532652.289]","(1232669.378, 1471210.204]","(1386197.064, 2469065.594]","(1232669.378, 2469065.594]",*
1455691.796506957,"(1386197.064, 1573337.96]","(1323068.719, 1532652.289]","(1232669.378, 1471210.204]","(1386197.064, 2469065.594]","(1232669.378, 2469065.594]",*
1455737.134904127,"(1386197.064, 1573337.96]","(1323068.719, 1532652.289]","(1232669.378, 1471210.204]","(1386197.064, 2469065.594]","(1232669.378, 2469065.594]",*
1456273.723935143,"(1386197.064, 1573337.96]","(1323068.719, 1532652.289]","(1232669.378, 1471210.204]","(1386197.064, 2469065.594]","(1232669.378, 2469065.594]",*
1456486.292963147,"(1386197.064, 1573337.96]","(1323068.719, 1532652.289]","(1232669.378, 1471210.204]","(1386197.064, 2469065.594]","(1232669.378, 2469065.594]",*
1456969.5768219477,"(1386197.064, 1573337.96]","(1323068.719, 1532652.289]","(1232669.378, 1471210.204]","(1386197.064, 2469065.594]","(1232669.378, 2469065.594]",*
1457022.6303982614,"(1386197.064, 1573337.96]","(1323068.719, 1532652.289]","(1232669.378, 1471210.204]","(1386197.064, 2469065.594]","(1232669.378, 2469065.594]",*
1457230.6462415596,"(1386197.064, 1573337.96]","(1323068.719, 1532652.289]","(1232669.378, 1471210.204]","(1386197.064, 2469065.594]","(1232669.378, 2469065.594]",*
1457672.90568856,"(1386197.064, 1573337.96]","(1323068.719, 1532652.289]","(1232669.378, 1471210.204]","(1386197.064, 2469065.594]","(1232669.378, 2469065.594]",*
1457755.979317714,"(1386197.064, 1573337.96]","(1323068.719, 1532652.289]","(1232669.378, 1471210.204]","(1386197.064, 2469065.594]","(1232669.378, 2469065.594]",*
1457767.5326477357,"(1386197.064, 1573337.96]","(1323068.719, 1532652.289]","(1232669.378, 1471210.204]","(1386197.064, 2469065.594]","(1232669.378, 2469065.594]",*
1458009.2105256943,"(1386197.064, 1573337.96]","(1323068.719, 1532652.289]","(1232669.378, 1471210.204]","(1386197.064, 2469065.594]","(1232669.378, 2469065.594]",*
1458422.8106991698,"(1386197.064, 1573337.96]","(1323068.719, 1532652.289]","(1232669.378, 1471210.204]","(1386197.064, 2469065.594]","(1232669.378, 2469065.594]",*
1458912.584498618,"(1386197.064, 1573337.96]","(1323068.719, 1532652.289]","(1232669.378, 1471210.204]","(1386197.064, 2469065.594]","(1232669.378, 2469065.594]",*
1459342.8867985625,"(1386197.064, 1573337.96]","(1323068.719, 1532652.289]","(1232669.378, 1471210.204]","(1386197.064, 2469065.594]","(1232669.378, 2469065.594]",*
1459525.375848546,"(1386197.064, 1573337.96]","(1323068.719, 1532652.289]","(1232669.378, 1471210.204]","(1386197.064, 2469065.594]","(1232669.378, 2469065.594]",*
1459540.1330420503,"(1386197.064, 1573337.96]","(1323068.719, 1532652.289]","(1232669.378, 1471210.204]","(1386197.064, 2469065.594]","(1232669.378, 2469065.594]",*
1459834.789435762,"(1386197.064, 1573337.96]","(1323068.719, 1532652.289]","(1232669.378, 1471210.204]","(1386197.064, 2469065.594]","(1232669.378, 2469065.594]",*
1460044.5462501282,"(1386197.064, 1573337.96]","(1323068.719, 1532652.289]","(1232669.378, 1471210.204]","(1386197.064, 2469065.594]","(1232669.378, 2469065.594]",*
1460341.0111764427,"(1386197.064, 1573337.96]","(1323068.719, 1532652.289]","(1232669.378, 1471210.204]","(1386197.064, 2469065.594]","(1232669.378, 2469065.594]",*
1460364.2998845282,"(1386197.064, 1573337.96]","(1323068.719, 1532652.289]","(1232669.378, 1471210.204]","(1386197.064, 2469065.594]","(1232669.378, 2469065.594]",*
1460450.981476153,"(1386197.064, 1573337.96]","(1323068.719, 1532652.289]","(1232669.378, 1471210.204]","(1386197.064, 2469065.594]","(1232669.378, 2469065.594]",*
1460758.6262644362,"(1386197.064, 1573337.96]","(1323068.719, 1532652.289]","(1232669.378, 1471210.204]","(1386197.064, 2469065.594]","(1232669.378, 2469065.594]",*
1461511.881271546,"(1386197.064, 1573337.96]","(1323068.719, 1532652.289]","(1232669.378, 1471210.204]","(1386197.064, 2469065.594]","(1232669.378, 2469065.594]",*
1462360.60087787,"(1386197.064, 1573337.96]","(1323068.719, 1532652.289]","(1232669.378, 1471210.204]","(1386197.064, 2469065.594]","(1232669.378, 2469065.594]",*
1462422.2560780605,"(1386197.064, 1573337.96]","(1323068.719, 1532652.289]","(1232669.378, 1471210.204]","(1386197.064, 2469065.594]","(1232669.378, 2469065.594]",*
1462608.696022055,"(1386197.064, 1573337.96]","(1323068.719, 1532652.289]","(1232669.378, 1471210.204]","(1386197.064, 2469065.594]","(1232669.378, 2469065.594]",*
1462875.9838223844,"(1386197.064, 1573337.96]","(1323068.719, 1532652.289]","(1232669.378, 1471210.204]","(1386197.064, 2469065.594]","(1232669.378, 2469065.594]",*
1462899.0314555492,"(1386197.064, 1573337.96]","(1323068.719, 1532652.289]","(1232669.378, 1471210.204]","(1386197.064, 2469065.594]","(1232669.378, 2469065.594]",*
1462989.4908213743,"(1386197.064, 1573337.96]","(1323068.719, 1532652.289]","(1232669.378, 1471210.204]","(1386197.064, 2469065.594]","(1232669.378, 2469065.594]",*
1463003.0558812623,"(1386197.064, 1573337.96]","(1323068.719, 1532652.289]","(1232669.378, 1471210.204]","(1386197.064, 2469065.594]","(1232669.378, 2469065.594]",*
1463130.2729789368,"(1386197.064, 1573337.96]","(1323068.719, 1532652.289]","(1232669.378, 1471210.204]","(1386197.064, 2469065.594]","(1232669.378, 2469065.594]",*
1463367.8208253654,"(1386197.064, 1573337.96]","(1323068.719, 1532652.289]","(1232669.378, 1471210.204]","(1386197.064, 2469065.594]","(1232669.378, 2469065.594]",*
1463383.4866829738,"(1386197.064, 1573337.96]","(1323068.719, 1532652.289]","(1232669.378, 1471210.204]","(1386197.064, 2469065.594]","(1232669.378, 2469065.594]",*
1463442.908287028,"(1386197.064, 1573337.96]","(1323068.719, 1532652.289]","(1232669.378, 1471210.204]","(1386197.064, 2469065.594]","(1232669.378, 2469065.594]",*
1464710.2063623553,"(1386197.064, 1573337.96]","(1323068.719, 1532652.289]","(1232669.378, 1471210.204]","(1386197.064, 2469065.594]","(1232669.378, 2469065.594]",*
1464929.1621903444,"(1386197.064, 1573337.96]","(1323068.719, 1532652.289]","(1232669.378, 1471210.204]","(1386197.064, 2469065.594]","(1232669.378, 2469065.594]",*
1465120.4700062692,"(1386197.064, 1573337.96]","(1323068.719, 1532652.289]","(1232669.378, 1471210.204]","(1386197.064, 2469065.594]","(1232669.378, 2469065.594]",*
1465223.509412894,"(1386197.064, 1573337.96]","(1323068.719, 1532652.289]","(1232669.378, 1471210.204]","(1386197.064, 2469065.594]","(1232669.378, 2469065.594]",*
1465835.8431777956,"(1386197.064, 1573337.96]","(1323068.719, 1532652.289]","(1232669.378, 1471210.204]","(1386197.064, 2469065.594]","(1232669.378, 2469065.594]",*
1466411.7902126438,"(1386197.064, 1573337.96]","(1323068.719, 1532652.289]","(1232669.378, 1471210.204]","(1386197.064, 2469065.594]","(1232669.378, 2469065.594]",*
1466605.7737989684,"(1386197.064, 1573337.96]","(1323068.719, 1532652.289]","(1232669.378, 1471210.204]","(1386197.064, 2469065.594]","(1232669.378, 2469065.594]",*
1467075.1685579268,"(1386197.064, 1573337.96]","(1323068.719, 1532652.289]","(1232669.378, 1471210.204]","(1386197.064, 2469065.594]","(1232669.378, 2469065.594]",*
1467271.5557894418,"(1386197.064, 1573337.96]","(1323068.719, 1532652.289]","(1232669.378, 1471210.204]","(1386197.064, 2469065.594]","(1232669.378, 2469065.594]",*
1467849.817834562,"(1386197.064, 1573337.96]","(1323068.719, 1532652.289]","(1232669.378, 1471210.204]","(1386197.064, 2469065.594]","(1232669.378, 2469065.594]",*
1467910.5694426084,"(1386197.064, 1573337.96]","(1323068.719, 1532652.289]","(1232669.378, 1471210.204]","(1386197.064, 2469065.594]","(1232669.378, 2469065.594]",*
1467959.5287906835,"(1386197.064, 1573337.96]","(1323068.719, 1532652.289]","(1232669.378, 1471210.204]","(1386197.064, 2469065.594]","(1232669.378, 2469065.594]",*
1468030.4077797038,"(1386197.064, 1573337.96]","(1323068.719, 1532652.289]","(1232669.378, 1471210.204]","(1386197.064, 2469065.594]","(1232669.378, 2469065.594]",*
1468267.2302156277,"(1386197.064, 1573337.96]","(1323068.719, 1532652.289]","(1232669.378, 1471210.204]","(1386197.064, 2469065.594]","(1232669.378, 2469065.594]",*
1468459.9547469057,"(1386197.064, 1573337.96]","(1323068.719, 1532652.289]","(1232669.378, 1471210.204]","(1386197.064, 2469065.594]","(1232669.378, 2469065.594]",*
1468513.2443765462,"(1386197.064, 1573337.96]","(1323068.719, 1532652.289]","(1232669.378, 1471210.204]","(1386197.064, 2469065.594]","(1232669.378, 2469065.594]",*
1468738.7548690382,"(1386197.064, 1573337.96]","(1323068.719, 1532652.289]","(1232669.378, 1471210.204]","(1386197.064, 2469065.594]","(1232669.378, 2469065.594]",*
1468752.6574269752,"(1386197.064, 1573337.96]","(1323068.719, 1532652.289]","(1232669.378, 1471210.204]","(1386197.064, 2469065.594]","(1232669.378, 2469065.594]",*
1469237.20519252,"(1386197.064, 1573337.96]","(1323068.719, 1532652.289]","(1232669.378, 1471210.204]","(1386197.064, 2469065.594]","(1232669.378, 2469065.594]",*
1469354.7823322408,"(1386197.064, 1573337.96]","(1323068.719, 1532652.289]","(1232669.378, 1471210.204]","(1386197.064, 2469065.594]","(1232669.378, 2469065.594]",*
1469561.6746953996,"(1386197.064, 1573337.96]","(1323068.719, 1532652.289]","(1232669.378, 1471210.204]","(1386197.064, 2469065.594]","(1232669.378, 2469065.594]",*
1469767.6472201275,"(1386197.064, 1573337.96]","(1323068.719, 1532652.289]","(1232669.378, 1471210.204]","(1386197.064, 2469065.594]","(1232669.378, 2469065.594]",*
1470427.375478438,"(1386197.064, 1573337.96]","(1323068.719, 1532652.289]","(1232669.378, 1471210.204]","(1386197.064, 2469065.594]","(1232669.378, 2469065.594]",*
1470476.9871032657,"(1386197.064, 1573337.96]","(1323068.719, 1532652.289]","(1232669.378, 1471210.204]","(1386197.064, 2469065.594]","(1232669.378, 2469065.594]",*
1471031.4205758185,"(1386197.064, 1573337.96]","(1323068.719, 1532652.289]","(1232669.378, 1471210.204]","(1386197.064, 2469065.594]","(1232669.378, 2469065.594]",*
1471746.5551187624,"(1386197.064, 1573337.96]","(1323068.719, 1532652.289]","(1471210.204, 2469065.594]","(1386197.064, 2469065.594]","(1232669.378, 2469065.594]",*
1471784.0051760625,"(1386197.064, 1573337.96]","(1323068.719, 1532652.289]","(1471210.204, 2469065.594]","(1386197.064, 2469065.594]","(1232669.378, 2469065.594]",*
1471799.6763039234,"(1386197.064, 1573337.96]","(1323068.719, 1532652.289]","(1471210.204, 2469065.594]","(1386197.064, 2469065.594]","(1232669.378, 2469065.594]",*
1471828.128839903,"(1386197.064, 1573337.96]","(1323068.719, 1532652.289]","(1471210.204, 2469065.594]","(1386197.064, 2469065.594]","(1232669.378, 2469065.594]",*
1472337.6992163174,"(1386197.064, 1573337.96]","(1323068.719, 1532652.289]","(1471210.204, 2469065.594]","(1386197.064, 2469065.594]","(1232669.378, 2469065.594]",*
1472539.958266267,"(1386197.064, 1573337.96]","(1323068.719, 1532652.289]","(1471210.204, 2469065.594]","(1386197.064, 2469065.594]","(1232669.378, 2469065.594]",*
1472809.4869159523,"(1386197.064, 1573337.96]","(1323068.719, 1532652.289]","(1471210.204, 2469065.594]","(1386197.064, 2469065.594]","(1232669.378, 2469065.594]",*
1472887.2470605278,"(1386197.064, 1573337.96]","(1323068.719, 1532652.289]","(1471210.204, 2469065.594]","(1386197.064, 2469065.594]","(1232669.378, 2469065.594]",*
1472967.81431064,"(1386197.064, 1573337.96]","(1323068.719, 1532652.289]","(1471210.204, 2469065.594]","(1386197.064, 2469065.594]","(1232669.378, 2469065.594]",*
1473071.9543045457,"(1386197.064, 1573337.96]","(1323068.719, 1532652.289]","(1471210.204, 2469065.594]","(1386197.064, 2469065.594]","(1232669.378, 2469065.594]",*
1473278.4414731169,"(1386197.064, 1573337.96]","(1323068.719, 1532652.289]","(1471210.204, 2469065.594]","(1386197.064, 2469065.594]","(1232669.378, 2469065.594]",*
1473372.1641704566,"(1386197.064, 1573337.96]","(1323068.719, 1532652.289]","(1471210.204, 2469065.594]","(1386197.064, 2469065.594]","(1232669.378, 2469065.594]",*
1473540.759938544,"(1386197.064, 1573337.96]","(1323068.719, 1532652.289]","(1471210.204, 2469065.594]","(1386197.064, 2469065.594]","(1232669.378, 2469065.594]",*
1473680.6037391997,"(1386197.064, 1573337.96]","(1323068.719, 1532652.289]","(1471210.204, 2469065.594]","(1386197.064, 2469065.594]","(1232669.378, 2469065.594]",*
1473761.5318166828,"(1386197.064, 1573337.96]","(1323068.719, 1532652.289]","(1471210.204, 2469065.594]","(1386197.064, 2469065.594]","(1232669.378, 2469065.594]",*
1474296.415816263,"(1386197.064, 1573337.96]","(1323068.719, 1532652.289]","(1471210.204, 2469065.594]","(1386197.064, 2469065.594]","(1232669.378, 2469065.594]",*
1474379.4400821466,"(1386197.064, 1573337.96]","(1323068.719, 1532652.289]","(1471210.204, 2469065.594]","(1386197.064, 2469065.594]","(1232669.378, 2469065.594]",*
1474417.2717291806,"(1386197.064, 1573337.96]","(1323068.719, 1532652.289]","(1471210.204, 2469065.594]","(1386197.064, 2469065.594]","(1232669.378, 2469065.594]",*
1474466.879984229,"(1386197.064, 1573337.96]","(1323068.719, 1532652.289]","(1471210.204, 2469065.594]","(1386197.064, 2469065.594]","(1232669.378, 2469065.594]",*
1474546.7621461137,"(1386197.064, 1573337.96]","(1323068.719, 1532652.289]","(1471210.204, 2469065.594]","(1386197.064, 2469065.594]","(1232669.378, 2469065.594]",*
1474745.015409376,"(1386197.064, 1573337.96]","(1323068.719, 1532652.289]","(1471210.204, 2469065.594]","(1386197.064, 2469065.594]","(1232669.378, 2469065.594]",*
1475319.6991355843,"(1386197.064, 1573337.96]","(1323068.719, 1532652.289]","(1471210.204, 2469065.594]","(1386197.064, 2469065.594]","(1232669.378, 2469065.594]",*
1475349.5520184026,"(1386197.064, 1573337.96]","(1323068.719, 1532652.289]","(1471210.204, 2469065.594]","(1386197.064, 2469065.594]","(1232669.378, 2469065.594]",*
1475700.7096609343,"(1386197.064, 1573337.96]","(1323068.719, 1532652.289]","(1471210.204, 2469065.594]","(1386197.064, 2469065.594]","(1232669.378, 2469065.594]",*
1475734.2174397272,"(1386197.064, 1573337.96]","(1323068.719, 1532652.289]","(1471210.204, 2469065.594]","(1386197.064, 2469065.594]","(1232669.378, 2469065.594]",*
1476277.527374216,"(1386197.064, 1573337.96]","(1323068.719, 1532652.289]","(1471210.204, 2469065.594]","(1386197.064, 2469065.594]","(1232669.378, 2469065.594]",*
1476386.9962728296,"(1386197.064, 1573337.96]","(1323068.719, 1532652.289]","(1471210.204, 2469065.594]","(1386197.064, 2469065.594]","(1232669.378, 2469065.594]",*
1476392.5507553308,"(1386197.064, 1573337.96]","(1323068.719, 1532652.289]","(1471210.204, 2469065.594]","(1386197.064, 2469065.594]","(1232669.378, 2469065.594]",*
1476989.183503952,"(1386197.064, 1573337.96]","(1323068.719, 1532652.289]","(1471210.204, 2469065.594]","(1386197.064, 2469065.594]","(1232669.378, 2469065.594]",*
1477595.9992480755,"(1386197.064, 1573337.96]","(1323068.719, 1532652.289]","(1471210.204, 2469065.594]","(1386197.064, 2469065.594]","(1232669.378, 2469065.594]",*
1477765.1478095248,"(1386197.064, 1573337.96]","(1323068.719, 1532652.289]","(1471210.204, 2469065.594]","(1386197.064, 2469065.594]","(1232669.378, 2469065.594]",*
1478028.1739926587,"(1386197.064, 1573337.96]","(1323068.719, 1532652.289]","(1471210.204, 2469065.594]","(1386197.064, 2469065.594]","(1232669.378, 2469065.594]",*
1478823.6472742946,"(1386197.064, 1573337.96]","(1323068.719, 1532652.289]","(1471210.204, 2469065.594]","(1386197.064, 2469065.594]","(1232669.378, 2469065.594]",*
1479063.2137821943,"(1386197.064, 1573337.96]","(1323068.719, 1532652.289]","(1471210.204, 2469065.594]","(1386197.064, 2469065.594]","(1232669.378, 2469065.594]",*
1479295.570937294,"(1386197.064, 1573337.96]","(1323068.719, 1532652.289]","(1471210.204, 2469065.594]","(1386197.064, 2469065.594]","(1232669.378, 2469065.594]",*
1479603.7556980178,"(1386197.064, 1573337.96]","(1323068.719, 1532652.289]","(1471210.204, 2469065.594]","(1386197.064, 2469065.594]","(1232669.378, 2469065.594]",*
1479758.3175267638,"(1386197.064, 1573337.96]","(1323068.719, 1532652.289]","(1471210.204, 2469065.594]","(1386197.064, 2469065.594]","(1232669.378, 2469065.594]",*
1480227.5472434366,"(1386197.064, 1573337.96]","(1323068.719, 1532652.289]","(1471210.204, 2469065.594]","(1386197.064, 2469065.594]","(1232669.378, 2469065.594]",*
1480328.3454733538,"(1386197.064, 1573337.96]","(1323068.719, 1532652.289]","(1471210.204, 2469065.594]","(1386197.064, 2469065.594]","(1232669.378, 2469065.594]",*
1480441.533604724,"(1386197.064, 1573337.96]","(1323068.719, 1532652.289]","(1471210.204, 2469065.594]","(1386197.064, 2469065.594]","(1232669.378, 2469065.594]",*
1480674.798825141,"(1386197.064, 1573337.96]","(1323068.719, 1532652.289]","(1471210.204, 2469065.594]","(1386197.064, 2469065.594]","(1232669.378, 2469065.594]",*
1480888.8042321615,"(1386197.064, 1573337.96]","(1323068.719, 1532652.289]","(1471210.204, 2469065.594]","(1386197.064, 2469065.594]","(1232669.378, 2469065.594]",*
1481146.950498894,"(1386197.064, 1573337.96]","(1323068.719, 1532652.289]","(1471210.204, 2469065.594]","(1386197.064, 2469065.594]","(1232669.378, 2469065.594]",*
1481171.234478745,"(1386197.064, 1573337.96]","(1323068.719, 1532652.289]","(1471210.204, 2469065.594]","(1386197.064, 2469065.594]","(1232669.378, 2469065.594]",*
1481940.7615078837,"(1386197.064, 1573337.96]","(1323068.719, 1532652.289]","(1471210.204, 2469065.594]","(1386197.064, 2469065.594]","(1232669.378, 2469065.594]",*
1481946.194076499,"(1386197.064, 1573337.96]","(1323068.719, 1532652.289]","(1471210.204, 2469065.594]","(1386197.064, 2469065.594]","(1232669.378, 2469065.594]",*
1482107.3699638068,"(1386197.064, 1573337.96]","(1323068.719, 1532652.289]","(1471210.204, 2469065.594]","(1386197.064, 2469065.594]","(1232669.378, 2469065.594]",*
1482123.6246868188,"(1386197.064, 1573337.96]","(1323068.719, 1532652.289]","(1471210.204, 2469065.594]","(1386197.064, 2469065.594]","(1232669.378, 2469065.594]",*
1482617.728622024,"(1386197.064, 1573337.96]","(1323068.719, 1532652.289]","(1471210.204, 2469065.594]","(1386197.064, 2469065.594]","(1232669.378, 2469065.594]",*
1483041.335012141,"(1386197.064, 1573337.96]","(1323068.719, 1532652.289]","(1471210.204, 2469065.594]","(1386197.064, 2469065.594]","(1232669.378, 2469065.594]",*
1483685.9038027334,"(1386197.064, 1573337.96]","(1323068.719, 1532652.289]","(1471210.204, 2469065.594]","(1386197.064, 2469065.594]","(1232669.378, 2469065.594]",*
1483808.336830672,"(1386197.064, 1573337.96]","(1323068.719, 1532652.289]","(1471210.204, 2469065.594]","(1386197.064, 2469065.594]","(1232669.378, 2469065.594]",*
1483848.1693759758,"(1386197.064, 1573337.96]","(1323068.719, 1532652.289]","(1471210.204, 2469065.594]","(1386197.064, 2469065.594]","(1232669.378, 2469065.594]",*
1484653.884070311,"(1386197.064, 1573337.96]","(1323068.719, 1532652.289]","(1471210.204, 2469065.594]","(1386197.064, 2469065.594]","(1232669.378, 2469065.594]",*
1484688.2340335343,"(1386197.064, 1573337.96]","(1323068.719, 1532652.289]","(1471210.204, 2469065.594]","(1386197.064, 2469065.594]","(1232669.378, 2469065.594]",*
1485145.6605448688,"(1386197.064, 1573337.96]","(1323068.719, 1532652.289]","(1471210.204, 2469065.594]","(1386197.064, 2469065.594]","(1232669.378, 2469065.594]",*
1485418.1022610776,"(1386197.064, 1573337.96]","(1323068.719, 1532652.289]","(1471210.204, 2469065.594]","(1386197.064, 2469065.594]","(1232669.378, 2469065.594]",*
1485677.0638068074,"(1386197.064, 1573337.96]","(1323068.719, 1532652.289]","(1471210.204, 2469065.594]","(1386197.064, 2469065.594]","(1232669.378, 2469065.594]",*
1485912.9247205246,"(1386197.064, 1573337.96]","(1323068.719, 1532652.289]","(1471210.204, 2469065.594]","(1386197.064, 2469065.594]","(1232669.378, 2469065.594]",*
1486401.3205096938,"(1386197.064, 1573337.96]","(1323068.719, 1532652.289]","(1471210.204, 2469065.594]","(1386197.064, 2469065.594]","(1232669.378, 2469065.594]",*
1487571.5513345315,"(1386197.064, 1573337.96]","(1323068.719, 1532652.289]","(1471210.204, 2469065.594]","(1386197.064, 2469065.594]","(1232669.378, 2469065.594]",*
1487729.592136596,"(1386197.064, 1573337.96]","(1323068.719, 1532652.289]","(1471210.204, 2469065.594]","(1386197.064, 2469065.594]","(1232669.378, 2469065.594]",*
1487849.8761712434,"(1386197.064, 1573337.96]","(1323068.719, 1532652.289]","(1471210.204, 2469065.594]","(1386197.064, 2469065.594]","(1232669.378, 2469065.594]",*
1487855.537964487,"(1386197.064, 1573337.96]","(1323068.719, 1532652.289]","(1471210.204, 2469065.594]","(1386197.064, 2469065.594]","(1232669.378, 2469065.594]",*
1487997.8786633243,"(1386197.064, 1573337.96]","(1323068.719, 1532652.289]","(1471210.204, 2469065.594]","(1386197.064, 2469065.594]","(1232669.378, 2469065.594]",*
1488535.1595646788,"(1386197.064, 1573337.96]","(1323068.719, 1532652.289]","(1471210.204, 2469065.594]","(1386197.064, 2469065.594]","(1232669.378, 2469065.594]",*
1489520.0186356774,"(1386197.064, 1573337.96]","(1323068.719, 1532652.289]","(1471210.204, 2469065.594]","(1386197.064, 2469065.594]","(1232669.378, 2469065.594]",*
1489540.134903209,"(1386197.064, 1573337.96]","(1323068.719, 1532652.289]","(1471210.204, 2469065.594]","(1386197.064, 2469065.594]","(1232669.378, 2469065.594]",*
1489574.1370137818,"(1386197.064, 1573337.96]","(1323068.719, 1532652.289]","(1471210.204, 2469065.594]","(1386197.064, 2469065.594]","(1232669.378, 2469065.594]",*
1489648.017667954,"(1386197.064, 1573337.96]","(1323068.719, 1532652.289]","(1471210.204, 2469065.594]","(1386197.064, 2469065.594]","(1232669.378, 2469065.594]",*
1489667.7500101302,"(1386197.064, 1573337.96]","(1323068.719, 1532652.289]","(1471210.204, 2469065.594]","(1386197.064, 2469065.594]","(1232669.378, 2469065.594]",*
1489970.147065019,"(1386197.064, 1573337.96]","(1323068.719, 1532652.289]","(1471210.204, 2469065.594]","(1386197.064, 2469065.594]","(1232669.378, 2469065.594]",*
1490539.0581097947,"(1386197.064, 1573337.96]","(1323068.719, 1532652.289]","(1471210.204, 2469065.594]","(1386197.064, 2469065.594]","(1232669.378, 2469065.594]",*
1490718.334949335,"(1386197.064, 1573337.96]","(1323068.719, 1532652.289]","(1471210.204, 2469065.594]","(1386197.064, 2469065.594]","(1232669.378, 2469065.594]",*
1490904.5625106555,"(1386197.064, 1573337.96]","(1323068.719, 1532652.289]","(1471210.204, 2469065.594]","(1386197.064, 2469065.594]","(1232669.378, 2469065.594]",*
1491145.2404770595,"(1386197.064, 1573337.96]","(1323068.719, 1532652.289]","(1471210.204, 2469065.594]","(1386197.064, 2469065.594]","(1232669.378, 2469065.594]",*
1491153.0301284252,"(1386197.064, 1573337.96]","(1323068.719, 1532652.289]","(1471210.204, 2469065.594]","(1386197.064, 2469065.594]","(1232669.378, 2469065.594]",*
1491290.0486560613,"(1386197.064, 1573337.96]","(1323068.719, 1532652.289]","(1471210.204, 2469065.594]","(1386197.064, 2469065.594]","(1232669.378, 2469065.594]",*
1491538.499250119,"(1386197.064, 1573337.96]","(1323068.719, 1532652.289]","(1471210.204, 2469065.594]","(1386197.064, 2469065.594]","(1232669.378, 2469065.594]",*
1491811.661122951,"(1386197.064, 1573337.96]","(1323068.719, 1532652.289]","(1471210.204, 2469065.594]","(1386197.064, 2469065.594]","(1232669.378, 2469065.594]",*
1491838.4944434683,"(1386197.064, 1573337.96]","(1323068.719, 1532652.289]","(1471210.204, 2469065.594]","(1386197.064, 2469065.594]","(1232669.378, 2469065.594]",*
1492009.562850291,"(1386197.064, 1573337.96]","(1323068.719, 1532652.289]","(1471210.204, 2469065.594]","(1386197.064, 2469065.594]","(1232669.378, 2469065.594]",*
1492011.495862129,"(1386197.064, 1573337.96]","(1323068.719, 1532652.289]","(1471210.204, 2469065.594]","(1386197.064, 2469065.594]","(1232669.378, 2469065.594]",*
1492033.2046736872,"(1386197.064, 1573337.96]","(1323068.719, 1532652.289]","(1471210.204, 2469065.594]","(1386197.064, 2469065.594]","(1232669.378, 2469065.594]",*
1492095.1431974396,"(1386197.064, 1573337.96]","(1323068.719, 1532652.289]","(1471210.204, 2469065.594]","(1386197.064, 2469065.594]","(1232669.378, 2469065.594]",*
1492521.8665181694,"(1386197.064, 1573337.96]","(1323068.719, 1532652.289]","(1471210.204, 2469065.594]","(1386197.064, 2469065.594]","(1232669.378, 2469065.594]",*
1492612.189361544,"(1386197.064, 1573337.96]","(1323068.719, 1532652.289]","(1471210.204, 2469065.594]","(1386197.064, 2469065.594]","(1232669.378, 2469065.594]",*
1492786.6274919594,"(1386197.064, 1573337.96]","(1323068.719, 1532652.289]","(1471210.204, 2469065.594]","(1386197.064, 2469065.594]","(1232669.378, 2469065.594]",*
1492965.7334657512,"(1386197.064, 1573337.96]","(1323068.719, 1532652.289]","(1471210.204, 2469065.594]","(1386197.064, 2469065.594]","(1232669.378, 2469065.594]",*
1493623.4158691058,"(1386197.064, 1573337.96]","(1323068.719, 1532652.289]","(1471210.204, 2469065.594]","(1386197.064, 2469065.594]","(1232669.378, 2469065.594]",*
1494101.444719538,"(1386197.064, 1573337.96]","(1323068.719, 1532652.289]","(1471210.204, 2469065.594]","(1386197.064, 2469065.594]","(1232669.378, 2469065.594]",*
1494125.3298718815,"(1386197.064, 1573337.96]","(1323068.719, 1532652.289]","(1471210.204, 2469065.594]","(1386197.064, 2469065.594]","(1232669.378, 2469065.594]",*
1494241.2261904366,"(1386197.064, 1573337.96]","(1323068.719, 1532652.289]","(1471210.204, 2469065.594]","(1386197.064, 2469065.594]","(1232669.378, 2469065.594]",*
1495012.9648340766,"(1386197.064, 1573337.96]","(1323068.719, 1532652.289]","(1471210.204, 2469065.594]","(1386197.064, 2469065.594]","(1232669.378, 2469065.594]",*
1495375.423345531,"(1386197.064, 1573337.96]","(1323068.719, 1532652.289]","(1471210.204, 2469065.594]","(1386197.064, 2469065.594]","(1232669.378, 2469065.594]",*
1495384.003668785,"(1386197.064, 1573337.96]","(1323068.719, 1532652.289]","(1471210.204, 2469065.594]","(1386197.064, 2469065.594]","(1232669.378, 2469065.594]",*
1495390.49870273,"(1386197.064, 1573337.96]","(1323068.719, 1532652.289]","(1471210.204, 2469065.594]","(1386197.064, 2469065.594]","(1232669.378, 2469065.594]",*
1495518.62392568,"(1386197.064, 1573337.96]","(1323068.719, 1532652.289]","(1471210.204, 2469065.594]","(1386197.064, 2469065.594]","(1232669.378, 2469065.594]",*
1495672.5938007506,"(1386197.064, 1573337.96]","(1323068.719, 1532652.289]","(1471210.204, 2469065.594]","(1386197.064, 2469065.594]","(1232669.378, 2469065.594]",*
1496177.415750746,"(1386197.064, 1573337.96]","(1323068.719, 1532652.289]","(1471210.204, 2469065.594]","(1386197.064, 2469065.594]","(1232669.378, 2469065.594]",*
1496210.2158534296,"(1386197.064, 1573337.96]","(1323068.719, 1532652.289]","(1471210.204, 2469065.594]","(1386197.064, 2469065.594]","(1232669.378, 2469065.594]",*
1496466.3571105185,"(1386197.064, 1573337.96]","(1323068.719, 1532652.289]","(1471210.204, 2469065.594]","(1386197.064, 2469065.594]","(1232669.378, 2469065.594]",*
1496539.312892634,"(1386197.064, 1573337.96]","(1323068.719, 1532652.289]","(1471210.204, 2469065.594]","(1386197.064, 2469065.594]","(1232669.378, 2469065.594]",*
1496577.458586566,"(1386197.064, 1573337.96]","(1323068.719, 1532652.289]","(1471210.204, 2469065.594]","(1386197.064, 2469065.594]","(1232669.378, 2469065.594]",*
1496724.3806064818,"(1386197.064, 1573337.96]","(1323068.719, 1532652.289]","(1471210.204, 2469065.594]","(1386197.064, 2469065.594]","(1232669.378, 2469065.594]",*
1496729.5357664232,"(1386197.064, 1573337.96]","(1323068.719, 1532652.289]","(1471210.204, 2469065.594]","(1386197.064, 2469065.594]","(1232669.378, 2469065.594]",*
1496776.8301323482,"(1386197.064, 1573337.96]","(1323068.719, 1532652.289]","(1471210.204, 2469065.594]","(1386197.064, 2469065.594]","(1232669.378, 2469065.594]",*
1497377.180867295,"(1386197.064, 1573337.96]","(1323068.719, 1532652.289]","(1471210.204, 2469065.594]","(1386197.064, 2469065.594]","(1232669.378, 2469065.594]",*
1498640.5506503703,"(1386197.064, 1573337.96]","(1323068.719, 1532652.289]","(1471210.204, 2469065.594]","(1386197.064, 2469065.594]","(1232669.378, 2469065.594]",*
1499153.0808398786,"(1386197.064, 1573337.96]","(1323068.719, 1532652.289]","(1471210.204, 2469065.594]","(1386197.064, 2469065.594]","(1232669.378, 2469065.594]",*
1499243.167565391,"(1386197.064, 1573337.96]","(1323068.719, 1532652.289]","(1471210.204, 2469065.594]","(1386197.064, 2469065.594]","(1232669.378, 2469065.594]",*
1499356.1199718774,"(1386197.064, 1573337.96]","(1323068.719, 1532652.289]","(1471210.204, 2469065.594]","(1386197.064, 2469065.594]","(1232669.378, 2469065.594]",*
1499552.268737694,"(1386197.064, 1573337.96]","(1323068.719, 1532652.289]","(1471210.204, 2469065.594]","(1386197.064, 2469065.594]","(1232669.378, 2469065.594]",*
1499920.5935294242,"(1386197.064, 1573337.96]","(1323068.719, 1532652.289]","(1471210.204, 2469065.594]","(1386197.064, 2469065.594]","(1232669.378, 2469065.594]",*
1499988.8795226102,"(1386197.064, 1573337.96]","(1323068.719, 1532652.289]","(1471210.204, 2469065.594]","(1386197.064, 2469065.594]","(1232669.378, 2469065.594]",*
1500472.8272215405,"(1386197.064, 1573337.96]","(1323068.719, 1532652.289]","(1471210.204, 2469065.594]","(1386197.064, 2469065.594]","(1232669.378, 2469065.594]",*
1500481.759524706,"(1386197.064, 1573337.96]","(1323068.719, 1532652.289]","(1471210.204, 2469065.594]","(1386197.064, 2469065.594]","(1232669.378, 2469065.594]",*
1500821.46909593,"(1386197.064, 1573337.96]","(1323068.719, 1532652.289]","(1471210.204, 2469065.594]","(1386197.064, 2469065.594]","(1232669.378, 2469065.594]",*
1500939.8265608612,"(1386197.064, 1573337.96]","(1323068.719, 1532652.289]","(1471210.204, 2469065.594]","(1386197.064, 2469065.594]","(1232669.378, 2469065.594]",*
1500962.6151142884,"(1386197.064, 1573337.96]","(1323068.719, 1532652.289]","(1471210.204, 2469065.594]","(1386197.064, 2469065.594]","(1232669.378, 2469065.594]",*
1501048.2038845343,"(1386197.064, 1573337.96]","(1323068.719, 1532652.289]","(1471210.204, 2469065.594]","(1386197.064, 2469065.594]","(1232669.378, 2469065.594]",*
1501103.4929884768,"(1386197.064, 1573337.96]","(1323068.719, 1532652.289]","(1471210.204, 2469065.594]","(1386197.064, 2469065.594]","(1232669.378, 2469065.594]",*
1501303.964140751,"(1386197.064, 1573337.96]","(1323068.719, 1532652.289]","(1471210.204, 2469065.594]","(1386197.064, 2469065.594]","(1232669.378, 2469065.594]",*
1501482.219941262,"(1386197.064, 1573337.96]","(1323068.719, 1532652.289]","(1471210.204, 2469065.594]","(1386197.064, 2469065.594]","(1232669.378, 2469065.594]",*
1501497.532370449,"(1386197.064, 1573337.96]","(1323068.719, 1532652.289]","(1471210.204, 2469065.594]","(1386197.064, 2469065.594]","(1232669.378, 2469065.594]",*
1501622.125499602,"(1386197.064, 1573337.96]","(1323068.719, 1532652.289]","(1471210.204, 2469065.594]","(1386197.064, 2469065.594]","(1232669.378, 2469065.594]",*
1501917.3180956463,"(1386197.064, 1573337.96]","(1323068.719, 1532652.289]","(1471210.204, 2469065.594]","(1386197.064, 2469065.594]","(1232669.378, 2469065.594]",*
1502055.8173744078,"(1386197.064, 1573337.96]","(1323068.719, 1532652.289]","(1471210.204, 2469065.594]","(1386197.064, 2469065.594]","(1232669.378, 2469065.594]",*
1502443.2297509415,"(1386197.064, 1573337.96]","(1323068.719, 1532652.289]","(1471210.204, 2469065.594]","(1386197.064, 2469065.594]","(1232669.378, 2469065.594]",*
1502447.916728789,"(1386197.064, 1573337.96]","(1323068.719, 1532652.289]","(1471210.204, 2469065.594]","(1386197.064, 2469065.594]","(1232669.378, 2469065.594]",*
1502451.1137147066,"(1386197.064, 1573337.96]","(1323068.719, 1532652.289]","(1471210.204, 2469065.594]","(1386197.064, 2469065.594]","(1232669.378, 2469065.594]",*
1503327.000474601,"(1386197.064, 1573337.96]","(1323068.719, 1532652.289]","(1471210.204, 2469065.594]","(1386197.064, 2469065.594]","(1232669.378, 2469065.594]",*
1503552.2062630926,"(1386197.064, 1573337.96]","(1323068.719, 1532652.289]","(1471210.204, 2469065.594]","(1386197.064, 2469065.594]","(1232669.378, 2469065.594]",*
1504026.2696593627,"(1386197.064, 1573337.96]","(1323068.719, 1532652.289]","(1471210.204, 2469065.594]","(1386197.064, 2469065.594]","(1232669.378, 2469065.594]",*
1504315.6188396232,"(1386197.064, 1573337.96]","(1323068.719, 1532652.289]","(1471210.204, 2469065.594]","(1386197.064, 2469065.594]","(1232669.378, 2469065.594]",*
1504441.0101502882,"(1386197.064, 1573337.96]","(1323068.719, 1532652.289]","(1471210.204, 2469065.594]","(1386197.064, 2469065.594]","(1232669.378, 2469065.594]",*
1504664.2808396954,"(1386197.064, 1573337.96]","(1323068.719, 1532652.289]","(1471210.204, 2469065.594]","(1386197.064, 2469065.594]","(1232669.378, 2469065.594]",*
1505560.5399742462,"(1386197.064, 1573337.96]","(1323068.719, 1532652.289]","(1471210.204, 2469065.594]","(1386197.064, 2469065.594]","(1232669.378, 2469065.594]",*
1505628.4534982918,"(1386197.064, 1573337.96]","(1323068.719, 1532652.289]","(1471210.204, 2469065.594]","(1386197.064, 2469065.594]","(1232669.378, 2469065.594]",*
1505727.4308014044,"(1386197.064, 1573337.96]","(1323068.719, 1532652.289]","(1471210.204, 2469065.594]","(1386197.064, 2469065.594]","(1232669.378, 2469065.594]",*
1505890.91484695,"(1386197.064, 1573337.96]","(1323068.719, 1532652.289]","(1471210.204, 2469065.594]","(1386197.064, 2469065.594]","(1232669.378, 2469065.594]",*
1506651.1565735163,"(1386197.064, 1573337.96]","(1323068.719, 1532652.289]","(1471210.204, 2469065.594]","(1386197.064, 2469065.594]","(1232669.378, 2469065.594]",*
1506656.8260229118,"(1386197.064, 1573337.96]","(1323068.719, 1532652.289]","(1471210.204, 2469065.594]","(1386197.064, 2469065.594]","(1232669.378, 2469065.594]",*
1506798.7549083135,"(1386197.064, 1573337.96]","(1323068.719, 1532652.289]","(1471210.204, 2469065.594]","(1386197.064, 2469065.594]","(1232669.378, 2469065.594]",*
1507035.8737133096,"(1386197.064, 1573337.96]","(1323068.719, 1532652.289]","(1471210.204, 2469065.594]","(1386197.064, 2469065.594]","(1232669.378, 2469065.594]",*
1507331.2882072204,"(1386197.064, 1573337.96]","(1323068.719, 1532652.289]","(1471210.204, 2469065.594]","(1386197.064, 2469065.594]","(1232669.378, 2469065.594]",*
1508198.6717552186,"(1386197.064, 1573337.96]","(1323068.719, 1532652.289]","(1471210.204, 2469065.594]","(1386197.064, 2469065.594]","(1232669.378, 2469065.594]",*
1508856.4243147469,"(1386197.064, 1573337.96]","(1323068.719, 1532652.289]","(1471210.204, 2469065.594]","(1386197.064, 2469065.594]","(1232669.378, 2469065.594]",*
1509422.5799431617,"(1386197.064, 1573337.96]","(1323068.719, 1532652.289]","(1471210.204, 2469065.594]","(1386197.064, 2469065.594]","(1232669.378, 2469065.594]",*
1509929.8324738266,"(1386197.064, 1573337.96]","(1323068.719, 1532652.289]","(1471210.204, 2469065.594]","(1386197.064, 2469065.594]","(1232669.378, 2469065.594]",*
1509962.021776979,"(1386197.064, 1573337.96]","(1323068.719, 1532652.289]","(1471210.204, 2469065.594]","(1386197.064, 2469065.594]","(1232669.378, 2469065.594]",*
1509968.9845722434,"(1386197.064, 1573337.96]","(1323068.719, 1532652.289]","(1471210.204, 2469065.594]","(1386197.064, 2469065.594]","(1232669.378, 2469065.594]",*
1510659.228170966,"(1386197.064, 1573337.96]","(1323068.719, 1532652.289]","(1471210.204, 2469065.594]","(1386197.064, 2469065.594]","(1232669.378, 2469065.594]",*
1510883.777351386,"(1386197.064, 1573337.96]","(1323068.719, 1532652.289]","(1471210.204, 2469065.594]","(1386197.064, 2469065.594]","(1232669.378, 2469065.594]",*
1510996.4352668852,"(1386197.064, 1573337.96]","(1323068.719, 1532652.289]","(1471210.204, 2469065.594]","(1386197.064, 2469065.594]","(1232669.378, 2469065.594]",*
1511352.256003255,"(1386197.064, 1573337.96]","(1323068.719, 1532652.289]","(1471210.204, 2469065.594]","(1386197.064, 2469065.594]","(1232669.378, 2469065.594]",*
1511526.92112864,"(1386197.064, 1573337.96]","(1323068.719, 1532652.289]","(1471210.204, 2469065.594]","(1386197.064, 2469065.594]","(1232669.378, 2469065.594]",*
1511537.7452908773,"(1386197.064, 1573337.96]","(1323068.719, 1532652.289]","(1471210.204, 2469065.594]","(1386197.064, 2469065.594]","(1232669.378, 2469065.594]",*
1511653.454803501,"(1386197.064, 1573337.96]","(1323068.719, 1532652.289]","(1471210.204, 2469065.594]","(1386197.064, 2469065.594]","(1232669.378, 2469065.594]",*
1511743.1291910275,"(1386197.064, 1573337.96]","(1323068.719, 1532652.289]","(1471210.204, 2469065.594]","(1386197.064, 2469065.594]","(1232669.378, 2469065.594]",*
1511839.3545906225,"(1386197.064, 1573337.96]","(1323068.719, 1532652.289]","(1471210.204, 2469065.594]","(1386197.064, 2469065.594]","(1232669.378, 2469065.594]",*
1512542.441077839,"(1386197.064, 1573337.96]","(1323068.719, 1532652.289]","(1471210.204, 2469065.594]","(1386197.064, 2469065.594]","(1232669.378, 2469065.594]",*
1512578.5529247157,"(1386197.064, 1573337.96]","(1323068.719, 1532652.289]","(1471210.204, 2469065.594]","(1386197.064, 2469065.594]","(1232669.378, 2469065.594]",*
1513223.534863405,"(1386197.064, 1573337.96]","(1323068.719, 1532652.289]","(1471210.204, 2469065.594]","(1386197.064, 2469065.594]","(1232669.378, 2469065.594]",*
1513273.017374765,"(1386197.064, 1573337.96]","(1323068.719, 1532652.289]","(1471210.204, 2469065.594]","(1386197.064, 2469065.594]","(1232669.378, 2469065.594]",*
1513427.551164361,"(1386197.064, 1573337.96]","(1323068.719, 1532652.289]","(1471210.204, 2469065.594]","(1386197.064, 2469065.594]","(1232669.378, 2469065.594]",*
1513650.3811892627,"(1386197.064, 1573337.96]","(1323068.719, 1532652.289]","(1471210.204, 2469065.594]","(1386197.064, 2469065.594]","(1232669.378, 2469065.594]",*
1513846.5947077826,"(1386197.064, 1573337.96]","(1323068.719, 1532652.289]","(1471210.204, 2469065.594]","(1386197.064, 2469065.594]","(1232669.378, 2469065.594]",*
1514349.692197701,"(1386197.064, 1573337.96]","(1323068.719, 1532652.289]","(1471210.204, 2469065.594]","(1386197.064, 2469065.594]","(1232669.378, 2469065.594]",*
1514555.0821308396,"(1386197.064, 1573337.96]","(1323068.719, 1532652.289]","(1471210.204, 2469065.594]","(1386197.064, 2469065.594]","(1232669.378, 2469065.594]",*
1515005.384163801,"(1386197.064, 1573337.96]","(1323068.719, 1532652.289]","(1471210.204, 2469065.594]","(1386197.064, 2469065.594]","(1232669.378, 2469065.594]",*
1515157.0809305124,"(1386197.064, 1573337.96]","(1323068.719, 1532652.289]","(1471210.204, 2469065.594]","(1386197.064, 2469065.594]","(1232669.378, 2469065.594]",*
1516075.011970649,"(1386197.064, 1573337.96]","(1323068.719, 1532652.289]","(1471210.204, 2469065.594]","(1386197.064, 2469065.594]","(1232669.378, 2469065.594]",*
1516419.7207188455,"(1386197.064, 1573337.96]","(1323068.719, 1532652.289]","(1471210.204, 2469065.594]","(1386197.064, 2469065.594]","(1232669.378, 2469065.594]",*
1517141.622824528,"(1386197.064, 1573337.96]","(1323068.719, 1532652.289]","(1471210.204, 2469065.594]","(1386197.064, 2469065.594]","(1232669.378, 2469065.594]",*
1517152.5846254574,"(1386197.064, 1573337.96]","(1323068.719, 1532652.289]","(1471210.204, 2469065.594]","(1386197.064, 2469065.594]","(1232669.378, 2469065.594]",*
1517316.573657094,"(1386197.064, 1573337.96]","(1323068.719, 1532652.289]","(1471210.204, 2469065.594]","(1386197.064, 2469065.594]","(1232669.378, 2469065.594]",*
1517597.5270904675,"(1386197.064, 1573337.96]","(1323068.719, 1532652.289]","(1471210.204, 2469065.594]","(1386197.064, 2469065.594]","(1232669.378, 2469065.594]",*
1517666.854519622,"(1386197.064, 1573337.96]","(1323068.719, 1532652.289]","(1471210.204, 2469065.594]","(1386197.064, 2469065.594]","(1232669.378, 2469065.594]",*
1517693.106201501,"(1386197.064, 1573337.96]","(1323068.719, 1532652.289]","(1471210.204, 2469065.594]","(1386197.064, 2469065.594]","(1232669.378, 2469065.594]",*
1517868.594946868,"(1386197.064, 1573337.96]","(1323068.719, 1532652.289]","(1471210.204, 2469065.594]","(1386197.064, 2469065.594]","(1232669.378, 2469065.594]",*
1517922.2715771273,"(1386197.064, 1573337.96]","(1323068.719, 1532652.289]","(1471210.204, 2469065.594]","(1386197.064, 2469065.594]","(1232669.378, 2469065.594]",*
1518169.4438087677,"(1386197.064, 1573337.96]","(1323068.719, 1532652.289]","(1471210.204, 2469065.594]","(1386197.064, 2469065.594]","(1232669.378, 2469065.594]",*
1518319.640704069,"(1386197.064, 1573337.96]","(1323068.719, 1532652.289]","(1471210.204, 2469065.594]","(1386197.064, 2469065.594]","(1232669.378, 2469065.594]",*
1518387.141646837,"(1386197.064, 1573337.96]","(1323068.719, 1532652.289]","(1471210.204, 2469065.594]","(1386197.064, 2469065.594]","(1232669.378, 2469065.594]",*
1518454.0603521024,"(1386197.064, 1573337.96]","(1323068.719, 1532652.289]","(1471210.204, 2469065.594]","(1386197.064, 2469065.594]","(1232669.378, 2469065.594]",*
1518478.0327260853,"(1386197.064, 1573337.96]","(1323068.719, 1532652.289]","(1471210.204, 2469065.594]","(1386197.064, 2469065.594]","(1232669.378, 2469065.594]",*
1518706.282893025,"(1386197.064, 1573337.96]","(1323068.719, 1532652.289]","(1471210.204, 2469065.594]","(1386197.064, 2469065.594]","(1232669.378, 2469065.594]",*
1518787.7610306498,"(1386197.064, 1573337.96]","(1323068.719, 1532652.289]","(1471210.204, 2469065.594]","(1386197.064, 2469065.594]","(1232669.378, 2469065.594]",*
1519415.3527275834,"(1386197.064, 1573337.96]","(1323068.719, 1532652.289]","(1471210.204, 2469065.594]","(1386197.064, 2469065.594]","(1232669.378, 2469065.594]",*
1519928.4853517166,"(1386197.064, 1573337.96]","(1323068.719, 1532652.289]","(1471210.204, 2469065.594]","(1386197.064, 2469065.594]","(1232669.378, 2469065.594]",*
1520234.2293774572,"(1386197.064, 1573337.96]","(1323068.719, 1532652.289]","(1471210.204, 2469065.594]","(1386197.064, 2469065.594]","(1232669.378, 2469065.594]",*
1520263.7556412728,"(1386197.064, 1573337.96]","(1323068.719, 1532652.289]","(1471210.204, 2469065.594]","(1386197.064, 2469065.594]","(1232669.378, 2469065.594]",*
1520371.0075154612,"(1386197.064, 1573337.96]","(1323068.719, 1532652.289]","(1471210.204, 2469065.594]","(1386197.064, 2469065.594]","(1232669.378, 2469065.594]",*
1520956.99733294,"(1386197.064, 1573337.96]","(1323068.719, 1532652.289]","(1471210.204, 2469065.594]","(1386197.064, 2469065.594]","(1232669.378, 2469065.594]",*
1521085.4724705894,"(1386197.064, 1573337.96]","(1323068.719, 1532652.289]","(1471210.204, 2469065.594]","(1386197.064, 2469065.594]","(1232669.378, 2469065.594]",*
1521141.3453009825,"(1386197.064, 1573337.96]","(1323068.719, 1532652.289]","(1471210.204, 2469065.594]","(1386197.064, 2469065.594]","(1232669.378, 2469065.594]",*
1521527.0421970466,"(1386197.064, 1573337.96]","(1323068.719, 1532652.289]","(1471210.204, 2469065.594]","(1386197.064, 2469065.594]","(1232669.378, 2469065.594]",*
1521730.791403271,"(1386197.064, 1573337.96]","(1323068.719, 1532652.289]","(1471210.204, 2469065.594]","(1386197.064, 2469065.594]","(1232669.378, 2469065.594]",*
1521745.663006273,"(1386197.064, 1573337.96]","(1323068.719, 1532652.289]","(1471210.204, 2469065.594]","(1386197.064, 2469065.594]","(1232669.378, 2469065.594]",*
1522083.944153087,"(1386197.064, 1573337.96]","(1323068.719, 1532652.289]","(1471210.204, 2469065.594]","(1386197.064, 2469065.594]","(1232669.378, 2469065.594]",*
1522099.830788929,"(1386197.064, 1573337.96]","(1323068.719, 1532652.289]","(1471210.204, 2469065.594]","(1386197.064, 2469065.594]","(1232669.378, 2469065.594]",*
1522143.6413856596,"(1386197.064, 1573337.96]","(1323068.719, 1532652.289]","(1471210.204, 2469065.594]","(1386197.064, 2469065.594]","(1232669.378, 2469065.594]",*
1522954.9389269138,"(1386197.064, 1573337.96]","(1323068.719, 1532652.289]","(1471210.204, 2469065.594]","(1386197.064, 2469065.594]","(1232669.378, 2469065.594]",*
1523136.4847209472,"(1386197.064, 1573337.96]","(1323068.719, 1532652.289]","(1471210.204, 2469065.594]","(1386197.064, 2469065.594]","(1232669.378, 2469065.594]",*
1523801.7483130023,"(1386197.064, 1573337.96]","(1323068.719, 1532652.289]","(1471210.204, 2469065.594]","(1386197.064, 2469065.594]","(1232669.378, 2469065.594]",*
1523915.1446841708,"(1386197.064, 1573337.96]","(1323068.719, 1532652.289]","(1471210.204, 2469065.594]","(1386197.064, 2469065.594]","(1232669.378, 2469065.594]",*
1524106.964721467,"(1386197.064, 1573337.96]","(1323068.719, 1532652.289]","(1471210.204, 2469065.594]","(1386197.064, 2469065.594]","(1232669.378, 2469065.594]",*
1524115.890915512,"(1386197.064, 1573337.96]","(1323068.719, 1532652.289]","(1471210.204, 2469065.594]","(1386197.064, 2469065.594]","(1232669.378, 2469065.594]",*
1524123.5685106316,"(1386197.064, 1573337.96]","(1323068.719, 1532652.289]","(1471210.204, 2469065.594]","(1386197.064, 2469065.594]","(1232669.378, 2469065.594]",*
1524257.706275758,"(1386197.064, 1573337.96]","(1323068.719, 1532652.289]","(1471210.204, 2469065.594]","(1386197.064, 2469065.594]","(1232669.378, 2469065.594]",*
1524586.7872167008,"(1386197.064, 1573337.96]","(1323068.719, 1532652.289]","(1471210.204, 2469065.594]","(1386197.064, 2469065.594]","(1232669.378, 2469065.594]",*
1524621.7282514698,"(1386197.064, 1573337.96]","(1323068.719, 1532652.289]","(1471210.204, 2469065.594]","(1386197.064, 2469065.594]","(1232669.378, 2469065.594]",*
1524689.063301804,"(1386197.064, 1573337.96]","(1323068.719, 1532652.289]","(1471210.204, 2469065.594]","(1386197.064, 2469065.594]","(1232669.378, 2469065.594]",*
1524845.421902946,"(1386197.064, 1573337.96]","(1323068.719, 1532652.289]","(1471210.204, 2469065.594]","(1386197.064, 2469065.594]","(1232669.378, 2469065.594]",*
1524968.1469918392,"(1386197.064, 1573337.96]","(1323068.719, 1532652.289]","(1471210.204, 2469065.594]","(1386197.064, 2469065.594]","(1232669.378, 2469065.594]",*
1525205.6460323844,"(1386197.064, 1573337.96]","(1323068.719, 1532652.289]","(1471210.204, 2469065.594]","(1386197.064, 2469065.594]","(1232669.378, 2469065.594]",*
1525533.406625511,"(1386197.064, 1573337.96]","(1323068.719, 1532652.289]","(1471210.204, 2469065.594]","(1386197.064, 2469065.594]","(1232669.378, 2469065.594]",*
1525601.7913737406,"(1386197.064, 1573337.96]","(1323068.719, 1532652.289]","(1471210.204, 2469065.594]","(1386197.064, 2469065.594]","(1232669.378, 2469065.594]",*
1525690.995056731,"(1386197.064, 1573337.96]","(1323068.719, 1532652.289]","(1471210.204, 2469065.594]","(1386197.064, 2469065.594]","(1232669.378, 2469065.594]",*
1526013.3295975295,"(1386197.064, 1573337.96]","(1323068.719, 1532652.289]","(1471210.204, 2469065.594]","(1386197.064, 2469065.594]","(1232669.378, 2469065.594]",*
1526025.6590792213,"(1386197.064, 1573337.96]","(1323068.719, 1532652.289]","(1471210.204, 2469065.594]","(1386197.064, 2469065.594]","(1232669.378, 2469065.594]",*
1526369.6474352428,"(1386197.064, 1573337.96]","(1323068.719, 1532652.289]","(1471210.204, 2469065.594]","(1386197.064, 2469065.594]","(1232669.378, 2469065.594]",*
1526915.349013124,"(1386197.064, 1573337.96]","(1323068.719, 1532652.289]","(1471210.204, 2469065.594]","(1386197.064, 2469065.594]","(1232669.378, 2469065.594]",*
1527439.7172659903,"(1386197.064, 1573337.96]","(1323068.719, 1532652.289]","(1471210.204, 2469065.594]","(1386197.064, 2469065.594]","(1232669.378, 2469065.594]",*
1527492.3438923082,"(1386197.064, 1573337.96]","(1323068.719, 1532652.289]","(1471210.204, 2469065.594]","(1386197.064, 2469065.594]","(1232669.378, 2469065.594]",*
1527676.3739752746,"(1386197.064, 1573337.96]","(1323068.719, 1532652.289]","(1471210.204, 2469065.594]","(1386197.064, 2469065.594]","(1232669.378, 2469065.594]",*
1527691.7006808666,"(1386197.064, 1573337.96]","(1323068.719, 1532652.289]","(1471210.204, 2469065.594]","(1386197.064, 2469065.594]","(1232669.378, 2469065.594]",*
1527961.8348630974,"(1386197.064, 1573337.96]","(1323068.719, 1532652.289]","(1471210.204, 2469065.594]","(1386197.064, 2469065.594]","(1232669.378, 2469065.594]",*
1528714.3052796978,"(1386197.064, 1573337.96]","(1323068.719, 1532652.289]","(1471210.204, 2469065.594]","(1386197.064, 2469065.594]","(1232669.378, 2469065.594]",*
1528756.1261500276,"(1386197.064, 1573337.96]","(1323068.719, 1532652.289]","(1471210.204, 2469065.594]","(1386197.064, 2469065.594]","(1232669.378, 2469065.594]",*
1528900.8563697478,"(1386197.064, 1573337.96]","(1323068.719, 1532652.289]","(1471210.204, 2469065.594]","(1386197.064, 2469065.594]","(1232669.378, 2469065.594]",*
1528987.3248816102,"(1386197.064, 1573337.96]","(1323068.719, 1532652.289]","(1471210.204, 2469065.594]","(1386197.064, 2469065.594]","(1232669.378, 2469065.594]",*
1529028.714378661,"(1386197.064, 1573337.96]","(1323068.719, 1532652.289]","(1471210.204, 2469065.594]","(1386197.064, 2469065.594]","(1232669.378, 2469065.594]",*
1529281.840119341,"(1386197.064, 1573337.96]","(1323068.719, 1532652.289]","(1471210.204, 2469065.594]","(1386197.064, 2469065.594]","(1232669.378, 2469065.594]",*
1529452.0617767374,"(1386197.064, 1573337.96]","(1323068.719, 1532652.289]","(1471210.204, 2469065.594]","(1386197.064, 2469065.594]","(1232669.378, 2469065.594]",*
1529711.139782688,"(1386197.064, 1573337.96]","(1323068.719, 1532652.289]","(1471210.204, 2469065.594]","(1386197.064, 2469065.594]","(1232669.378, 2469065.594]",*
1529830.3684547062,"(1386197.064, 1573337.96]","(1323068.719, 1532652.289]","(1471210.204, 2469065.594]","(1386197.064, 2469065.594]","(1232669.378, 2469065.594]",*
1530013.4488713266,"(1386197.064, 1573337.96]","(1323068.719, 1532652.289]","(1471210.204, 2469065.594]","(1386197.064, 2469065.594]","(1232669.378, 2469065.594]",*
1530068.0120752782,"(1386197.064, 1573337.96]","(1323068.719, 1532652.289]","(1471210.204, 2469065.594]","(1386197.064, 2469065.594]","(1232669.378, 2469065.594]",*
1530124.0163168954,"(1386197.064, 1573337.96]","(1323068.719, 1532652.289]","(1471210.204, 2469065.594]","(1386197.064, 2469065.594]","(1232669.378, 2469065.594]",*
1530172.524842183,"(1386197.064, 1573337.96]","(1323068.719, 1532652.289]","(1471210.204, 2469065.594]","(1386197.064, 2469065.594]","(1232669.378, 2469065.594]",*
1530294.5773399265,"(1386197.064, 1573337.96]","(1323068.719, 1532652.289]","(1471210.204, 2469065.594]","(1386197.064, 2469065.594]","(1232669.378, 2469065.594]",*
1530480.687873164,"(1386197.064, 1573337.96]","(1323068.719, 1532652.289]","(1471210.204, 2469065.594]","(1386197.064, 2469065.594]","(1232669.378, 2469065.594]",*
1530729.5784536256,"(1386197.064, 1573337.96]","(1323068.719, 1532652.289]","(1471210.204, 2469065.594]","(1386197.064, 2469065.594]","(1232669.378, 2469065.594]",*
1530848.0941090384,"(1386197.064, 1573337.96]","(1323068.719, 1532652.289]","(1471210.204, 2469065.594]","(1386197.064, 2469065.594]","(1232669.378, 2469065.594]",*
1531216.8939163382,"(1386197.064, 1573337.96]","(1323068.719, 1532652.289]","(1471210.204, 2469065.594]","(1386197.064, 2469065.594]","(1232669.378, 2469065.594]",*
1531447.285281367,"(1386197.064, 1573337.96]","(1323068.719, 1532652.289]","(1471210.204, 2469065.594]","(1386197.064, 2469065.594]","(1232669.378, 2469065.594]",*
1532533.6109384932,"(1386197.064, 1573337.96]","(1323068.719, 1532652.289]","(1471210.204, 2469065.594]","(1386197.064, 2469065.594]","(1232669.378, 2469065.594]",*
1532644.849272389,"(1386197.064, 1573337.96]","(1323068.719, 1532652.289]","(1471210.204, 2469065.594]","(1386197.064, 2469065.594]","(1232669.378, 2469065.594]",*
1532682.0482178957,"(1386197.064, 1573337.96]","(1532652.289, 2469065.594]","(1471210.204, 2469065.594]","(1386197.064, 2469065.594]","(1232669.378, 2469065.594]",*
1532845.7231194605,"(1386197.064, 1573337.96]","(1532652.289, 2469065.594]","(1471210.204, 2469065.594]","(1386197.064, 2469065.594]","(1232669.378, 2469065.594]",*
1533017.3071416777,"(1386197.064, 1573337.96]","(1532652.289, 2469065.594]","(1471210.204, 2469065.594]","(1386197.064, 2469065.594]","(1232669.378, 2469065.594]",*
1533492.7965596502,"(1386197.064, 1573337.96]","(1532652.289, 2469065.594]","(1471210.204, 2469065.594]","(1386197.064, 2469065.594]","(1232669.378, 2469065.594]",*
1533815.8823021615,"(1386197.064, 1573337.96]","(1532652.289, 2469065.594]","(1471210.204, 2469065.594]","(1386197.064, 2469065.594]","(1232669.378, 2469065.594]",*
1534111.5806179212,"(1386197.064, 1573337.96]","(1532652.289, 2469065.594]","(1471210.204, 2469065.594]","(1386197.064, 2469065.594]","(1232669.378, 2469065.594]",*
1534156.311080115,"(1386197.064, 1573337.96]","(1532652.289, 2469065.594]","(1471210.204, 2469065.594]","(1386197.064, 2469065.594]","(1232669.378, 2469065.594]",*
1534171.9531385277,"(1386197.064, 1573337.96]","(1532652.289, 2469065.594]","(1471210.204, 2469065.594]","(1386197.064, 2469065.594]","(1232669.378, 2469065.594]",*
1534295.195012713,"(1386197.064, 1573337.96]","(1532652.289, 2469065.594]","(1471210.204, 2469065.594]","(1386197.064, 2469065.594]","(1232669.378, 2469065.594]",*
1534479.906564421,"(1386197.064, 1573337.96]","(1532652.289, 2469065.594]","(1471210.204, 2469065.594]","(1386197.064, 2469065.594]","(1232669.378, 2469065.594]",*
1534889.8534666563,"(1386197.064, 1573337.96]","(1532652.289, 2469065.594]","(1471210.204, 2469065.594]","(1386197.064, 2469065.594]","(1232669.378, 2469065.594]",*
1535152.0737169122,"(1386197.064, 1573337.96]","(1532652.289, 2469065.594]","(1471210.204, 2469065.594]","(1386197.064, 2469065.594]","(1232669.378, 2469065.594]",*
1535262.440790424,"(1386197.064, 1573337.96]","(1532652.289, 2469065.594]","(1471210.204, 2469065.594]","(1386197.064, 2469065.594]","(1232669.378, 2469065.594]",*
1535564.5520297578,"(1386197.064, 1573337.96]","(1532652.289, 2469065.594]","(1471210.204, 2469065.594]","(1386197.064, 2469065.594]","(1232669.378, 2469065.594]",*
1535781.3940854766,"(1386197.064, 1573337.96]","(1532652.289, 2469065.594]","(1471210.204, 2469065.594]","(1386197.064, 2469065.594]","(1232669.378, 2469065.594]",*
1535781.9598291912,"(1386197.064, 1573337.96]","(1532652.289, 2469065.594]","(1471210.204, 2469065.594]","(1386197.064, 2469065.594]","(1232669.378, 2469065.594]",*
1535844.8961570102,"(1386197.064, 1573337.96]","(1532652.289, 2469065.594]","(1471210.204, 2469065.594]","(1386197.064, 2469065.594]","(1232669.378, 2469065.594]",*
1535946.643113821,"(1386197.064, 1573337.96]","(1532652.289, 2469065.594]","(1471210.204, 2469065.594]","(1386197.064, 2469065.594]","(1232669.378, 2469065.594]",*
1536143.5919386302,"(1386197.064, 1573337.96]","(1532652.289, 2469065.594]","(1471210.204, 2469065.594]","(1386197.064, 2469065.594]","(1232669.378, 2469065.594]",*
1536208.366135118,"(1386197.064, 1573337.96]","(1532652.289, 2469065.594]","(1471210.204, 2469065.594]","(1386197.064, 2469065.594]","(1232669.378, 2469065.594]",*
1536234.7087011335,"(1386197.064, 1573337.96]","(1532652.289, 2469065.594]","(1471210.204, 2469065.594]","(1386197.064, 2469065.594]","(1232669.378, 2469065.594]",*
1536899.0833184824,"(1386197.064, 1573337.96]","(1532652.289, 2469065.594]","(1471210.204, 2469065.594]","(1386197.064, 2469065.594]","(1232669.378, 2469065.594]",*
1536992.8656720358,"(1386197.064, 1573337.96]","(1532652.289, 2469065.594]","(1471210.204, 2469065.594]","(1386197.064, 2469065.594]","(1232669.378, 2469065.594]",*
1537310.6164231747,"(1386197.064, 1573337.96]","(1532652.289, 2469065.594]","(1471210.204, 2469065.594]","(1386197.064, 2469065.594]","(1232669.378, 2469065.594]",*
1537329.5695361544,"(1386197.064, 1573337.96]","(1532652.289, 2469065.594]","(1471210.204, 2469065.594]","(1386197.064, 2469065.594]","(1232669.378, 2469065.594]",*
1537335.8971195896,"(1386197.064, 1573337.96]","(1532652.289, 2469065.594]","(1471210.204, 2469065.594]","(1386197.064, 2469065.594]","(1232669.378, 2469065.594]",*
1537475.7898288334,"(1386197.064, 1573337.96]","(1532652.289, 2469065.594]","(1471210.204, 2469065.594]","(1386197.064, 2469065.594]","(1232669.378, 2469065.594]",*
1537765.660568494,"(1386197.064, 1573337.96]","(1532652.289, 2469065.594]","(1471210.204, 2469065.594]","(1386197.064, 2469065.594]","(1232669.378, 2469065.594]",*
1537864.8820073928,"(1386197.064, 1573337.96]","(1532652.289, 2469065.594]","(1471210.204, 2469065.594]","(1386197.064, 2469065.594]","(1232669.378, 2469065.594]",*
1537897.1181187208,"(1386197.064, 1573337.96]","(1532652.289, 2469065.594]","(1471210.204, 2469065.594]","(1386197.064, 2469065.594]","(1232669.378, 2469065.594]",*
1538039.5989438992,"(1386197.064, 1573337.96]","(1532652.289, 2469065.594]","(1471210.204, 2469065.594]","(1386197.064, 2469065.594]","(1232669.378, 2469065.594]",*
1538401.8172936328,"(1386197.064, 1573337.96]","(1532652.289, 2469065.594]","(1471210.204, 2469065.594]","(1386197.064, 2469065.594]","(1232669.378, 2469065.594]",*
1538903.9925451411,"(1386197.064, 1573337.96]","(1532652.289, 2469065.594]","(1471210.204, 2469065.594]","(1386197.064, 2469065.594]","(1232669.378, 2469065.594]",*
1538922.9034865897,"(1386197.064, 1573337.96]","(1532652.289, 2469065.594]","(1471210.204, 2469065.594]","(1386197.064, 2469065.594]","(1232669.378, 2469065.594]",*
1538985.1890983768,"(1386197.064, 1573337.96]","(1532652.289, 2469065.594]","(1471210.204, 2469065.594]","(1386197.064, 2469065.594]","(1232669.378, 2469065.594]",*
1539084.9218209032,"(1386197.064, 1573337.96]","(1532652.289, 2469065.594]","(1471210.204, 2469065.594]","(1386197.064, 2469065.594]","(1232669.378, 2469065.594]",*
1539129.363811181,"(1386197.064, 1573337.96]","(1532652.289, 2469065.594]","(1471210.204, 2469065.594]","(1386197.064, 2469065.594]","(1232669.378, 2469065.594]",*
1539329.3188473182,"(1386197.064, 1573337.96]","(1532652.289, 2469065.594]","(1471210.204, 2469065.594]","(1386197.064, 2469065.594]","(1232669.378, 2469065.594]",*
1539465.4196773877,"(1386197.064, 1573337.96]","(1532652.289, 2469065.594]","(1471210.204, 2469065.594]","(1386197.064, 2469065.594]","(1232669.378, 2469065.594]",*
1539958.930981711,"(1386197.064, 1573337.96]","(1532652.289, 2469065.594]","(1471210.204, 2469065.594]","(1386197.064, 2469065.594]","(1232669.378, 2469065.594]",*
1540360.7511489713,"(1386197.064, 1573337.96]","(1532652.289, 2469065.594]","(1471210.204, 2469065.594]","(1386197.064, 2469065.594]","(1232669.378, 2469065.594]",*
1540418.2221625454,"(1386197.064, 1573337.96]","(1532652.289, 2469065.594]","(1471210.204, 2469065.594]","(1386197.064, 2469065.594]","(1232669.378, 2469065.594]",*
1540480.613353576,"(1386197.064, 1573337.96]","(1532652.289, 2469065.594]","(1471210.204, 2469065.594]","(1386197.064, 2469065.594]","(1232669.378, 2469065.594]",*
1540737.1933239426,"(1386197.064, 1573337.96]","(1532652.289, 2469065.594]","(1471210.204, 2469065.594]","(1386197.064, 2469065.594]","(1232669.378, 2469065.594]",*
1540762.268628121,"(1386197.064, 1573337.96]","(1532652.289, 2469065.594]","(1471210.204, 2469065.594]","(1386197.064, 2469065.594]","(1232669.378, 2469065.594]",*
1540869.871999482,"(1386197.064, 1573337.96]","(1532652.289, 2469065.594]","(1471210.204, 2469065.594]","(1386197.064, 2469065.594]","(1232669.378, 2469065.594]",*
1540997.8864851487,"(1386197.064, 1573337.96]","(1532652.289, 2469065.594]","(1471210.204, 2469065.594]","(1386197.064, 2469065.594]","(1232669.378, 2469065.594]",*
1541127.3435162455,"(1386197.064, 1573337.96]","(1532652.289, 2469065.594]","(1471210.204, 2469065.594]","(1386197.064, 2469065.594]","(1232669.378, 2469065.594]",*
1541186.2541089894,"(1386197.064, 1573337.96]","(1532652.289, 2469065.594]","(1471210.204, 2469065.594]","(1386197.064, 2469065.594]","(1232669.378, 2469065.594]",*
1541746.2905590518,"(1386197.064, 1573337.96]","(1532652.289, 2469065.594]","(1471210.204, 2469065.594]","(1386197.064, 2469065.594]","(1232669.378, 2469065.594]",*
1542488.6947641938,"(1386197.064, 1573337.96]","(1532652.289, 2469065.594]","(1471210.204, 2469065.594]","(1386197.064, 2469065.594]","(1232669.378, 2469065.594]",*
1542970.947533841,"(1386197.064, 1573337.96]","(1532652.289, 2469065.594]","(1471210.204, 2469065.594]","(1386197.064, 2469065.594]","(1232669.378, 2469065.594]",*
1543357.4535105105,"(1386197.064, 1573337.96]","(1532652.289, 2469065.594]","(1471210.204, 2469065.594]","(1386197.064, 2469065.594]","(1232669.378, 2469065.594]",*
1543801.654559296,"(1386197.064, 1573337.96]","(1532652.289, 2469065.594]","(1471210.204, 2469065.594]","(1386197.064, 2469065.594]","(1232669.378, 2469065.594]",*
1543913.4325132673,"(1386197.064, 1573337.96]","(1532652.289, 2469065.594]","(1471210.204, 2469065.594]","(1386197.064, 2469065.594]","(1232669.378, 2469065.594]",*
1543966.4264482334,"(1386197.064, 1573337.96]","(1532652.289, 2469065.594]","(1471210.204, 2469065.594]","(1386197.064, 2469065.594]","(1232669.378, 2469065.594]",*
1544379.7477356796,"(1386197.064, 1573337.96]","(1532652.289, 2469065.594]","(1471210.204, 2469065.594]","(1386197.064, 2469065.594]","(1232669.378, 2469065.594]",*
1544906.384816791,"(1386197.064, 1573337.96]","(1532652.289, 2469065.594]","(1471210.204, 2469065.594]","(1386197.064, 2469065.594]","(1232669.378, 2469065.594]",*
1545154.8126419624,"(1386197.064, 1573337.96]","(1532652.289, 2469065.594]","(1471210.204, 2469065.594]","(1386197.064, 2469065.594]","(1232669.378, 2469065.594]",*
1545507.564976852,"(1386197.064, 1573337.96]","(1532652.289, 2469065.594]","(1471210.204, 2469065.594]","(1386197.064, 2469065.594]","(1232669.378, 2469065.594]",*
1545672.11658555,"(1386197.064, 1573337.96]","(1532652.289, 2469065.594]","(1471210.204, 2469065.594]","(1386197.064, 2469065.594]","(1232669.378, 2469065.594]",*
1545864.1664834968,"(1386197.064, 1573337.96]","(1532652.289, 2469065.594]","(1471210.204, 2469065.594]","(1386197.064, 2469065.594]","(1232669.378, 2469065.594]",*
1545961.6076584705,"(1386197.064, 1573337.96]","(1532652.289, 2469065.594]","(1471210.204, 2469065.594]","(1386197.064, 2469065.594]","(1232669.378, 2469065.594]",*
1546408.558413639,"(1386197.064, 1573337.96]","(1532652.289, 2469065.594]","(1471210.204, 2469065.594]","(1386197.064, 2469065.594]","(1232669.378, 2469065.594]",*
1546469.7826846072,"(1386197.064, 1573337.96]","(1532652.289, 2469065.594]","(1471210.204, 2469065.594]","(1386197.064, 2469065.594]","(1232669.378, 2469065.594]",*
1546957.2264619076,"(1386197.064, 1573337.96]","(1532652.289, 2469065.594]","(1471210.204, 2469065.594]","(1386197.064, 2469065.594]","(1232669.378, 2469065.594]",*
1547127.386458428,"(1386197.064, 1573337.96]","(1532652.289, 2469065.594]","(1471210.204, 2469065.594]","(1386197.064, 2469065.594]","(1232669.378, 2469065.594]",*
1547133.3964004477,"(1386197.064, 1573337.96]","(1532652.289, 2469065.594]","(1471210.204, 2469065.594]","(1386197.064, 2469065.594]","(1232669.378, 2469065.594]",*
1547737.0017004237,"(1386197.064, 1573337.96]","(1532652.289, 2469065.594]","(1471210.204, 2469065.594]","(1386197.064, 2469065.594]","(1232669.378, 2469065.594]",*
1547888.6330481975,"(1386197.064, 1573337.96]","(1532652.289, 2469065.594]","(1471210.204, 2469065.594]","(1386197.064, 2469065.594]","(1232669.378, 2469065.594]",*
1548322.5007091828,"(1386197.064, 1573337.96]","(1532652.289, 2469065.594]","(1471210.204, 2469065.594]","(1386197.064, 2469065.594]","(1232669.378, 2469065.594]",*
1548598.7545692646,"(1386197.064, 1573337.96]","(1532652.289, 2469065.594]","(1471210.204, 2469065.594]","(1386197.064, 2469065.594]","(1232669.378, 2469065.594]",*
1548962.888217382,"(1386197.064, 1573337.96]","(1532652.289, 2469065.594]","(1471210.204, 2469065.594]","(1386197.064, 2469065.594]","(1232669.378, 2469065.594]",*
1549031.093041703,"(1386197.064, 1573337.96]","(1532652.289, 2469065.594]","(1471210.204, 2469065.594]","(1386197.064, 2469065.594]","(1232669.378, 2469065.594]",*
1549303.4985165622,"(1386197.064, 1573337.96]","(1532652.289, 2469065.594]","(1471210.204, 2469065.594]","(1386197.064, 2469065.594]","(1232669.378, 2469065.594]",*
1549873.8803569744,"(1386197.064, 1573337.96]","(1532652.289, 2469065.594]","(1471210.204, 2469065.594]","(1386197.064, 2469065.594]","(1232669.378, 2469065.594]",*
1550036.518714004,"(1386197.064, 1573337.96]","(1532652.289, 2469065.594]","(1471210.204, 2469065.594]","(1386197.064, 2469065.594]","(1232669.378, 2469065.594]",*
1550181.074521719,"(1386197.064, 1573337.96]","(1532652.289, 2469065.594]","(1471210.204, 2469065.594]","(1386197.064, 2469065.594]","(1232669.378, 2469065.594]",*
1550242.010189079,"(1386197.064, 1573337.96]","(1532652.289, 2469065.594]","(1471210.204, 2469065.594]","(1386197.064, 2469065.594]","(1232669.378, 2469065.594]",*
1550359.5484654682,"(1386197.064, 1573337.96]","(1532652.289, 2469065.594]","(1471210.204, 2469065.594]","(1386197.064, 2469065.594]","(1232669.378, 2469065.594]",*
1550702.478402551,"(1386197.064, 1573337.96]","(1532652.289, 2469065.594]","(1471210.204, 2469065.594]","(1386197.064, 2469065.594]","(1232669.378, 2469065.594]",*
1550931.0678444891,"(1386197.064, 1573337.96]","(1532652.289, 2469065.594]","(1471210.204, 2469065.594]","(1386197.064, 2469065.594]","(1232669.378, 2469065.594]",*
1551094.8149781222,"(1386197.064, 1573337.96]","(1532652.289, 2469065.594]","(1471210.204, 2469065.594]","(1386197.064, 2469065.594]","(1232669.378, 2469065.594]",*
1551390.3787238726,"(1386197.064, 1573337.96]","(1532652.289, 2469065.594]","(1471210.204, 2469065.594]","(1386197.064, 2469065.594]","(1232669.378, 2469065.594]",*
1552536.7639745462,"(1386197.064, 1573337.96]","(1532652.289, 2469065.594]","(1471210.204, 2469065.594]","(1386197.064, 2469065.594]","(1232669.378, 2469065.594]",*
1552915.1644898625,"(1386197.064, 1573337.96]","(1532652.289, 2469065.594]","(1471210.204, 2469065.594]","(1386197.064, 2469065.594]","(1232669.378, 2469065.594]",*
1553311.1606797678,"(1386197.064, 1573337.96]","(1532652.289, 2469065.594]","(1471210.204, 2469065.594]","(1386197.064, 2469065.594]","(1232669.378, 2469065.594]",*
1553395.5620625832,"(1386197.064, 1573337.96]","(1532652.289, 2469065.594]","(1471210.204, 2469065.594]","(1386197.064, 2469065.594]","(1232669.378, 2469065.594]",*
1553459.3644835523,"(1386197.064, 1573337.96]","(1532652.289, 2469065.594]","(1471210.204, 2469065.594]","(1386197.064, 2469065.594]","(1232669.378, 2469065.594]",*
1553592.9799469227,"(1386197.064, 1573337.96]","(1532652.289, 2469065.594]","(1471210.204, 2469065.594]","(1386197.064, 2469065.594]","(1232669.378, 2469065.594]",*
1553854.434199959,"(1386197.064, 1573337.96]","(1532652.289, 2469065.594]","(1471210.204, 2469065.594]","(1386197.064, 2469065.594]","(1232669.378, 2469065.594]",*
1553976.233904922,"(1386197.064, 1573337.96]","(1532652.289, 2469065.594]","(1471210.204, 2469065.594]","(1386197.064, 2469065.594]","(1232669.378, 2469065.594]",*
1554301.938081737,"(1386197.064, 1573337.96]","(1532652.289, 2469065.594]","(1471210.204, 2469065.594]","(1386197.064, 2469065.594]","(1232669.378, 2469065.594]",*
1554634.9946986004,"(1386197.064, 1573337.96]","(1532652.289, 2469065.594]","(1471210.204, 2469065.594]","(1386197.064, 2469065.594]","(1232669.378, 2469065.594]",*
1554986.694877213,"(1386197.064, 1573337.96]","(1532652.289, 2469065.594]","(1471210.204, 2469065.594]","(1386197.064, 2469065.594]","(1232669.378, 2469065.594]",*
1555184.5805683313,"(1386197.064, 1573337.96]","(1532652.289, 2469065.594]","(1471210.204, 2469065.594]","(1386197.064, 2469065.594]","(1232669.378, 2469065.594]",*
1555320.5000011197,"(1386197.064, 1573337.96]","(1532652.289, 2469065.594]","(1471210.204, 2469065.594]","(1386197.064, 2469065.594]","(1232669.378, 2469065.594]",*
1555490.6208630777,"(1386197.064, 1573337.96]","(1532652.289, 2469065.594]","(1471210.204, 2469065.594]","(1386197.064, 2469065.594]","(1232669.378, 2469065.594]",*
1555497.5463886634,"(1386197.064, 1573337.96]","(1532652.289, 2469065.594]","(1471210.204, 2469065.594]","(1386197.064, 2469065.594]","(1232669.378, 2469065.594]",*
1555510.3797599026,"(1386197.064, 1573337.96]","(1532652.289, 2469065.594]","(1471210.204, 2469065.594]","(1386197.064, 2469065.594]","(1232669.378, 2469065.594]",*
1555806.041797239,"(1386197.064, 1573337.96]","(1532652.289, 2469065.594]","(1471210.204, 2469065.594]","(1386197.064, 2469065.594]","(1232669.378, 2469065.594]",*
1556256.437468461,"(1386197.064, 1573337.96]","(1532652.289, 2469065.594]","(1471210.204, 2469065.594]","(1386197.064, 2469065.594]","(1232669.378, 2469065.594]",*
1556552.473741118,"(1386197.064, 1573337.96]","(1532652.289, 2469065.594]","(1471210.204, 2469065.594]","(1386197.064, 2469065.594]","(1232669.378, 2469065.594]",*
1556786.6001947748,"(1386197.064, 1573337.96]","(1532652.289, 2469065.594]","(1471210.204, 2469065.594]","(1386197.064, 2469065.594]","(1232669.378, 2469065.594]",*
1556987.7244597748,"(1386197.064, 1573337.96]","(1532652.289, 2469065.594]","(1471210.204, 2469065.594]","(1386197.064, 2469065.594]","(1232669.378, 2469065.594]",*
1557075.4223108292,"(1386197.064, 1573337.96]","(1532652.289, 2469065.594]","(1471210.204, 2469065.594]","(1386197.064, 2469065.594]","(1232669.378, 2469065.594]",*
1557276.064431644,"(1386197.064, 1573337.96]","(1532652.289, 2469065.594]","(1471210.204, 2469065.594]","(1386197.064, 2469065.594]","(1232669.378, 2469065.594]",*
1557626.7809485218,"(1386197.064, 1573337.96]","(1532652.289, 2469065.594]","(1471210.204, 2469065.594]","(1386197.064, 2469065.594]","(1232669.378, 2469065.594]",*
1557794.0212722572,"(1386197.064, 1573337.96]","(1532652.289, 2469065.594]","(1471210.204, 2469065.594]","(1386197.064, 2469065.594]","(1232669.378, 2469065.594]",*
1557914.8897784243,"(1386197.064, 1573337.96]","(1532652.289, 2469065.594]","(1471210.204, 2469065.594]","(1386197.064, 2469065.594]","(1232669.378, 2469065.594]",*
1558196.968571363,"(1386197.064, 1573337.96]","(1532652.289, 2469065.594]","(1471210.204, 2469065.594]","(1386197.064, 2469065.594]","(1232669.378, 2469065.594]",*
1558547.577837524,"(1386197.064, 1573337.96]","(1532652.289, 2469065.594]","(1471210.204, 2469065.594]","(1386197.064, 2469065.594]","(1232669.378, 2469065.594]",*
1558572.2432714645,"(1386197.064, 1573337.96]","(1532652.289, 2469065.594]","(1471210.204, 2469065.594]","(1386197.064, 2469065.594]","(1232669.378, 2469065.594]",*
1558639.8810308038,"(1386197.064, 1573337.96]","(1532652.289, 2469065.594]","(1471210.204, 2469065.594]","(1386197.064, 2469065.594]","(1232669.378, 2469065.594]",*
1558758.7958587606,"(1386197.064, 1573337.96]","(1532652.289, 2469065.594]","(1471210.204, 2469065.594]","(1386197.064, 2469065.594]","(1232669.378, 2469065.594]",*
1559678.6133662397,"(1386197.064, 1573337.96]","(1532652.289, 2469065.594]","(1471210.204, 2469065.594]","(1386197.064, 2469065.594]","(1232669.378, 2469065.594]",*
1559997.1510714702,"(1386197.064, 1573337.96]","(1532652.289, 2469065.594]","(1471210.204, 2469065.594]","(1386197.064, 2469065.594]","(1232669.378, 2469065.594]",*
1560270.4852099754,"(1386197.064, 1573337.96]","(1532652.289, 2469065.594]","(1471210.204, 2469065.594]","(1386197.064, 2469065.594]","(1232669.378, 2469065.594]",*
1560615.5007379,"(1386197.064, 1573337.96]","(1532652.289, 2469065.594]","(1471210.204, 2469065.594]","(1386197.064, 2469065.594]","(1232669.378, 2469065.594]",*
1560693.0982718563,"(1386197.064, 1573337.96]","(1532652.289, 2469065.594]","(1471210.204, 2469065.594]","(1386197.064, 2469065.594]","(1232669.378, 2469065.594]",*
1560746.8656891368,"(1386197.064, 1573337.96]","(1532652.289, 2469065.594]","(1471210.204, 2469065.594]","(1386197.064, 2469065.594]","(1232669.378, 2469065.594]",*
1560805.0707927227,"(1386197.064, 1573337.96]","(1532652.289, 2469065.594]","(1471210.204, 2469065.594]","(1386197.064, 2469065.594]","(1232669.378, 2469065.594]",*
1560838.450232807,"(1386197.064, 1573337.96]","(1532652.289, 2469065.594]","(1471210.204, 2469065.594]","(1386197.064, 2469065.594]","(1232669.378, 2469065.594]",*
1560870.2109838454,"(1386197.064, 1573337.96]","(1532652.289, 2469065.594]","(1471210.204, 2469065.594]","(1386197.064, 2469065.594]","(1232669.378, 2469065.594]",*
1561234.133168856,"(1386197.064, 1573337.96]","(1532652.289, 2469065.594]","(1471210.204, 2469065.594]","(1386197.064, 2469065.594]","(1232669.378, 2469065.594]",*
1561313.8376386245,"(1386197.064, 1573337.96]","(1532652.289, 2469065.594]","(1471210.204, 2469065.594]","(1386197.064, 2469065.594]","(1232669.378, 2469065.594]",*
1562573.061081018,"(1386197.064, 1573337.96]","(1532652.289, 2469065.594]","(1471210.204, 2469065.594]","(1386197.064, 2469065.594]","(1232669.378, 2469065.594]",*
1562842.6380946643,"(1386197.064, 1573337.96]","(1532652.289, 2469065.594]","(1471210.204, 2469065.594]","(1386197.064, 2469065.594]","(1232669.378, 2469065.594]",*
1562887.224519957,"(1386197.064, 1573337.96]","(1532652.289, 2469065.594]","(1471210.204, 2469065.594]","(1386197.064, 2469065.594]","(1232669.378, 2469065.594]",*
1562950.321919383,"(1386197.064, 1573337.96]","(1532652.289, 2469065.594]","(1471210.204, 2469065.594]","(1386197.064, 2469065.594]","(1232669.378, 2469065.594]",*
1563083.336016557,"(1386197.064, 1573337.96]","(1532652.289, 2469065.594]","(1471210.204, 2469065.594]","(1386197.064, 2469065.594]","(1232669.378, 2469065.594]",*
1563193.0971185905,"(1386197.064, 1573337.96]","(1532652.289, 2469065.594]","(1471210.204, 2469065.594]","(1386197.064, 2469065.594]","(1232669.378, 2469065.594]",*
1564125.2379417687,"(1386197.064, 1573337.96]","(1532652.289, 2469065.594]","(1471210.204, 2469065.594]","(1386197.064, 2469065.594]","(1232669.378, 2469065.594]",*
1564252.5257374863,"(1386197.064, 1573337.96]","(1532652.289, 2469065.594]","(1471210.204, 2469065.594]","(1386197.064, 2469065.594]","(1232669.378, 2469065.594]",*
1564563.5680690026,"(1386197.064, 1573337.96]","(1532652.289, 2469065.594]","(1471210.204, 2469065.594]","(1386197.064, 2469065.594]","(1232669.378, 2469065.594]",*
1565151.54520208,"(1386197.064, 1573337.96]","(1532652.289, 2469065.594]","(1471210.204, 2469065.594]","(1386197.064, 2469065.594]","(1232669.378, 2469065.594]",*
1565931.1916819147,"(1386197.064, 1573337.96]","(1532652.289, 2469065.594]","(1471210.204, 2469065.594]","(1386197.064, 2469065.594]","(1232669.378, 2469065.594]",*
1566015.4311442324,"(1386197.064, 1573337.96]","(1532652.289, 2469065.594]","(1471210.204, 2469065.594]","(1386197.064, 2469065.594]","(1232669.378, 2469065.594]",*
1566253.096466375,"(1386197.064, 1573337.96]","(1532652.289, 2469065.594]","(1471210.204, 2469065.594]","(1386197.064, 2469065.594]","(1232669.378, 2469065.594]",*
1566471.008325363,"(1386197.064, 1573337.96]","(1532652.289, 2469065.594]","(1471210.204, 2469065.594]","(1386197.064, 2469065.594]","(1232669.378, 2469065.594]",*
1566567.883138695,"(1386197.064, 1573337.96]","(1532652.289, 2469065.594]","(1471210.204, 2469065.594]","(1386197.064, 2469065.594]","(1232669.378, 2469065.594]",*
1566740.127921427,"(1386197.064, 1573337.96]","(1532652.289, 2469065.594]","(1471210.204, 2469065.594]","(1386197.064, 2469065.594]","(1232669.378, 2469065.594]",*
1567368.284951169,"(1386197.064, 1573337.96]","(1532652.289, 2469065.594]","(1471210.204, 2469065.594]","(1386197.064, 2469065.594]","(1232669.378, 2469065.594]",*
1567482.2680612735,"(1386197.064, 1573337.96]","(1532652.289, 2469065.594]","(1471210.204, 2469065.594]","(1386197.064, 2469065.594]","(1232669.378, 2469065.594]",*
1567745.8067451175,"(1386197.064, 1573337.96]","(1532652.289, 2469065.594]","(1471210.204, 2469065.594]","(1386197.064, 2469065.594]","(1232669.378, 2469065.594]",*
1567859.0727812082,"(1386197.064, 1573337.96]","(1532652.289, 2469065.594]","(1471210.204, 2469065.594]","(1386197.064, 2469065.594]","(1232669.378, 2469065.594]",*
1568181.6144646874,"(1386197.064, 1573337.96]","(1532652.289, 2469065.594]","(1471210.204, 2469065.594]","(1386197.064, 2469065.594]","(1232669.378, 2469065.594]",*
1568433.3278843083,"(1386197.064, 1573337.96]","(1532652.289, 2469065.594]","(1471210.204, 2469065.594]","(1386197.064, 2469065.594]","(1232669.378, 2469065.594]",*
1568578.5117432624,"(1386197.064, 1573337.96]","(1532652.289, 2469065.594]","(1471210.204, 2469065.594]","(1386197.064, 2469065.594]","(1232669.378, 2469065.594]",*
1568700.5855257383,"(1386197.064, 1573337.96]","(1532652.289, 2469065.594]","(1471210.204, 2469065.594]","(1386197.064, 2469065.594]","(1232669.378, 2469065.594]",*
1569121.9165039782,"(1386197.064, 1573337.96]","(1532652.289, 2469065.594]","(1471210.204, 2469065.594]","(1386197.064, 2469065.594]","(1232669.378, 2469065.594]",*
1569600.445635948,"(1386197.064, 1573337.96]","(1532652.289, 2469065.594]","(1471210.204, 2469065.594]","(1386197.064, 2469065.594]","(1232669.378, 2469065.594]",*
1570154.414183986,"(1386197.064, 1573337.96]","(1532652.289, 2469065.594]","(1471210.204, 2469065.594]","(1386197.064, 2469065.594]","(1232669.378, 2469065.594]",*
1570583.3403398057,"(1386197.064, 1573337.96]","(1532652.289, 2469065.594]","(1471210.204, 2469065.594]","(1386197.064, 2469065.594]","(1232669.378, 2469065.594]",*
1570904.977234056,"(1386197.064, 1573337.96]","(1532652.289, 2469065.594]","(1471210.204, 2469065.594]","(1386197.064, 2469065.594]","(1232669.378, 2469065.594]",*
1571253.5314750455,"(1386197.064, 1573337.96]","(1532652.289, 2469065.594]","(1471210.204, 2469065.594]","(1386197.064, 2469065.594]","(1232669.378, 2469065.594]",*
1571464.9652219615,"(1386197.064, 1573337.96]","(1532652.289, 2469065.594]","(1471210.204, 2469065.594]","(1386197.064, 2469065.594]","(1232669.378, 2469065.594]",*
1571664.903072999,"(1386197.064, 1573337.96]","(1532652.289, 2469065.594]","(1471210.204, 2469065.594]","(1386197.064, 2469065.594]","(1232669.378, 2469065.594]",*
1571781.593335204,"(1386197.064, 1573337.96]","(1532652.289, 2469065.594]","(1471210.204, 2469065.594]","(1386197.064, 2469065.594]","(1232669.378, 2469065.594]",*
1571848.2312462528,"(1386197.064, 1573337.96]","(1532652.289, 2469065.594]","(1471210.204, 2469065.594]","(1386197.064, 2469065.594]","(1232669.378, 2469065.594]",*
1572099.689856232,"(1386197.064, 1573337.96]","(1532652.289, 2469065.594]","(1471210.204, 2469065.594]","(1386197.064, 2469065.594]","(1232669.378, 2469065.594]",*
1572513.8381522945,"(1386197.064, 1573337.96]","(1532652.289, 2469065.594]","(1471210.204, 2469065.594]","(1386197.064, 2469065.594]","(1232669.378, 2469065.594]",*
1572814.863233389,"(1386197.064, 1573337.96]","(1532652.289, 2469065.594]","(1471210.204, 2469065.594]","(1386197.064, 2469065.594]","(1232669.378, 2469065.594]",*
1572990.3735681805,"(1386197.064, 1573337.96]","(1532652.289, 2469065.594]","(1471210.204, 2469065.594]","(1386197.064, 2469065.594]","(1232669.378, 2469065.594]",*
1573105.9811449796,"(1386197.064, 1573337.96]","(1532652.289, 2469065.594]","(1471210.204, 2469065.594]","(1386197.064, 2469065.594]","(1232669.378, 2469065.594]",*
1573288.817601286,"(1386197.064, 1573337.96]","(1532652.289, 2469065.594]","(1471210.204, 2469065.594]","(1386197.064, 2469065.594]","(1232669.378, 2469065.594]",*
1573347.7884437758,"(1573337.96, 2469065.594]","(1532652.289, 2469065.594]","(1471210.204, 2469065.594]","(1386197.064, 2469065.594]","(1232669.378, 2469065.594]",*
1573580.2338345246,"(1573337.96, 2469065.594]","(1532652.289, 2469065.594]","(1471210.204, 2469065.594]","(1386197.064, 2469065.594]","(1232669.378, 2469065.594]",*
1573936.5644777217,"(1573337.96, 2469065.594]","(1532652.289, 2469065.594]","(1471210.204, 2469065.594]","(1386197.064, 2469065.594]","(1232669.378, 2469065.594]",*
1573998.9022596634,"(1573337.96, 2469065.594]","(1532652.289, 2469065.594]","(1471210.204, 2469065.594]","(1386197.064, 2469065.594]","(1232669.378, 2469065.594]",*
1574084.9269837418,"(1573337.96, 2469065.594]","(1532652.289, 2469065.594]","(1471210.204, 2469065.594]","(1386197.064, 2469065.594]","(1232669.378, 2469065.594]",*
1574181.7317531754,"(1573337.96, 2469065.594]","(1532652.289, 2469065.594]","(1471210.204, 2469065.594]","(1386197.064, 2469065.594]","(1232669.378, 2469065.594]",*
1574211.648913064,"(1573337.96, 2469065.594]","(1532652.289, 2469065.594]","(1471210.204, 2469065.594]","(1386197.064, 2469065.594]","(1232669.378, 2469065.594]",*
1574279.8139775426,"(1573337.96, 2469065.594]","(1532652.289, 2469065.594]","(1471210.204, 2469065.594]","(1386197.064, 2469065.594]","(1232669.378, 2469065.594]",*
1574526.977070159,"(1573337.96, 2469065.594]","(1532652.289, 2469065.594]","(1471210.204, 2469065.594]","(1386197.064, 2469065.594]","(1232669.378, 2469065.594]",*
1574582.0909259126,"(1573337.96, 2469065.594]","(1532652.289, 2469065.594]","(1471210.204, 2469065.594]","(1386197.064, 2469065.594]","(1232669.378, 2469065.594]",*
1574919.9063463008,"(1573337.96, 2469065.594]","(1532652.289, 2469065.594]","(1471210.204, 2469065.594]","(1386197.064, 2469065.594]","(1232669.378, 2469065.594]",*
1575100.9127873238,"(1573337.96, 2469065.594]","(1532652.289, 2469065.594]","(1471210.204, 2469065.594]","(1386197.064, 2469065.594]","(1232669.378, 2469065.594]",*
1575492.4962905662,"(1573337.96, 2469065.594]","(1532652.289, 2469065.594]","(1471210.204, 2469065.594]","(1386197.064, 2469065.594]","(1232669.378, 2469065.594]",*
1575680.036970013,"(1573337.96, 2469065.594]","(1532652.289, 2469065.594]","(1471210.204, 2469065.594]","(1386197.064, 2469065.594]","(1232669.378, 2469065.594]",*
1575966.5525391516,"(1573337.96, 2469065.594]","(1532652.289, 2469065.594]","(1471210.204, 2469065.594]","(1386197.064, 2469065.594]","(1232669.378, 2469065.594]",*
1576286.214214989,"(1573337.96, 2469065.594]","(1532652.289, 2469065.594]","(1471210.204, 2469065.594]","(1386197.064, 2469065.594]","(1232669.378, 2469065.594]",*
1577017.7600015546,"(1573337.96, 2469065.594]","(1532652.289, 2469065.594]","(1471210.204, 2469065.594]","(1386197.064, 2469065.594]","(1232669.378, 2469065.594]",*
1577462.0339503873,"(1573337.96, 2469065.594]","(1532652.289, 2469065.594]","(1471210.204, 2469065.594]","(1386197.064, 2469065.594]","(1232669.378, 2469065.594]",*
1577849.5238022262,"(1573337.96, 2469065.594]","(1532652.289, 2469065.594]","(1471210.204, 2469065.594]","(1386197.064, 2469065.594]","(1232669.378, 2469065.594]",*
1578087.1391040944,"(1573337.96, 2469065.594]","(1532652.289, 2469065.594]","(1471210.204, 2469065.594]","(1386197.064, 2469065.594]","(1232669.378, 2469065.594]",*
1578136.165302621,"(1573337.96, 2469065.594]","(1532652.289, 2469065.594]","(1471210.204, 2469065.594]","(1386197.064, 2469065.594]","(1232669.378, 2469065.594]",*
1578141.0531342432,"(1573337.96, 2469065.594]","(1532652.289, 2469065.594]","(1471210.204, 2469065.594]","(1386197.064, 2469065.594]","(1232669.378, 2469065.594]",*
1578146.3399339588,"(1573337.96, 2469065.594]","(1532652.289, 2469065.594]","(1471210.204, 2469065.594]","(1386197.064, 2469065.594]","(1232669.378, 2469065.594]",*
1578319.8904850134,"(1573337.96, 2469065.594]","(1532652.289, 2469065.594]","(1471210.204, 2469065.594]","(1386197.064, 2469065.594]","(1232669.378, 2469065.594]",*
1578493.7077838732,"(1573337.96, 2469065.594]","(1532652.289, 2469065.594]","(1471210.204, 2469065.594]","(1386197.064, 2469065.594]","(1232669.378, 2469065.594]",*
1578737.4363400638,"(1573337.96, 2469065.594]","(1532652.289, 2469065.594]","(1471210.204, 2469065.594]","(1386197.064, 2469065.594]","(1232669.378, 2469065.594]",*
1578760.8083977597,"(1573337.96, 2469065.594]","(1532652.289, 2469065.594]","(1471210.204, 2469065.594]","(1386197.064, 2469065.594]","(1232669.378, 2469065.594]",*
1578766.049959129,"(1573337.96, 2469065.594]","(1532652.289, 2469065.594]","(1471210.204, 2469065.594]","(1386197.064, 2469065.594]","(1232669.378, 2469065.594]",*
1578829.0122140937,"(1573337.96, 2469065.594]","(1532652.289, 2469065.594]","(1471210.204, 2469065.594]","(1386197.064, 2469065.594]","(1232669.378, 2469065.594]",*
1579360.8248111247,"(1573337.96, 2469065.594]","(1532652.289, 2469065.594]","(1471210.204, 2469065.594]","(1386197.064, 2469065.594]","(1232669.378, 2469065.594]",*
1580557.01024894,"(1573337.96, 2469065.594]","(1532652.289, 2469065.594]","(1471210.204, 2469065.594]","(1386197.064, 2469065.594]","(1232669.378, 2469065.594]",*
1580691.6168731612,"(1573337.96, 2469065.594]","(1532652.289, 2469065.594]","(1471210.204, 2469065.594]","(1386197.064, 2469065.594]","(1232669.378, 2469065.594]",*
1580727.450288832,"(1573337.96, 2469065.594]","(1532652.289, 2469065.594]","(1471210.204, 2469065.594]","(1386197.064, 2469065.594]","(1232669.378, 2469065.594]",*
1580951.578568522,"(1573337.96, 2469065.594]","(1532652.289, 2469065.594]","(1471210.204, 2469065.594]","(1386197.064, 2469065.594]","(1232669.378, 2469065.594]",*
1581817.4067967194,"(1573337.96, 2469065.594]","(1532652.289, 2469065.594]","(1471210.204, 2469065.594]","(1386197.064, 2469065.594]","(1232669.378, 2469065.594]",*
1581865.5587473265,"(1573337.96, 2469065.594]","(1532652.289, 2469065.594]","(1471210.204, 2469065.594]","(1386197.064, 2469065.594]","(1232669.378, 2469065.594]",*
1582140.0596046257,"(1573337.96, 2469065.594]","(1532652.289, 2469065.594]","(1471210.204, 2469065.594]","(1386197.064, 2469065.594]","(1232669.378, 2469065.594]",*
1582261.7011689504,"(1573337.96, 2469065.594]","(1532652.289, 2469065.594]","(1471210.204, 2469065.594]","(1386197.064, 2469065.594]","(1232669.378, 2469065.594]",*
1582605.5351026566,"(1573337.96, 2469065.594]","(1532652.289, 2469065.594]","(1471210.204, 2469065.594]","(1386197.064, 2469065.594]","(1232669.378, 2469065.594]",*
1582765.592476812,"(1573337.96, 2469065.594]","(1532652.289, 2469065.594]","(1471210.204, 2469065.594]","(1386197.064, 2469065.594]","(1232669.378, 2469065.594]",*
1583897.5377636522,"(1573337.96, 2469065.594]","(1532652.289, 2469065.594]","(1471210.204, 2469065.594]","(1386197.064, 2469065.594]","(1232669.378, 2469065.594]",*
1584167.8513026517,"(1573337.96, 2469065.594]","(1532652.289, 2469065.594]","(1471210.204, 2469065.594]","(1386197.064, 2469065.594]","(1232669.378, 2469065.594]",*
1584213.95748502,"(1573337.96, 2469065.594]","(1532652.289, 2469065.594]","(1471210.204, 2469065.594]","(1386197.064, 2469065.594]","(1232669.378, 2469065.594]",*
1584317.752692729,"(1573337.96, 2469065.594]","(1532652.289, 2469065.594]","(1471210.204, 2469065.594]","(1386197.064, 2469065.594]","(1232669.378, 2469065.594]",*
1584439.7128321177,"(1573337.96, 2469065.594]","(1532652.289, 2469065.594]","(1471210.204, 2469065.594]","(1386197.064, 2469065.594]","(1232669.378, 2469065.594]",*
1584615.57383898,"(1573337.96, 2469065.594]","(1532652.289, 2469065.594]","(1471210.204, 2469065.594]","(1386197.064, 2469065.594]","(1232669.378, 2469065.594]",*
1585348.0954852228,"(1573337.96, 2469065.594]","(1532652.289, 2469065.594]","(1471210.204, 2469065.594]","(1386197.064, 2469065.594]","(1232669.378, 2469065.594]",*
1585521.9891128575,"(1573337.96, 2469065.594]","(1532652.289, 2469065.594]","(1471210.204, 2469065.594]","(1386197.064, 2469065.594]","(1232669.378, 2469065.594]",*
1585873.833196516,"(1573337.96, 2469065.594]","(1532652.289, 2469065.594]","(1471210.204, 2469065.594]","(1386197.064, 2469065.594]","(1232669.378, 2469065.594]",*
1586312.1579576717,"(1573337.96, 2469065.594]","(1532652.289, 2469065.594]","(1471210.204, 2469065.594]","(1386197.064, 2469065.594]","(1232669.378, 2469065.594]",*
1586889.994631176,"(1573337.96, 2469065.594]","(1532652.289, 2469065.594]","(1471210.204, 2469065.594]","(1386197.064, 2469065.594]","(1232669.378, 2469065.594]",*
1587015.3568694545,"(1573337.96, 2469065.594]","(1532652.289, 2469065.594]","(1471210.204, 2469065.594]","(1386197.064, 2469065.594]","(1232669.378, 2469065.594]",*
1587122.3687081682,"(1573337.96, 2469065.594]","(1532652.289, 2469065.594]","(1471210.204, 2469065.594]","(1386197.064, 2469065.594]","(1232669.378, 2469065.594]",*
1587350.293656894,"(1573337.96, 2469065.594]","(1532652.289, 2469065.594]","(1471210.204, 2469065.594]","(1386197.064, 2469065.594]","(1232669.378, 2469065.594]",*
1587357.9464305846,"(1573337.96, 2469065.594]","(1532652.289, 2469065.594]","(1471210.204, 2469065.594]","(1386197.064, 2469065.594]","(1232669.378, 2469065.594]",*
1587406.3028569715,"(1573337.96, 2469065.594]","(1532652.289, 2469065.594]","(1471210.204, 2469065.594]","(1386197.064, 2469065.594]","(1232669.378, 2469065.594]",*
1587585.4847117497,"(1573337.96, 2469065.594]","(1532652.289, 2469065.594]","(1471210.204, 2469065.594]","(1386197.064, 2469065.594]","(1232669.378, 2469065.594]",*
1587622.6412385595,"(1573337.96, 2469065.594]","(1532652.289, 2469065.594]","(1471210.204, 2469065.594]","(1386197.064, 2469065.594]","(1232669.378, 2469065.594]",*
1588196.2329024884,"(1573337.96, 2469065.594]","(1532652.289, 2469065.594]","(1471210.204, 2469065.594]","(1386197.064, 2469065.594]","(1232669.378, 2469065.594]",*
1588549.5007319287,"(1573337.96, 2469065.594]","(1532652.289, 2469065.594]","(1471210.204, 2469065.594]","(1386197.064, 2469065.594]","(1232669.378, 2469065.594]",*
1589431.1706642618,"(1573337.96, 2469065.594]","(1532652.289, 2469065.594]","(1471210.204, 2469065.594]","(1386197.064, 2469065.594]","(1232669.378, 2469065.594]",*
1589765.4967532044,"(1573337.96, 2469065.594]","(1532652.289, 2469065.594]","(1471210.204, 2469065.594]","(1386197.064, 2469065.594]","(1232669.378, 2469065.594]",*
1590336.4170441094,"(1573337.96, 2469065.594]","(1532652.289, 2469065.594]","(1471210.204, 2469065.594]","(1386197.064, 2469065.594]","(1232669.378, 2469065.594]",*
1590804.0443750557,"(1573337.96, 2469065.594]","(1532652.289, 2469065.594]","(1471210.204, 2469065.594]","(1386197.064, 2469065.594]","(1232669.378, 2469065.594]",*
1591022.9035030273,"(1573337.96, 2469065.594]","(1532652.289, 2469065.594]","(1471210.204, 2469065.594]","(1386197.064, 2469065.594]","(1232669.378, 2469065.594]",*
1591188.3484872938,"(1573337.96, 2469065.594]","(1532652.289, 2469065.594]","(1471210.204, 2469065.594]","(1386197.064, 2469065.594]","(1232669.378, 2469065.594]",*
1591203.4900597422,"(1573337.96, 2469065.594]","(1532652.289, 2469065.594]","(1471210.204, 2469065.594]","(1386197.064, 2469065.594]","(1232669.378, 2469065.594]",*
1591234.7734067757,"(1573337.96, 2469065.594]","(1532652.289, 2469065.594]","(1471210.204, 2469065.594]","(1386197.064, 2469065.594]","(1232669.378, 2469065.594]",*
1591269.9928074004,"(1573337.96, 2469065.594]","(1532652.289, 2469065.594]","(1471210.204, 2469065.594]","(1386197.064, 2469065.594]","(1232669.378, 2469065.594]",*
1591383.7352199997,"(1573337.96, 2469065.594]","(1532652.289, 2469065.594]","(1471210.204, 2469065.594]","(1386197.064, 2469065.594]","(1232669.378, 2469065.594]",*
1591793.723297089,"(1573337.96, 2469065.594]","(1532652.289, 2469065.594]","(1471210.204, 2469065.594]","(1386197.064, 2469065.594]","(1232669.378, 2469065.594]",*
1591934.1903279135,"(1573337.96, 2469065.594]","(1532652.289, 2469065.594]","(1471210.204, 2469065.594]","(1386197.064, 2469065.594]","(1232669.378, 2469065.594]",*
1592175.5124622623,"(1573337.96, 2469065.594]","(1532652.289, 2469065.594]","(1471210.204, 2469065.594]","(1386197.064, 2469065.594]","(1232669.378, 2469065.594]",*
1592210.175923131,"(1573337.96, 2469065.594]","(1532652.289, 2469065.594]","(1471210.204, 2469065.594]","(1386197.064, 2469065.594]","(1232669.378, 2469065.594]",*
1592664.7003937657,"(1573337.96, 2469065.594]","(1532652.289, 2469065.594]","(1471210.204, 2469065.594]","(1386197.064, 2469065.594]","(1232669.378, 2469065.594]",*
1592768.2418269338,"(1573337.96, 2469065.594]","(1532652.289, 2469065.594]","(1471210.204, 2469065.594]","(1386197.064, 2469065.594]","(1232669.378, 2469065.594]",*
1593331.7087101643,"(1573337.96, 2469065.594]","(1532652.289, 2469065.594]","(1471210.204, 2469065.594]","(1386197.064, 2469065.594]","(1232669.378, 2469065.594]",*
1593347.8490790532,"(1573337.96, 2469065.594]","(1532652.289, 2469065.594]","(1471210.204, 2469065.594]","(1386197.064, 2469065.594]","(1232669.378, 2469065.594]",*
1593836.7851927518,"(1573337.96, 2469065.594]","(1532652.289, 2469065.594]","(1471210.204, 2469065.594]","(1386197.064, 2469065.594]","(1232669.378, 2469065.594]",*
1594089.2414471265,"(1573337.96, 2469065.594]","(1532652.289, 2469065.594]","(1471210.204, 2469065.594]","(1386197.064, 2469065.594]","(1232669.378, 2469065.594]",*
1594415.2262912183,"(1573337.96, 2469065.594]","(1532652.289, 2469065.594]","(1471210.204, 2469065.594]","(1386197.064, 2469065.594]","(1232669.378, 2469065.594]",*
1594748.124584562,"(1573337.96, 2469065.594]","(1532652.289, 2469065.594]","(1471210.204, 2469065.594]","(1386197.064, 2469065.594]","(1232669.378, 2469065.594]",*
1595620.5571336322,"(1573337.96, 2469065.594]","(1532652.289, 2469065.594]","(1471210.204, 2469065.594]","(1386197.064, 2469065.594]","(1232669.378, 2469065.594]",*
1595663.4739549155,"(1573337.96, 2469065.594]","(1532652.289, 2469065.594]","(1471210.204, 2469065.594]","(1386197.064, 2469065.594]","(1232669.378, 2469065.594]",*
1596180.5684365204,"(1573337.96, 2469065.594]","(1532652.289, 2469065.594]","(1471210.204, 2469065.594]","(1386197.064, 2469065.594]","(1232669.378, 2469065.594]",*
1596342.908747797,"(1573337.96, 2469065.594]","(1532652.289, 2469065.594]","(1471210.204, 2469065.594]","(1386197.064, 2469065.594]","(1232669.378, 2469065.594]",*
1596439.7157326203,"(1573337.96, 2469065.594]","(1532652.289, 2469065.594]","(1471210.204, 2469065.594]","(1386197.064, 2469065.594]","(1232669.378, 2469065.594]",*
1596440.1139360054,"(1573337.96, 2469065.594]","(1532652.289, 2469065.594]","(1471210.204, 2469065.594]","(1386197.064, 2469065.594]","(1232669.378, 2469065.594]",*
1597152.9012685108,"(1573337.96, 2469065.594]","(1532652.289, 2469065.594]","(1471210.204, 2469065.594]","(1386197.064, 2469065.594]","(1232669.378, 2469065.594]",*
1597330.4114850054,"(1573337.96, 2469065.594]","(1532652.289, 2469065.594]","(1471210.204, 2469065.594]","(1386197.064, 2469065.594]","(1232669.378, 2469065.594]",*
1597655.2584122843,"(1573337.96, 2469065.594]","(1532652.289, 2469065.594]","(1471210.204, 2469065.594]","(1386197.064, 2469065.594]","(1232669.378, 2469065.594]",*
1597776.7705061822,"(1573337.96, 2469065.594]","(1532652.289, 2469065.594]","(1471210.204, 2469065.594]","(1386197.064, 2469065.594]","(1232669.378, 2469065.594]",*
1598159.2269511032,"(1573337.96, 2469065.594]","(1532652.289, 2469065.594]","(1471210.204, 2469065.594]","(1386197.064, 2469065.594]","(1232669.378, 2469065.594]",*
1598593.732667399,"(1573337.96, 2469065.594]","(1532652.289, 2469065.594]","(1471210.204, 2469065.594]","(1386197.064, 2469065.594]","(1232669.378, 2469065.594]",*
1598615.9744864176,"(1573337.96, 2469065.594]","(1532652.289, 2469065.594]","(1471210.204, 2469065.594]","(1386197.064, 2469065.594]","(1232669.378, 2469065.594]",*
1598736.4001647802,"(1573337.96, 2469065.594]","(1532652.289, 2469065.594]","(1471210.204, 2469065.594]","(1386197.064, 2469065.594]","(1232669.378, 2469065.594]",*
1599416.0142626918,"(1573337.96, 2469065.594]","(1532652.289, 2469065.594]","(1471210.204, 2469065.594]","(1386197.064, 2469065.594]","(1232669.378, 2469065.594]",*
1599478.9856644769,"(1573337.96, 2469065.594]","(1532652.289, 2469065.594]","(1471210.204, 2469065.594]","(1386197.064, 2469065.594]","(1232669.378, 2469065.594]",*
1599615.7445530586,"(1573337.96, 2469065.594]","(1532652.289, 2469065.594]","(1471210.204, 2469065.594]","(1386197.064, 2469065.594]","(1232669.378, 2469065.594]",*
1599634.4650367943,"(1573337.96, 2469065.594]","(1532652.289, 2469065.594]","(1471210.204, 2469065.594]","(1386197.064, 2469065.594]","(1232669.378, 2469065.594]",*
1599851.8945084098,"(1573337.96, 2469065.594]","(1532652.289, 2469065.594]","(1471210.204, 2469065.594]","(1386197.064, 2469065.594]","(1232669.378, 2469065.594]",*
1599860.079583913,"(1573337.96, 2469065.594]","(1532652.289, 2469065.594]","(1471210.204, 2469065.594]","(1386197.064, 2469065.594]","(1232669.378, 2469065.594]",*
1599911.367564835,"(1573337.96, 2469065.594]","(1532652.289, 2469065.594]","(1471210.204, 2469065.594]","(1386197.064, 2469065.594]","(1232669.378, 2469065.594]",*
1599963.8071501006,"(1573337.96, 2469065.594]","(1532652.289, 2469065.594]","(1471210.204, 2469065.594]","(1386197.064, 2469065.594]","(1232669.378, 2469065.594]",*
1599996.9614292642,"(1573337.96, 2469065.594]","(1532652.289, 2469065.594]","(1471210.204, 2469065.594]","(1386197.064, 2469065.594]","(1232669.378, 2469065.594]",*
1601152.932247011,"(1573337.96, 2469065.594]","(1532652.289, 2469065.594]","(1471210.204, 2469065.594]","(1386197.064, 2469065.594]","(1232669.378, 2469065.594]",*
1601482.7668590024,"(1573337.96, 2469065.594]","(1532652.289, 2469065.594]","(1471210.204, 2469065.594]","(1386197.064, 2469065.594]","(1232669.378, 2469065.594]",*
1601527.4148865074,"(1573337.96, 2469065.594]","(1532652.289, 2469065.594]","(1471210.204, 2469065.594]","(1386197.064, 2469065.594]","(1232669.378, 2469065.594]",*
1601678.2634858731,"(1573337.96, 2469065.594]","(1532652.289, 2469065.594]","(1471210.204, 2469065.594]","(1386197.064, 2469065.594]","(1232669.378, 2469065.594]",*
1601904.3565403365,"(1573337.96, 2469065.594]","(1532652.289, 2469065.594]","(1471210.204, 2469065.594]","(1386197.064, 2469065.594]","(1232669.378, 2469065.594]",*
1602903.280708731,"(1573337.96, 2469065.594]","(1532652.289, 2469065.594]","(1471210.204, 2469065.594]","(1386197.064, 2469065.594]","(1232669.378, 2469065.594]",*
1603046.1793571317,"(1573337.96, 2469065.594]","(1532652.289, 2469065.594]","(1471210.204, 2469065.594]","(1386197.064, 2469065.594]","(1232669.378, 2469065.594]",*
1603075.2366169535,"(1573337.96, 2469065.594]","(1532652.289, 2469065.594]","(1471210.204, 2469065.594]","(1386197.064, 2469065.594]","(1232669.378, 2469065.594]",*
1603201.0477866288,"(1573337.96, 2469065.594]","(1532652.289, 2469065.594]","(1471210.204, 2469065.594]","(1386197.064, 2469065.594]","(1232669.378, 2469065.594]",*
1603268.2110607368,"(1573337.96, 2469065.594]","(1532652.289, 2469065.594]","(1471210.204, 2469065.594]","(1386197.064, 2469065.594]","(1232669.378, 2469065.594]",*
1603342.6692674868,"(1573337.96, 2469065.594]","(1532652.289, 2469065.594]","(1471210.204, 2469065.594]","(1386197.064, 2469065.594]","(1232669.378, 2469065.594]",*
1603627.2802189654,"(1573337.96, 2469065.594]","(1532652.289, 2469065.594]","(1471210.204, 2469065.594]","(1386197.064, 2469065.594]","(1232669.378, 2469065.594]",*
1603627.937749694,"(1573337.96, 2469065.594]","(1532652.289, 2469065.594]","(1471210.204, 2469065.594]","(1386197.064, 2469065.594]","(1232669.378, 2469065.594]",*
1603749.9836054868,"(1573337.96, 2469065.594]","(1532652.289, 2469065.594]","(1471210.204, 2469065.594]","(1386197.064, 2469065.594]","(1232669.378, 2469065.594]",*
1603944.379937469,"(1573337.96, 2469065.594]","(1532652.289, 2469065.594]","(1471210.204, 2469065.594]","(1386197.064, 2469065.594]","(1232669.378, 2469065.594]",*
1604207.6842766178,"(1573337.96, 2469065.594]","(1532652.289, 2469065.594]","(1471210.204, 2469065.594]","(1386197.064, 2469065.594]","(1232669.378, 2469065.594]",*
1604920.973458414,"(1573337.96, 2469065.594]","(1532652.289, 2469065.594]","(1471210.204, 2469065.594]","(1386197.064, 2469065.594]","(1232669.378, 2469065.594]",*
1604954.7234397994,"(1573337.96, 2469065.594]","(1532652.289, 2469065.594]","(1471210.204, 2469065.594]","(1386197.064, 2469065.594]","(1232669.378, 2469065.594]",*
1605398.5719999787,"(1573337.96, 2469065.594]","(1532652.289, 2469065.594]","(1471210.204, 2469065.594]","(1386197.064, 2469065.594]","(1232669.378, 2469065.594]",*
1606602.6835279518,"(1573337.96, 2469065.594]","(1532652.289, 2469065.594]","(1471210.204, 2469065.594]","(1386197.064, 2469065.594]","(1232669.378, 2469065.594]",*
1607161.6371450324,"(1573337.96, 2469065.594]","(1532652.289, 2469065.594]","(1471210.204, 2469065.594]","(1386197.064, 2469065.594]","(1232669.378, 2469065.594]",*
1607863.8282865288,"(1573337.96, 2469065.594]","(1532652.289, 2469065.594]","(1471210.204, 2469065.594]","(1386197.064, 2469065.594]","(1232669.378, 2469065.594]",*
1608726.680546448,"(1573337.96, 2469065.594]","(1532652.289, 2469065.594]","(1471210.204, 2469065.594]","(1386197.064, 2469065.594]","(1232669.378, 2469065.594]",*
1608889.263379709,"(1573337.96, 2469065.594]","(1532652.289, 2469065.594]","(1471210.204, 2469065.594]","(1386197.064, 2469065.594]","(1232669.378, 2469065.594]",*
1609092.3179234052,"(1573337.96, 2469065.594]","(1532652.289, 2469065.594]","(1471210.204, 2469065.594]","(1386197.064, 2469065.594]","(1232669.378, 2469065.594]",*
1609581.8042977294,"(1573337.96, 2469065.594]","(1532652.289, 2469065.594]","(1471210.204, 2469065.594]","(1386197.064, 2469065.594]","(1232669.378, 2469065.594]",*
1610006.604587974,"(1573337.96, 2469065.594]","(1532652.289, 2469065.594]","(1471210.204, 2469065.594]","(1386197.064, 2469065.594]","(1232669.378, 2469065.594]",*
1610217.177003238,"(1573337.96, 2469065.594]","(1532652.289, 2469065.594]","(1471210.204, 2469065.594]","(1386197.064, 2469065.594]","(1232669.378, 2469065.594]",*
1610577.4966414175,"(1573337.96, 2469065.594]","(1532652.289, 2469065.594]","(1471210.204, 2469065.594]","(1386197.064, 2469065.594]","(1232669.378, 2469065.594]",*
1612102.0967081324,"(1573337.96, 2469065.594]","(1532652.289, 2469065.594]","(1471210.204, 2469065.594]","(1386197.064, 2469065.594]","(1232669.378, 2469065.594]",*
1612717.553099336,"(1573337.96, 2469065.594]","(1532652.289, 2469065.594]","(1471210.204, 2469065.594]","(1386197.064, 2469065.594]","(1232669.378, 2469065.594]",*
1613037.5089371018,"(1573337.96, 2469065.594]","(1532652.289, 2469065.594]","(1471210.204, 2469065.594]","(1386197.064, 2469065.594]","(1232669.378, 2469065.594]",*
1613325.654571316,"(1573337.96, 2469065.594]","(1532652.289, 2469065.594]","(1471210.204, 2469065.594]","(1386197.064, 2469065.594]","(1232669.378, 2469065.594]",*
1613414.2330507296,"(1573337.96, 2469065.594]","(1532652.289, 2469065.594]","(1471210.204, 2469065.594]","(1386197.064, 2469065.594]","(1232669.378, 2469065.594]",*
1613814.875491537,"(1573337.96, 2469065.594]","(1532652.289, 2469065.594]","(1471210.204, 2469065.594]","(1386197.064, 2469065.594]","(1232669.378, 2469065.594]",*
1614373.9639831055,"(1573337.96, 2469065.594]","(1532652.289, 2469065.594]","(1471210.204, 2469065.594]","(1386197.064, 2469065.594]","(1232669.378, 2469065.594]",*
1614667.5279239863,"(1573337.96, 2469065.594]","(1532652.289, 2469065.594]","(1471210.204, 2469065.594]","(1386197.064, 2469065.594]","(1232669.378, 2469065.594]",*
1614916.4686238212,"(1573337.96, 2469065.594]","(1532652.289, 2469065.594]","(1471210.204, 2469065.594]","(1386197.064, 2469065.594]","(1232669.378, 2469065.594]",*
1615346.750005374,"(1573337.96, 2469065.594]","(1532652.289, 2469065.594]","(1471210.204, 2469065.594]","(1386197.064, 2469065.594]","(1232669.378, 2469065.594]",*
1616382.9321180566,"(1573337.96, 2469065.594]","(1532652.289, 2469065.594]","(1471210.204, 2469065.594]","(1386197.064, 2469065.594]","(1232669.378, 2469065.594]",*
1616505.3541296383,"(1573337.96, 2469065.594]","(1532652.289, 2469065.594]","(1471210.204, 2469065.594]","(1386197.064, 2469065.594]","(1232669.378, 2469065.594]",*
1616631.3337499716,"(1573337.96, 2469065.594]","(1532652.289, 2469065.594]","(1471210.204, 2469065.594]","(1386197.064, 2469065.594]","(1232669.378, 2469065.594]",*
1616937.0186876818,"(1573337.96, 2469065.594]","(1532652.289, 2469065.594]","(1471210.204, 2469065.594]","(1386197.064, 2469065.594]","(1232669.378, 2469065.594]",*
1617072.27721383,"(1573337.96, 2469065.594]","(1532652.289, 2469065.594]","(1471210.204, 2469065.594]","(1386197.064, 2469065.594]","(1232669.378, 2469065.594]",*
1617114.9439703785,"(1573337.96, 2469065.594]","(1532652.289, 2469065.594]","(1471210.204, 2469065.594]","(1386197.064, 2469065.594]","(1232669.378, 2469065.594]",*
1617405.4247335158,"(1573337.96, 2469065.594]","(1532652.289, 2469065.594]","(1471210.204, 2469065.594]","(1386197.064, 2469065.594]","(1232669.378, 2469065.594]",*
1618127.606868063,"(1573337.96, 2469065.594]","(1532652.289, 2469065.594]","(1471210.204, 2469065.594]","(1386197.064, 2469065.594]","(1232669.378, 2469065.594]",*
1618670.884405709,"(1573337.96, 2469065.594]","(1532652.289, 2469065.594]","(1471210.204, 2469065.594]","(1386197.064, 2469065.594]","(1232669.378, 2469065.594]",*
1618721.1384298413,"(1573337.96, 2469065.594]","(1532652.289, 2469065.594]","(1471210.204, 2469065.594]","(1386197.064, 2469065.594]","(1232669.378, 2469065.594]",*
1618994.2764446654,"(1573337.96, 2469065.594]","(1532652.289, 2469065.594]","(1471210.204, 2469065.594]","(1386197.064, 2469065.594]","(1232669.378, 2469065.594]",*
1619721.7162305776,"(1573337.96, 2469065.594]","(1532652.289, 2469065.594]","(1471210.204, 2469065.594]","(1386197.064, 2469065.594]","(1232669.378, 2469065.594]",*
1619829.095720185,"(1573337.96, 2469065.594]","(1532652.289, 2469065.594]","(1471210.204, 2469065.594]","(1386197.064, 2469065.594]","(1232669.378, 2469065.594]",*
1620949.4369105955,"(1573337.96, 2469065.594]","(1532652.289, 2469065.594]","(1471210.204, 2469065.594]","(1386197.064, 2469065.594]","(1232669.378, 2469065.594]",*
1621035.9027174718,"(1573337.96, 2469065.594]","(1532652.289, 2469065.594]","(1471210.204, 2469065.594]","(1386197.064, 2469065.594]","(1232669.378, 2469065.594]",*
1621700.4633341725,"(1573337.96, 2469065.594]","(1532652.289, 2469065.594]","(1471210.204, 2469065.594]","(1386197.064, 2469065.594]","(1232669.378, 2469065.594]",*
1621742.7482687838,"(1573337.96, 2469065.594]","(1532652.289, 2469065.594]","(1471210.204, 2469065.594]","(1386197.064, 2469065.594]","(1232669.378, 2469065.594]",*
1621982.4180537048,"(1573337.96, 2469065.594]","(1532652.289, 2469065.594]","(1471210.204, 2469065.594]","(1386197.064, 2469065.594]","(1232669.378, 2469065.594]",*
1622261.671857639,"(1573337.96, 2469065.594]","(1532652.289, 2469065.594]","(1471210.204, 2469065.594]","(1386197.064, 2469065.594]","(1232669.378, 2469065.594]",*
1622827.297843668,"(1573337.96, 2469065.594]","(1532652.289, 2469065.594]","(1471210.204, 2469065.594]","(1386197.064, 2469065.594]","(1232669.378, 2469065.594]",*
1622837.3530338,"(1573337.96, 2469065.594]","(1532652.289, 2469065.594]","(1471210.204, 2469065.594]","(1386197.064, 2469065.594]","(1232669.378, 2469065.594]",*
1623100.839875627,"(1573337.96, 2469065.594]","(1532652.289, 2469065.594]","(1471210.204, 2469065.594]","(1386197.064, 2469065.594]","(1232669.378, 2469065.594]",*
1624137.5954320885,"(1573337.96, 2469065.594]","(1532652.289, 2469065.594]","(1471210.204, 2469065.594]","(1386197.064, 2469065.594]","(1232669.378, 2469065.594]",*
1624842.1237797844,"(1573337.96, 2469065.594]","(1532652.289, 2469065.594]","(1471210.204, 2469065.594]","(1386197.064, 2469065.594]","(1232669.378, 2469065.594]",*
1625166.648489528,"(1573337.96, 2469065.594]","(1532652.289, 2469065.594]","(1471210.204, 2469065.594]","(1386197.064, 2469065.594]","(1232669.378, 2469065.594]",*
1625508.0131062374,"(1573337.96, 2469065.594]","(1532652.289, 2469065.594]","(1471210.204, 2469065.594]","(1386197.064, 2469065.594]","(1232669.378, 2469065.594]",*
1625703.074745697,"(1573337.96, 2469065.594]","(1532652.289, 2469065.594]","(1471210.204, 2469065.594]","(1386197.064, 2469065.594]","(1232669.378, 2469065.594]",*
1626125.1656497952,"(1573337.96, 2469065.594]","(1532652.289, 2469065.594]","(1471210.204, 2469065.594]","(1386197.064, 2469065.594]","(1232669.378, 2469065.594]",*
1626321.3209583594,"(1573337.96, 2469065.594]","(1532652.289, 2469065.594]","(1471210.204, 2469065.594]","(1386197.064, 2469065.594]","(1232669.378, 2469065.594]",*
1626368.6673131543,"(1573337.96, 2469065.594]","(1532652.289, 2469065.594]","(1471210.204, 2469065.594]","(1386197.064, 2469065.594]","(1232669.378, 2469065.594]",*
1626592.991061007,"(1573337.96, 2469065.594]","(1532652.289, 2469065.594]","(1471210.204, 2469065.594]","(1386197.064, 2469065.594]","(1232669.378, 2469065.594]",*
1626659.9596528397,"(1573337.96, 2469065.594]","(1532652.289, 2469065.594]","(1471210.204, 2469065.594]","(1386197.064, 2469065.594]","(1232669.378, 2469065.594]",*
1626676.4900791012,"(1573337.96, 2469065.594]","(1532652.289, 2469065.594]","(1471210.204, 2469065.594]","(1386197.064, 2469065.594]","(1232669.378, 2469065.594]",*
1626893.547224179,"(1573337.96, 2469065.594]","(1532652.289, 2469065.594]","(1471210.204, 2469065.594]","(1386197.064, 2469065.594]","(1232669.378, 2469065.594]",*
1626941.7878663803,"(1573337.96, 2469065.594]","(1532652.289, 2469065.594]","(1471210.204, 2469065.594]","(1386197.064, 2469065.594]","(1232669.378, 2469065.594]",*
1628490.7929731046,"(1573337.96, 2469065.594]","(1532652.289, 2469065.594]","(1471210.204, 2469065.594]","(1386197.064, 2469065.594]","(1232669.378, 2469065.594]",*
1628751.934587902,"(1573337.96, 2469065.594]","(1532652.289, 2469065.594]","(1471210.204, 2469065.594]","(1386197.064, 2469065.594]","(1232669.378, 2469065.594]",*
1628830.079642039,"(1573337.96, 2469065.594]","(1532652.289, 2469065.594]","(1471210.204, 2469065.594]","(1386197.064, 2469065.594]","(1232669.378, 2469065.594]",*
1628878.093809486,"(1573337.96, 2469065.594]","(1532652.289, 2469065.594]","(1471210.204, 2469065.594]","(1386197.064, 2469065.594]","(1232669.378, 2469065.594]",*
1629049.623519236,"(1573337.96, 2469065.594]","(1532652.289, 2469065.594]","(1471210.204, 2469065.594]","(1386197.064, 2469065.594]","(1232669.378, 2469065.594]",*
1629098.181719524,"(1573337.96, 2469065.594]","(1532652.289, 2469065.594]","(1471210.204, 2469065.594]","(1386197.064, 2469065.594]","(1232669.378, 2469065.594]",*
1629345.786532865,"(1573337.96, 2469065.594]","(1532652.289, 2469065.594]","(1471210.204, 2469065.594]","(1386197.064, 2469065.594]","(1232669.378, 2469065.594]",*
1629573.8859278488,"(1573337.96, 2469065.594]","(1532652.289, 2469065.594]","(1471210.204, 2469065.594]","(1386197.064, 2469065.594]","(1232669.378, 2469065.594]",*
1629640.5300674946,"(1573337.96, 2469065.594]","(1532652.289, 2469065.594]","(1471210.204, 2469065.594]","(1386197.064, 2469065.594]","(1232669.378, 2469065.594]",*
1629983.8467032425,"(1573337.96, 2469065.594]","(1532652.289, 2469065.594]","(1471210.204, 2469065.594]","(1386197.064, 2469065.594]","(1232669.378, 2469065.594]",*
1630434.8406869494,"(1573337.96, 2469065.594]","(1532652.289, 2469065.594]","(1471210.204, 2469065.594]","(1386197.064, 2469065.594]","(1232669.378, 2469065.594]",*
1630438.8542301457,"(1573337.96, 2469065.594]","(1532652.289, 2469065.594]","(1471210.204, 2469065.594]","(1386197.064, 2469065.594]","(1232669.378, 2469065.594]",*
1630952.883556368,"(1573337.96, 2469065.594]","(1532652.289, 2469065.594]","(1471210.204, 2469065.594]","(1386197.064, 2469065.594]","(1232669.378, 2469065.594]",*
1632942.3157420263,"(1573337.96, 2469065.594]","(1532652.289, 2469065.594]","(1471210.204, 2469065.594]","(1386197.064, 2469065.594]","(1232669.378, 2469065.594]",*
1632943.3488277283,"(1573337.96, 2469065.594]","(1532652.289, 2469065.594]","(1471210.204, 2469065.594]","(1386197.064, 2469065.594]","(1232669.378, 2469065.594]",*
1633138.097939978,"(1573337.96, 2469065.594]","(1532652.289, 2469065.594]","(1471210.204, 2469065.594]","(1386197.064, 2469065.594]","(1232669.378, 2469065.594]",*
1634781.273826886,"(1573337.96, 2469065.594]","(1532652.289, 2469065.594]","(1471210.204, 2469065.594]","(1386197.064, 2469065.594]","(1232669.378, 2469065.594]",*
1634945.8075096812,"(1573337.96, 2469065.594]","(1532652.289, 2469065.594]","(1471210.204, 2469065.594]","(1386197.064, 2469065.594]","(1232669.378, 2469065.594]",*
1635092.43276192,"(1573337.96, 2469065.594]","(1532652.289, 2469065.594]","(1471210.204, 2469065.594]","(1386197.064, 2469065.594]","(1232669.378, 2469065.594]",*
1635151.1855657238,"(1573337.96, 2469065.594]","(1532652.289, 2469065.594]","(1471210.204, 2469065.594]","(1386197.064, 2469065.594]","(1232669.378, 2469065.594]",*
1636080.390400312,"(1573337.96, 2469065.594]","(1532652.289, 2469065.594]","(1471210.204, 2469065.594]","(1386197.064, 2469065.594]","(1232669.378, 2469065.594]",*
1636414.892073324,"(1573337.96, 2469065.594]","(1532652.289, 2469065.594]","(1471210.204, 2469065.594]","(1386197.064, 2469065.594]","(1232669.378, 2469065.594]",*
1636559.240604262,"(1573337.96, 2469065.594]","(1532652.289, 2469065.594]","(1471210.204, 2469065.594]","(1386197.064, 2469065.594]","(1232669.378, 2469065.594]",*
1636906.2883778496,"(1573337.96, 2469065.594]","(1532652.289, 2469065.594]","(1471210.204, 2469065.594]","(1386197.064, 2469065.594]","(1232669.378, 2469065.594]",*
1636996.0736033912,"(1573337.96, 2469065.594]","(1532652.289, 2469065.594]","(1471210.204, 2469065.594]","(1386197.064, 2469065.594]","(1232669.378, 2469065.594]",*
1637259.9986677852,"(1573337.96, 2469065.594]","(1532652.289, 2469065.594]","(1471210.204, 2469065.594]","(1386197.064, 2469065.594]","(1232669.378, 2469065.594]",*
1637261.8540206803,"(1573337.96, 2469065.594]","(1532652.289, 2469065.594]","(1471210.204, 2469065.594]","(1386197.064, 2469065.594]","(1232669.378, 2469065.594]",*
1637335.3027885682,"(1573337.96, 2469065.594]","(1532652.289, 2469065.594]","(1471210.204, 2469065.594]","(1386197.064, 2469065.594]","(1232669.378, 2469065.594]",*
1637649.904770942,"(1573337.96, 2469065.594]","(1532652.289, 2469065.594]","(1471210.204, 2469065.594]","(1386197.064, 2469065.594]","(1232669.378, 2469065.594]",*
1637831.3278346297,"(1573337.96, 2469065.594]","(1532652.289, 2469065.594]","(1471210.204, 2469065.594]","(1386197.064, 2469065.594]","(1232669.378, 2469065.594]",*
1637841.26200846,"(1573337.96, 2469065.594]","(1532652.289, 2469065.594]","(1471210.204, 2469065.594]","(1386197.064, 2469065.594]","(1232669.378, 2469065.594]",*
1637944.6447424416,"(1573337.96, 2469065.594]","(1532652.289, 2469065.594]","(1471210.204, 2469065.594]","(1386197.064, 2469065.594]","(1232669.378, 2469065.594]",*
1638094.5378479655,"(1573337.96, 2469065.594]","(1532652.289, 2469065.594]","(1471210.204, 2469065.594]","(1386197.064, 2469065.594]","(1232669.378, 2469065.594]",*
1638265.394523659,"(1573337.96, 2469065.594]","(1532652.289, 2469065.594]","(1471210.204, 2469065.594]","(1386197.064, 2469065.594]","(1232669.378, 2469065.594]",*
1638541.9393635048,"(1573337.96, 2469065.594]","(1532652.289, 2469065.594]","(1471210.204, 2469065.594]","(1386197.064, 2469065.594]","(1232669.378, 2469065.594]",*
1638577.4166270343,"(1573337.96, 2469065.594]","(1532652.289, 2469065.594]","(1471210.204, 2469065.594]","(1386197.064, 2469065.594]","(1232669.378, 2469065.594]",*
1638606.833896943,"(1573337.96, 2469065.594]","(1532652.289, 2469065.594]","(1471210.204, 2469065.594]","(1386197.064, 2469065.594]","(1232669.378, 2469065.594]",*
1638632.150720546,"(1573337.96, 2469065.594]","(1532652.289, 2469065.594]","(1471210.204, 2469065.594]","(1386197.064, 2469065.594]","(1232669.378, 2469065.594]",*
1638661.4319523938,"(1573337.96, 2469065.594]","(1532652.289, 2469065.594]","(1471210.204, 2469065.594]","(1386197.064, 2469065.594]","(1232669.378, 2469065.594]",*
1638969.269045829,"(1573337.96, 2469065.594]","(1532652.289, 2469065.594]","(1471210.204, 2469065.594]","(1386197.064, 2469065.594]","(1232669.378, 2469065.594]",*
1639099.377623702,"(1573337.96, 2469065.594]","(1532652.289, 2469065.594]","(1471210.204, 2469065.594]","(1386197.064, 2469065.594]","(1232669.378, 2469065.594]",*
1639944.9587541027,"(1573337.96, 2469065.594]","(1532652.289, 2469065.594]","(1471210.204, 2469065.594]","(1386197.064, 2469065.594]","(1232669.378, 2469065.594]",*
1640185.798296818,"(1573337.96, 2469065.594]","(1532652.289, 2469065.594]","(1471210.204, 2469065.594]","(1386197.064, 2469065.594]","(1232669.378, 2469065.594]",*
1640359.139229545,"(1573337.96, 2469065.594]","(1532652.289, 2469065.594]","(1471210.204, 2469065.594]","(1386197.064, 2469065.594]","(1232669.378, 2469065.594]",*
1640646.669835152,"(1573337.96, 2469065.594]","(1532652.289, 2469065.594]","(1471210.204, 2469065.594]","(1386197.064, 2469065.594]","(1232669.378, 2469065.594]",*
1640990.378462931,"(1573337.96, 2469065.594]","(1532652.289, 2469065.594]","(1471210.204, 2469065.594]","(1386197.064, 2469065.594]","(1232669.378, 2469065.594]",*
1641030.4779927535,"(1573337.96, 2469065.594]","(1532652.289, 2469065.594]","(1471210.204, 2469065.594]","(1386197.064, 2469065.594]","(1232669.378, 2469065.594]",*
1641055.9390446388,"(1573337.96, 2469065.594]","(1532652.289, 2469065.594]","(1471210.204, 2469065.594]","(1386197.064, 2469065.594]","(1232669.378, 2469065.594]",*
1641101.5190131576,"(1573337.96, 2469065.594]","(1532652.289, 2469065.594]","(1471210.204, 2469065.594]","(1386197.064, 2469065.594]","(1232669.378, 2469065.594]",*
1641226.5842989285,"(1573337.96, 2469065.594]","(1532652.289, 2469065.594]","(1471210.204, 2469065.594]","(1386197.064, 2469065.594]","(1232669.378, 2469065.594]",*
1641473.6623413602,"(1573337.96, 2469065.594]","(1532652.289, 2469065.594]","(1471210.204, 2469065.594]","(1386197.064, 2469065.594]","(1232669.378, 2469065.594]",*
1641739.5180614428,"(1573337.96, 2469065.594]","(1532652.289, 2469065.594]","(1471210.204, 2469065.594]","(1386197.064, 2469065.594]","(1232669.378, 2469065.594]",*
1641749.651205491,"(1573337.96, 2469065.594]","(1532652.289, 2469065.594]","(1471210.204, 2469065.594]","(1386197.064, 2469065.594]","(1232669.378, 2469065.594]",*
1641873.966286834,"(1573337.96, 2469065.594]","(1532652.289, 2469065.594]","(1471210.204, 2469065.594]","(1386197.064, 2469065.594]","(1232669.378, 2469065.594]",*
1642011.344611863,"(1573337.96, 2469065.594]","(1532652.289, 2469065.594]","(1471210.204, 2469065.594]","(1386197.064, 2469065.594]","(1232669.378, 2469065.594]",*
1642051.8317058694,"(1573337.96, 2469065.594]","(1532652.289, 2469065.594]","(1471210.204, 2469065.594]","(1386197.064, 2469065.594]","(1232669.378, 2469065.594]",*
1642164.2161155469,"(1573337.96, 2469065.594]","(1532652.289, 2469065.594]","(1471210.204, 2469065.594]","(1386197.064, 2469065.594]","(1232669.378, 2469065.594]",*
1642478.735656444,"(1573337.96, 2469065.594]","(1532652.289, 2469065.594]","(1471210.204, 2469065.594]","(1386197.064, 2469065.594]","(1232669.378, 2469065.594]",*
1642844.648635587,"(1573337.96, 2469065.594]","(1532652.289, 2469065.594]","(1471210.204, 2469065.594]","(1386197.064, 2469065.594]","(1232669.378, 2469065.594]",*
1643086.2778970115,"(1573337.96, 2469065.594]","(1532652.289, 2469065.594]","(1471210.204, 2469065.594]","(1386197.064, 2469065.594]","(1232669.378, 2469065.594]",*
1643291.7224787388,"(1573337.96, 2469065.594]","(1532652.289, 2469065.594]","(1471210.204, 2469065.594]","(1386197.064, 2469065.594]","(1232669.378, 2469065.594]",*
1643338.9927174544,"(1573337.96, 2469065.594]","(1532652.289, 2469065.594]","(1471210.204, 2469065.594]","(1386197.064, 2469065.594]","(1232669.378, 2469065.594]",*
1644242.0241495387,"(1573337.96, 2469065.594]","(1532652.289, 2469065.594]","(1471210.204, 2469065.594]","(1386197.064, 2469065.594]","(1232669.378, 2469065.594]",*
1644242.137141663,"(1573337.96, 2469065.594]","(1532652.289, 2469065.594]","(1471210.204, 2469065.594]","(1386197.064, 2469065.594]","(1232669.378, 2469065.594]",*
1644923.078262324,"(1573337.96, 2469065.594]","(1532652.289, 2469065.594]","(1471210.204, 2469065.594]","(1386197.064, 2469065.594]","(1232669.378, 2469065.594]",*
1645530.0559431878,"(1573337.96, 2469065.594]","(1532652.289, 2469065.594]","(1471210.204, 2469065.594]","(1386197.064, 2469065.594]","(1232669.378, 2469065.594]",*
1645843.0482722488,"(1573337.96, 2469065.594]","(1532652.289, 2469065.594]","(1471210.204, 2469065.594]","(1386197.064, 2469065.594]","(1232669.378, 2469065.594]",*
1646033.4101836402,"(1573337.96, 2469065.594]","(1532652.289, 2469065.594]","(1471210.204, 2469065.594]","(1386197.064, 2469065.594]","(1232669.378, 2469065.594]",*
1646565.0536213254,"(1573337.96, 2469065.594]","(1532652.289, 2469065.594]","(1471210.204, 2469065.594]","(1386197.064, 2469065.594]","(1232669.378, 2469065.594]",*
1646662.9106811616,"(1573337.96, 2469065.594]","(1532652.289, 2469065.594]","(1471210.204, 2469065.594]","(1386197.064, 2469065.594]","(1232669.378, 2469065.594]",*
1647216.593664451,"(1573337.96, 2469065.594]","(1532652.289, 2469065.594]","(1471210.204, 2469065.594]","(1386197.064, 2469065.594]","(1232669.378, 2469065.594]",*
1647278.684983665,"(1573337.96, 2469065.594]","(1532652.289, 2469065.594]","(1471210.204, 2469065.594]","(1386197.064, 2469065.594]","(1232669.378, 2469065.594]",*
1648201.727904935,"(1573337.96, 2469065.594]","(1532652.289, 2469065.594]","(1471210.204, 2469065.594]","(1386197.064, 2469065.594]","(1232669.378, 2469065.594]",*
1648246.7742056048,"(1573337.96, 2469065.594]","(1532652.289, 2469065.594]","(1471210.204, 2469065.594]","(1386197.064, 2469065.594]","(1232669.378, 2469065.594]",*
1649156.6076317346,"(1573337.96, 2469065.594]","(1532652.289, 2469065.594]","(1471210.204, 2469065.594]","(1386197.064, 2469065.594]","(1232669.378, 2469065.594]",*
1649947.1597520178,"(1573337.96, 2469065.594]","(1532652.289, 2469065.594]","(1471210.204, 2469065.594]","(1386197.064, 2469065.594]","(1232669.378, 2469065.594]",*
1650269.179842912,"(1573337.96, 2469065.594]","(1532652.289, 2469065.594]","(1471210.204, 2469065.594]","(1386197.064, 2469065.594]","(1232669.378, 2469065.594]",*
1650342.1306428087,"(1573337.96, 2469065.594]","(1532652.289, 2469065.594]","(1471210.204, 2469065.594]","(1386197.064, 2469065.594]","(1232669.378, 2469065.594]",*
1650770.9296813272,"(1573337.96, 2469065.594]","(1532652.289, 2469065.594]","(1471210.204, 2469065.594]","(1386197.064, 2469065.594]","(1232669.378, 2469065.594]",*
1651684.77387328,"(1573337.96, 2469065.594]","(1532652.289, 2469065.594]","(1471210.204, 2469065.594]","(1386197.064, 2469065.594]","(1232669.378, 2469065.594]",*
1652845.980628764,"(1573337.96, 2469065.594]","(1532652.289, 2469065.594]","(1471210.204, 2469065.594]","(1386197.064, 2469065.594]","(1232669.378, 2469065.594]",*
1653232.5510850863,"(1573337.96, 2469065.594]","(1532652.289, 2469065.594]","(1471210.204, 2469065.594]","(1386197.064, 2469065.594]","(1232669.378, 2469065.594]",*
1653381.3129239974,"(1573337.96, 2469065.594]","(1532652.289, 2469065.594]","(1471210.204, 2469065.594]","(1386197.064, 2469065.594]","(1232669.378, 2469065.594]",*
1654965.295712076,"(1573337.96, 2469065.594]","(1532652.289, 2469065.594]","(1471210.204, 2469065.594]","(1386197.064, 2469065.594]","(1232669.378, 2469065.594]",*
1655466.7358265226,"(1573337.96, 2469065.594]","(1532652.289, 2469065.594]","(1471210.204, 2469065.594]","(1386197.064, 2469065.594]","(1232669.378, 2469065.594]",*
1656080.0890892637,"(1573337.96, 2469065.594]","(1532652.289, 2469065.594]","(1471210.204, 2469065.594]","(1386197.064, 2469065.594]","(1232669.378, 2469065.594]",*
1656401.8371527654,"(1573337.96, 2469065.594]","(1532652.289, 2469065.594]","(1471210.204, 2469065.594]","(1386197.064, 2469065.594]","(1232669.378, 2469065.594]",*
1656785.4477005391,"(1573337.96, 2469065.594]","(1532652.289, 2469065.594]","(1471210.204, 2469065.594]","(1386197.064, 2469065.594]","(1232669.378, 2469065.594]",*
1657363.0570933966,"(1573337.96, 2469065.594]","(1532652.289, 2469065.594]","(1471210.204, 2469065.594]","(1386197.064, 2469065.594]","(1232669.378, 2469065.594]",*
1657667.3321639488,"(1573337.96, 2469065.594]","(1532652.289, 2469065.594]","(1471210.204, 2469065.594]","(1386197.064, 2469065.594]","(1232669.378, 2469065.594]",*
1658381.0058753565,"(1573337.96, 2469065.594]","(1532652.289, 2469065.594]","(1471210.204, 2469065.594]","(1386197.064, 2469065.594]","(1232669.378, 2469065.594]",*
1658571.8640212913,"(1573337.96, 2469065.594]","(1532652.289, 2469065.594]","(1471210.204, 2469065.594]","(1386197.064, 2469065.594]","(1232669.378, 2469065.594]",*
1658695.141283088,"(1573337.96, 2469065.594]","(1532652.289, 2469065.594]","(1471210.204, 2469065.594]","(1386197.064, 2469065.594]","(1232669.378, 2469065.594]",*
1658974.5669639187,"(1573337.96, 2469065.594]","(1532652.289, 2469065.594]","(1471210.204, 2469065.594]","(1386197.064, 2469065.594]","(1232669.378, 2469065.594]",*
1659100.1242863662,"(1573337.96, 2469065.594]","(1532652.289, 2469065.594]","(1471210.204, 2469065.594]","(1386197.064, 2469065.594]","(1232669.378, 2469065.594]",*
1659170.5127753727,"(1573337.96, 2469065.594]","(1532652.289, 2469065.594]","(1471210.204, 2469065.594]","(1386197.064, 2469065.594]","(1232669.378, 2469065.594]",*
1659805.1840413518,"(1573337.96, 2469065.594]","(1532652.289, 2469065.594]","(1471210.204, 2469065.594]","(1386197.064, 2469065.594]","(1232669.378, 2469065.594]",*
1660295.795958334,"(1573337.96, 2469065.594]","(1532652.289, 2469065.594]","(1471210.204, 2469065.594]","(1386197.064, 2469065.594]","(1232669.378, 2469065.594]",*
1660678.0350868388,"(1573337.96, 2469065.594]","(1532652.289, 2469065.594]","(1471210.204, 2469065.594]","(1386197.064, 2469065.594]","(1232669.378, 2469065.594]",*
1660770.001712214,"(1573337.96, 2469065.594]","(1532652.289, 2469065.594]","(1471210.204, 2469065.594]","(1386197.064, 2469065.594]","(1232669.378, 2469065.594]",*
1660975.1714736663,"(1573337.96, 2469065.594]","(1532652.289, 2469065.594]","(1471210.204, 2469065.594]","(1386197.064, 2469065.594]","(1232669.378, 2469065.594]",*
1661119.5006279624,"(1573337.96, 2469065.594]","(1532652.289, 2469065.594]","(1471210.204, 2469065.594]","(1386197.064, 2469065.594]","(1232669.378, 2469065.594]",*
1661435.4795672083,"(1573337.96, 2469065.594]","(1532652.289, 2469065.594]","(1471210.204, 2469065.594]","(1386197.064, 2469065.594]","(1232669.378, 2469065.594]",*
1661592.7891103032,"(1573337.96, 2469065.594]","(1532652.289, 2469065.594]","(1471210.204, 2469065.594]","(1386197.064, 2469065.594]","(1232669.378, 2469065.594]",*
1662038.7593434926,"(1573337.96, 2469065.594]","(1532652.289, 2469065.594]","(1471210.204, 2469065.594]","(1386197.064, 2469065.594]","(1232669.378, 2469065.594]",*
1662494.7355443896,"(1573337.96, 2469065.594]","(1532652.289, 2469065.594]","(1471210.204, 2469065.594]","(1386197.064, 2469065.594]","(1232669.378, 2469065.594]",*
1662585.9381789912,"(1573337.96, 2469065.594]","(1532652.289, 2469065.594]","(1471210.204, 2469065.594]","(1386197.064, 2469065.594]","(1232669.378, 2469065.594]",*
1662939.0973972816,"(1573337.96, 2469065.594]","(1532652.289, 2469065.594]","(1471210.204, 2469065.594]","(1386197.064, 2469065.594]","(1232669.378, 2469065.594]",*
1663473.1208282846,"(1573337.96, 2469065.594]","(1532652.289, 2469065.594]","(1471210.204, 2469065.594]","(1386197.064, 2469065.594]","(1232669.378, 2469065.594]",*
1663509.3926240325,"(1573337.96, 2469065.594]","(1532652.289, 2469065.594]","(1471210.204, 2469065.594]","(1386197.064, 2469065.594]","(1232669.378, 2469065.594]",*
1663653.7097575443,"(1573337.96, 2469065.594]","(1532652.289, 2469065.594]","(1471210.204, 2469065.594]","(1386197.064, 2469065.594]","(1232669.378, 2469065.594]",*
1664147.6390704403,"(1573337.96, 2469065.594]","(1532652.289, 2469065.594]","(1471210.204, 2469065.594]","(1386197.064, 2469065.594]","(1232669.378, 2469065.594]",*
1664301.512323261,"(1573337.96, 2469065.594]","(1532652.289, 2469065.594]","(1471210.204, 2469065.594]","(1386197.064, 2469065.594]","(1232669.378, 2469065.594]",*
1665515.2461223246,"(1573337.96, 2469065.594]","(1532652.289, 2469065.594]","(1471210.204, 2469065.594]","(1386197.064, 2469065.594]","(1232669.378, 2469065.594]",*
1666462.6220384506,"(1573337.96, 2469065.594]","(1532652.289, 2469065.594]","(1471210.204, 2469065.594]","(1386197.064, 2469065.594]","(1232669.378, 2469065.594]",*
1667560.879303713,"(1573337.96, 2469065.594]","(1532652.289, 2469065.594]","(1471210.204, 2469065.594]","(1386197.064, 2469065.594]","(1232669.378, 2469065.594]",*
1668448.0980572654,"(1573337.96, 2469065.594]","(1532652.289, 2469065.594]","(1471210.204, 2469065.594]","(1386197.064, 2469065.594]","(1232669.378, 2469065.594]",*
1668670.6558120956,"(1573337.96, 2469065.594]","(1532652.289, 2469065.594]","(1471210.204, 2469065.594]","(1386197.064, 2469065.594]","(1232669.378, 2469065.594]",*
1668905.2845798696,"(1573337.96, 2469065.594]","(1532652.289, 2469065.594]","(1471210.204, 2469065.594]","(1386197.064, 2469065.594]","(1232669.378, 2469065.594]",*
1669127.0781264869,"(1573337.96, 2469065.594]","(1532652.289, 2469065.594]","(1471210.204, 2469065.594]","(1386197.064, 2469065.594]","(1232669.378, 2469065.594]",*
1669558.846714433,"(1573337.96, 2469065.594]","(1532652.289, 2469065.594]","(1471210.204, 2469065.594]","(1386197.064, 2469065.594]","(1232669.378, 2469065.594]",*
1669681.2313844662,"(1573337.96, 2469065.594]","(1532652.289, 2469065.594]","(1471210.204, 2469065.594]","(1386197.064, 2469065.594]","(1232669.378, 2469065.594]",*
1670183.167980545,"(1573337.96, 2469065.594]","(1532652.289, 2469065.594]","(1471210.204, 2469065.594]","(1386197.064, 2469065.594]","(1232669.378, 2469065.594]",*
1670256.590157741,"(1573337.96, 2469065.594]","(1532652.289, 2469065.594]","(1471210.204, 2469065.594]","(1386197.064, 2469065.594]","(1232669.378, 2469065.594]",*
1670908.6619607303,"(1573337.96, 2469065.594]","(1532652.289, 2469065.594]","(1471210.204, 2469065.594]","(1386197.064, 2469065.594]","(1232669.378, 2469065.594]",*
1670950.312756865,"(1573337.96, 2469065.594]","(1532652.289, 2469065.594]","(1471210.204, 2469065.594]","(1386197.064, 2469065.594]","(1232669.378, 2469065.594]",*
1671350.14009336,"(1573337.96, 2469065.594]","(1532652.289, 2469065.594]","(1471210.204, 2469065.594]","(1386197.064, 2469065.594]","(1232669.378, 2469065.594]",*
1671669.451734201,"(1573337.96, 2469065.594]","(1532652.289, 2469065.594]","(1471210.204, 2469065.594]","(1386197.064, 2469065.594]","(1232669.378, 2469065.594]",*
1672445.347971653,"(1573337.96, 2469065.594]","(1532652.289, 2469065.594]","(1471210.204, 2469065.594]","(1386197.064, 2469065.594]","(1232669.378, 2469065.594]",*
1673294.2461963831,"(1573337.96, 2469065.594]","(1532652.289, 2469065.594]","(1471210.204, 2469065.594]","(1386197.064, 2469065.594]","(1232669.378, 2469065.594]",*
1673538.1686839648,"(1573337.96, 2469065.594]","(1532652.289, 2469065.594]","(1471210.204, 2469065.594]","(1386197.064, 2469065.594]","(1232669.378, 2469065.594]",*
1674680.74073848,"(1573337.96, 2469065.594]","(1532652.289, 2469065.594]","(1471210.204, 2469065.594]","(1386197.064, 2469065.594]","(1232669.378, 2469065.594]",*
1675062.8906871276,"(1573337.96, 2469065.594]","(1532652.289, 2469065.594]","(1471210.204, 2469065.594]","(1386197.064, 2469065.594]","(1232669.378, 2469065.594]",*
1675123.1598875837,"(1573337.96, 2469065.594]","(1532652.289, 2469065.594]","(1471210.204, 2469065.594]","(1386197.064, 2469065.594]","(1232669.378, 2469065.594]",*
1675523.36662169,"(1573337.96, 2469065.594]","(1532652.289, 2469065.594]","(1471210.204, 2469065.594]","(1386197.064, 2469065.594]","(1232669.378, 2469065.594]",*
1675557.2712307854,"(1573337.96, 2469065.594]","(1532652.289, 2469065.594]","(1471210.204, 2469065.594]","(1386197.064, 2469065.594]","(1232669.378, 2469065.594]",*
1675702.2232534871,"(1573337.96, 2469065.594]","(1532652.289, 2469065.594]","(1471210.204, 2469065.594]","(1386197.064, 2469065.594]","(1232669.378, 2469065.594]",*
1675825.7208052117,"(1573337.96, 2469065.594]","(1532652.289, 2469065.594]","(1471210.204, 2469065.594]","(1386197.064, 2469065.594]","(1232669.378, 2469065.594]",*
1676070.94296519,"(1573337.96, 2469065.594]","(1532652.289, 2469065.594]","(1471210.204, 2469065.594]","(1386197.064, 2469065.594]","(1232669.378, 2469065.594]",*
1676172.304855517,"(1573337.96, 2469065.594]","(1532652.289, 2469065.594]","(1471210.204, 2469065.594]","(1386197.064, 2469065.594]","(1232669.378, 2469065.594]",*
1676770.330573918,"(1573337.96, 2469065.594]","(1532652.289, 2469065.594]","(1471210.204, 2469065.594]","(1386197.064, 2469065.594]","(1232669.378, 2469065.594]",*
1677005.1404360302,"(1573337.96, 2469065.594]","(1532652.289, 2469065.594]","(1471210.204, 2469065.594]","(1386197.064, 2469065.594]","(1232669.378, 2469065.594]",*
1677204.246214425,"(1573337.96, 2469065.594]","(1532652.289, 2469065.594]","(1471210.204, 2469065.594]","(1386197.064, 2469065.594]","(1232669.378, 2469065.594]",*
1677612.4421426,"(1573337.96, 2469065.594]","(1532652.289, 2469065.594]","(1471210.204, 2469065.594]","(1386197.064, 2469065.594]","(1232669.378, 2469065.594]",*
1678347.5275379843,"(1573337.96, 2469065.594]","(1532652.289, 2469065.594]","(1471210.204, 2469065.594]","(1386197.064, 2469065.594]","(1232669.378, 2469065.594]",*
1679204.7409332138,"(1573337.96, 2469065.594]","(1532652.289, 2469065.594]","(1471210.204, 2469065.594]","(1386197.064, 2469065.594]","(1232669.378, 2469065.594]",*
1680017.2404207706,"(1573337.96, 2469065.594]","(1532652.289, 2469065.594]","(1471210.204, 2469065.594]","(1386197.064, 2469065.594]","(1232669.378, 2469065.594]",*
1680252.7373371338,"(1573337.96, 2469065.594]","(1532652.289, 2469065.594]","(1471210.204, 2469065.594]","(1386197.064, 2469065.594]","(1232669.378, 2469065.594]",*
1680788.286557635,"(1573337.96, 2469065.594]","(1532652.289, 2469065.594]","(1471210.204, 2469065.594]","(1386197.064, 2469065.594]","(1232669.378, 2469065.594]",*
1681316.362253782,"(1573337.96, 2469065.594]","(1532652.289, 2469065.594]","(1471210.204, 2469065.594]","(1386197.064, 2469065.594]","(1232669.378, 2469065.594]",*
1681340.6350211625,"(1573337.96, 2469065.594]","(1532652.289, 2469065.594]","(1471210.204, 2469065.594]","(1386197.064, 2469065.594]","(1232669.378, 2469065.594]",*
1682105.8474714488,"(1573337.96, 2469065.594]","(1532652.289, 2469065.594]","(1471210.204, 2469065.594]","(1386197.064, 2469065.594]","(1232669.378, 2469065.594]",*
1682708.6168664235,"(1573337.96, 2469065.594]","(1532652.289, 2469065.594]","(1471210.204, 2469065.594]","(1386197.064, 2469065.594]","(1232669.378, 2469065.594]",*
1684537.9611563762,"(1573337.96, 2469065.594]","(1532652.289, 2469065.594]","(1471210.204, 2469065.594]","(1386197.064, 2469065.594]","(1232669.378, 2469065.594]",*
1684554.7154528482,"(1573337.96, 2469065.594]","(1532652.289, 2469065.594]","(1471210.204, 2469065.594]","(1386197.064, 2469065.594]","(1232669.378, 2469065.594]",*
1685217.1049444268,"(1573337.96, 2469065.594]","(1532652.289, 2469065.594]","(1471210.204, 2469065.594]","(1386197.064, 2469065.594]","(1232669.378, 2469065.594]",*
1685368.164225054,"(1573337.96, 2469065.594]","(1532652.289, 2469065.594]","(1471210.204, 2469065.594]","(1386197.064, 2469065.594]","(1232669.378, 2469065.594]",*
1685967.6482156422,"(1573337.96, 2469065.594]","(1532652.289, 2469065.594]","(1471210.204, 2469065.594]","(1386197.064, 2469065.594]","(1232669.378, 2469065.594]",*
1686562.168573392,"(1573337.96, 2469065.594]","(1532652.289, 2469065.594]","(1471210.204, 2469065.594]","(1386197.064, 2469065.594]","(1232669.378, 2469065.594]",*
1687998.9329604746,"(1573337.96, 2469065.594]","(1532652.289, 2469065.594]","(1471210.204, 2469065.594]","(1386197.064, 2469065.594]","(1232669.378, 2469065.594]",*
1688093.2574580356,"(1573337.96, 2469065.594]","(1532652.289, 2469065.594]","(1471210.204, 2469065.594]","(1386197.064, 2469065.594]","(1232669.378, 2469065.594]",*
1688279.3081102488,"(1573337.96, 2469065.594]","(1532652.289, 2469065.594]","(1471210.204, 2469065.594]","(1386197.064, 2469065.594]","(1232669.378, 2469065.594]",*
1688642.6785448364,"(1573337.96, 2469065.594]","(1532652.289, 2469065.594]","(1471210.204, 2469065.594]","(1386197.064, 2469065.594]","(1232669.378, 2469065.594]",*
1689120.4265200938,"(1573337.96, 2469065.594]","(1532652.289, 2469065.594]","(1471210.204, 2469065.594]","(1386197.064, 2469065.594]","(1232669.378, 2469065.594]",*
1689512.1795895589,"(1573337.96, 2469065.594]","(1532652.289, 2469065.594]","(1471210.204, 2469065.594]","(1386197.064, 2469065.594]","(1232669.378, 2469065.594]",*
1689690.754265426,"(1573337.96, 2469065.594]","(1532652.289, 2469065.594]","(1471210.204, 2469065.594]","(1386197.064, 2469065.594]","(1232669.378, 2469065.594]",*
1690091.018694864,"(1573337.96, 2469065.594]","(1532652.289, 2469065.594]","(1471210.204, 2469065.594]","(1386197.064, 2469065.594]","(1232669.378, 2469065.594]",*
1690540.681753041,"(1573337.96, 2469065.594]","(1532652.289, 2469065.594]","(1471210.204, 2469065.594]","(1386197.064, 2469065.594]","(1232669.378, 2469065.594]",*
1692308.589766106,"(1573337.96, 2469065.594]","(1532652.289, 2469065.594]","(1471210.204, 2469065.594]","(1386197.064, 2469065.594]","(1232669.378, 2469065.594]",*
1692335.9636187928,"(1573337.96, 2469065.594]","(1532652.289, 2469065.594]","(1471210.204, 2469065.594]","(1386197.064, 2469065.594]","(1232669.378, 2469065.594]",*
1693384.8030654874,"(1573337.96, 2469065.594]","(1532652.289, 2469065.594]","(1471210.204, 2469065.594]","(1386197.064, 2469065.594]","(1232669.378, 2469065.594]",*
1693591.8353776173,"(1573337.96, 2469065.594]","(1532652.289, 2469065.594]","(1471210.204, 2469065.594]","(1386197.064, 2469065.594]","(1232669.378, 2469065.594]",*
1693693.5531272253,"(1573337.96, 2469065.594]","(1532652.289, 2469065.594]","(1471210.204, 2469065.594]","(1386197.064, 2469065.594]","(1232669.378, 2469065.594]",*
1694139.1266355356,"(1573337.96, 2469065.594]","(1532652.289, 2469065.594]","(1471210.204, 2469065.594]","(1386197.064, 2469065.594]","(1232669.378, 2469065.594]",*
1695706.1315254318,"(1573337.96, 2469065.594]","(1532652.289, 2469065.594]","(1471210.204, 2469065.594]","(1386197.064, 2469065.594]","(1232669.378, 2469065.594]",*
1696086.168104268,"(1573337.96, 2469065.594]","(1532652.289, 2469065.594]","(1471210.204, 2469065.594]","(1386197.064, 2469065.594]","(1232669.378, 2469065.594]",*
1696339.544124581,"(1573337.96, 2469065.594]","(1532652.289, 2469065.594]","(1471210.204, 2469065.594]","(1386197.064, 2469065.594]","(1232669.378, 2469065.594]",*
1696717.1072993656,"(1573337.96, 2469065.594]","(1532652.289, 2469065.594]","(1471210.204, 2469065.594]","(1386197.064, 2469065.594]","(1232669.378, 2469065.594]",*
1696785.902472176,"(1573337.96, 2469065.594]","(1532652.289, 2469065.594]","(1471210.204, 2469065.594]","(1386197.064, 2469065.594]","(1232669.378, 2469065.594]",*
1696977.6628325956,"(1573337.96, 2469065.594]","(1532652.289, 2469065.594]","(1471210.204, 2469065.594]","(1386197.064, 2469065.594]","(1232669.378, 2469065.594]",*
1697281.49383007,"(1573337.96, 2469065.594]","(1532652.289, 2469065.594]","(1471210.204, 2469065.594]","(1386197.064, 2469065.594]","(1232669.378, 2469065.594]",*
1697501.6046052328,"(1573337.96, 2469065.594]","(1532652.289, 2469065.594]","(1471210.204, 2469065.594]","(1386197.064, 2469065.594]","(1232669.378, 2469065.594]",*
1698198.7513699988,"(1573337.96, 2469065.594]","(1532652.289, 2469065.594]","(1471210.204, 2469065.594]","(1386197.064, 2469065.594]","(1232669.378, 2469065.594]",*
1698219.757464694,"(1573337.96, 2469065.594]","(1532652.289, 2469065.594]","(1471210.204, 2469065.594]","(1386197.064, 2469065.594]","(1232669.378, 2469065.594]",*
1698820.102281486,"(1573337.96, 2469065.594]","(1532652.289, 2469065.594]","(1471210.204, 2469065.594]","(1386197.064, 2469065.594]","(1232669.378, 2469065.594]",*
1699952.8144478828,"(1573337.96, 2469065.594]","(1532652.289, 2469065.594]","(1471210.204, 2469065.594]","(1386197.064, 2469065.594]","(1232669.378, 2469065.594]",*
1700109.6075385266,"(1573337.96, 2469065.594]","(1532652.289, 2469065.594]","(1471210.204, 2469065.594]","(1386197.064, 2469065.594]","(1232669.378, 2469065.594]",*
1702090.6352886,"(1573337.96, 2469065.594]","(1532652.289, 2469065.594]","(1471210.204, 2469065.594]","(1386197.064, 2469065.594]","(1232669.378, 2469065.594]",*
1702406.0389352096,"(1573337.96, 2469065.594]","(1532652.289, 2469065.594]","(1471210.204, 2469065.594]","(1386197.064, 2469065.594]","(1232669.378, 2469065.594]",*
1702526.0563464884,"(1573337.96, 2469065.594]","(1532652.289, 2469065.594]","(1471210.204, 2469065.594]","(1386197.064, 2469065.594]","(1232669.378, 2469065.594]",*
1702528.7940186083,"(1573337.96, 2469065.594]","(1532652.289, 2469065.594]","(1471210.204, 2469065.594]","(1386197.064, 2469065.594]","(1232669.378, 2469065.594]",*
1703880.2199140803,"(1573337.96, 2469065.594]","(1532652.289, 2469065.594]","(1471210.204, 2469065.594]","(1386197.064, 2469065.594]","(1232669.378, 2469065.594]",*
1704126.8763504997,"(1573337.96, 2469065.594]","(1532652.289, 2469065.594]","(1471210.204, 2469065.594]","(1386197.064, 2469065.594]","(1232669.378, 2469065.594]",*
1705276.189567485,"(1573337.96, 2469065.594]","(1532652.289, 2469065.594]","(1471210.204, 2469065.594]","(1386197.064, 2469065.594]","(1232669.378, 2469065.594]",*
1705546.4122133,"(1573337.96, 2469065.594]","(1532652.289, 2469065.594]","(1471210.204, 2469065.594]","(1386197.064, 2469065.594]","(1232669.378, 2469065.594]",*
1705762.7883189672,"(1573337.96, 2469065.594]","(1532652.289, 2469065.594]","(1471210.204, 2469065.594]","(1386197.064, 2469065.594]","(1232669.378, 2469065.594]",*
1705889.8866984083,"(1573337.96, 2469065.594]","(1532652.289, 2469065.594]","(1471210.204, 2469065.594]","(1386197.064, 2469065.594]","(1232669.378, 2469065.594]",*
1705918.1795099657,"(1573337.96, 2469065.594]","(1532652.289, 2469065.594]","(1471210.204, 2469065.594]","(1386197.064, 2469065.594]","(1232669.378, 2469065.594]",*
1706110.8599930475,"(1573337.96, 2469065.594]","(1532652.289, 2469065.594]","(1471210.204, 2469065.594]","(1386197.064, 2469065.594]","(1232669.378, 2469065.594]",*
1706291.9905593214,"(1573337.96, 2469065.594]","(1532652.289, 2469065.594]","(1471210.204, 2469065.594]","(1386197.064, 2469065.594]","(1232669.378, 2469065.594]",*
1706689.9397544104,"(1573337.96, 2469065.594]","(1532652.289, 2469065.594]","(1471210.204, 2469065.594]","(1386197.064, 2469065.594]","(1232669.378, 2469065.594]",*
1707045.722158058,"(1573337.96, 2469065.594]","(1532652.289, 2469065.594]","(1471210.204, 2469065.594]","(1386197.064, 2469065.594]","(1232669.378, 2469065.594]",*
1707269.5277034238,"(1573337.96, 2469065.594]","(1532652.289, 2469065.594]","(1471210.204, 2469065.594]","(1386197.064, 2469065.594]","(1232669.378, 2469065.594]",*
1707494.9217939766,"(1573337.96, 2469065.594]","(1532652.289, 2469065.594]","(1471210.204, 2469065.594]","(1386197.064, 2469065.594]","(1232669.378, 2469065.594]",*
1707650.435673782,"(1573337.96, 2469065.594]","(1532652.289, 2469065.594]","(1471210.204, 2469065.594]","(1386197.064, 2469065.594]","(1232669.378, 2469065.594]",*
1708102.1023987215,"(1573337.96, 2469065.594]","(1532652.289, 2469065.594]","(1471210.204, 2469065.594]","(1386197.064, 2469065.594]","(1232669.378, 2469065.594]",*
1708127.5780654566,"(1573337.96, 2469065.594]","(1532652.289, 2469065.594]","(1471210.204, 2469065.594]","(1386197.064, 2469065.594]","(1232669.378, 2469065.594]",*
1708631.3653701425,"(1573337.96, 2469065.594]","(1532652.289, 2469065.594]","(1471210.204, 2469065.594]","(1386197.064, 2469065.594]","(1232669.378, 2469065.594]",*
1709441.8064655743,"(1573337.96, 2469065.594]","(1532652.289, 2469065.594]","(1471210.204, 2469065.594]","(1386197.064, 2469065.594]","(1232669.378, 2469065.594]",*
1709667.1888454657,"(1573337.96, 2469065.594]","(1532652.289, 2469065.594]","(1471210.204, 2469065.594]","(1386197.064, 2469065.594]","(1232669.378, 2469065.594]",*
1710570.1698086995,"(1573337.96, 2469065.594]","(1532652.289, 2469065.594]","(1471210.204, 2469065.594]","(1386197.064, 2469065.594]","(1232669.378, 2469065.594]",*
1710612.0295451423,"(1573337.96, 2469065.594]","(1532652.289, 2469065.594]","(1471210.204, 2469065.594]","(1386197.064, 2469065.594]","(1232669.378, 2469065.594]",*
1710924.3665235362,"(1573337.96, 2469065.594]","(1532652.289, 2469065.594]","(1471210.204, 2469065.594]","(1386197.064, 2469065.594]","(1232669.378, 2469065.594]",*
1710966.0356305088,"(1573337.96, 2469065.594]","(1532652.289, 2469065.594]","(1471210.204, 2469065.594]","(1386197.064, 2469065.594]","(1232669.378, 2469065.594]",*
1712280.705535875,"(1573337.96, 2469065.594]","(1532652.289, 2469065.594]","(1471210.204, 2469065.594]","(1386197.064, 2469065.594]","(1232669.378, 2469065.594]",*
1712282.2593634182,"(1573337.96, 2469065.594]","(1532652.289, 2469065.594]","(1471210.204, 2469065.594]","(1386197.064, 2469065.594]","(1232669.378, 2469065.594]",*
1712388.8725183057,"(1573337.96, 2469065.594]","(1532652.289, 2469065.594]","(1471210.204, 2469065.594]","(1386197.064, 2469065.594]","(1232669.378, 2469065.594]",*
1712929.6543371202,"(1573337.96, 2469065.594]","(1532652.289, 2469065.594]","(1471210.204, 2469065.594]","(1386197.064, 2469065.594]","(1232669.378, 2469065.594]",*
1713161.6991637428,"(1573337.96, 2469065.594]","(1532652.289, 2469065.594]","(1471210.204, 2469065.594]","(1386197.064, 2469065.594]","(1232669.378, 2469065.594]",*
1713351.3941515046,"(1573337.96, 2469065.594]","(1532652.289, 2469065.594]","(1471210.204, 2469065.594]","(1386197.064, 2469065.594]","(1232669.378, 2469065.594]",*
1714055.836800116,"(1573337.96, 2469065.594]","(1532652.289, 2469065.594]","(1471210.204, 2469065.594]","(1386197.064, 2469065.594]","(1232669.378, 2469065.594]",*
1714266.2737553422,"(1573337.96, 2469065.594]","(1532652.289, 2469065.594]","(1471210.204, 2469065.594]","(1386197.064, 2469065.594]","(1232669.378, 2469065.594]",*
1714445.1746365826,"(1573337.96, 2469065.594]","(1532652.289, 2469065.594]","(1471210.204, 2469065.594]","(1386197.064, 2469065.594]","(1232669.378, 2469065.594]",*
1715435.9911160583,"(1573337.96, 2469065.594]","(1532652.289, 2469065.594]","(1471210.204, 2469065.594]","(1386197.064, 2469065.594]","(1232669.378, 2469065.594]",*
1715743.409136058,"(1573337.96, 2469065.594]","(1532652.289, 2469065.594]","(1471210.204, 2469065.594]","(1386197.064, 2469065.594]","(1232669.378, 2469065.594]",*
1716323.348128052,"(1573337.96, 2469065.594]","(1532652.289, 2469065.594]","(1471210.204, 2469065.594]","(1386197.064, 2469065.594]","(1232669.378, 2469065.594]",*
1717570.5299038426,"(1573337.96, 2469065.594]","(1532652.289, 2469065.594]","(1471210.204, 2469065.594]","(1386197.064, 2469065.594]","(1232669.378, 2469065.594]",*
1718625.9452745786,"(1573337.96, 2469065.594]","(1532652.289, 2469065.594]","(1471210.204, 2469065.594]","(1386197.064, 2469065.594]","(1232669.378, 2469065.594]",*
1718876.794818775,"(1573337.96, 2469065.594]","(1532652.289, 2469065.594]","(1471210.204, 2469065.594]","(1386197.064, 2469065.594]","(1232669.378, 2469065.594]",*
1719762.308049223,"(1573337.96, 2469065.594]","(1532652.289, 2469065.594]","(1471210.204, 2469065.594]","(1386197.064, 2469065.594]","(1232669.378, 2469065.594]",*
1720258.777124667,"(1573337.96, 2469065.594]","(1532652.289, 2469065.594]","(1471210.204, 2469065.594]","(1386197.064, 2469065.594]","(1232669.378, 2469065.594]",*
1720670.8768427868,"(1573337.96, 2469065.594]","(1532652.289, 2469065.594]","(1471210.204, 2469065.594]","(1386197.064, 2469065.594]","(1232669.378, 2469065.594]",*
1720734.4031475058,"(1573337.96, 2469065.594]","(1532652.289, 2469065.594]","(1471210.204, 2469065.594]","(1386197.064, 2469065.594]","(1232669.378, 2469065.594]",*
1721005.4195045803,"(1573337.96, 2469065.594]","(1532652.289, 2469065.594]","(1471210.204, 2469065.594]","(1386197.064, 2469065.594]","(1232669.378, 2469065.594]",*
1721261.81159612,"(1573337.96, 2469065.594]","(1532652.289, 2469065.594]","(1471210.204, 2469065.594]","(1386197.064, 2469065.594]","(1232669.378, 2469065.594]",*
1721739.3841384957,"(1573337.96, 2469065.594]","(1532652.289, 2469065.594]","(1471210.204, 2469065.594]","(1386197.064, 2469065.594]","(1232669.378, 2469065.594]",*
1722463.5625445358,"(1573337.96, 2469065.594]","(1532652.289, 2469065.594]","(1471210.204, 2469065.594]","(1386197.064, 2469065.594]","(1232669.378, 2469065.594]",*
1723397.0892835609,"(1573337.96, 2469065.594]","(1532652.289, 2469065.594]","(1471210.204, 2469065.594]","(1386197.064, 2469065.594]","(1232669.378, 2469065.594]",*
1723424.6715387627,"(1573337.96, 2469065.594]","(1532652.289, 2469065.594]","(1471210.204, 2469065.594]","(1386197.064, 2469065.594]","(1232669.378, 2469065.594]",*
1723706.7585228554,"(1573337.96, 2469065.594]","(1532652.289, 2469065.594]","(1471210.204, 2469065.594]","(1386197.064, 2469065.594]","(1232669.378, 2469065.594]",*
1723729.6551644218,"(1573337.96, 2469065.594]","(1532652.289, 2469065.594]","(1471210.204, 2469065.594]","(1386197.064, 2469065.594]","(1232669.378, 2469065.594]",*
1723775.0141179976,"(1573337.96, 2469065.594]","(1532652.289, 2469065.594]","(1471210.204, 2469065.594]","(1386197.064, 2469065.594]","(1232669.378, 2469065.594]",*
1724733.024817479,"(1573337.96, 2469065.594]","(1532652.289, 2469065.594]","(1471210.204, 2469065.594]","(1386197.064, 2469065.594]","(1232669.378, 2469065.594]",*
1725429.748740655,"(1573337.96, 2469065.594]","(1532652.289, 2469065.594]","(1471210.204, 2469065.594]","(1386197.064, 2469065.594]","(1232669.378, 2469065.594]",*
1726364.3979780802,"(1573337.96, 2469065.594]","(1532652.289, 2469065.594]","(1471210.204, 2469065.594]","(1386197.064, 2469065.594]","(1232669.378, 2469065.594]",*
1726719.066744131,"(1573337.96, 2469065.594]","(1532652.289, 2469065.594]","(1471210.204, 2469065.594]","(1386197.064, 2469065.594]","(1232669.378, 2469065.594]",*
1727006.950678222,"(1573337.96, 2469065.594]","(1532652.289, 2469065.594]","(1471210.204, 2469065.594]","(1386197.064, 2469065.594]","(1232669.378, 2469065.594]",*
1727211.0894733826,"(1573337.96, 2469065.594]","(1532652.289, 2469065.594]","(1471210.204, 2469065.594]","(1386197.064, 2469065.594]","(1232669.378, 2469065.594]",*
1727453.1546019888,"(1573337.96, 2469065.594]","(1532652.289, 2469065.594]","(1471210.204, 2469065.594]","(1386197.064, 2469065.594]","(1232669.378, 2469065.594]",*
1727592.6372201012,"(1573337.96, 2469065.594]","(1532652.289, 2469065.594]","(1471210.204, 2469065.594]","(1386197.064, 2469065.594]","(1232669.378, 2469065.594]",*
1727982.9870259946,"(1573337.96, 2469065.594]","(1532652.289, 2469065.594]","(1471210.204, 2469065.594]","(1386197.064, 2469065.594]","(1232669.378, 2469065.594]",*
1729061.6555713362,"(1573337.96, 2469065.594]","(1532652.289, 2469065.594]","(1471210.204, 2469065.594]","(1386197.064, 2469065.594]","(1232669.378, 2469065.594]",*
1729392.2041672813,"(1573337.96, 2469065.594]","(1532652.289, 2469065.594]","(1471210.204, 2469065.594]","(1386197.064, 2469065.594]","(1232669.378, 2469065.594]",*
1729559.809131306,"(1573337.96, 2469065.594]","(1532652.289, 2469065.594]","(1471210.204, 2469065.594]","(1386197.064, 2469065.594]","(1232669.378, 2469065.594]",*
1730084.4793008969,"(1573337.96, 2469065.594]","(1532652.289, 2469065.594]","(1471210.204, 2469065.594]","(1386197.064, 2469065.594]","(1232669.378, 2469065.594]",*
1730103.133132334,"(1573337.96, 2469065.594]","(1532652.289, 2469065.594]","(1471210.204, 2469065.594]","(1386197.064, 2469065.594]","(1232669.378, 2469065.594]",*
1730662.3929334427,"(1573337.96, 2469065.594]","(1532652.289, 2469065.594]","(1471210.204, 2469065.594]","(1386197.064, 2469065.594]","(1232669.378, 2469065.594]",*
1731437.4159947769,"(1573337.96, 2469065.594]","(1532652.289, 2469065.594]","(1471210.204, 2469065.594]","(1386197.064, 2469065.594]","(1232669.378, 2469065.594]",*
1731564.379493469,"(1573337.96, 2469065.594]","(1532652.289, 2469065.594]","(1471210.204, 2469065.594]","(1386197.064, 2469065.594]","(1232669.378, 2469065.594]",*
1732196.2167965611,"(1573337.96, 2469065.594]","(1532652.289, 2469065.594]","(1471210.204, 2469065.594]","(1386197.064, 2469065.594]","(1232669.378, 2469065.594]",*
1734239.1383592023,"(1573337.96, 2469065.594]","(1532652.289, 2469065.594]","(1471210.204, 2469065.594]","(1386197.064, 2469065.594]","(1232669.378, 2469065.594]",*
1734373.0438199642,"(1573337.96, 2469065.594]","(1532652.289, 2469065.594]","(1471210.204, 2469065.594]","(1386197.064, 2469065.594]","(1232669.378, 2469065.594]",*
1734814.160325652,"(1573337.96, 2469065.594]","(1532652.289, 2469065.594]","(1471210.204, 2469065.594]","(1386197.064, 2469065.594]","(1232669.378, 2469065.594]",*
1735340.255686551,"(1573337.96, 2469065.594]","(1532652.289, 2469065.594]","(1471210.204, 2469065.594]","(1386197.064, 2469065.594]","(1232669.378, 2469065.594]",*
1735416.9213924294,"(1573337.96, 2469065.594]","(1532652.289, 2469065.594]","(1471210.204, 2469065.594]","(1386197.064, 2469065.594]","(1232669.378, 2469065.594]",*
1735637.4144256697,"(1573337.96, 2469065.594]","(1532652.289, 2469065.594]","(1471210.204, 2469065.594]","(1386197.064, 2469065.594]","(1232669.378, 2469065.594]",*
1735826.005205352,"(1573337.96, 2469065.594]","(1532652.289, 2469065.594]","(1471210.204, 2469065.594]","(1386197.064, 2469065.594]","(1232669.378, 2469065.594]",*
1735992.339282555,"(1573337.96, 2469065.594]","(1532652.289, 2469065.594]","(1471210.204, 2469065.594]","(1386197.064, 2469065.594]","(1232669.378, 2469065.594]",*
1736401.6096050944,"(1573337.96, 2469065.594]","(1532652.289, 2469065.594]","(1471210.204, 2469065.594]","(1386197.064, 2469065.594]","(1232669.378, 2469065.594]",*
1736442.4799782694,"(1573337.96, 2469065.594]","(1532652.289, 2469065.594]","(1471210.204, 2469065.594]","(1386197.064, 2469065.594]","(1232669.378, 2469065.594]",*
1737570.5050745255,"(1573337.96, 2469065.594]","(1532652.289, 2469065.594]","(1471210.204, 2469065.594]","(1386197.064, 2469065.594]","(1232669.378, 2469065.594]",*
1737582.2827129075,"(1573337.96, 2469065.594]","(1532652.289, 2469065.594]","(1471210.204, 2469065.594]","(1386197.064, 2469065.594]","(1232669.378, 2469065.594]",*
1737759.0500294531,"(1573337.96, 2469065.594]","(1532652.289, 2469065.594]","(1471210.204, 2469065.594]","(1386197.064, 2469065.594]","(1232669.378, 2469065.594]",*
1737981.5298355946,"(1573337.96, 2469065.594]","(1532652.289, 2469065.594]","(1471210.204, 2469065.594]","(1386197.064, 2469065.594]","(1232669.378, 2469065.594]",*
1738788.3818940688,"(1573337.96, 2469065.594]","(1532652.289, 2469065.594]","(1471210.204, 2469065.594]","(1386197.064, 2469065.594]","(1232669.378, 2469065.594]",*
1739628.3826696554,"(1573337.96, 2469065.594]","(1532652.289, 2469065.594]","(1471210.204, 2469065.594]","(1386197.064, 2469065.594]","(1232669.378, 2469065.594]",*
1739761.372611396,"(1573337.96, 2469065.594]","(1532652.289, 2469065.594]","(1471210.204, 2469065.594]","(1386197.064, 2469065.594]","(1232669.378, 2469065.594]",*
1739893.5550495968,"(1573337.96, 2469065.594]","(1532652.289, 2469065.594]","(1471210.204, 2469065.594]","(1386197.064, 2469065.594]","(1232669.378, 2469065.594]",*
1740404.967434968,"(1573337.96, 2469065.594]","(1532652.289, 2469065.594]","(1471210.204, 2469065.594]","(1386197.064, 2469065.594]","(1232669.378, 2469065.594]",*
1740671.7300511324,"(1573337.96, 2469065.594]","(1532652.289, 2469065.594]","(1471210.204, 2469065.594]","(1386197.064, 2469065.594]","(1232669.378, 2469065.594]",*
1740719.10656986,"(1573337.96, 2469065.594]","(1532652.289, 2469065.594]","(1471210.204, 2469065.594]","(1386197.064, 2469065.594]","(1232669.378, 2469065.594]",*
1741052.959622036,"(1573337.96, 2469065.594]","(1532652.289, 2469065.594]","(1471210.204, 2469065.594]","(1386197.064, 2469065.594]","(1232669.378, 2469065.594]",*
1741105.6409449903,"(1573337.96, 2469065.594]","(1532652.289, 2469065.594]","(1471210.204, 2469065.594]","(1386197.064, 2469065.594]","(1232669.378, 2469065.594]",*
1741959.834430735,"(1573337.96, 2469065.594]","(1532652.289, 2469065.594]","(1471210.204, 2469065.594]","(1386197.064, 2469065.594]","(1232669.378, 2469065.594]",*
1742350.9621689606,"(1573337.96, 2469065.594]","(1532652.289, 2469065.594]","(1471210.204, 2469065.594]","(1386197.064, 2469065.594]","(1232669.378, 2469065.594]",*
1742431.6630896688,"(1573337.96, 2469065.594]","(1532652.289, 2469065.594]","(1471210.204, 2469065.594]","(1386197.064, 2469065.594]","(1232669.378, 2469065.594]",*
1742566.0060480188,"(1573337.96, 2469065.594]","(1532652.289, 2469065.594]","(1471210.204, 2469065.594]","(1386197.064, 2469065.594]","(1232669.378, 2469065.594]",*
1742922.639771188,"(1573337.96, 2469065.594]","(1532652.289, 2469065.594]","(1471210.204, 2469065.594]","(1386197.064, 2469065.594]","(1232669.378, 2469065.594]",*
1742938.7760231788,"(1573337.96, 2469065.594]","(1532652.289, 2469065.594]","(1471210.204, 2469065.594]","(1386197.064, 2469065.594]","(1232669.378, 2469065.594]",*
1744932.210990927,"(1573337.96, 2469065.594]","(1532652.289, 2469065.594]","(1471210.204, 2469065.594]","(1386197.064, 2469065.594]","(1232669.378, 2469065.594]",*
1745516.1706263402,"(1573337.96, 2469065.594]","(1532652.289, 2469065.594]","(1471210.204, 2469065.594]","(1386197.064, 2469065.594]","(1232669.378, 2469065.594]",*
1746086.988928609,"(1573337.96, 2469065.594]","(1532652.289, 2469065.594]","(1471210.204, 2469065.594]","(1386197.064, 2469065.594]","(1232669.378, 2469065.594]",*
1747004.582759027,"(1573337.96, 2469065.594]","(1532652.289, 2469065.594]","(1471210.204, 2469065.594]","(1386197.064, 2469065.594]","(1232669.378, 2469065.594]",*
1747244.8633075694,"(1573337.96, 2469065.594]","(1532652.289, 2469065.594]","(1471210.204, 2469065.594]","(1386197.064, 2469065.594]","(1232669.378, 2469065.594]",*
1747911.4958528914,"(1573337.96, 2469065.594]","(1532652.289, 2469065.594]","(1471210.204, 2469065.594]","(1386197.064, 2469065.594]","(1232669.378, 2469065.594]",*
1748474.694094093,"(1573337.96, 2469065.594]","(1532652.289, 2469065.594]","(1471210.204, 2469065.594]","(1386197.064, 2469065.594]","(1232669.378, 2469065.594]",*
1748782.8086400446,"(1573337.96, 2469065.594]","(1532652.289, 2469065.594]","(1471210.204, 2469065.594]","(1386197.064, 2469065.594]","(1232669.378, 2469065.594]",*
1748864.714526891,"(1573337.96, 2469065.594]","(1532652.289, 2469065.594]","(1471210.204, 2469065.594]","(1386197.064, 2469065.594]","(1232669.378, 2469065.594]",*
1749820.0141306592,"(1573337.96, 2469065.594]","(1532652.289, 2469065.594]","(1471210.204, 2469065.594]","(1386197.064, 2469065.594]","(1232669.378, 2469065.594]",*
1750908.224237398,"(1573337.96, 2469065.594]","(1532652.289, 2469065.594]","(1471210.204, 2469065.594]","(1386197.064, 2469065.594]","(1232669.378, 2469065.594]",*
1752112.6041630888,"(1573337.96, 2469065.594]","(1532652.289, 2469065.594]","(1471210.204, 2469065.594]","(1386197.064, 2469065.594]","(1232669.378, 2469065.594]",*
1752594.8209582944,"(1573337.96, 2469065.594]","(1532652.289, 2469065.594]","(1471210.204, 2469065.594]","(1386197.064, 2469065.594]","(1232669.378, 2469065.594]",*
1752967.6049068572,"(1573337.96, 2469065.594]","(1532652.289, 2469065.594]","(1471210.204, 2469065.594]","(1386197.064, 2469065.594]","(1232669.378, 2469065.594]",*
1753427.936789499,"(1573337.96, 2469065.594]","(1532652.289, 2469065.594]","(1471210.204, 2469065.594]","(1386197.064, 2469065.594]","(1232669.378, 2469065.594]",*
1753820.6224521047,"(1573337.96, 2469065.594]","(1532652.289, 2469065.594]","(1471210.204, 2469065.594]","(1386197.064, 2469065.594]","(1232669.378, 2469065.594]",*
1753967.4765968325,"(1573337.96, 2469065.594]","(1532652.289, 2469065.594]","(1471210.204, 2469065.594]","(1386197.064, 2469065.594]","(1232669.378, 2469065.594]",*
1754576.1455501278,"(1573337.96, 2469065.594]","(1532652.289, 2469065.594]","(1471210.204, 2469065.594]","(1386197.064, 2469065.594]","(1232669.378, 2469065.594]",*
1754770.5902068643,"(1573337.96, 2469065.594]","(1532652.289, 2469065.594]","(1471210.204, 2469065.594]","(1386197.064, 2469065.594]","(1232669.378, 2469065.594]",*
1754866.3954783296,"(1573337.96, 2469065.594]","(1532652.289, 2469065.594]","(1471210.204, 2469065.594]","(1386197.064, 2469065.594]","(1232669.378, 2469065.594]",*
1754937.7154157576,"(1573337.96, 2469065.594]","(1532652.289, 2469065.594]","(1471210.204, 2469065.594]","(1386197.064, 2469065.594]","(1232669.378, 2469065.594]",*
1754969.16194479,"(1573337.96, 2469065.594]","(1532652.289, 2469065.594]","(1471210.204, 2469065.594]","(1386197.064, 2469065.594]","(1232669.378, 2469065.594]",*
1757395.7872397113,"(1573337.96, 2469065.594]","(1532652.289, 2469065.594]","(1471210.204, 2469065.594]","(1386197.064, 2469065.594]","(1232669.378, 2469065.594]",*
1759180.0436353062,"(1573337.96, 2469065.594]","(1532652.289, 2469065.594]","(1471210.204, 2469065.594]","(1386197.064, 2469065.594]","(1232669.378, 2469065.594]",*
1760734.690364014,"(1573337.96, 2469065.594]","(1532652.289, 2469065.594]","(1471210.204, 2469065.594]","(1386197.064, 2469065.594]","(1232669.378, 2469065.594]",*
1760880.447507333,"(1573337.96, 2469065.594]","(1532652.289, 2469065.594]","(1471210.204, 2469065.594]","(1386197.064, 2469065.594]","(1232669.378, 2469065.594]",*
1761924.103655319,"(1573337.96, 2469065.594]","(1532652.289, 2469065.594]","(1471210.204, 2469065.594]","(1386197.064, 2469065.594]","(1232669.378, 2469065.594]",*
1761960.5686365997,"(1573337.96, 2469065.594]","(1532652.289, 2469065.594]","(1471210.204, 2469065.594]","(1386197.064, 2469065.594]","(1232669.378, 2469065.594]",*
1762214.6795818857,"(1573337.96, 2469065.594]","(1532652.289, 2469065.594]","(1471210.204, 2469065.594]","(1386197.064, 2469065.594]","(1232669.378, 2469065.594]",*
1765281.0932294582,"(1573337.96, 2469065.594]","(1532652.289, 2469065.594]","(1471210.204, 2469065.594]","(1386197.064, 2469065.594]","(1232669.378, 2469065.594]",*
1765352.365907112,"(1573337.96, 2469065.594]","(1532652.289, 2469065.594]","(1471210.204, 2469065.594]","(1386197.064, 2469065.594]","(1232669.378, 2469065.594]",*
1765809.432066297,"(1573337.96, 2469065.594]","(1532652.289, 2469065.594]","(1471210.204, 2469065.594]","(1386197.064, 2469065.594]","(1232669.378, 2469065.594]",*
1765988.2635372104,"(1573337.96, 2469065.594]","(1532652.289, 2469065.594]","(1471210.204, 2469065.594]","(1386197.064, 2469065.594]","(1232669.378, 2469065.594]",*
1766248.403252482,"(1573337.96, 2469065.594]","(1532652.289, 2469065.594]","(1471210.204, 2469065.594]","(1386197.064, 2469065.594]","(1232669.378, 2469065.594]",*
1767330.9341487384,"(1573337.96, 2469065.594]","(1532652.289, 2469065.594]","(1471210.204, 2469065.594]","(1386197.064, 2469065.594]","(1232669.378, 2469065.594]",*
1767399.2899479496,"(1573337.96, 2469065.594]","(1532652.289, 2469065.594]","(1471210.204, 2469065.594]","(1386197.064, 2469065.594]","(1232669.378, 2469065.594]",*
1768036.3340765317,"(1573337.96, 2469065.594]","(1532652.289, 2469065.594]","(1471210.204, 2469065.594]","(1386197.064, 2469065.594]","(1232669.378, 2469065.594]",*
1768705.125279147,"(1573337.96, 2469065.594]","(1532652.289, 2469065.594]","(1471210.204, 2469065.594]","(1386197.064, 2469065.594]","(1232669.378, 2469065.594]",*
1769484.8931096962,"(1573337.96, 2469065.594]","(1532652.289, 2469065.594]","(1471210.204, 2469065.594]","(1386197.064, 2469065.594]","(1232669.378, 2469065.594]",*
1770372.1753440455,"(1573337.96, 2469065.594]","(1532652.289, 2469065.594]","(1471210.204, 2469065.594]","(1386197.064, 2469065.594]","(1232669.378, 2469065.594]",*
1770616.9299354246,"(1573337.96, 2469065.594]","(1532652.289, 2469065.594]","(1471210.204, 2469065.594]","(1386197.064, 2469065.594]","(1232669.378, 2469065.594]",*
1770681.1324528973,"(1573337.96, 2469065.594]","(1532652.289, 2469065.594]","(1471210.204, 2469065.594]","(1386197.064, 2469065.594]","(1232669.378, 2469065.594]",*
1771036.9245198532,"(1573337.96, 2469065.594]","(1532652.289, 2469065.594]","(1471210.204, 2469065.594]","(1386197.064, 2469065.594]","(1232669.378, 2469065.594]",*
1772390.553273201,"(1573337.96, 2469065.594]","(1532652.289, 2469065.594]","(1471210.204, 2469065.594]","(1386197.064, 2469065.594]","(1232669.378, 2469065.594]",*
1772780.1426032828,"(1573337.96, 2469065.594]","(1532652.289, 2469065.594]","(1471210.204, 2469065.594]","(1386197.064, 2469065.594]","(1232669.378, 2469065.594]",*
1774715.4835760146,"(1573337.96, 2469065.594]","(1532652.289, 2469065.594]","(1471210.204, 2469065.594]","(1386197.064, 2469065.594]","(1232669.378, 2469065.594]",*
1775531.403945451,"(1573337.96, 2469065.594]","(1532652.289, 2469065.594]","(1471210.204, 2469065.594]","(1386197.064, 2469065.594]","(1232669.378, 2469065.594]",*
1775874.7601040124,"(1573337.96, 2469065.594]","(1532652.289, 2469065.594]","(1471210.204, 2469065.594]","(1386197.064, 2469065.594]","(1232669.378, 2469065.594]",*
1777009.712149775,"(1573337.96, 2469065.594]","(1532652.289, 2469065.594]","(1471210.204, 2469065.594]","(1386197.064, 2469065.594]","(1232669.378, 2469065.594]",*
1777516.4494720032,"(1573337.96, 2469065.594]","(1532652.289, 2469065.594]","(1471210.204, 2469065.594]","(1386197.064, 2469065.594]","(1232669.378, 2469065.594]",*
1778013.334007159,"(1573337.96, 2469065.594]","(1532652.289, 2469065.594]","(1471210.204, 2469065.594]","(1386197.064, 2469065.594]","(1232669.378, 2469065.594]",*
1778411.664830746,"(1573337.96, 2469065.594]","(1532652.289, 2469065.594]","(1471210.204, 2469065.594]","(1386197.064, 2469065.594]","(1232669.378, 2469065.594]",*
1779858.2742529134,"(1573337.96, 2469065.594]","(1532652.289, 2469065.594]","(1471210.204, 2469065.594]","(1386197.064, 2469065.594]","(1232669.378, 2469065.594]",*
1779874.753762815,"(1573337.96, 2469065.594]","(1532652.289, 2469065.594]","(1471210.204, 2469065.594]","(1386197.064, 2469065.594]","(1232669.378, 2469065.594]",*
1779898.9958791612,"(1573337.96, 2469065.594]","(1532652.289, 2469065.594]","(1471210.204, 2469065.594]","(1386197.064, 2469065.594]","(1232669.378, 2469065.594]",*
1780415.4382910142,"(1573337.96, 2469065.594]","(1532652.289, 2469065.594]","(1471210.204, 2469065.594]","(1386197.064, 2469065.594]","(1232669.378, 2469065.594]",*
1781211.4141488497,"(1573337.96, 2469065.594]","(1532652.289, 2469065.594]","(1471210.204, 2469065.594]","(1386197.064, 2469065.594]","(1232669.378, 2469065.594]",*
1782803.8692421229,"(1573337.96, 2469065.594]","(1532652.289, 2469065.594]","(1471210.204, 2469065.594]","(1386197.064, 2469065.594]","(1232669.378, 2469065.594]",*
1783534.838827364,"(1573337.96, 2469065.594]","(1532652.289, 2469065.594]","(1471210.204, 2469065.594]","(1386197.064, 2469065.594]","(1232669.378, 2469065.594]",*
1784057.8431598432,"(1573337.96, 2469065.594]","(1532652.289, 2469065.594]","(1471210.204, 2469065.594]","(1386197.064, 2469065.594]","(1232669.378, 2469065.594]",*
1784260.8487219375,"(1573337.96, 2469065.594]","(1532652.289, 2469065.594]","(1471210.204, 2469065.594]","(1386197.064, 2469065.594]","(1232669.378, 2469065.594]",*
1785374.2920607603,"(1573337.96, 2469065.594]","(1532652.289, 2469065.594]","(1471210.204, 2469065.594]","(1386197.064, 2469065.594]","(1232669.378, 2469065.594]",*
1785449.7201678944,"(1573337.96, 2469065.594]","(1532652.289, 2469065.594]","(1471210.204, 2469065.594]","(1386197.064, 2469065.594]","(1232669.378, 2469065.594]",*
1786085.7505429988,"(1573337.96, 2469065.594]","(1532652.289, 2469065.594]","(1471210.204, 2469065.594]","(1386197.064, 2469065.594]","(1232669.378, 2469065.594]",*
1787324.5057527546,"(1573337.96, 2469065.594]","(1532652.289, 2469065.594]","(1471210.204, 2469065.594]","(1386197.064, 2469065.594]","(1232669.378, 2469065.594]",*
1788285.2389932962,"(1573337.96, 2469065.594]","(1532652.289, 2469065.594]","(1471210.204, 2469065.594]","(1386197.064, 2469065.594]","(1232669.378, 2469065.594]",*
1788515.8176129346,"(1573337.96, 2469065.594]","(1532652.289, 2469065.594]","(1471210.204, 2469065.594]","(1386197.064, 2469065.594]","(1232669.378, 2469065.594]",*
1788786.455834884,"(1573337.96, 2469065.594]","(1532652.289, 2469065.594]","(1471210.204, 2469065.594]","(1386197.064, 2469065.594]","(1232669.378, 2469065.594]",*
1788829.235051204,"(1573337.96, 2469065.594]","(1532652.289, 2469065.594]","(1471210.204, 2469065.594]","(1386197.064, 2469065.594]","(1232669.378, 2469065.594]",*
1789098.5206914945,"(1573337.96, 2469065.594]","(1532652.289, 2469065.594]","(1471210.204, 2469065.594]","(1386197.064, 2469065.594]","(1232669.378, 2469065.594]",*
1789334.8514812705,"(1573337.96, 2469065.594]","(1532652.289, 2469065.594]","(1471210.204, 2469065.594]","(1386197.064, 2469065.594]","(1232669.378, 2469065.594]",*
1789607.526139889,"(1573337.96, 2469065.594]","(1532652.289, 2469065.594]","(1471210.204, 2469065.594]","(1386197.064, 2469065.594]","(1232669.378, 2469065.594]",*
1789973.2052019918,"(1573337.96, 2469065.594]","(1532652.289, 2469065.594]","(1471210.204, 2469065.594]","(1386197.064, 2469065.594]","(1232669.378, 2469065.594]",*
1789999.443861395,"(1573337.96, 2469065.594]","(1532652.289, 2469065.594]","(1471210.204, 2469065.594]","(1386197.064, 2469065.594]","(1232669.378, 2469065.594]",*
1791307.2410970302,"(1573337.96, 2469065.594]","(1532652.289, 2469065.594]","(1471210.204, 2469065.594]","(1386197.064, 2469065.594]","(1232669.378, 2469065.594]",*
1791771.2892400357,"(1573337.96, 2469065.594]","(1532652.289, 2469065.594]","(1471210.204, 2469065.594]","(1386197.064, 2469065.594]","(1232669.378, 2469065.594]",*
1792254.8180047118,"(1573337.96, 2469065.594]","(1532652.289, 2469065.594]","(1471210.204, 2469065.594]","(1386197.064, 2469065.594]","(1232669.378, 2469065.594]",*
1792368.627274575,"(1573337.96, 2469065.594]","(1532652.289, 2469065.594]","(1471210.204, 2469065.594]","(1386197.064, 2469065.594]","(1232669.378, 2469065.594]",*
1792753.4995637876,"(1573337.96, 2469065.594]","(1532652.289, 2469065.594]","(1471210.204, 2469065.594]","(1386197.064, 2469065.594]","(1232669.378, 2469065.594]",*
1793398.718379665,"(1573337.96, 2469065.594]","(1532652.289, 2469065.594]","(1471210.204, 2469065.594]","(1386197.064, 2469065.594]","(1232669.378, 2469065.594]",*
1794014.297854993,"(1573337.96, 2469065.594]","(1532652.289, 2469065.594]","(1471210.204, 2469065.594]","(1386197.064, 2469065.594]","(1232669.378, 2469065.594]",*
1794212.185766711,"(1573337.96, 2469065.594]","(1532652.289, 2469065.594]","(1471210.204, 2469065.594]","(1386197.064, 2469065.594]","(1232669.378, 2469065.594]",*
1794214.424742461,"(1573337.96, 2469065.594]","(1532652.289, 2469065.594]","(1471210.204, 2469065.594]","(1386197.064, 2469065.594]","(1232669.378, 2469065.594]",*
1795093.0340089437,"(1573337.96, 2469065.594]","(1532652.289, 2469065.594]","(1471210.204, 2469065.594]","(1386197.064, 2469065.594]","(1232669.378, 2469065.594]",*
1795222.73568574,"(1573337.96, 2469065.594]","(1532652.289, 2469065.594]","(1471210.204, 2469065.594]","(1386197.064, 2469065.594]","(1232669.378, 2469065.594]",*
1795428.7743897976,"(1573337.96, 2469065.594]","(1532652.289, 2469065.594]","(1471210.204, 2469065.594]","(1386197.064, 2469065.594]","(1232669.378, 2469065.594]",*
1795445.897701184,"(1573337.96, 2469065.594]","(1532652.289, 2469065.594]","(1471210.204, 2469065.594]","(1386197.064, 2469065.594]","(1232669.378, 2469065.594]",*
1795630.9127150138,"(1573337.96, 2469065.594]","(1532652.289, 2469065.594]","(1471210.204, 2469065.594]","(1386197.064, 2469065.594]","(1232669.378, 2469065.594]",*
1796009.5040461638,"(1573337.96, 2469065.594]","(1532652.289, 2469065.594]","(1471210.204, 2469065.594]","(1386197.064, 2469065.594]","(1232669.378, 2469065.594]",*
1796245.8079055634,"(1573337.96, 2469065.594]","(1532652.289, 2469065.594]","(1471210.204, 2469065.594]","(1386197.064, 2469065.594]","(1232669.378, 2469065.594]",*
1796531.9032657258,"(1573337.96, 2469065.594]","(1532652.289, 2469065.594]","(1471210.204, 2469065.594]","(1386197.064, 2469065.594]","(1232669.378, 2469065.594]",*
1797105.1029608748,"(1573337.96, 2469065.594]","(1532652.289, 2469065.594]","(1471210.204, 2469065.594]","(1386197.064, 2469065.594]","(1232669.378, 2469065.594]",*
1797621.220436095,"(1573337.96, 2469065.594]","(1532652.289, 2469065.594]","(1471210.204, 2469065.594]","(1386197.064, 2469065.594]","(1232669.378, 2469065.594]",*
1798232.8027843037,"(1573337.96, 2469065.594]","(1532652.289, 2469065.594]","(1471210.204, 2469065.594]","(1386197.064, 2469065.594]","(1232669.378, 2469065.594]",*
1798521.604522182,"(1573337.96, 2469065.594]","(1532652.289, 2469065.594]","(1471210.204, 2469065.594]","(1386197.064, 2469065.594]","(1232669.378, 2469065.594]",*
1798927.0976443526,"(1573337.96, 2469065.594]","(1532652.289, 2469065.594]","(1471210.204, 2469065.594]","(1386197.064, 2469065.594]","(1232669.378, 2469065.594]",*
1799455.4060927469,"(1573337.96, 2469065.594]","(1532652.289, 2469065.594]","(1471210.204, 2469065.594]","(1386197.064, 2469065.594]","(1232669.378, 2469065.594]",*
1799827.2201704425,"(1573337.96, 2469065.594]","(1532652.289, 2469065.594]","(1471210.204, 2469065.594]","(1386197.064, 2469065.594]","(1232669.378, 2469065.594]",*
1800685.9224889183,"(1573337.96, 2469065.594]","(1532652.289, 2469065.594]","(1471210.204, 2469065.594]","(1386197.064, 2469065.594]","(1232669.378, 2469065.594]",*
1801916.3455730728,"(1573337.96, 2469065.594]","(1532652.289, 2469065.594]","(1471210.204, 2469065.594]","(1386197.064, 2469065.594]","(1232669.378, 2469065.594]",*
1802294.2888986613,"(1573337.96, 2469065.594]","(1532652.289, 2469065.594]","(1471210.204, 2469065.594]","(1386197.064, 2469065.594]","(1232669.378, 2469065.594]",*
1804243.860448444,"(1573337.96, 2469065.594]","(1532652.289, 2469065.594]","(1471210.204, 2469065.594]","(1386197.064, 2469065.594]","(1232669.378, 2469065.594]",*
1805502.3400291663,"(1573337.96, 2469065.594]","(1532652.289, 2469065.594]","(1471210.204, 2469065.594]","(1386197.064, 2469065.594]","(1232669.378, 2469065.594]",*
1806231.4517589563,"(1573337.96, 2469065.594]","(1532652.289, 2469065.594]","(1471210.204, 2469065.594]","(1386197.064, 2469065.594]","(1232669.378, 2469065.594]",*
1808341.465666734,"(1573337.96, 2469065.594]","(1532652.289, 2469065.594]","(1471210.204, 2469065.594]","(1386197.064, 2469065.594]","(1232669.378, 2469065.594]",*
1809154.2893631735,"(1573337.96, 2469065.594]","(1532652.289, 2469065.594]","(1471210.204, 2469065.594]","(1386197.064, 2469065.594]","(1232669.378, 2469065.594]",*
1810158.486708856,"(1573337.96, 2469065.594]","(1532652.289, 2469065.594]","(1471210.204, 2469065.594]","(1386197.064, 2469065.594]","(1232669.378, 2469065.594]",*
1810561.174576195,"(1573337.96, 2469065.594]","(1532652.289, 2469065.594]","(1471210.204, 2469065.594]","(1386197.064, 2469065.594]","(1232669.378, 2469065.594]",*
1810782.4134547503,"(1573337.96, 2469065.594]","(1532652.289, 2469065.594]","(1471210.204, 2469065.594]","(1386197.064, 2469065.594]","(1232669.378, 2469065.594]",*
1811265.5232156063,"(1573337.96, 2469065.594]","(1532652.289, 2469065.594]","(1471210.204, 2469065.594]","(1386197.064, 2469065.594]","(1232669.378, 2469065.594]",*
1811377.22137966,"(1573337.96, 2469065.594]","(1532652.289, 2469065.594]","(1471210.204, 2469065.594]","(1386197.064, 2469065.594]","(1232669.378, 2469065.594]",*
1812209.1366168251,"(1573337.96, 2469065.594]","(1532652.289, 2469065.594]","(1471210.204, 2469065.594]","(1386197.064, 2469065.594]","(1232669.378, 2469065.594]",*
1812765.9573904253,"(1573337.96, 2469065.594]","(1532652.289, 2469065.594]","(1471210.204, 2469065.594]","(1386197.064, 2469065.594]","(1232669.378, 2469065.594]",*
1812960.4083440755,"(1573337.96, 2469065.594]","(1532652.289, 2469065.594]","(1471210.204, 2469065.594]","(1386197.064, 2469065.594]","(1232669.378, 2469065.594]",*
1813043.926135564,"(1573337.96, 2469065.594]","(1532652.289, 2469065.594]","(1471210.204, 2469065.594]","(1386197.064, 2469065.594]","(1232669.378, 2469065.594]",*
1813555.3299392925,"(1573337.96, 2469065.594]","(1532652.289, 2469065.594]","(1471210.204, 2469065.594]","(1386197.064, 2469065.594]","(1232669.378, 2469065.594]",*
1813856.3141206936,"(1573337.96, 2469065.594]","(1532652.289, 2469065.594]","(1471210.204, 2469065.594]","(1386197.064, 2469065.594]","(1232669.378, 2469065.594]",*
1813857.826361287,"(1573337.96, 2469065.594]","(1532652.289, 2469065.594]","(1471210.204, 2469065.594]","(1386197.064, 2469065.594]","(1232669.378, 2469065.594]",*
1813996.9333129849,"(1573337.96, 2469065.594]","(1532652.289, 2469065.594]","(1471210.204, 2469065.594]","(1386197.064, 2469065.594]","(1232669.378, 2469065.594]",*
1814462.3505011608,"(1573337.96, 2469065.594]","(1532652.289, 2469065.594]","(1471210.204, 2469065.594]","(1386197.064, 2469065.594]","(1232669.378, 2469065.594]",*
1814550.9014238769,"(1573337.96, 2469065.594]","(1532652.289, 2469065.594]","(1471210.204, 2469065.594]","(1386197.064, 2469065.594]","(1232669.378, 2469065.594]",*
1814855.154882529,"(1573337.96, 2469065.594]","(1532652.289, 2469065.594]","(1471210.204, 2469065.594]","(1386197.064, 2469065.594]","(1232669.378, 2469065.594]",*
1815809.621442141,"(1573337.96, 2469065.594]","(1532652.289, 2469065.594]","(1471210.204, 2469065.594]","(1386197.064, 2469065.594]","(1232669.378, 2469065.594]",*
1815920.449805418,"(1573337.96, 2469065.594]","(1532652.289, 2469065.594]","(1471210.204, 2469065.594]","(1386197.064, 2469065.594]","(1232669.378, 2469065.594]",*
1816099.1378394717,"(1573337.96, 2469065.594]","(1532652.289, 2469065.594]","(1471210.204, 2469065.594]","(1386197.064, 2469065.594]","(1232669.378, 2469065.594]",*
1816152.2669641247,"(1573337.96, 2469065.594]","(1532652.289, 2469065.594]","(1471210.204, 2469065.594]","(1386197.064, 2469065.594]","(1232669.378, 2469065.594]",*
1816217.0069766769,"(1573337.96, 2469065.594]","(1532652.289, 2469065.594]","(1471210.204, 2469065.594]","(1386197.064, 2469065.594]","(1232669.378, 2469065.594]",*
1817188.450990874,"(1573337.96, 2469065.594]","(1532652.289, 2469065.594]","(1471210.204, 2469065.594]","(1386197.064, 2469065.594]","(1232669.378, 2469065.594]",*
1817829.5296757591,"(1573337.96, 2469065.594]","(1532652.289, 2469065.594]","(1471210.204, 2469065.594]","(1386197.064, 2469065.594]","(1232669.378, 2469065.594]",*
1819900.6366437145,"(1573337.96, 2469065.594]","(1532652.289, 2469065.594]","(1471210.204, 2469065.594]","(1386197.064, 2469065.594]","(1232669.378, 2469065.594]",*
1820189.5328040929,"(1573337.96, 2469065.594]","(1532652.289, 2469065.594]","(1471210.204, 2469065.594]","(1386197.064, 2469065.594]","(1232669.378, 2469065.594]",*
1820439.3529108851,"(1573337.96, 2469065.594]","(1532652.289, 2469065.594]","(1471210.204, 2469065.594]","(1386197.064, 2469065.594]","(1232669.378, 2469065.594]",*
1820595.367235552,"(1573337.96, 2469065.594]","(1532652.289, 2469065.594]","(1471210.204, 2469065.594]","(1386197.064, 2469065.594]","(1232669.378, 2469065.594]",*
1820981.2191220296,"(1573337.96, 2469065.594]","(1532652.289, 2469065.594]","(1471210.204, 2469065.594]","(1386197.064, 2469065.594]","(1232669.378, 2469065.594]",*
1822438.419904841,"(1573337.96, 2469065.594]","(1532652.289, 2469065.594]","(1471210.204, 2469065.594]","(1386197.064, 2469065.594]","(1232669.378, 2469065.594]",*
1822448.616550664,"(1573337.96, 2469065.594]","(1532652.289, 2469065.594]","(1471210.204, 2469065.594]","(1386197.064, 2469065.594]","(1232669.378, 2469065.594]",*
1822987.8197245805,"(1573337.96, 2469065.594]","(1532652.289, 2469065.594]","(1471210.204, 2469065.594]","(1386197.064, 2469065.594]","(1232669.378, 2469065.594]",*
1823498.406876208,"(1573337.96, 2469065.594]","(1532652.289, 2469065.594]","(1471210.204, 2469065.594]","(1386197.064, 2469065.594]","(1232669.378, 2469065.594]",*
1824987.706251756,"(1573337.96, 2469065.594]","(1532652.289, 2469065.594]","(1471210.204, 2469065.594]","(1386197.064, 2469065.594]","(1232669.378, 2469065.594]",*
1825071.452252544,"(1573337.96, 2469065.594]","(1532652.289, 2469065.594]","(1471210.204, 2469065.594]","(1386197.064, 2469065.594]","(1232669.378, 2469065.594]",*
1825858.2550705376,"(1573337.96, 2469065.594]","(1532652.289, 2469065.594]","(1471210.204, 2469065.594]","(1386197.064, 2469065.594]","(1232669.378, 2469065.594]",*
1826821.6156373736,"(1573337.96, 2469065.594]","(1532652.289, 2469065.594]","(1471210.204, 2469065.594]","(1386197.064, 2469065.594]","(1232669.378, 2469065.594]",*
1827476.1960615185,"(1573337.96, 2469065.594]","(1532652.289, 2469065.594]","(1471210.204, 2469065.594]","(1386197.064, 2469065.594]","(1232669.378, 2469065.594]",*
1827500.8917075216,"(1573337.96, 2469065.594]","(1532652.289, 2469065.594]","(1471210.204, 2469065.594]","(1386197.064, 2469065.594]","(1232669.378, 2469065.594]",*
1827899.1856764853,"(1573337.96, 2469065.594]","(1532652.289, 2469065.594]","(1471210.204, 2469065.594]","(1386197.064, 2469065.594]","(1232669.378, 2469065.594]",*
1829101.5494831984,"(1573337.96, 2469065.594]","(1532652.289, 2469065.594]","(1471210.204, 2469065.594]","(1386197.064, 2469065.594]","(1232669.378, 2469065.594]",*
1832230.092736465,"(1573337.96, 2469065.594]","(1532652.289, 2469065.594]","(1471210.204, 2469065.594]","(1386197.064, 2469065.594]","(1232669.378, 2469065.594]",*
1833208.5791579715,"(1573337.96, 2469065.594]","(1532652.289, 2469065.594]","(1471210.204, 2469065.594]","(1386197.064, 2469065.594]","(1232669.378, 2469065.594]",*
1835564.6892077709,"(1573337.96, 2469065.594]","(1532652.289, 2469065.594]","(1471210.204, 2469065.594]","(1386197.064, 2469065.594]","(1232669.378, 2469065.594]",*
1836419.6406684609,"(1573337.96, 2469065.594]","(1532652.289, 2469065.594]","(1471210.204, 2469065.594]","(1386197.064, 2469065.594]","(1232669.378, 2469065.594]",*
1836978.483060492,"(1573337.96, 2469065.594]","(1532652.289, 2469065.594]","(1471210.204, 2469065.594]","(1386197.064, 2469065.594]","(1232669.378, 2469065.594]",*
1837930.8009415872,"(1573337.96, 2469065.594]","(1532652.289, 2469065.594]","(1471210.204, 2469065.594]","(1386197.064, 2469065.594]","(1232669.378, 2469065.594]",*
1838092.102498864,"(1573337.96, 2469065.594]","(1532652.289, 2469065.594]","(1471210.204, 2469065.594]","(1386197.064, 2469065.594]","(1232669.378, 2469065.594]",*
1838503.9942718488,"(1573337.96, 2469065.594]","(1532652.289, 2469065.594]","(1471210.204, 2469065.594]","(1386197.064, 2469065.594]","(1232669.378, 2469065.594]",*
1838984.4397883944,"(1573337.96, 2469065.594]","(1532652.289, 2469065.594]","(1471210.204, 2469065.594]","(1386197.064, 2469065.594]","(1232669.378, 2469065.594]",*
1840236.005802689,"(1573337.96, 2469065.594]","(1532652.289, 2469065.594]","(1471210.204, 2469065.594]","(1386197.064, 2469065.594]","(1232669.378, 2469065.594]",*
1841495.5078848747,"(1573337.96, 2469065.594]","(1532652.289, 2469065.594]","(1471210.204, 2469065.594]","(1386197.064, 2469065.594]","(1232669.378, 2469065.594]",*
1841904.2432740403,"(1573337.96, 2469065.594]","(1532652.289, 2469065.594]","(1471210.204, 2469065.594]","(1386197.064, 2469065.594]","(1232669.378, 2469065.594]",*
1842065.952753089,"(1573337.96, 2469065.594]","(1532652.289, 2469065.594]","(1471210.204, 2469065.594]","(1386197.064, 2469065.594]","(1232669.378, 2469065.594]",*
1842736.247174529,"(1573337.96, 2469065.594]","(1532652.289, 2469065.594]","(1471210.204, 2469065.594]","(1386197.064, 2469065.594]","(1232669.378, 2469065.594]",*
1843720.6478657,"(1573337.96, 2469065.594]","(1532652.289, 2469065.594]","(1471210.204, 2469065.594]","(1386197.064, 2469065.594]","(1232669.378, 2469065.594]",*
1843979.3043240043,"(1573337.96, 2469065.594]","(1532652.289, 2469065.594]","(1471210.204, 2469065.594]","(1386197.064, 2469065.594]","(1232669.378, 2469065.594]",*
1844929.155576244,"(1573337.96, 2469065.594]","(1532652.289, 2469065.594]","(1471210.204, 2469065.594]","(1386197.064, 2469065.594]","(1232669.378, 2469065.594]",*
1845325.3567773984,"(1573337.96, 2469065.594]","(1532652.289, 2469065.594]","(1471210.204, 2469065.594]","(1386197.064, 2469065.594]","(1232669.378, 2469065.594]",*
1845630.0708228927,"(1573337.96, 2469065.594]","(1532652.289, 2469065.594]","(1471210.204, 2469065.594]","(1386197.064, 2469065.594]","(1232669.378, 2469065.594]",*
1846350.0200436213,"(1573337.96, 2469065.594]","(1532652.289, 2469065.594]","(1471210.204, 2469065.594]","(1386197.064, 2469065.594]","(1232669.378, 2469065.594]",*
1848511.108160001,"(1573337.96, 2469065.594]","(1532652.289, 2469065.594]","(1471210.204, 2469065.594]","(1386197.064, 2469065.594]","(1232669.378, 2469065.594]",*
1848633.7242772905,"(1573337.96, 2469065.594]","(1532652.289, 2469065.594]","(1471210.204, 2469065.594]","(1386197.064, 2469065.594]","(1232669.378, 2469065.594]",*
1850513.52744405,"(1573337.96, 2469065.594]","(1532652.289, 2469065.594]","(1471210.204, 2469065.594]","(1386197.064, 2469065.594]","(1232669.378, 2469065.594]",*
1850525.5729962275,"(1573337.96, 2469065.594]","(1532652.289, 2469065.594]","(1471210.204, 2469065.594]","(1386197.064, 2469065.594]","(1232669.378, 2469065.594]",*
1851065.496877768,"(1573337.96, 2469065.594]","(1532652.289, 2469065.594]","(1471210.204, 2469065.594]","(1386197.064, 2469065.594]","(1232669.378, 2469065.594]",*
1851575.8675786168,"(1573337.96, 2469065.594]","(1532652.289, 2469065.594]","(1471210.204, 2469065.594]","(1386197.064, 2469065.594]","(1232669.378, 2469065.594]",*
1852338.4692459644,"(1573337.96, 2469065.594]","(1532652.289, 2469065.594]","(1471210.204, 2469065.594]","(1386197.064, 2469065.594]","(1232669.378, 2469065.594]",*
1852375.50677484,"(1573337.96, 2469065.594]","(1532652.289, 2469065.594]","(1471210.204, 2469065.594]","(1386197.064, 2469065.594]","(1232669.378, 2469065.594]",*
1852584.5230133252,"(1573337.96, 2469065.594]","(1532652.289, 2469065.594]","(1471210.204, 2469065.594]","(1386197.064, 2469065.594]","(1232669.378, 2469065.594]",*
1856211.350359604,"(1573337.96, 2469065.594]","(1532652.289, 2469065.594]","(1471210.204, 2469065.594]","(1386197.064, 2469065.594]","(1232669.378, 2469065.594]",*
1856782.7829208511,"(1573337.96, 2469065.594]","(1532652.289, 2469065.594]","(1471210.204, 2469065.594]","(1386197.064, 2469065.594]","(1232669.378, 2469065.594]",*
1859160.6253592009,"(1573337.96, 2469065.594]","(1532652.289, 2469065.594]","(1471210.204, 2469065.594]","(1386197.064, 2469065.594]","(1232669.378, 2469065.594]",*
1859883.6612404825,"(1573337.96, 2469065.594]","(1532652.289, 2469065.594]","(1471210.204, 2469065.594]","(1386197.064, 2469065.594]","(1232669.378, 2469065.594]",*
1860358.468312067,"(1573337.96, 2469065.594]","(1532652.289, 2469065.594]","(1471210.204, 2469065.594]","(1386197.064, 2469065.594]","(1232669.378, 2469065.594]",*
1860648.7452876344,"(1573337.96, 2469065.594]","(1532652.289, 2469065.594]","(1471210.204, 2469065.594]","(1386197.064, 2469065.594]","(1232669.378, 2469065.594]",*
1860681.9470210185,"(1573337.96, 2469065.594]","(1532652.289, 2469065.594]","(1471210.204, 2469065.594]","(1386197.064, 2469065.594]","(1232669.378, 2469065.594]",*
1864670.0740690704,"(1573337.96, 2469065.594]","(1532652.289, 2469065.594]","(1471210.204, 2469065.594]","(1386197.064, 2469065.594]","(1232669.378, 2469065.594]",*
1865071.409637264,"(1573337.96, 2469065.594]","(1532652.289, 2469065.594]","(1471210.204, 2469065.594]","(1386197.064, 2469065.594]","(1232669.378, 2469065.594]",*
1866035.4149757065,"(1573337.96, 2469065.594]","(1532652.289, 2469065.594]","(1471210.204, 2469065.594]","(1386197.064, 2469065.594]","(1232669.378, 2469065.594]",*
1867050.5361289831,"(1573337.96, 2469065.594]","(1532652.289, 2469065.594]","(1471210.204, 2469065.594]","(1386197.064, 2469065.594]","(1232669.378, 2469065.594]",*
1869113.6110749368,"(1573337.96, 2469065.594]","(1532652.289, 2469065.594]","(1471210.204, 2469065.594]","(1386197.064, 2469065.594]","(1232669.378, 2469065.594]",*
1869313.1069877336,"(1573337.96, 2469065.594]","(1532652.289, 2469065.594]","(1471210.204, 2469065.594]","(1386197.064, 2469065.594]","(1232669.378, 2469065.594]",*
1869886.305262404,"(1573337.96, 2469065.594]","(1532652.289, 2469065.594]","(1471210.204, 2469065.594]","(1386197.064, 2469065.594]","(1232669.378, 2469065.594]",*
1869929.20180342,"(1573337.96, 2469065.594]","(1532652.289, 2469065.594]","(1471210.204, 2469065.594]","(1386197.064, 2469065.594]","(1232669.378, 2469065.594]",*
1872191.5481572845,"(1573337.96, 2469065.594]","(1532652.289, 2469065.594]","(1471210.204, 2469065.594]","(1386197.064, 2469065.594]","(1232669.378, 2469065.594]",*
1874415.1070496887,"(1573337.96, 2469065.594]","(1532652.289, 2469065.594]","(1471210.204, 2469065.594]","(1386197.064, 2469065.594]","(1232669.378, 2469065.594]",*
1874895.6015691112,"(1573337.96, 2469065.594]","(1532652.289, 2469065.594]","(1471210.204, 2469065.594]","(1386197.064, 2469065.594]","(1232669.378, 2469065.594]",*
1876497.2688775952,"(1573337.96, 2469065.594]","(1532652.289, 2469065.594]","(1471210.204, 2469065.594]","(1386197.064, 2469065.594]","(1232669.378, 2469065.594]",*
1876746.4866277915,"(1573337.96, 2469065.594]","(1532652.289, 2469065.594]","(1471210.204, 2469065.594]","(1386197.064, 2469065.594]","(1232669.378, 2469065.594]",*
1877073.574771984,"(1573337.96, 2469065.594]","(1532652.289, 2469065.594]","(1471210.204, 2469065.594]","(1386197.064, 2469065.594]","(1232669.378, 2469065.594]",*
1877268.7500216227,"(1573337.96, 2469065.594]","(1532652.289, 2469065.594]","(1471210.204, 2469065.594]","(1386197.064, 2469065.594]","(1232669.378, 2469065.594]",*
1877402.3197269463,"(1573337.96, 2469065.594]","(1532652.289, 2469065.594]","(1471210.204, 2469065.594]","(1386197.064, 2469065.594]","(1232669.378, 2469065.594]",*
1877941.971423074,"(1573337.96, 2469065.594]","(1532652.289, 2469065.594]","(1471210.204, 2469065.594]","(1386197.064, 2469065.594]","(1232669.378, 2469065.594]",*
1879416.222452312,"(1573337.96, 2469065.594]","(1532652.289, 2469065.594]","(1471210.204, 2469065.594]","(1386197.064, 2469065.594]","(1232669.378, 2469065.594]",*
1879797.719739336,"(1573337.96, 2469065.594]","(1532652.289, 2469065.594]","(1471210.204, 2469065.594]","(1386197.064, 2469065.594]","(1232669.378, 2469065.594]",*
1880127.0624823808,"(1573337.96, 2469065.594]","(1532652.289, 2469065.594]","(1471210.204, 2469065.594]","(1386197.064, 2469065.594]","(1232669.378, 2469065.594]",*
1880178.647341969,"(1573337.96, 2469065.594]","(1532652.289, 2469065.594]","(1471210.204, 2469065.594]","(1386197.064, 2469065.594]","(1232669.378, 2469065.594]",*
1881075.4379420877,"(1573337.96, 2469065.594]","(1532652.289, 2469065.594]","(1471210.204, 2469065.594]","(1386197.064, 2469065.594]","(1232669.378, 2469065.594]",*
1882118.610971276,"(1573337.96, 2469065.594]","(1532652.289, 2469065.594]","(1471210.204, 2469065.594]","(1386197.064, 2469065.594]","(1232669.378, 2469065.594]",*
1882806.934395191,"(1573337.96, 2469065.594]","(1532652.289, 2469065.594]","(1471210.204, 2469065.594]","(1386197.064, 2469065.594]","(1232669.378, 2469065.594]",*
1882978.9004367725,"(1573337.96, 2469065.594]","(1532652.289, 2469065.594]","(1471210.204, 2469065.594]","(1386197.064, 2469065.594]","(1232669.378, 2469065.594]",*
1883082.2763200684,"(1573337.96, 2469065.594]","(1532652.289, 2469065.594]","(1471210.204, 2469065.594]","(1386197.064, 2469065.594]","(1232669.378, 2469065.594]",*
1883469.2435416763,"(1573337.96, 2469065.594]","(1532652.289, 2469065.594]","(1471210.204, 2469065.594]","(1386197.064, 2469065.594]","(1232669.378, 2469065.594]",*
1883481.075479004,"(1573337.96, 2469065.594]","(1532652.289, 2469065.594]","(1471210.204, 2469065.594]","(1386197.064, 2469065.594]","(1232669.378, 2469065.594]",*
1884385.649508617,"(1573337.96, 2469065.594]","(1532652.289, 2469065.594]","(1471210.204, 2469065.594]","(1386197.064, 2469065.594]","(1232669.378, 2469065.594]",*
1884674.2407271257,"(1573337.96, 2469065.594]","(1532652.289, 2469065.594]","(1471210.204, 2469065.594]","(1386197.064, 2469065.594]","(1232669.378, 2469065.594]",*
1887529.3766351675,"(1573337.96, 2469065.594]","(1532652.289, 2469065.594]","(1471210.204, 2469065.594]","(1386197.064, 2469065.594]","(1232669.378, 2469065.594]",*
1890056.385193676,"(1573337.96, 2469065.594]","(1532652.289, 2469065.594]","(1471210.204, 2469065.594]","(1386197.064, 2469065.594]","(1232669.378, 2469065.594]",*
1890789.1767706247,"(1573337.96, 2469065.594]","(1532652.289, 2469065.594]","(1471210.204, 2469065.594]","(1386197.064, 2469065.594]","(1232669.378, 2469065.594]",*
1891398.2558229947,"(1573337.96, 2469065.594]","(1532652.289, 2469065.594]","(1471210.204, 2469065.594]","(1386197.064, 2469065.594]","(1232669.378, 2469065.594]",*
1891949.3478333612,"(1573337.96, 2469065.594]","(1532652.289, 2469065.594]","(1471210.204, 2469065.594]","(1386197.064, 2469065.594]","(1232669.378, 2469065.594]",*
1892623.5459042157,"(1573337.96, 2469065.594]","(1532652.289, 2469065.594]","(1471210.204, 2469065.594]","(1386197.064, 2469065.594]","(1232669.378, 2469065.594]",*
1895361.115383452,"(1573337.96, 2469065.594]","(1532652.289, 2469065.594]","(1471210.204, 2469065.594]","(1386197.064, 2469065.594]","(1232669.378, 2469065.594]",*
1896650.32333935,"(1573337.96, 2469065.594]","(1532652.289, 2469065.594]","(1471210.204, 2469065.594]","(1386197.064, 2469065.594]","(1232669.378, 2469065.594]",*
1898168.6840543696,"(1573337.96, 2469065.594]","(1532652.289, 2469065.594]","(1471210.204, 2469065.594]","(1386197.064, 2469065.594]","(1232669.378, 2469065.594]",*
1898668.843714463,"(1573337.96, 2469065.594]","(1532652.289, 2469065.594]","(1471210.204, 2469065.594]","(1386197.064, 2469065.594]","(1232669.378, 2469065.594]",*
1899136.535400604,"(1573337.96, 2469065.594]","(1532652.289, 2469065.594]","(1471210.204, 2469065.594]","(1386197.064, 2469065.594]","(1232669.378, 2469065.594]",*
1899948.0591423784,"(1573337.96, 2469065.594]","(1532652.289, 2469065.594]","(1471210.204, 2469065.594]","(1386197.064, 2469065.594]","(1232669.378, 2469065.594]",*
1900789.2370148413,"(1573337.96, 2469065.594]","(1532652.289, 2469065.594]","(1471210.204, 2469065.594]","(1386197.064, 2469065.594]","(1232669.378, 2469065.594]",*
1900999.54590532,"(1573337.96, 2469065.594]","(1532652.289, 2469065.594]","(1471210.204, 2469065.594]","(1386197.064, 2469065.594]","(1232669.378, 2469065.594]",*
1902118.6992036744,"(1573337.96, 2469065.594]","(1532652.289, 2469065.594]","(1471210.204, 2469065.594]","(1386197.064, 2469065.594]","(1232669.378, 2469065.594]",*
1902814.526796328,"(1573337.96, 2469065.594]","(1532652.289, 2469065.594]","(1471210.204, 2469065.594]","(1386197.064, 2469065.594]","(1232669.378, 2469065.594]",*
1903533.084349393,"(1573337.96, 2469065.594]","(1532652.289, 2469065.594]","(1471210.204, 2469065.594]","(1386197.064, 2469065.594]","(1232669.378, 2469065.594]",*
1903660.9191608536,"(1573337.96, 2469065.594]","(1532652.289, 2469065.594]","(1471210.204, 2469065.594]","(1386197.064, 2469065.594]","(1232669.378, 2469065.594]",*
1903813.7926587544,"(1573337.96, 2469065.594]","(1532652.289, 2469065.594]","(1471210.204, 2469065.594]","(1386197.064, 2469065.594]","(1232669.378, 2469065.594]",*
1906024.636485015,"(1573337.96, 2469065.594]","(1532652.289, 2469065.594]","(1471210.204, 2469065.594]","(1386197.064, 2469065.594]","(1232669.378, 2469065.594]",*
1907859.0589315053,"(1573337.96, 2469065.594]","(1532652.289, 2469065.594]","(1471210.204, 2469065.594]","(1386197.064, 2469065.594]","(1232669.378, 2469065.594]",*
1910484.642346804,"(1573337.96, 2469065.594]","(1532652.289, 2469065.594]","(1471210.204, 2469065.594]","(1386197.064, 2469065.594]","(1232669.378, 2469065.594]",*
1910585.0524316991,"(1573337.96, 2469065.594]","(1532652.289, 2469065.594]","(1471210.204, 2469065.594]","(1386197.064, 2469065.594]","(1232669.378, 2469065.594]",*
1912825.285217769,"(1573337.96, 2469065.594]","(1532652.289, 2469065.594]","(1471210.204, 2469065.594]","(1386197.064, 2469065.594]","(1232669.378, 2469065.594]",*
1914072.947788136,"(1573337.96, 2469065.594]","(1532652.289, 2469065.594]","(1471210.204, 2469065.594]","(1386197.064, 2469065.594]","(1232669.378, 2469065.594]",*
1914509.5209888024,"(1573337.96, 2469065.594]","(1532652.289, 2469065.594]","(1471210.204, 2469065.594]","(1386197.064, 2469065.594]","(1232669.378, 2469065.594]",*
1914746.582259952,"(1573337.96, 2469065.594]","(1532652.289, 2469065.594]","(1471210.204, 2469065.594]","(1386197.064, 2469065.594]","(1232669.378, 2469065.594]",*
1917583.9986181413,"(1573337.96, 2469065.594]","(1532652.289, 2469065.594]","(1471210.204, 2469065.594]","(1386197.064, 2469065.594]","(1232669.378, 2469065.594]",*
1919053.5269471323,"(1573337.96, 2469065.594]","(1532652.289, 2469065.594]","(1471210.204, 2469065.594]","(1386197.064, 2469065.594]","(1232669.378, 2469065.594]",*
1919693.23049382,"(1573337.96, 2469065.594]","(1532652.289, 2469065.594]","(1471210.204, 2469065.594]","(1386197.064, 2469065.594]","(1232669.378, 2469065.594]",*
1920527.529755651,"(1573337.96, 2469065.594]","(1532652.289, 2469065.594]","(1471210.204, 2469065.594]","(1386197.064, 2469065.594]","(1232669.378, 2469065.594]",*
1921028.5698855328,"(1573337.96, 2469065.594]","(1532652.289, 2469065.594]","(1471210.204, 2469065.594]","(1386197.064, 2469065.594]","(1232669.378, 2469065.594]",*
1922281.305339749,"(1573337.96, 2469065.594]","(1532652.289, 2469065.594]","(1471210.204, 2469065.594]","(1386197.064, 2469065.594]","(1232669.378, 2469065.594]",*
1922406.3829723643,"(1573337.96, 2469065.594]","(1532652.289, 2469065.594]","(1471210.204, 2469065.594]","(1386197.064, 2469065.594]","(1232669.378, 2469065.594]",*
1924155.5815279875,"(1573337.96, 2469065.594]","(1532652.289, 2469065.594]","(1471210.204, 2469065.594]","(1386197.064, 2469065.594]","(1232669.378, 2469065.594]",*
1924561.807179873,"(1573337.96, 2469065.594]","(1532652.289, 2469065.594]","(1471210.204, 2469065.594]","(1386197.064, 2469065.594]","(1232669.378, 2469065.594]",*
1925615.840805491,"(1573337.96, 2469065.594]","(1532652.289, 2469065.594]","(1471210.204, 2469065.594]","(1386197.064, 2469065.594]","(1232669.378, 2469065.594]",*
1928301.7816087927,"(1573337.96, 2469065.594]","(1532652.289, 2469065.594]","(1471210.204, 2469065.594]","(1386197.064, 2469065.594]","(1232669.378, 2469065.594]",*
1928728.7915559376,"(1573337.96, 2469065.594]","(1532652.289, 2469065.594]","(1471210.204, 2469065.594]","(1386197.064, 2469065.594]","(1232669.378, 2469065.594]",*
1930143.831202199,"(1573337.96, 2469065.594]","(1532652.289, 2469065.594]","(1471210.204, 2469065.594]","(1386197.064, 2469065.594]","(1232669.378, 2469065.594]",*
1930344.4489087528,"(1573337.96, 2469065.594]","(1532652.289, 2469065.594]","(1471210.204, 2469065.594]","(1386197.064, 2469065.594]","(1232669.378, 2469065.594]",*
1930802.9189611124,"(1573337.96, 2469065.594]","(1532652.289, 2469065.594]","(1471210.204, 2469065.594]","(1386197.064, 2469065.594]","(1232669.378, 2469065.594]",*
1930805.946694563,"(1573337.96, 2469065.594]","(1532652.289, 2469065.594]","(1471210.204, 2469065.594]","(1386197.064, 2469065.594]","(1232669.378, 2469065.594]",*
1935172.995020192,"(1573337.96, 2469065.594]","(1532652.289, 2469065.594]","(1471210.204, 2469065.594]","(1386197.064, 2469065.594]","(1232669.378, 2469065.594]",*
1935831.0390568047,"(1573337.96, 2469065.594]","(1532652.289, 2469065.594]","(1471210.204, 2469065.594]","(1386197.064, 2469065.594]","(1232669.378, 2469065.594]",*
1938713.985075609,"(1573337.96, 2469065.594]","(1532652.289, 2469065.594]","(1471210.204, 2469065.594]","(1386197.064, 2469065.594]","(1232669.378, 2469065.594]",*
1938866.4898749,"(1573337.96, 2469065.594]","(1532652.289, 2469065.594]","(1471210.204, 2469065.594]","(1386197.064, 2469065.594]","(1232669.378, 2469065.594]",*
1939603.1309040168,"(1573337.96, 2469065.594]","(1532652.289, 2469065.594]","(1471210.204, 2469065.594]","(1386197.064, 2469065.594]","(1232669.378, 2469065.594]",*
1940195.3735729896,"(1573337.96, 2469065.594]","(1532652.289, 2469065.594]","(1471210.204, 2469065.594]","(1386197.064, 2469065.594]","(1232669.378, 2469065.594]",*
1940225.907504852,"(1573337.96, 2469065.594]","(1532652.289, 2469065.594]","(1471210.204, 2469065.594]","(1386197.064, 2469065.594]","(1232669.378, 2469065.594]",*
1940933.472416056,"(1573337.96, 2469065.594]","(1532652.289, 2469065.594]","(1471210.204, 2469065.594]","(1386197.064, 2469065.594]","(1232669.378, 2469065.594]",*
1942640.265322809,"(1573337.96, 2469065.594]","(1532652.289, 2469065.594]","(1471210.204, 2469065.594]","(1386197.064, 2469065.594]","(1232669.378, 2469065.594]",*
1943359.7675411068,"(1573337.96, 2469065.594]","(1532652.289, 2469065.594]","(1471210.204, 2469065.594]","(1386197.064, 2469065.594]","(1232669.378, 2469065.594]",*
1945618.658114016,"(1573337.96, 2469065.594]","(1532652.289, 2469065.594]","(1471210.204, 2469065.594]","(1386197.064, 2469065.594]","(1232669.378, 2469065.594]",*
1947338.4401352475,"(1573337.96, 2469065.594]","(1532652.289, 2469065.594]","(1471210.204, 2469065.594]","(1386197.064, 2469065.594]","(1232669.378, 2469065.594]",*
1948654.9355364973,"(1573337.96, 2469065.594]","(1532652.289, 2469065.594]","(1471210.204, 2469065.594]","(1386197.064, 2469065.594]","(1232669.378, 2469065.594]",*
1949577.954405674,"(1573337.96, 2469065.594]","(1532652.289, 2469065.594]","(1471210.204, 2469065.594]","(1386197.064, 2469065.594]","(1232669.378, 2469065.594]",*
1952622.401731699,"(1573337.96, 2469065.594]","(1532652.289, 2469065.594]","(1471210.204, 2469065.594]","(1386197.064, 2469065.594]","(1232669.378, 2469065.594]",*
1955253.711458321,"(1573337.96, 2469065.594]","(1532652.289, 2469065.594]","(1471210.204, 2469065.594]","(1386197.064, 2469065.594]","(1232669.378, 2469065.594]",*
1956438.6514352525,"(1573337.96, 2469065.594]","(1532652.289, 2469065.594]","(1471210.204, 2469065.594]","(1386197.064, 2469065.594]","(1232669.378, 2469065.594]",*
1957891.588351542,"(1573337.96, 2469065.594]","(1532652.289, 2469065.594]","(1471210.204, 2469065.594]","(1386197.064, 2469065.594]","(1232669.378, 2469065.594]",*
1957984.9443891265,"(1573337.96, 2469065.594]","(1532652.289, 2469065.594]","(1471210.204, 2469065.594]","(1386197.064, 2469065.594]","(1232669.378, 2469065.594]",*
1958064.74206054,"(1573337.96, 2469065.594]","(1532652.289, 2469065.594]","(1471210.204, 2469065.594]","(1386197.064, 2469065.594]","(1232669.378, 2469065.594]",*
1961715.866692026,"(1573337.96, 2469065.594]","(1532652.289, 2469065.594]","(1471210.204, 2469065.594]","(1386197.064, 2469065.594]","(1232669.378, 2469065.594]",*
1961846.9052189465,"(1573337.96, 2469065.594]","(1532652.289, 2469065.594]","(1471210.204, 2469065.594]","(1386197.064, 2469065.594]","(1232669.378, 2469065.594]",*
1966139.9277506813,"(1573337.96, 2469065.594]","(1532652.289, 2469065.594]","(1471210.204, 2469065.594]","(1386197.064, 2469065.594]","(1232669.378, 2469065.594]",*
1967384.7778210605,"(1573337.96, 2469065.594]","(1532652.289, 2469065.594]","(1471210.204, 2469065.594]","(1386197.064, 2469065.594]","(1232669.378, 2469065.594]",*
1967637.286822351,"(1573337.96, 2469065.594]","(1532652.289, 2469065.594]","(1471210.204, 2469065.594]","(1386197.064, 2469065.594]","(1232669.378, 2469065.594]",*
1969194.1242238204,"(1573337.96, 2469065.594]","(1532652.289, 2469065.594]","(1471210.204, 2469065.594]","(1386197.064, 2469065.594]","(1232669.378, 2469065.594]",*
1969256.9330158925,"(1573337.96, 2469065.594]","(1532652.289, 2469065.594]","(1471210.204, 2469065.594]","(1386197.064, 2469065.594]","(1232669.378, 2469065.594]",*
1970419.0541530403,"(1573337.96, 2469065.594]","(1532652.289, 2469065.594]","(1471210.204, 2469065.594]","(1386197.064, 2469065.594]","(1232669.378, 2469065.594]",*
1975538.4157534216,"(1573337.96, 2469065.594]","(1532652.289, 2469065.594]","(1471210.204, 2469065.594]","(1386197.064, 2469065.594]","(1232669.378, 2469065.594]",*
1976170.089433933,"(1573337.96, 2469065.594]","(1532652.289, 2469065.594]","(1471210.204, 2469065.594]","(1386197.064, 2469065.594]","(1232669.378, 2469065.594]",*
1978629.875232525,"(1573337.96, 2469065.594]","(1532652.289, 2469065.594]","(1471210.204, 2469065.594]","(1386197.064, 2469065.594]","(1232669.378, 2469065.594]",*
1986811.1701954128,"(1573337.96, 2469065.594]","(1532652.289, 2469065.594]","(1471210.204, 2469065.594]","(1386197.064, 2469065.594]","(1232669.378, 2469065.594]",*
1987332.217286645,"(1573337.96, 2469065.594]","(1532652.289, 2469065.594]","(1471210.204, 2469065.594]","(1386197.064, 2469065.594]","(1232669.378, 2469065.594]",*
1988563.9932623703,"(1573337.96, 2469065.594]","(1532652.289, 2469065.594]","(1471210.204, 2469065.594]","(1386197.064, 2469065.594]","(1232669.378, 2469065.594]",*
1989672.5239908115,"(1573337.96, 2469065.594]","(1532652.289, 2469065.594]","(1471210.204, 2469065.594]","(1386197.064, 2469065.594]","(1232669.378, 2469065.594]",*
1993453.673154315,"(1573337.96, 2469065.594]","(1532652.289, 2469065.594]","(1471210.204, 2469065.594]","(1386197.064, 2469065.594]","(1232669.378, 2469065.594]",*
1998368.740697701,"(1573337.96, 2469065.594]","(1532652.289, 2469065.594]","(1471210.204, 2469065.594]","(1386197.064, 2469065.594]","(1232669.378, 2469065.594]",*
2001910.21599521,"(1573337.96, 2469065.594]","(1532652.289, 2469065.594]","(1471210.204, 2469065.594]","(1386197.064, 2469065.594]","(1232669.378, 2469065.594]",*
2002028.631998704,"(1573337.96, 2469065.594]","(1532652.289, 2469065.594]","(1471210.204, 2469065.594]","(1386197.064, 2469065.594]","(1232669.378, 2469065.594]",*
2004396.3723036903,"(1573337.96, 2469065.594]","(1532652.289, 2469065.594]","(1471210.204, 2469065.594]","(1386197.064, 2469065.594]","(1232669.378, 2469065.594]",*
2005037.3066792216,"(1573337.96, 2469065.594]","(1532652.289, 2469065.594]","(1471210.204, 2469065.594]","(1386197.064, 2469065.594]","(1232669.378, 2469065.594]",*
2005167.480217235,"(1573337.96, 2469065.594]","(1532652.289, 2469065.594]","(1471210.204, 2469065.594]","(1386197.064, 2469065.594]","(1232669.378, 2469065.594]",*
2007556.2860539176,"(1573337.96, 2469065.594]","(1532652.289, 2469065.594]","(1471210.204, 2469065.594]","(1386197.064, 2469065.594]","(1232669.378, 2469065.594]",*
2007639.4321368616,"(1573337.96, 2469065.594]","(1532652.289, 2469065.594]","(1471210.204, 2469065.594]","(1386197.064, 2469065.594]","(1232669.378, 2469065.594]",*
2009937.702628427,"(1573337.96, 2469065.594]","(1532652.289, 2469065.594]","(1471210.204, 2469065.594]","(1386197.064, 2469065.594]","(1232669.378, 2469065.594]",*
2013015.7460613856,"(1573337.96, 2469065.594]","(1532652.289, 2469065.594]","(1471210.204, 2469065.594]","(1386197.064, 2469065.594]","(1232669.378, 2469065.594]",*
2014851.344161515,"(1573337.96, 2469065.594]","(1532652.289, 2469065.594]","(1471210.204, 2469065.594]","(1386197.064, 2469065.594]","(1232669.378, 2469065.594]",*
2016910.7397073263,"(1573337.96, 2469065.594]","(1532652.289, 2469065.594]","(1471210.204, 2469065.594]","(1386197.064, 2469065.594]","(1232669.378, 2469065.594]",*
2017174.9894226263,"(1573337.96, 2469065.594]","(1532652.289, 2469065.594]","(1471210.204, 2469065.594]","(1386197.064, 2469065.594]","(1232669.378, 2469065.594]",*
2019424.2222642573,"(1573337.96, 2469065.594]","(1532652.289, 2469065.594]","(1471210.204, 2469065.594]","(1386197.064, 2469065.594]","(1232669.378, 2469065.594]",*
2020158.3629418,"(1573337.96, 2469065.594]","(1532652.289, 2469065.594]","(1471210.204, 2469065.594]","(1386197.064, 2469065.594]","(1232669.378, 2469065.594]",*
2021310.7918598847,"(1573337.96, 2469065.594]","(1532652.289, 2469065.594]","(1471210.204, 2469065.594]","(1386197.064, 2469065.594]","(1232669.378, 2469065.594]",*
2024121.4614732373,"(1573337.96, 2469065.594]","(1532652.289, 2469065.594]","(1471210.204, 2469065.594]","(1386197.064, 2469065.594]","(1232669.378, 2469065.594]",*
2024902.521283108,"(1573337.96, 2469065.594]","(1532652.289, 2469065.594]","(1471210.204, 2469065.594]","(1386197.064, 2469065.594]","(1232669.378, 2469065.594]",*
2026303.098042327,"(1573337.96, 2469065.594]","(1532652.289, 2469065.594]","(1471210.204, 2469065.594]","(1386197.064, 2469065.594]","(1232669.378, 2469065.594]",*
2030910.6153455232,"(1573337.96, 2469065.594]","(1532652.289, 2469065.594]","(1471210.204, 2469065.594]","(1386197.064, 2469065.594]","(1232669.378, 2469065.594]",*
2031338.3469761028,"(1573337.96, 2469065.594]","(1532652.289, 2469065.594]","(1471210.204, 2469065.594]","(1386197.064, 2469065.594]","(1232669.378, 2469065.594]",*
2033546.7845739897,"(1573337.96, 2469065.594]","(1532652.289, 2469065.594]","(1471210.204, 2469065.594]","(1386197.064, 2469065.594]","(1232669.378, 2469065.594]",*
2045693.8197491344,"(1573337.96, 2469065.594]","(1532652.289, 2469065.594]","(1471210.204, 2469065.594]","(1386197.064, 2469065.594]","(1232669.378, 2469065.594]",*
2049146.62989614,"(1573337.96, 2469065.594]","(1532652.289, 2469065.594]","(1471210.204, 2469065.594]","(1386197.064, 2469065.594]","(1232669.378, 2469065.594]",*
2050594.045506314,"(1573337.96, 2469065.594]","(1532652.289, 2469065.594]","(1471210.204, 2469065.594]","(1386197.064, 2469065.594]","(1232669.378, 2469065.594]",*
2050988.4966792744,"(1573337.96, 2469065.594]","(1532652.289, 2469065.594]","(1471210.204, 2469065.594]","(1386197.064, 2469065.594]","(1232669.378, 2469065.594]",*
2054897.0092689176,"(1573337.96, 2469065.594]","(1532652.289, 2469065.594]","(1471210.204, 2469065.594]","(1386197.064, 2469065.594]","(1232669.378, 2469065.594]",*
2056692.7682508717,"(1573337.96, 2469065.594]","(1532652.289, 2469065.594]","(1471210.204, 2469065.594]","(1386197.064, 2469065.594]","(1232669.378, 2469065.594]",*
2059301.3434198145,"(1573337.96, 2469065.594]","(1532652.289, 2469065.594]","(1471210.204, 2469065.594]","(1386197.064, 2469065.594]","(1232669.378, 2469065.594]",*
2065710.164328236,"(1573337.96, 2469065.594]","(1532652.289, 2469065.594]","(1471210.204, 2469065.594]","(1386197.064, 2469065.594]","(1232669.378, 2469065.594]",*
2081869.2835028644,"(1573337.96, 2469065.594]","(1532652.289, 2469065.594]","(1471210.204, 2469065.594]","(1386197.064, 2469065.594]","(1232669.378, 2469065.594]",*
2082236.2437971823,"(1573337.96, 2469065.594]","(1532652.289, 2469065.594]","(1471210.204, 2469065.594]","(1386197.064, 2469065.594]","(1232669.378, 2469065.594]",*
2084883.7904024213,"(1573337.96, 2469065.594]","(1532652.289, 2469065.594]","(1471210.204, 2469065.594]","(1386197.064, 2469065.594]","(1232669.378, 2469065.594]",*
2092348.3772236549,"(1573337.96, 2469065.594]","(1532652.289, 2469065.594]","(1471210.204, 2469065.594]","(1386197.064, 2469065.594]","(1232669.378, 2469065.594]",*
2092949.8613406112,"(1573337.96, 2469065.594]","(1532652.289, 2469065.594]","(1471210.204, 2469065.594]","(1386197.064, 2469065.594]","(1232669.378, 2469065.594]",*
2096954.0406756613,"(1573337.96, 2469065.594]","(1532652.289, 2469065.594]","(1471210.204, 2469065.594]","(1386197.064, 2469065.594]","(1232669.378, 2469065.594]",*
2096977.790185921,"(1573337.96, 2469065.594]","(1532652.289, 2469065.594]","(1471210.204, 2469065.594]","(1386197.064, 2469065.594]","(1232669.378, 2469065.594]",*
2100698.0711571057,"(1573337.96, 2469065.594]","(1532652.289, 2469065.594]","(1471210.204, 2469065.594]","(1386197.064, 2469065.594]","(1232669.378, 2469065.594]",*
2102244.496777067,"(1573337.96, 2469065.594]","(1532652.289, 2469065.594]","(1471210.204, 2469065.594]","(1386197.064, 2469065.594]","(1232669.378, 2469065.594]",*
2105205.855863914,"(1573337.96, 2469065.594]","(1532652.289, 2469065.594]","(1471210.204, 2469065.594]","(1386197.064, 2469065.594]","(1232669.378, 2469065.594]",*
2105991.791564209,"(1573337.96, 2469065.594]","(1532652.289, 2469065.594]","(1471210.204, 2469065.594]","(1386197.064, 2469065.594]","(1232669.378, 2469065.594]",*
2106510.862818944,"(1573337.96, 2469065.594]","(1532652.289, 2469065.594]","(1471210.204, 2469065.594]","(1386197.064, 2469065.594]","(1232669.378, 2469065.594]",*
2108376.165803347,"(1573337.96, 2469065.594]","(1532652.289, 2469065.594]","(1471210.204, 2469065.594]","(1386197.064, 2469065.594]","(1232669.378, 2469065.594]",*
2115010.703597609,"(1573337.96, 2469065.594]","(1532652.289, 2469065.594]","(1471210.204, 2469065.594]","(1386197.064, 2469065.594]","(1232669.378, 2469065.594]",*
2119176.261933276,"(1573337.96, 2469065.594]","(1532652.289, 2469065.594]","(1471210.204, 2469065.594]","(1386197.064, 2469065.594]","(1232669.378, 2469065.594]",*
2120888.345209633,"(1573337.96, 2469065.594]","(1532652.289, 2469065.594]","(1471210.204, 2469065.594]","(1386197.064, 2469065.594]","(1232669.378, 2469065.594]",*
2130761.9996576803,"(1573337.96, 2469065.594]","(1532652.289, 2469065.594]","(1471210.204, 2469065.594]","(1386197.064, 2469065.594]","(1232669.378, 2469065.594]",*
2138713.943340635,"(1573337.96, 2469065.594]","(1532652.289, 2469065.594]","(1471210.204, 2469065.594]","(1386197.064, 2469065.594]","(1232669.378, 2469065.594]",*
2139725.5402821437,"(1573337.96, 2469065.594]","(1532652.289, 2469065.594]","(1471210.204, 2469065.594]","(1386197.064, 2469065.594]","(1232669.378, 2469065.594]",*
2142896.5564072616,"(1573337.96, 2469065.594]","(1532652.289, 2469065.594]","(1471210.204, 2469065.594]","(1386197.064, 2469065.594]","(1232669.378, 2469065.594]",*
2146925.339888662,"(1573337.96, 2469065.594]","(1532652.289, 2469065.594]","(1471210.204, 2469065.594]","(1386197.064, 2469065.594]","(1232669.378, 2469065.594]",*
2152959.4089430883,"(1573337.96, 2469065.594]","(1532652.289, 2469065.594]","(1471210.204, 2469065.594]","(1386197.064, 2469065.594]","(1232669.378, 2469065.594]",*
2173808.627715738,"(1573337.96, 2469065.594]","(1532652.289, 2469065.594]","(1471210.204, 2469065.594]","(1386197.064, 2469065.594]","(1232669.378, 2469065.594]",*
2180065.597738638,"(1573337.96, 2469065.594]","(1532652.289, 2469065.594]","(1471210.204, 2469065.594]","(1386197.064, 2469065.594]","(1232669.378, 2469065.594]",*
2185480.090688329,"(1573337.96, 2469065.594]","(1532652.289, 2469065.594]","(1471210.204, 2469065.594]","(1386197.064, 2469065.594]","(1232669.378, 2469065.594]",*
2186194.7925734245,"(1573337.96, 2469065.594]","(1532652.289, 2469065.594]","(1471210.204, 2469065.594]","(1386197.064, 2469065.594]","(1232669.378, 2469065.594]",*
2187326.442764148,"(1573337.96, 2469065.594]","(1532652.289, 2469065.594]","(1471210.204, 2469065.594]","(1386197.064, 2469065.594]","(1232669.378, 2469065.594]",*
2190338.610648542,"(1573337.96, 2469065.594]","(1532652.289, 2469065.594]","(1471210.204, 2469065.594]","(1386197.064, 2469065.594]","(1232669.378, 2469065.594]",*
2197436.8754965314,"(1573337.96, 2469065.594]","(1532652.289, 2469065.594]","(1471210.204, 2469065.594]","(1386197.064, 2469065.594]","(1232669.378, 2469065.594]",*
2198564.5726747084,"(1573337.96, 2469065.594]","(1532652.289, 2469065.594]","(1471210.204, 2469065.594]","(1386197.064, 2469065.594]","(1232669.378, 2469065.594]",*
2219724.161793017,"(1573337.96, 2469065.594]","(1532652.289, 2469065.594]","(1471210.204, 2469065.594]","(1386197.064, 2469065.594]","(1232669.378, 2469065.594]",*
2220799.0691561657,"(1573337.96, 2469065.594]","(1532652.289, 2469065.594]","(1471210.204, 2469065.594]","(1386197.064, 2469065.594]","(1232669.378, 2469065.594]",*
2235294.7182697523,"(1573337.96, 2469065.594]","(1532652.289, 2469065.594]","(1471210.204, 2469065.594]","(1386197.064, 2469065.594]","(1232669.378, 2469065.594]",*
2237778.0257039685,"(1573337.96, 2469065.594]","(1532652.289, 2469065.594]","(1471210.204, 2469065.594]","(1386197.064, 2469065.594]","(1232669.378, 2469065.594]",*
2249122.541335193,"(1573337.96, 2469065.594]","(1532652.289, 2469065.594]","(1471210.204, 2469065.594]","(1386197.064, 2469065.594]","(1232669.378, 2469065.594]",*
2252243.340472784,"(1573337.96, 2469065.594]","(1532652.289, 2469065.594]","(1471210.204, 2469065.594]","(1386197.064, 2469065.594]","(1232669.378, 2469065.594]",*
2271112.743827721,"(1573337.96, 2469065.594]","(1532652.289, 2469065.594]","(1471210.204, 2469065.594]","(1386197.064, 2469065.594]","(1232669.378, 2469065.594]",*
2275455.305532437,"(1573337.96, 2469065.594]","(1532652.289, 2469065.594]","(1471210.204, 2469065.594]","(1386197.064, 2469065.594]","(1232669.378, 2469065.594]",*
2294647.78381303,"(1573337.96, 2469065.594]","(1532652.289, 2469065.594]","(1471210.204, 2469065.594]","(1386197.064, 2469065.594]","(1232669.378, 2469065.594]",*
2298379.48670761,"(1573337.96, 2469065.594]","(1532652.289, 2469065.594]","(1471210.204, 2469065.594]","(1386197.064, 2469065.594]","(1232669.378, 2469065.594]",*
2318285.703336616,"(1573337.96, 2469065.594]","(1532652.289, 2469065.594]","(1471210.204, 2469065.594]","(1386197.064, 2469065.594]","(1232669.378, 2469065.594]",*
2330289.700683439,"(1573337.96, 2469065.594]","(1532652.289, 2469065.594]","(1471210.204, 2469065.594]","(1386197.064, 2469065.594]","(1232669.378, 2469065.594]",*
2332110.740124409,"(1573337.96, 2469065.594]","(1532652.289, 2469065.594]","(1471210.204, 2469065.594]","(1386197.064, 2469065.594]","(1232669.378, 2469065.594]",*
2370231.3201015536,"(1573337.96, 2469065.594]","(1532652.289, 2469065.594]","(1471210.204, 2469065.594]","(1386197.064, 2469065.594]","(1232669.378, 2469065.594]",*
2469065.5941747027,"(1573337.96, 2469065.594]","(1532652.289, 2469065.594]","(1471210.204, 2469065.594]","(1386197.064, 2469065.594]","(1232669.378, 2469065.594]",*
